product_name,category,subcategory,image_index,image_url,local_file,downloaded,product_url
Body Care,Skin Care,,1,https://masterapi.witheldokan.com/storage/seif-pharmacies/uploads/602540.webp,seif_output\images\body_care_1.webp,True,https://seif-online.com/en/product/skin-care/body-care
Body Care,Skin Care,,2,https://masterapi.witheldokan.com/storage/seif-pharmacies/uploads/612871.webp,seif_output\images\body_care_2.webp,True,https://seif-online.com/en/product/skin-care/body-care
Body Care,Skin Care,,3,https://masterapi.witheldokan.com/storage/seif-pharmacies/uploads/612870.webp,seif_output\images\body_care_3.webp,True,https://seif-online.com/en/product/skin-care/body-care
Body Care,Skin Care,,4,https://masterapi.witheldokan.com/storage/seif-pharmacies/uploads/609037.webp,seif_output\images\body_care_4.webp,True,https://seif-online.com/en/product/skin-care/body-care
Body Care,Skin Care,,5,https://masterapi.witheldokan.com/storage/seif-pharmacies/uploads/602142.webp,seif_output\images\body_care_5.webp,True,https://seif-online.com/en/product/skin-care/body-care
Body Care,Skin Care,,6,https://cdn.supercommerce.io/seif-pharmacies/uploads/602143-1773396103.webp,seif_output\images\body_care_6.webp,True,https://seif-online.com/en/product/skin-care/body-care
Body Care,Skin Care,,7,https://masterapi.witheldokan.com/storage/seif-pharmacies/uploads/602146.webp,seif_output\images\body_care_7.webp,True,https://seif-online.com/en/product/skin-care/body-care
Body Care,Skin Care,,8,https://masterapi.witheldokan.com/storage/seif-pharmacies/uploads/602145.webp,seif_output\images\body_care_8.webp,True,https://seif-online.com/en/product/skin-care/body-care
Body Care,Skin Care,,9,https://masterapi.witheldokan.com/storage/seif-pharmacies/uploads/608247.webp,seif_output\images\body_care_9.webp,True,https://seif-online.com/en/product/skin-care/body-care
Body Care,Skin Care,,10,https://masterapi.witheldokan.com/storage/seif-pharmacies/uploads/602144.webp,seif_output\images\body_care_10.webp,True,https://seif-online.com/en/product/skin-care/body-care
Body Care,Skin Care,,11,https://masterapi.witheldokan.com/storage/seif-pharmacies/uploads/404164.webp,seif_output\images\body_care_11.webp,True,https://seif-online.com/en/product/skin-care/body-care
Body Care,Skin Care,,12,https://masterapi.witheldokan.com/storage/seif-pharmacies/uploads/34027.webp,seif_output\images\body_care_12.webp,True,https://seif-online.com/en/product/skin-care/body-care
Body Care,Skin Care,,13,https://masterapi.witheldokan.com/storage/seif-pharmacies/uploads/57243-1762157036.webp,seif_output\images\body_care_13.webp,True,https://seif-online.com/en/product/skin-care/body-care
Body Care,Skin Care,,14,https://masterapi.witheldokan.com/storage/seif-pharmacies/uploads/616377-1756631632.webp,seif_output\images\body_care_14.webp,True,https://seif-online.com/en/product/skin-care/body-care
Body Care,Skin Care,,15,https://masterapi.witheldokan.com/storage/seif-pharmacies/uploads/610156.webp,seif_output\images\body_care_15.webp,True,https://seif-online.com/en/product/skin-care/body-care
Body Care,Skin Care,,16,https://masterapi.witheldokan.com/storage/seif-pharmacies/uploads/404166.webp,seif_output\images\body_care_16.webp,True,https://seif-online.com/en/product/skin-care/body-care
Body Care,Skin Care,,17,https://masterapi.witheldokan.com/storage/seif-pharmacies/uploads/321924.webp,seif_output\images\body_care_17.webp,True,https://seif-online.com/en/product/skin-care/body-care
Body Care,Skin Care,,18,https://masterapi.witheldokan.com/storage/seif-pharmacies/uploads/610157.webp,seif_output\images\body_care_18.webp,True,https://seif-online.com/en/product/skin-care/body-care
Body Care,Skin Care,,19,https://masterapi.witheldokan.com/storage/seif-pharmacies/uploads/615492-1759067774.webp,seif_output\images\body_care_19.webp,True,https://seif-online.com/en/product/skin-care/body-care
Body Care,Skin Care,,20,https://masterapi.witheldokan.com/storage/seif-pharmacies/uploads/404161.webp,seif_output\images\body_care_20.webp,True,https://seif-online.com/en/product/skin-care/body-care
Body Care,Skin Care,,21,https://masterapi.witheldokan.com/storage/seif-pharmacies/uploads/616378-1756631793.webp,seif_output\images\body_care_21.webp,True,https://seif-online.com/en/product/skin-care/body-care
Body Care,Skin Care,,22,https://cdn.supercommerce.io/seif-pharmacies/uploads/618730-1775473369.webp,seif_output\images\body_care_22.webp,True,https://seif-online.com/en/product/skin-care/body-care
Scars & Stretchmarks,Skin Care,,1,https://masterapi.witheldokan.com/storage/seif-pharmacies/uploads/57243-1762157036.webp,seif_output\images\scars_stretchmarks_1.webp,True,https://seif-online.com/en/product/skin-care/body-care/scars-stretchmarks
Scars & Stretchmarks,Skin Care,,2,https://masterapi.witheldokan.com/storage/seif-pharmacies/uploads/610156.webp,seif_output\images\scars_stretchmarks_2.webp,True,https://seif-online.com/en/product/skin-care/body-care/scars-stretchmarks
Scars & Stretchmarks,Skin Care,,3,https://masterapi.witheldokan.com/storage/seif-pharmacies/uploads/610157.webp,seif_output\images\scars_stretchmarks_3.webp,True,https://seif-online.com/en/product/skin-care/body-care/scars-stretchmarks
Scars & Stretchmarks,Skin Care,,4,https://masterapi.witheldokan.com/storage/seif-pharmacies/uploads/616196-1757583397.webp,seif_output\images\scars_stretchmarks_4.webp,True,https://seif-online.com/en/product/skin-care/body-care/scars-stretchmarks
Scars & Stretchmarks,Skin Care,,5,https://masterapi.witheldokan.com/storage/seif-pharmacies/uploads/614725.webp,seif_output\images\scars_stretchmarks_5.webp,True,https://seif-online.com/en/product/skin-care/body-care/scars-stretchmarks
Scars & Stretchmarks,Skin Care,,6,https://masterapi.witheldokan.com/storage/seif-pharmacies/uploads/616198-1757583574.webp,seif_output\images\scars_stretchmarks_6.webp,True,https://seif-online.com/en/product/skin-care/body-care/scars-stretchmarks
Scars & Stretchmarks,Skin Care,,7,https://masterapi.witheldokan.com/storage/seif-pharmacies/uploads/605365.webp,seif_output\images\scars_stretchmarks_7.webp,True,https://seif-online.com/en/product/skin-care/body-care/scars-stretchmarks
Scars & Stretchmarks,Skin Care,,8,https://masterapi.witheldokan.com/storage/seif-pharmacies/uploads/609845.webp,seif_output\images\scars_stretchmarks_8.webp,True,https://seif-online.com/en/product/skin-care/body-care/scars-stretchmarks
Scars & Stretchmarks,Skin Care,,9,https://masterapi.witheldokan.com/storage/seif-pharmacies/uploads/609846.webp,seif_output\images\scars_stretchmarks_9.webp,True,https://seif-online.com/en/product/skin-care/body-care/scars-stretchmarks
Scars & Stretchmarks,Skin Care,,10,https://masterapi.witheldokan.com/storage/seif-pharmacies/uploads/396067.webp,seif_output\images\scars_stretchmarks_10.webp,True,https://seif-online.com/en/product/skin-care/body-care/scars-stretchmarks
Scars & Stretchmarks,Skin Care,,11,https://masterapi.witheldokan.com/storage/seif-pharmacies/uploads/389160.webp,seif_output\images\scars_stretchmarks_11.webp,True,https://seif-online.com/en/product/skin-care/body-care/scars-stretchmarks
Scars & Stretchmarks,Skin Care,,12,https://masterapi.witheldokan.com/storage/seif-pharmacies/uploads/609843.webp,seif_output\images\scars_stretchmarks_12.webp,True,https://seif-online.com/en/product/skin-care/body-care/scars-stretchmarks
Scars & Stretchmarks,Skin Care,,13,https://masterapi.witheldokan.com/storage/seif-pharmacies/uploads/610373.webp,seif_output\images\scars_stretchmarks_13.webp,True,https://seif-online.com/en/product/skin-care/body-care/scars-stretchmarks
Scars & Stretchmarks,Skin Care,,14,https://masterapi.witheldokan.com/storage/seif-pharmacies/uploads/609848.webp,seif_output\images\scars_stretchmarks_14.webp,True,https://seif-online.com/en/product/skin-care/body-care/scars-stretchmarks
Scars & Stretchmarks,Skin Care,,15,https://masterapi.witheldokan.com/storage/seif-pharmacies/uploads/610050.webp,seif_output\images\scars_stretchmarks_15.webp,True,https://seif-online.com/en/product/skin-care/body-care/scars-stretchmarks
Scars & Stretchmarks,Skin Care,,16,https://masterapi.witheldokan.com/storage/seif-pharmacies/uploads/609842.webp,seif_output\images\scars_stretchmarks_16.webp,True,https://seif-online.com/en/product/skin-care/body-care/scars-stretchmarks
Scars & Stretchmarks,Skin Care,,17,https://masterapi.witheldokan.com/storage/seif-pharmacies/uploads/610372.webp,seif_output\images\scars_stretchmarks_17.webp,True,https://seif-online.com/en/product/skin-care/body-care/scars-stretchmarks
Scars & Stretchmarks,Skin Care,,18,https://masterapi.witheldokan.com/storage/seif-pharmacies/uploads/262477.webp,seif_output\images\scars_stretchmarks_18.webp,True,https://seif-online.com/en/product/skin-care/body-care/scars-stretchmarks
Scars & Stretchmarks,Skin Care,,19,https://masterapi.witheldokan.com/storage/seif-pharmacies/uploads/383520.webp,seif_output\images\scars_stretchmarks_19.webp,True,https://seif-online.com/en/product/skin-care/body-care/scars-stretchmarks
Scars & Stretchmarks,Skin Care,,20,https://masterapi.witheldokan.com/storage/seif-pharmacies/uploads/604907.webp,seif_output\images\scars_stretchmarks_20.webp,True,https://seif-online.com/en/product/skin-care/body-care/scars-stretchmarks
Body Scrub,Skin Care,,1,https://masterapi.witheldokan.com/storage/seif-pharmacies/uploads/404164.webp,seif_output\images\body_scrub_1.webp,True,https://seif-online.com/en/product/skin-care/body-care/body-scrub
Body Scrub,Skin Care,,2,https://masterapi.witheldokan.com/storage/seif-pharmacies/uploads/404166.webp,seif_output\images\body_scrub_2.webp,True,https://seif-online.com/en/product/skin-care/body-care/body-scrub
Body Scrub,Skin Care,,3,https://masterapi.witheldokan.com/storage/seif-pharmacies/uploads/404161.webp,seif_output\images\body_scrub_3.webp,True,https://seif-online.com/en/product/skin-care/body-care/body-scrub
Body Scrub,Skin Care,,4,https://masterapi.witheldokan.com/storage/seif-pharmacies/uploads/303449.webp,seif_output\images\body_scrub_4.webp,True,https://seif-online.com/en/product/skin-care/body-care/body-scrub
Body Scrub,Skin Care,,5,https://masterapi.witheldokan.com/storage/seif-pharmacies/uploads/338516.webp,seif_output\images\body_scrub_5.webp,True,https://seif-online.com/en/product/skin-care/body-care/body-scrub
Body Scrub,Skin Care,,6,https://masterapi.witheldokan.com/storage/seif-pharmacies/uploads/610307.webp,seif_output\images\body_scrub_6.webp,True,https://seif-online.com/en/product/skin-care/body-care/body-scrub
Body Scrub,Skin Care,,7,https://masterapi.witheldokan.com/storage/seif-pharmacies/uploads/227581.webp,seif_output\images\body_scrub_7.webp,True,https://seif-online.com/en/product/skin-care/body-care/body-scrub
Body Scrub,Skin Care,,8,https://masterapi.witheldokan.com/storage/seif-pharmacies/uploads/384205.webp,seif_output\images\body_scrub_8.webp,True,https://seif-online.com/en/product/skin-care/body-care/body-scrub
Body Scrub,Skin Care,,9,https://masterapi.witheldokan.com/storage/seif-pharmacies/uploads/404163.webp,seif_output\images\body_scrub_9.webp,True,https://seif-online.com/en/product/skin-care/body-care/body-scrub
Body Scrub,Skin Care,,10,https://masterapi.witheldokan.com/storage/seif-pharmacies/uploads/120828.webp,seif_output\images\body_scrub_10.webp,True,https://seif-online.com/en/product/skin-care/body-care/body-scrub
Body Scrub,Skin Care,,11,https://masterapi.witheldokan.com/storage/seif-pharmacies/uploads/120822.webp,seif_output\images\body_scrub_11.webp,True,https://seif-online.com/en/product/skin-care/body-care/body-scrub
Body Scrub,Skin Care,,12,https://masterapi.witheldokan.com/storage/seif-pharmacies/uploads/610662.webp,seif_output\images\body_scrub_12.webp,True,https://seif-online.com/en/product/skin-care/body-care/body-scrub
Body Scrub,Skin Care,,13,https://masterapi.witheldokan.com/storage/seif-pharmacies/uploads/610663.webp,seif_output\images\body_scrub_13.webp,True,https://seif-online.com/en/product/skin-care/body-care/body-scrub
Body Scrub,Skin Care,,14,https://masterapi.witheldokan.com/storage/seif-pharmacies/uploads/610661.webp,seif_output\images\body_scrub_14.webp,True,https://seif-online.com/en/product/skin-care/body-care/body-scrub
Body Scrub,Skin Care,,15,https://masterapi.witheldokan.com/storage/seif-pharmacies/uploads/120826.webp,seif_output\images\body_scrub_15.webp,True,https://seif-online.com/en/product/skin-care/body-care/body-scrub
Body Scrub,Skin Care,,16,https://masterapi.witheldokan.com/storage/seif-pharmacies/uploads/601542.webp,seif_output\images\body_scrub_16.webp,True,https://seif-online.com/en/product/skin-care/body-care/body-scrub
Body Moisturizers,Skin Care,,1,https://masterapi.witheldokan.com/storage/seif-pharmacies/uploads/602540.webp,seif_output\images\body_moisturizers_1.webp,True,https://seif-online.com/en/product/skin-care/body-care/body-moisturizers
Body Moisturizers,Skin Care,,2,https://masterapi.witheldokan.com/storage/seif-pharmacies/uploads/612871.webp,seif_output\images\body_moisturizers_2.webp,True,https://seif-online.com/en/product/skin-care/body-care/body-moisturizers
Body Moisturizers,Skin Care,,3,https://masterapi.witheldokan.com/storage/seif-pharmacies/uploads/612870.webp,seif_output\images\body_moisturizers_3.webp,True,https://seif-online.com/en/product/skin-care/body-care/body-moisturizers
Body Moisturizers,Skin Care,,4,https://masterapi.witheldokan.com/storage/seif-pharmacies/uploads/609037.webp,seif_output\images\body_moisturizers_4.webp,True,https://seif-online.com/en/product/skin-care/body-care/body-moisturizers
Body Moisturizers,Skin Care,,5,https://masterapi.witheldokan.com/storage/seif-pharmacies/uploads/602142.webp,seif_output\images\body_moisturizers_5.webp,True,https://seif-online.com/en/product/skin-care/body-care/body-moisturizers
Body Moisturizers,Skin Care,,6,https://cdn.supercommerce.io/seif-pharmacies/uploads/602143-1773396103.webp,seif_output\images\body_moisturizers_6.webp,True,https://seif-online.com/en/product/skin-care/body-care/body-moisturizers
Body Moisturizers,Skin Care,,7,https://masterapi.witheldokan.com/storage/seif-pharmacies/uploads/602146.webp,seif_output\images\body_moisturizers_7.webp,True,https://seif-online.com/en/product/skin-care/body-care/body-moisturizers
Body Moisturizers,Skin Care,,8,https://masterapi.witheldokan.com/storage/seif-pharmacies/uploads/602145.webp,seif_output\images\body_moisturizers_8.webp,True,https://seif-online.com/en/product/skin-care/body-care/body-moisturizers
Body Moisturizers,Skin Care,,9,https://masterapi.witheldokan.com/storage/seif-pharmacies/uploads/608247.webp,seif_output\images\body_moisturizers_9.webp,True,https://seif-online.com/en/product/skin-care/body-care/body-moisturizers
Body Moisturizers,Skin Care,,10,https://masterapi.witheldokan.com/storage/seif-pharmacies/uploads/602144.webp,seif_output\images\body_moisturizers_10.webp,True,https://seif-online.com/en/product/skin-care/body-care/body-moisturizers
Body Moisturizers,Skin Care,,11,https://masterapi.witheldokan.com/storage/seif-pharmacies/uploads/34027.webp,seif_output\images\body_moisturizers_11.webp,True,https://seif-online.com/en/product/skin-care/body-care/body-moisturizers
Body Moisturizers,Skin Care,,12,https://masterapi.witheldokan.com/storage/seif-pharmacies/uploads/616377-1756631632.webp,seif_output\images\body_moisturizers_12.webp,True,https://seif-online.com/en/product/skin-care/body-care/body-moisturizers
Body Moisturizers,Skin Care,,13,https://masterapi.witheldokan.com/storage/seif-pharmacies/uploads/321924.webp,seif_output\images\body_moisturizers_13.webp,True,https://seif-online.com/en/product/skin-care/body-care/body-moisturizers
Body Moisturizers,Skin Care,,14,https://masterapi.witheldokan.com/storage/seif-pharmacies/uploads/615492-1759067774.webp,seif_output\images\body_moisturizers_14.webp,True,https://seif-online.com/en/product/skin-care/body-care/body-moisturizers
Body Moisturizers,Skin Care,,15,https://masterapi.witheldokan.com/storage/seif-pharmacies/uploads/616378-1756631793.webp,seif_output\images\body_moisturizers_15.webp,True,https://seif-online.com/en/product/skin-care/body-care/body-moisturizers
Body Moisturizers,Skin Care,,16,https://cdn.supercommerce.io/seif-pharmacies/uploads/618730-1775473369.webp,seif_output\images\body_moisturizers_16.webp,True,https://seif-online.com/en/product/skin-care/body-care/body-moisturizers
Body Moisturizers,Skin Care,,17,https://masterapi.witheldokan.com/storage/seif-pharmacies/uploads/361918.webp,seif_output\images\body_moisturizers_17.webp,True,https://seif-online.com/en/product/skin-care/body-care/body-moisturizers
Body Moisturizers,Skin Care,,18,https://cdn.supercommerce.io/seif-pharmacies/uploads/618731-1775465389.webp,seif_output\images\body_moisturizers_18.webp,True,https://seif-online.com/en/product/skin-care/body-care/body-moisturizers
Body Moisturizers,Skin Care,,19,https://masterapi.witheldokan.com/storage/seif-pharmacies/uploads/361919.webp,seif_output\images\body_moisturizers_19.webp,True,https://seif-online.com/en/product/skin-care/body-care/body-moisturizers
Body Moisturizers,Skin Care,,20,https://masterapi.witheldokan.com/storage/seif-pharmacies/uploads/606664.webp,seif_output\images\body_moisturizers_20.webp,True,https://seif-online.com/en/product/skin-care/body-care/body-moisturizers
Body Moisturizers,Skin Care,,21,https://masterapi.witheldokan.com/storage/seif-pharmacies/uploads/30459.webp,seif_output\images\body_moisturizers_21.webp,True,https://seif-online.com/en/product/skin-care/body-care/body-moisturizers
Body Moisturizers,Skin Care,,22,https://masterapi.witheldokan.com/storage/seif-pharmacies/uploads/610256-1761141282.webp,seif_output\images\body_moisturizers_22.webp,True,https://seif-online.com/en/product/skin-care/body-care/body-moisturizers
Body Moisturizers,Skin Care,,23,https://masterapi.witheldokan.com/storage/seif-pharmacies/uploads/610257-1761141319.webp,seif_output\images\body_moisturizers_23.webp,True,https://seif-online.com/en/product/skin-care/body-care/body-moisturizers
Hand Care & Foot,Skin Care,,1,https://masterapi.witheldokan.com/storage/seif-pharmacies/uploads/612044.webp,seif_output\images\hand_care_foot_1.webp,True,https://seif-online.com/en/product/skin-care/hand-care-foot
Hand Care & Foot,Skin Care,,2,https://masterapi.witheldokan.com/storage/seif-pharmacies/uploads/157178.webp,seif_output\images\hand_care_foot_2.webp,True,https://seif-online.com/en/product/skin-care/hand-care-foot
Hand Care & Foot,Skin Care,,3,https://masterapi.witheldokan.com/storage/seif-pharmacies/uploads/607051.webp,seif_output\images\hand_care_foot_3.webp,True,https://seif-online.com/en/product/skin-care/hand-care-foot
Hand Care & Foot,Skin Care,,4,https://masterapi.witheldokan.com/storage/seif-pharmacies/uploads/610430.webp,seif_output\images\hand_care_foot_4.webp,True,https://seif-online.com/en/product/skin-care/hand-care-foot
Hand Care & Foot,Skin Care,,5,https://cdn.supercommerce.io/seif-pharmacies/uploads/618110-1768487357.webp,seif_output\images\hand_care_foot_5.webp,True,https://seif-online.com/en/product/skin-care/hand-care-foot
Hand Care & Foot,Skin Care,,6,https://masterapi.witheldokan.com/storage/seif-pharmacies/uploads/611965-1757573152.webp,seif_output\images\hand_care_foot_6.webp,True,https://seif-online.com/en/product/skin-care/hand-care-foot
Hand Care & Foot,Skin Care,,7,https://masterapi.witheldokan.com/storage/seif-pharmacies/uploads/105493.webp,seif_output\images\hand_care_foot_7.webp,True,https://seif-online.com/en/product/skin-care/hand-care-foot
Hand Care & Foot,Skin Care,,8,https://masterapi.witheldokan.com/storage/seif-pharmacies/uploads/607183.webp,seif_output\images\hand_care_foot_8.webp,True,https://seif-online.com/en/product/skin-care/hand-care-foot
Hand Care & Foot,Skin Care,,9,https://masterapi.witheldokan.com/storage/seif-pharmacies/uploads/607182.webp,seif_output\images\hand_care_foot_9.webp,True,https://seif-online.com/en/product/skin-care/hand-care-foot
Hand Care & Foot,Skin Care,,10,https://masterapi.witheldokan.com/storage/seif-pharmacies/uploads/51874.webp,seif_output\images\hand_care_foot_10.webp,True,https://seif-online.com/en/product/skin-care/hand-care-foot
Hand Care & Foot,Skin Care,,11,https://masterapi.witheldokan.com/storage/seif-pharmacies/uploads/615909-1754398919.webp,seif_output\images\hand_care_foot_11.webp,True,https://seif-online.com/en/product/skin-care/hand-care-foot
Hand Care & Foot,Skin Care,,12,https://masterapi.witheldokan.com/storage/seif-pharmacies/uploads/321870-1759065465.webp,seif_output\images\hand_care_foot_12.webp,True,https://seif-online.com/en/product/skin-care/hand-care-foot
Hand Care & Foot,Skin Care,,13,https://masterapi.witheldokan.com/storage/seif-pharmacies/uploads/617024-1758095225.webp,seif_output\images\hand_care_foot_13.webp,True,https://seif-online.com/en/product/skin-care/hand-care-foot
Hand Care & Foot,Skin Care,,14,https://masterapi.witheldokan.com/storage/seif-pharmacies/uploads/601152.webp,seif_output\images\hand_care_foot_14.webp,True,https://seif-online.com/en/product/skin-care/hand-care-foot
Hand Care & Foot,Skin Care,,15,https://masterapi.witheldokan.com/storage/seif-pharmacies/uploads/385069.webp,seif_output\images\hand_care_foot_15.webp,True,https://seif-online.com/en/product/skin-care/hand-care-foot
Hand Care & Foot,Skin Care,,16,https://masterapi.witheldokan.com/storage/seif-pharmacies/uploads/609465.webp,seif_output\images\hand_care_foot_16.webp,True,https://seif-online.com/en/product/skin-care/hand-care-foot
Hand Care & Foot,Skin Care,,17,https://masterapi.witheldokan.com/storage/seif-pharmacies/uploads/616618-1756039628.webp,seif_output\images\hand_care_foot_17.webp,True,https://seif-online.com/en/product/skin-care/hand-care-foot
Foot Care,Skin Care,,1,https://masterapi.witheldokan.com/storage/seif-pharmacies/uploads/157178.webp,seif_output\images\foot_care_1.webp,True,https://seif-online.com/en/product/skin-care/hand-care-foot/foot-care
Foot Care,Skin Care,,2,https://masterapi.witheldokan.com/storage/seif-pharmacies/uploads/607051.webp,seif_output\images\foot_care_2.webp,True,https://seif-online.com/en/product/skin-care/hand-care-foot/foot-care
Foot Care,Skin Care,,3,https://masterapi.witheldokan.com/storage/seif-pharmacies/uploads/610430.webp,seif_output\images\foot_care_3.webp,True,https://seif-online.com/en/product/skin-care/hand-care-foot/foot-care
Foot Care,Skin Care,,4,https://masterapi.witheldokan.com/storage/seif-pharmacies/uploads/105493.webp,seif_output\images\foot_care_4.webp,True,https://seif-online.com/en/product/skin-care/hand-care-foot/foot-care
Foot Care,Skin Care,,5,https://masterapi.witheldokan.com/storage/seif-pharmacies/uploads/607183.webp,seif_output\images\foot_care_5.webp,True,https://seif-online.com/en/product/skin-care/hand-care-foot/foot-care
Foot Care,Skin Care,,6,https://masterapi.witheldokan.com/storage/seif-pharmacies/uploads/607182.webp,seif_output\images\foot_care_6.webp,True,https://seif-online.com/en/product/skin-care/hand-care-foot/foot-care
Foot Care,Skin Care,,7,https://masterapi.witheldokan.com/storage/seif-pharmacies/uploads/51874.webp,seif_output\images\foot_care_7.webp,True,https://seif-online.com/en/product/skin-care/hand-care-foot/foot-care
Foot Care,Skin Care,,8,https://masterapi.witheldokan.com/storage/seif-pharmacies/uploads/604338.webp,seif_output\images\foot_care_8.webp,True,https://seif-online.com/en/product/skin-care/hand-care-foot/foot-care
Foot Care,Skin Care,,9,https://masterapi.witheldokan.com/storage/seif-pharmacies/uploads/607891.webp,seif_output\images\foot_care_9.webp,True,https://seif-online.com/en/product/skin-care/hand-care-foot/foot-care
Foot Care,Skin Care,,10,https://masterapi.witheldokan.com/storage/seif-pharmacies/uploads/610455.webp,seif_output\images\foot_care_10.webp,True,https://seif-online.com/en/product/skin-care/hand-care-foot/foot-care
Foot Care,Skin Care,,11,https://masterapi.witheldokan.com/storage/seif-pharmacies/uploads/610457.webp,seif_output\images\foot_care_11.webp,True,https://seif-online.com/en/product/skin-care/hand-care-foot/foot-care
Foot Care,Skin Care,,12,https://masterapi.witheldokan.com/storage/seif-pharmacies/uploads/609166.webp,seif_output\images\foot_care_12.webp,True,https://seif-online.com/en/product/skin-care/hand-care-foot/foot-care
Foot Care,Skin Care,,13,https://masterapi.witheldokan.com/storage/seif-pharmacies/uploads/7922.webp,seif_output\images\foot_care_13.webp,True,https://seif-online.com/en/product/skin-care/hand-care-foot/foot-care
Foot Care,Skin Care,,14,https://masterapi.witheldokan.com/storage/seif-pharmacies/uploads/610453.webp,seif_output\images\foot_care_14.webp,True,https://seif-online.com/en/product/skin-care/hand-care-foot/foot-care
Hand Moisturizers,Skin Care,,1,https://masterapi.witheldokan.com/storage/seif-pharmacies/uploads/612044.webp,seif_output\images\hand_moisturizers_1.webp,True,https://seif-online.com/en/product/skin-care/hand-care-foot/hand-moisturizers
Hand Moisturizers,Skin Care,,2,https://cdn.supercommerce.io/seif-pharmacies/uploads/618110-1768487357.webp,seif_output\images\hand_moisturizers_2.webp,True,https://seif-online.com/en/product/skin-care/hand-care-foot/hand-moisturizers
Hand Moisturizers,Skin Care,,3,https://masterapi.witheldokan.com/storage/seif-pharmacies/uploads/611965-1757573152.webp,seif_output\images\hand_moisturizers_3.webp,True,https://seif-online.com/en/product/skin-care/hand-care-foot/hand-moisturizers
Hand Moisturizers,Skin Care,,4,https://masterapi.witheldokan.com/storage/seif-pharmacies/uploads/615909-1754398919.webp,seif_output\images\hand_moisturizers_4.webp,True,https://seif-online.com/en/product/skin-care/hand-care-foot/hand-moisturizers
Hand Moisturizers,Skin Care,,5,https://masterapi.witheldokan.com/storage/seif-pharmacies/uploads/321870-1759065465.webp,seif_output\images\hand_moisturizers_5.webp,True,https://seif-online.com/en/product/skin-care/hand-care-foot/hand-moisturizers
Hand Moisturizers,Skin Care,,6,https://masterapi.witheldokan.com/storage/seif-pharmacies/uploads/617024-1758095225.webp,seif_output\images\hand_moisturizers_6.webp,True,https://seif-online.com/en/product/skin-care/hand-care-foot/hand-moisturizers
Hand Moisturizers,Skin Care,,7,https://masterapi.witheldokan.com/storage/seif-pharmacies/uploads/601152.webp,seif_output\images\hand_moisturizers_7.webp,True,https://seif-online.com/en/product/skin-care/hand-care-foot/hand-moisturizers
Hand Moisturizers,Skin Care,,8,https://masterapi.witheldokan.com/storage/seif-pharmacies/uploads/385069.webp,seif_output\images\hand_moisturizers_8.webp,True,https://seif-online.com/en/product/skin-care/hand-care-foot/hand-moisturizers
Hand Moisturizers,Skin Care,,9,https://masterapi.witheldokan.com/storage/seif-pharmacies/uploads/609465.webp,seif_output\images\hand_moisturizers_9.webp,True,https://seif-online.com/en/product/skin-care/hand-care-foot/hand-moisturizers
Hand Moisturizers,Skin Care,,10,https://masterapi.witheldokan.com/storage/seif-pharmacies/uploads/616618-1756039628.webp,seif_output\images\hand_moisturizers_10.webp,True,https://seif-online.com/en/product/skin-care/hand-care-foot/hand-moisturizers
Hand Moisturizers,Skin Care,,11,https://masterapi.witheldokan.com/storage/seif-pharmacies/uploads/609466.webp,seif_output\images\hand_moisturizers_11.webp,True,https://seif-online.com/en/product/skin-care/hand-care-foot/hand-moisturizers
Hand Moisturizers,Skin Care,,12,https://masterapi.witheldokan.com/storage/seif-pharmacies/uploads/610454.webp,seif_output\images\hand_moisturizers_12.webp,True,https://seif-online.com/en/product/skin-care/hand-care-foot/hand-moisturizers
Hand Moisturizers,Skin Care,,13,https://cdn.supercommerce.io/seif-pharmacies/uploads/613516-1774335039.webp,seif_output\images\hand_moisturizers_13.webp,True,https://seif-online.com/en/product/skin-care/hand-care-foot/hand-moisturizers
Hand Moisturizers,Skin Care,,14,https://masterapi.witheldokan.com/storage/seif-pharmacies/uploads/609464.webp,seif_output\images\hand_moisturizers_14.webp,True,https://seif-online.com/en/product/skin-care/hand-care-foot/hand-moisturizers
Hand Moisturizers,Skin Care,,15,https://cdn.supercommerce.io/seif-pharmacies/uploads/613524-1774336511.webp,seif_output\images\hand_moisturizers_15.webp,True,https://seif-online.com/en/product/skin-care/hand-care-foot/hand-moisturizers
Hand Moisturizers,Skin Care,,16,https://masterapi.witheldokan.com/storage/seif-pharmacies/uploads/173656.webp,seif_output\images\hand_moisturizers_16.webp,True,https://seif-online.com/en/product/skin-care/hand-care-foot/hand-moisturizers
Hand Moisturizers,Skin Care,,17,https://masterapi.witheldokan.com/storage/seif-pharmacies/uploads/609462.webp,seif_output\images\hand_moisturizers_17.webp,True,https://seif-online.com/en/product/skin-care/hand-care-foot/hand-moisturizers
Hand Moisturizers,Skin Care,,18,https://masterapi.witheldokan.com/storage/seif-pharmacies/uploads/373859.webp,seif_output\images\hand_moisturizers_18.webp,True,https://seif-online.com/en/product/skin-care/hand-care-foot/hand-moisturizers
Hand Moisturizers,Skin Care,,19,https://masterapi.witheldokan.com/storage/seif-pharmacies/uploads/373861.webp,seif_output\images\hand_moisturizers_19.webp,True,https://seif-online.com/en/product/skin-care/hand-care-foot/hand-moisturizers
Hand Moisturizers,Skin Care,,20,https://cdn.supercommerce.io/seif-pharmacies/uploads/613520-1774336162.webp,seif_output\images\hand_moisturizers_20.webp,True,https://seif-online.com/en/product/skin-care/hand-care-foot/hand-moisturizers
Face Care,Skin Care,,1,https://masterapi.witheldokan.com/storage/seif-pharmacies/uploads/344484.webp,seif_output\images\face_care_1.webp,True,https://seif-online.com/en/product/skin-care/face-care
Face Care,Skin Care,,2,https://masterapi.witheldokan.com/storage/seif-pharmacies/uploads/7934.webp,seif_output\images\face_care_2.webp,True,https://seif-online.com/en/product/skin-care/face-care
Face Care,Skin Care,,3,https://masterapi.witheldokan.com/storage/seif-pharmacies/uploads/608246.webp,seif_output\images\face_care_3.webp,True,https://seif-online.com/en/product/skin-care/face-care
Face Care,Skin Care,,4,https://masterapi.witheldokan.com/storage/seif-pharmacies/uploads/610572.webp,seif_output\images\face_care_4.webp,True,https://seif-online.com/en/product/skin-care/face-care
Face Care,Skin Care,,5,https://masterapi.witheldokan.com/storage/seif-pharmacies/uploads/7935.webp,seif_output\images\face_care_5.webp,True,https://seif-online.com/en/product/skin-care/face-care
Face Care,Skin Care,,6,https://masterapi.witheldokan.com/storage/seif-pharmacies/uploads/608244.webp,seif_output\images\face_care_6.webp,True,https://seif-online.com/en/product/skin-care/face-care
Face Care,Skin Care,,7,https://masterapi.witheldokan.com/storage/seif-pharmacies/uploads/610170.webp,seif_output\images\face_care_7.webp,True,https://seif-online.com/en/product/skin-care/face-care
Face Care,Skin Care,,8,https://masterapi.witheldokan.com/storage/seif-pharmacies/uploads/401153.webp,seif_output\images\face_care_8.webp,True,https://seif-online.com/en/product/skin-care/face-care
Face Care,Skin Care,,9,https://masterapi.witheldokan.com/storage/seif-pharmacies/uploads/356933.webp,seif_output\images\face_care_9.webp,True,https://seif-online.com/en/product/skin-care/face-care
Face Care,Skin Care,,10,https://masterapi.witheldokan.com/storage/seif-pharmacies/uploads/356938.webp,seif_output\images\face_care_10.webp,True,https://seif-online.com/en/product/skin-care/face-care
Face Care,Skin Care,,11,https://masterapi.witheldokan.com/storage/seif-pharmacies/uploads/608245.webp,seif_output\images\face_care_11.webp,True,https://seif-online.com/en/product/skin-care/face-care
Face Care,Skin Care,,12,https://masterapi.witheldokan.com/storage/seif-pharmacies/uploads/610172.webp,seif_output\images\face_care_12.webp,True,https://seif-online.com/en/product/skin-care/face-care
Face Care,Skin Care,,13,https://masterapi.witheldokan.com/storage/seif-pharmacies/uploads/377369-1756644251.webp,seif_output\images\face_care_13.webp,True,https://seif-online.com/en/product/skin-care/face-care
Face Care,Skin Care,,14,https://masterapi.witheldokan.com/storage/seif-pharmacies/uploads/610573.webp,seif_output\images\face_care_14.webp,True,https://seif-online.com/en/product/skin-care/face-care
Face Care,Skin Care,,15,https://masterapi.witheldokan.com/storage/seif-pharmacies/uploads/610571.webp,seif_output\images\face_care_15.webp,True,https://seif-online.com/en/product/skin-care/face-care
Face Care,Skin Care,,16,https://masterapi.witheldokan.com/storage/seif-pharmacies/uploads/614764.webp,seif_output\images\face_care_16.webp,True,https://seif-online.com/en/product/skin-care/face-care
Face Care,Skin Care,,17,https://masterapi.witheldokan.com/storage/seif-pharmacies/uploads/609396.webp,seif_output\images\face_care_17.webp,True,https://seif-online.com/en/product/skin-care/face-care
Face Care,Skin Care,,18,https://masterapi.witheldokan.com/storage/seif-pharmacies/uploads/11811.webp,seif_output\images\face_care_18.webp,True,https://seif-online.com/en/product/skin-care/face-care
Face Care,Skin Care,,19,https://masterapi.witheldokan.com/storage/seif-pharmacies/uploads/52626 webp-1754315206.webp,seif_output\images\face_care_19.webp,True,https://seif-online.com/en/product/skin-care/face-care
Face Care,Skin Care,,20,https://masterapi.witheldokan.com/storage/seif-pharmacies/uploads/612022.webp,seif_output\images\face_care_20.webp,True,https://seif-online.com/en/product/skin-care/face-care
Face Care,Skin Care,,21,https://masterapi.witheldokan.com/storage/seif-pharmacies/uploads/608668.webp,seif_output\images\face_care_21.webp,True,https://seif-online.com/en/product/skin-care/face-care
Face Care,Skin Care,,22,https://cdn.supercommerce.io/seif-pharmacies/uploads/615117.webp,seif_output\images\face_care_22.webp,True,https://seif-online.com/en/product/skin-care/face-care
Face Care,Skin Care,,23,https://cdn.supercommerce.io/seif-pharmacies/uploads/616807-1774953079.webp,seif_output\images\face_care_23.webp,True,https://seif-online.com/en/product/skin-care/face-care
Skin Cleansers,Skin Care,,1,https://masterapi.witheldokan.com/storage/seif-pharmacies/uploads/356938.webp,seif_output\images\skin_cleansers_1.webp,True,https://seif-online.com/en/product/skin-care/face-care/skin-cleansers
Skin Cleansers,Skin Care,,2,https://masterapi.witheldokan.com/storage/seif-pharmacies/uploads/612022.webp,seif_output\images\skin_cleansers_2.webp,True,https://seif-online.com/en/product/skin-care/face-care/skin-cleansers
Skin Cleansers,Skin Care,,3,https://cdn.supercommerce.io/seif-pharmacies/uploads/615117.webp,seif_output\images\skin_cleansers_3.webp,True,https://seif-online.com/en/product/skin-care/face-care/skin-cleansers
Skin Cleansers,Skin Care,,4,https://masterapi.witheldokan.com/storage/seif-pharmacies/uploads/601108.webp,seif_output\images\skin_cleansers_4.webp,True,https://seif-online.com/en/product/skin-care/face-care/skin-cleansers
Skin Cleansers,Skin Care,,5,https://masterapi.witheldokan.com/storage/seif-pharmacies/uploads/613356-1761482124.webp,seif_output\images\skin_cleansers_5.webp,True,https://seif-online.com/en/product/skin-care/face-care/skin-cleansers
Skin Cleansers,Skin Care,,6,https://masterapi.witheldokan.com/storage/seif-pharmacies/uploads/615152-1757839910.webp,seif_output\images\skin_cleansers_6.webp,True,https://seif-online.com/en/product/skin-care/face-care/skin-cleansers
Skin Cleansers,Skin Care,,7,https://masterapi.witheldokan.com/storage/seif-pharmacies/uploads/404145.webp,seif_output\images\skin_cleansers_7.webp,True,https://seif-online.com/en/product/skin-care/face-care/skin-cleansers
Skin Cleansers,Skin Care,,8,https://masterapi.witheldokan.com/storage/seif-pharmacies/uploads/608226.webp,seif_output\images\skin_cleansers_8.webp,True,https://seif-online.com/en/product/skin-care/face-care/skin-cleansers
Skin Cleansers,Skin Care,,9,https://masterapi.witheldokan.com/storage/seif-pharmacies/uploads/611556-1755779594.webp,seif_output\images\skin_cleansers_9.webp,True,https://seif-online.com/en/product/skin-care/face-care/skin-cleansers
Skin Cleansers,Skin Care,,10,https://masterapi.witheldokan.com/storage/seif-pharmacies/uploads/608712.webp,seif_output\images\skin_cleansers_10.webp,True,https://seif-online.com/en/product/skin-care/face-care/skin-cleansers
Skin Cleansers,Skin Care,,11,https://masterapi.witheldokan.com/storage/seif-pharmacies/uploads/389948.webp,seif_output\images\skin_cleansers_11.webp,True,https://seif-online.com/en/product/skin-care/face-care/skin-cleansers
Skin Cleansers,Skin Care,,12,https://cdn.supercommerce.io/seif-pharmacies/uploads/616096-1774723510.webp,seif_output\images\skin_cleansers_12.webp,True,https://seif-online.com/en/product/skin-care/face-care/skin-cleansers
Skin Cleansers,Skin Care,,13,https://masterapi.witheldokan.com/storage/seif-pharmacies/uploads/608387.webp,seif_output\images\skin_cleansers_13.webp,True,https://seif-online.com/en/product/skin-care/face-care/skin-cleansers
Skin Cleansers,Skin Care,,14,https://masterapi.witheldokan.com/storage/seif-pharmacies/uploads/610413.webp,seif_output\images\skin_cleansers_14.webp,True,https://seif-online.com/en/product/skin-care/face-care/skin-cleansers
Skin Cleansers,Skin Care,,15,https://masterapi.witheldokan.com/storage/seif-pharmacies/uploads/613357-1761482151.webp,seif_output\images\skin_cleansers_15.webp,True,https://seif-online.com/en/product/skin-care/face-care/skin-cleansers
Skin Cleansers,Skin Care,,16,https://masterapi.witheldokan.com/storage/seif-pharmacies/uploads/65120.webp,seif_output\images\skin_cleansers_16.webp,True,https://seif-online.com/en/product/skin-care/face-care/skin-cleansers
Skin Cleansers,Skin Care,,17,https://masterapi.witheldokan.com/storage/seif-pharmacies/uploads/602682.webp,seif_output\images\skin_cleansers_17.webp,True,https://seif-online.com/en/product/skin-care/face-care/skin-cleansers
Skin Cleansers,Skin Care,,18,https://masterapi.witheldokan.com/storage/seif-pharmacies/uploads/616507-1757575996.webp,seif_output\images\skin_cleansers_18.webp,True,https://seif-online.com/en/product/skin-care/face-care/skin-cleansers
Skin Cleansers,Skin Care,,19,https://masterapi.witheldokan.com/storage/seif-pharmacies/uploads/397570.webp,seif_output\images\skin_cleansers_19.webp,True,https://seif-online.com/en/product/skin-care/face-care/skin-cleansers
Skin Cleansers,Skin Care,,20,https://masterapi.witheldokan.com/storage/seif-pharmacies/uploads/607818.webp,seif_output\images\skin_cleansers_20.webp,True,https://seif-online.com/en/product/skin-care/face-care/skin-cleansers
Skin Cleansers,Skin Care,,21,https://masterapi.witheldokan.com/storage/seif-pharmacies/uploads/404144.webp,seif_output\images\skin_cleansers_21.webp,True,https://seif-online.com/en/product/skin-care/face-care/skin-cleansers
Skin Cleansers,Skin Care,,22,https://masterapi.witheldokan.com/storage/seif-pharmacies/uploads/612376-1758026356.webp,seif_output\images\skin_cleansers_22.webp,True,https://seif-online.com/en/product/skin-care/face-care/skin-cleansers
Skin Cleansers,Skin Care,,23,https://masterapi.witheldokan.com/storage/seif-pharmacies/uploads/356934.webp,seif_output\images\skin_cleansers_23.webp,True,https://seif-online.com/en/product/skin-care/face-care/skin-cleansers
Skin Cleansers,Skin Care,,24,https://masterapi.witheldokan.com/storage/seif-pharmacies/uploads/608388-1757572063.webp,seif_output\images\skin_cleansers_24.webp,True,https://seif-online.com/en/product/skin-care/face-care/skin-cleansers
Skin Moisturizers,Skin Care,,1,https://masterapi.witheldokan.com/storage/seif-pharmacies/uploads/7934.webp,seif_output\images\skin_moisturizers_1.webp,True,https://seif-online.com/en/product/skin-care/face-care/skin-moisturizers
Skin Moisturizers,Skin Care,,2,https://masterapi.witheldokan.com/storage/seif-pharmacies/uploads/7935.webp,seif_output\images\skin_moisturizers_2.webp,True,https://seif-online.com/en/product/skin-care/face-care/skin-moisturizers
Skin Moisturizers,Skin Care,,3,https://masterapi.witheldokan.com/storage/seif-pharmacies/uploads/356933.webp,seif_output\images\skin_moisturizers_3.webp,True,https://seif-online.com/en/product/skin-care/face-care/skin-moisturizers
Skin Moisturizers,Skin Care,,4,https://masterapi.witheldokan.com/storage/seif-pharmacies/uploads/614764.webp,seif_output\images\skin_moisturizers_4.webp,True,https://seif-online.com/en/product/skin-care/face-care/skin-moisturizers
Skin Moisturizers,Skin Care,,5,https://masterapi.witheldokan.com/storage/seif-pharmacies/uploads/11811.webp,seif_output\images\skin_moisturizers_5.webp,True,https://seif-online.com/en/product/skin-care/face-care/skin-moisturizers
Skin Moisturizers,Skin Care,,6,https://masterapi.witheldokan.com/storage/seif-pharmacies/uploads/608668.webp,seif_output\images\skin_moisturizers_6.webp,True,https://seif-online.com/en/product/skin-care/face-care/skin-moisturizers
Skin Moisturizers,Skin Care,,7,https://cdn.supercommerce.io/seif-pharmacies/uploads/616807-1774953079.webp,seif_output\images\skin_moisturizers_7.webp,True,https://seif-online.com/en/product/skin-care/face-care/skin-moisturizers
Skin Moisturizers,Skin Care,,8,https://cdn.supercommerce.io/seif-pharmacies/uploads/615917.webp,seif_output\images\skin_moisturizers_8.webp,True,https://seif-online.com/en/product/skin-care/face-care/skin-moisturizers
Skin Moisturizers,Skin Care,,9,https://masterapi.witheldokan.com/storage/seif-pharmacies/uploads/300286.webp,seif_output\images\skin_moisturizers_9.webp,True,https://seif-online.com/en/product/skin-care/face-care/skin-moisturizers
Skin Moisturizers,Skin Care,,10,https://masterapi.witheldokan.com/storage/seif-pharmacies/uploads/612604-1761048352.webp,seif_output\images\skin_moisturizers_10.webp,True,https://seif-online.com/en/product/skin-care/face-care/skin-moisturizers
Skin Moisturizers,Skin Care,,11,https://masterapi.witheldokan.com/storage/seif-pharmacies/uploads/614763.webp,seif_output\images\skin_moisturizers_11.webp,True,https://seif-online.com/en/product/skin-care/face-care/skin-moisturizers
Skin Moisturizers,Skin Care,,12,https://masterapi.witheldokan.com/storage/seif-pharmacies/uploads/610042.webp,seif_output\images\skin_moisturizers_12.webp,True,https://seif-online.com/en/product/skin-care/face-care/skin-moisturizers
Skin Moisturizers,Skin Care,,13,https://masterapi.witheldokan.com/storage/seif-pharmacies/uploads/609951.webp,seif_output\images\skin_moisturizers_13.webp,True,https://seif-online.com/en/product/skin-care/face-care/skin-moisturizers
Skin Moisturizers,Skin Care,,14,https://masterapi.witheldokan.com/storage/seif-pharmacies/uploads/348365.webp,seif_output\images\skin_moisturizers_14.webp,True,https://seif-online.com/en/product/skin-care/face-care/skin-moisturizers
Skin Moisturizers,Skin Care,,15,https://masterapi.witheldokan.com/storage/seif-pharmacies/uploads/601569.webp,seif_output\images\skin_moisturizers_15.webp,True,https://seif-online.com/en/product/skin-care/face-care/skin-moisturizers
Skin Moisturizers,Skin Care,,16,https://masterapi.witheldokan.com/storage/seif-pharmacies/uploads/601573.webp,seif_output\images\skin_moisturizers_16.webp,True,https://seif-online.com/en/product/skin-care/face-care/skin-moisturizers
Skin Moisturizers,Skin Care,,17,https://masterapi.witheldokan.com/storage/seif-pharmacies/uploads/616197-1757583493.webp,seif_output\images\skin_moisturizers_17.webp,True,https://seif-online.com/en/product/skin-care/face-care/skin-moisturizers
Skin Moisturizers,Skin Care,,18,https://masterapi.witheldokan.com/storage/seif-pharmacies/uploads/6872.webp,seif_output\images\skin_moisturizers_18.webp,True,https://seif-online.com/en/product/skin-care/face-care/skin-moisturizers
Skin Moisturizers,Skin Care,,19,https://masterapi.witheldokan.com/storage/seif-pharmacies/uploads/348706.webp,seif_output\images\skin_moisturizers_19.webp,True,https://seif-online.com/en/product/skin-care/face-care/skin-moisturizers
Skin Moisturizers,Skin Care,,20,https://masterapi.witheldokan.com/storage/seif-pharmacies/uploads/612605.webp,seif_output\images\skin_moisturizers_20.webp,True,https://seif-online.com/en/product/skin-care/face-care/skin-moisturizers
Skin Moisturizers,Skin Care,,21,https://masterapi.witheldokan.com/storage/seif-pharmacies/uploads/62076.webp,seif_output\images\skin_moisturizers_21.webp,True,https://seif-online.com/en/product/skin-care/face-care/skin-moisturizers
Sun Care,Skin Care,,1,https://masterapi.witheldokan.com/storage/seif-pharmacies/uploads/344484.webp,seif_output\images\sun_care_1.webp,True,https://seif-online.com/en/product/skin-care/face-care/sun-care
Sun Care,Skin Care,,2,https://masterapi.witheldokan.com/storage/seif-pharmacies/uploads/608246.webp,seif_output\images\sun_care_2.webp,True,https://seif-online.com/en/product/skin-care/face-care/sun-care
Sun Care,Skin Care,,3,https://masterapi.witheldokan.com/storage/seif-pharmacies/uploads/608244.webp,seif_output\images\sun_care_3.webp,True,https://seif-online.com/en/product/skin-care/face-care/sun-care
Sun Care,Skin Care,,4,https://masterapi.witheldokan.com/storage/seif-pharmacies/uploads/401153.webp,seif_output\images\sun_care_4.webp,True,https://seif-online.com/en/product/skin-care/face-care/sun-care
Sun Care,Skin Care,,5,https://masterapi.witheldokan.com/storage/seif-pharmacies/uploads/608245.webp,seif_output\images\sun_care_5.webp,True,https://seif-online.com/en/product/skin-care/face-care/sun-care
Sun Care,Skin Care,,6,https://masterapi.witheldokan.com/storage/seif-pharmacies/uploads/377369-1756644251.webp,seif_output\images\sun_care_6.webp,True,https://seif-online.com/en/product/skin-care/face-care/sun-care
Sun Care,Skin Care,,7,https://masterapi.witheldokan.com/storage/seif-pharmacies/uploads/609396.webp,seif_output\images\sun_care_7.webp,True,https://seif-online.com/en/product/skin-care/face-care/sun-care
Sun Care,Skin Care,,8,https://masterapi.witheldokan.com/storage/seif-pharmacies/uploads/52626 webp-1754315206.webp,seif_output\images\sun_care_8.webp,True,https://seif-online.com/en/product/skin-care/face-care/sun-care
Sun Care,Skin Care,,9,https://masterapi.witheldokan.com/storage/seif-pharmacies/uploads/611911 wnp-1754313551.webp,seif_output\images\sun_care_9.webp,True,https://seif-online.com/en/product/skin-care/face-care/sun-care
Sun Care,Skin Care,,10,https://masterapi.witheldokan.com/storage/seif-pharmacies/uploads/613367-1761482365.webp,seif_output\images\sun_care_10.webp,True,https://seif-online.com/en/product/skin-care/face-care/sun-care
Sun Care,Skin Care,,11,https://masterapi.witheldokan.com/storage/seif-pharmacies/uploads/615122.webp,seif_output\images\sun_care_11.webp,True,https://seif-online.com/en/product/skin-care/face-care/sun-care
Sun Care,Skin Care,,12,https://masterapi.witheldokan.com/storage/seif-pharmacies/uploads/612183.webp,seif_output\images\sun_care_12.webp,True,https://seif-online.com/en/product/skin-care/face-care/sun-care
Sun Care,Skin Care,,13,https://masterapi.witheldokan.com/storage/seif-pharmacies/uploads/613368-1761482393.webp,seif_output\images\sun_care_13.webp,True,https://seif-online.com/en/product/skin-care/face-care/sun-care
Sun Care,Skin Care,,14,https://masterapi.witheldokan.com/storage/seif-pharmacies/uploads/615463-1756023294.webp,seif_output\images\sun_care_14.webp,True,https://seif-online.com/en/product/skin-care/face-care/sun-care
Sun Care,Skin Care,,15,https://masterapi.witheldokan.com/storage/seif-pharmacies/uploads/612761-1754398017.webp,seif_output\images\sun_care_15.webp,True,https://seif-online.com/en/product/skin-care/face-care/sun-care
Sun Care,Skin Care,,16,https://masterapi.witheldokan.com/storage/seif-pharmacies/uploads/613369-1761482416.webp,seif_output\images\sun_care_16.webp,True,https://seif-online.com/en/product/skin-care/face-care/sun-care
Sun Care,Skin Care,,17,https://masterapi.witheldokan.com/storage/seif-pharmacies/uploads/602383.webp,seif_output\images\sun_care_17.webp,True,https://seif-online.com/en/product/skin-care/face-care/sun-care
Sun Care,Skin Care,,18,https://masterapi.witheldokan.com/storage/seif-pharmacies/uploads/613366-1761482342.webp,seif_output\images\sun_care_18.webp,True,https://seif-online.com/en/product/skin-care/face-care/sun-care
Sun Care,Skin Care,,19,https://masterapi.witheldokan.com/storage/seif-pharmacies/uploads/615151-1757839879.webp,seif_output\images\sun_care_19.webp,True,https://seif-online.com/en/product/skin-care/face-care/sun-care
Sun Care,Skin Care,,20,https://masterapi.witheldokan.com/storage/seif-pharmacies/uploads/611962.webp,seif_output\images\sun_care_20.webp,True,https://seif-online.com/en/product/skin-care/face-care/sun-care
Sun Care,Skin Care,,21,https://masterapi.witheldokan.com/storage/seif-pharmacies/uploads/616700-1757576101.webp,seif_output\images\sun_care_21.webp,True,https://seif-online.com/en/product/skin-care/face-care/sun-care
Sun Care,Skin Care,,22,https://masterapi.witheldokan.com/storage/seif-pharmacies/uploads/611960.webp,seif_output\images\sun_care_22.webp,True,https://seif-online.com/en/product/skin-care/face-care/sun-care
Sun Care,Skin Care,,23,https://masterapi.witheldokan.com/storage/seif-pharmacies/uploads/609543.webp,seif_output\images\sun_care_23.webp,True,https://seif-online.com/en/product/skin-care/face-care/sun-care
Sun Care,Skin Care,,24,https://masterapi.witheldokan.com/storage/seif-pharmacies/uploads/613133.webp,seif_output\images\sun_care_24.webp,True,https://seif-online.com/en/product/skin-care/face-care/sun-care
Facial Toners & Serums,Skin Care,,1,https://masterapi.witheldokan.com/storage/seif-pharmacies/uploads/610572.webp,seif_output\images\facial_toners_serums_1.webp,True,https://seif-online.com/en/product/skin-care/face-care/facial-toners-serums
Facial Toners & Serums,Skin Care,,2,https://masterapi.witheldokan.com/storage/seif-pharmacies/uploads/610573.webp,seif_output\images\facial_toners_serums_2.webp,True,https://seif-online.com/en/product/skin-care/face-care/facial-toners-serums
Facial Toners & Serums,Skin Care,,3,https://masterapi.witheldokan.com/storage/seif-pharmacies/uploads/610571.webp,seif_output\images\facial_toners_serums_3.webp,True,https://seif-online.com/en/product/skin-care/face-care/facial-toners-serums
Facial Toners & Serums,Skin Care,,4,https://masterapi.witheldokan.com/storage/seif-pharmacies/uploads/608713.webp,seif_output\images\facial_toners_serums_4.webp,True,https://seif-online.com/en/product/skin-care/face-care/facial-toners-serums
Facial Toners & Serums,Skin Care,,5,https://masterapi.witheldokan.com/storage/seif-pharmacies/uploads/614731.webp,seif_output\images\facial_toners_serums_5.webp,True,https://seif-online.com/en/product/skin-care/face-care/facial-toners-serums
Facial Toners & Serums,Skin Care,,6,https://masterapi.witheldokan.com/storage/seif-pharmacies/uploads/610431.webp,seif_output\images\facial_toners_serums_6.webp,True,https://seif-online.com/en/product/skin-care/face-care/facial-toners-serums
Facial Toners & Serums,Skin Care,,7,https://masterapi.witheldokan.com/storage/seif-pharmacies/uploads/610290.webp,seif_output\images\facial_toners_serums_7.webp,True,https://seif-online.com/en/product/skin-care/face-care/facial-toners-serums
Facial Toners & Serums,Skin Care,,8,https://masterapi.witheldokan.com/storage/seif-pharmacies/uploads/615121.webp,seif_output\images\facial_toners_serums_8.webp,True,https://seif-online.com/en/product/skin-care/face-care/facial-toners-serums
Facial Toners & Serums,Skin Care,,9,https://masterapi.witheldokan.com/storage/seif-pharmacies/uploads/608715.webp,seif_output\images\facial_toners_serums_9.webp,True,https://seif-online.com/en/product/skin-care/face-care/facial-toners-serums
Facial Toners & Serums,Skin Care,,10,https://masterapi.witheldokan.com/storage/seif-pharmacies/uploads/615464-1756023394.webp,seif_output\images\facial_toners_serums_10.webp,True,https://seif-online.com/en/product/skin-care/face-care/facial-toners-serums
Facial Toners & Serums,Skin Care,,11,https://cdn.supercommerce.io/seif-pharmacies/uploads/607050-1768737548.webp,seif_output\images\facial_toners_serums_11.webp,True,https://seif-online.com/en/product/skin-care/face-care/facial-toners-serums
Facial Toners & Serums,Skin Care,,12,https://masterapi.witheldokan.com/storage/seif-pharmacies/uploads/614800-1759931329.webp,seif_output\images\facial_toners_serums_12.webp,True,https://seif-online.com/en/product/skin-care/face-care/facial-toners-serums
Facial Toners & Serums,Skin Care,,13,https://masterapi.witheldokan.com/storage/seif-pharmacies/uploads/607535-1758176452.webp,seif_output\images\facial_toners_serums_13.webp,True,https://seif-online.com/en/product/skin-care/face-care/facial-toners-serums
Facial Toners & Serums,Skin Care,,14,https://masterapi.witheldokan.com/storage/seif-pharmacies/uploads/610432.webp,seif_output\images\facial_toners_serums_14.webp,True,https://seif-online.com/en/product/skin-care/face-care/facial-toners-serums
Facial Toners & Serums,Skin Care,,15,https://masterapi.witheldokan.com/storage/seif-pharmacies/uploads/616077-1757840159.webp,seif_output\images\facial_toners_serums_15.webp,True,https://seif-online.com/en/product/skin-care/face-care/facial-toners-serums
Facial Toners & Serums,Skin Care,,16,https://masterapi.witheldokan.com/storage/seif-pharmacies/uploads/612523.webp,seif_output\images\facial_toners_serums_16.webp,True,https://seif-online.com/en/product/skin-care/face-care/facial-toners-serums
Facial Toners & Serums,Skin Care,,17,https://masterapi.witheldokan.com/storage/seif-pharmacies/uploads/612294.webp,seif_output\images\facial_toners_serums_17.webp,True,https://seif-online.com/en/product/skin-care/face-care/facial-toners-serums
Facial Toners & Serums,Skin Care,,18,https://masterapi.witheldokan.com/storage/seif-pharmacies/uploads/612297.webp,seif_output\images\facial_toners_serums_18.webp,True,https://seif-online.com/en/product/skin-care/face-care/facial-toners-serums
Facial Toners & Serums,Skin Care,,19,https://cdn.supercommerce.io/seif-pharmacies/uploads/615467-1769343829.webp,seif_output\images\facial_toners_serums_19.webp,True,https://seif-online.com/en/product/skin-care/face-care/facial-toners-serums
Facial Toners & Serums,Skin Care,,20,https://masterapi.witheldokan.com/storage/seif-pharmacies/uploads/602539.webp,seif_output\images\facial_toners_serums_20.webp,True,https://seif-online.com/en/product/skin-care/face-care/facial-toners-serums
Facial Toners & Serums,Skin Care,,21,https://masterapi.witheldokan.com/storage/seif-pharmacies/uploads/383799.webp,seif_output\images\facial_toners_serums_21.webp,True,https://seif-online.com/en/product/skin-care/face-care/facial-toners-serums
Facial Toners & Serums,Skin Care,,22,https://masterapi.witheldokan.com/storage/seif-pharmacies/uploads/612522.webp,seif_output\images\facial_toners_serums_22.webp,True,https://seif-online.com/en/product/skin-care/face-care/facial-toners-serums
Facial Toners & Serums,Skin Care,,23,https://masterapi.witheldokan.com/storage/seif-pharmacies/uploads/616322-1759321900.webp,seif_output\images\facial_toners_serums_23.webp,True,https://seif-online.com/en/product/skin-care/face-care/facial-toners-serums
Facial Toners & Serums,Skin Care,,24,https://masterapi.witheldokan.com/storage/seif-pharmacies/uploads/617027-1760534760.webp,seif_output\images\facial_toners_serums_24.webp,True,https://seif-online.com/en/product/skin-care/face-care/facial-toners-serums
Eye Cream & Contour,Skin Care,,1,https://masterapi.witheldokan.com/storage/seif-pharmacies/uploads/605394-1758176673.webp,seif_output\images\eye_cream_contour_1.webp,True,https://seif-online.com/en/product/skin-care/face-care/eye-cream-contour
Eye Cream & Contour,Skin Care,,2,https://masterapi.witheldokan.com/storage/seif-pharmacies/uploads/611474.webp,seif_output\images\eye_cream_contour_2.webp,True,https://seif-online.com/en/product/skin-care/face-care/eye-cream-contour
Eye Cream & Contour,Skin Care,,3,https://masterapi.witheldokan.com/storage/seif-pharmacies/uploads/323556.webp,seif_output\images\eye_cream_contour_3.webp,True,https://seif-online.com/en/product/skin-care/face-care/eye-cream-contour
Eye Cream & Contour,Skin Care,,4,https://masterapi.witheldokan.com/storage/seif-pharmacies/uploads/398069.webp,seif_output\images\eye_cream_contour_4.webp,True,https://seif-online.com/en/product/skin-care/face-care/eye-cream-contour
Eye Cream & Contour,Skin Care,,5,https://masterapi.witheldokan.com/storage/seif-pharmacies/uploads/615118-1757584362.webp,seif_output\images\eye_cream_contour_5.webp,True,https://seif-online.com/en/product/skin-care/face-care/eye-cream-contour
Eye Cream & Contour,Skin Care,,6,https://masterapi.witheldokan.com/storage/seif-pharmacies/uploads/611724-1756018145.webp,seif_output\images\eye_cream_contour_6.webp,True,https://seif-online.com/en/product/skin-care/face-care/eye-cream-contour
Eye Cream & Contour,Skin Care,,7,https://masterapi.witheldokan.com/storage/seif-pharmacies/uploads/604881.webp,seif_output\images\eye_cream_contour_7.webp,True,https://seif-online.com/en/product/skin-care/face-care/eye-cream-contour
Eye Cream & Contour,Skin Care,,8,https://masterapi.witheldokan.com/storage/seif-pharmacies/uploads/309727.webp,seif_output\images\eye_cream_contour_8.webp,True,https://seif-online.com/en/product/skin-care/face-care/eye-cream-contour
Eye Cream & Contour,Skin Care,,9,https://masterapi.witheldokan.com/storage/seif-pharmacies/uploads/616318-1757832529.webp,seif_output\images\eye_cream_contour_9.webp,True,https://seif-online.com/en/product/skin-care/face-care/eye-cream-contour
Eye Cream & Contour,Skin Care,,10,https://masterapi.witheldokan.com/storage/seif-pharmacies/uploads/613363-1761482268.webp,seif_output\images\eye_cream_contour_10.webp,True,https://seif-online.com/en/product/skin-care/face-care/eye-cream-contour
Eye Cream & Contour,Skin Care,,11,https://masterapi.witheldokan.com/storage/seif-pharmacies/uploads/613919.webp,seif_output\images\eye_cream_contour_11.webp,True,https://seif-online.com/en/product/skin-care/face-care/eye-cream-contour
Eye Cream & Contour,Skin Care,,12,https://masterapi.witheldokan.com/storage/seif-pharmacies/uploads/382583.webp,seif_output\images\eye_cream_contour_12.webp,True,https://seif-online.com/en/product/skin-care/face-care/eye-cream-contour
Eye Cream & Contour,Skin Care,,13,https://masterapi.witheldokan.com/storage/seif-pharmacies/uploads/607996.webp,seif_output\images\eye_cream_contour_13.webp,True,https://seif-online.com/en/product/skin-care/face-care/eye-cream-contour
Eye Cream & Contour,Skin Care,,14,https://masterapi.witheldokan.com/storage/seif-pharmacies/uploads/611492.webp,seif_output\images\eye_cream_contour_14.webp,True,https://seif-online.com/en/product/skin-care/face-care/eye-cream-contour
Eye Cream & Contour,Skin Care,,15,https://masterapi.witheldokan.com/storage/seif-pharmacies/uploads/605901-1756018233.webp,seif_output\images\eye_cream_contour_15.webp,True,https://seif-online.com/en/product/skin-care/face-care/eye-cream-contour
Eye Cream & Contour,Skin Care,,16,https://masterapi.witheldokan.com/storage/seif-pharmacies/uploads/58956.webp,seif_output\images\eye_cream_contour_16.webp,True,https://seif-online.com/en/product/skin-care/face-care/eye-cream-contour
Eye Cream & Contour,Skin Care,,17,https://masterapi.witheldokan.com/storage/seif-pharmacies/uploads/608947.webp,seif_output\images\eye_cream_contour_17.webp,True,https://seif-online.com/en/product/skin-care/face-care/eye-cream-contour
Eye Cream & Contour,Skin Care,,18,https://masterapi.witheldokan.com/storage/seif-pharmacies/uploads/616141-1759394179.webp,seif_output\images\eye_cream_contour_18.webp,True,https://seif-online.com/en/product/skin-care/face-care/eye-cream-contour
Eye Cream & Contour,Skin Care,,19,https://cdn.supercommerce.io/seif-pharmacies/uploads/618086-1770890717.webp,seif_output\images\eye_cream_contour_19.webp,True,https://seif-online.com/en/product/skin-care/face-care/eye-cream-contour
Eye Cream & Contour,Skin Care,,20,https://masterapi.witheldokan.com/storage/seif-pharmacies/uploads/384407.webp,seif_output\images\eye_cream_contour_20.webp,True,https://seif-online.com/en/product/skin-care/face-care/eye-cream-contour
Eye Cream & Contour,Skin Care,,21,https://masterapi.witheldokan.com/storage/seif-pharmacies/uploads/315816-1761140706.webp,seif_output\images\eye_cream_contour_21.webp,True,https://seif-online.com/en/product/skin-care/face-care/eye-cream-contour
Eye Cream & Contour,Skin Care,,22,https://masterapi.witheldokan.com/storage/seif-pharmacies/uploads/614933-1759930745.webp,seif_output\images\eye_cream_contour_22.webp,True,https://seif-online.com/en/product/skin-care/face-care/eye-cream-contour
Makeup Removers,Skin Care,,1,https://masterapi.witheldokan.com/storage/seif-pharmacies/uploads/610170.webp,seif_output\images\makeup_removers_1.webp,True,https://seif-online.com/en/product/skin-care/face-care/makeup-removers
Makeup Removers,Skin Care,,2,https://masterapi.witheldokan.com/storage/seif-pharmacies/uploads/610172.webp,seif_output\images\makeup_removers_2.webp,True,https://seif-online.com/en/product/skin-care/face-care/makeup-removers
Makeup Removers,Skin Care,,3,https://masterapi.witheldokan.com/storage/seif-pharmacies/uploads/615120.webp,seif_output\images\makeup_removers_3.webp,True,https://seif-online.com/en/product/skin-care/face-care/makeup-removers
Makeup Removers,Skin Care,,4,https://masterapi.witheldokan.com/storage/seif-pharmacies/uploads/614732.webp,seif_output\images\makeup_removers_4.webp,True,https://seif-online.com/en/product/skin-care/face-care/makeup-removers
Makeup Removers,Skin Care,,5,https://masterapi.witheldokan.com/storage/seif-pharmacies/uploads/610169.webp,seif_output\images\makeup_removers_5.webp,True,https://seif-online.com/en/product/skin-care/face-care/makeup-removers
Makeup Removers,Skin Care,,6,https://masterapi.witheldokan.com/storage/seif-pharmacies/uploads/371647.webp,seif_output\images\makeup_removers_6.webp,True,https://seif-online.com/en/product/skin-care/face-care/makeup-removers
Makeup Removers,Skin Care,,7,https://masterapi.witheldokan.com/storage/seif-pharmacies/uploads/386702.webp,seif_output\images\makeup_removers_7.webp,True,https://seif-online.com/en/product/skin-care/face-care/makeup-removers
Makeup Removers,Skin Care,,8,https://masterapi.witheldokan.com/storage/seif-pharmacies/uploads/335870.webp,seif_output\images\makeup_removers_8.webp,True,https://seif-online.com/en/product/skin-care/face-care/makeup-removers
Makeup Removers,Skin Care,,9,https://masterapi.witheldokan.com/storage/seif-pharmacies/uploads/323555.webp,seif_output\images\makeup_removers_9.webp,True,https://seif-online.com/en/product/skin-care/face-care/makeup-removers
Makeup Removers,Skin Care,,10,https://masterapi.witheldokan.com/storage/seif-pharmacies/uploads/403036.webp,seif_output\images\makeup_removers_10.webp,True,https://seif-online.com/en/product/skin-care/face-care/makeup-removers
Makeup Removers,Skin Care,,11,https://masterapi.witheldokan.com/storage/seif-pharmacies/uploads/616071-1756017624.webp,seif_output\images\makeup_removers_11.webp,True,https://seif-online.com/en/product/skin-care/face-care/makeup-removers
Makeup Removers,Skin Care,,12,https://masterapi.witheldokan.com/storage/seif-pharmacies/uploads/386703.webp,seif_output\images\makeup_removers_12.webp,True,https://seif-online.com/en/product/skin-care/face-care/makeup-removers
Makeup Removers,Skin Care,,13,https://masterapi.witheldokan.com/storage/seif-pharmacies/uploads/404117.webp,seif_output\images\makeup_removers_13.webp,True,https://seif-online.com/en/product/skin-care/face-care/makeup-removers
Makeup Removers,Skin Care,,14,https://masterapi.witheldokan.com/storage/seif-pharmacies/uploads/615643-1757588753.webp,seif_output\images\makeup_removers_14.webp,True,https://seif-online.com/en/product/skin-care/face-care/makeup-removers
Makeup Removers,Skin Care,,15,https://cdn.supercommerce.io/seif-pharmacies/uploads/618510-1771915111.webp,seif_output\images\makeup_removers_15.webp,True,https://seif-online.com/en/product/skin-care/face-care/makeup-removers
Makeup Removers,Skin Care,,16,https://masterapi.witheldokan.com/storage/seif-pharmacies/uploads/610171.webp,seif_output\images\makeup_removers_16.webp,True,https://seif-online.com/en/product/skin-care/face-care/makeup-removers
Makeup Removers,Skin Care,,17,https://masterapi.witheldokan.com/storage/seif-pharmacies/uploads/612047.jfif-1756212848.webp,seif_output\images\makeup_removers_17.webp,True,https://seif-online.com/en/product/skin-care/face-care/makeup-removers
Makeup Removers,Skin Care,,18,https://masterapi.witheldokan.com/storage/seif-pharmacies/uploads/606135.webp,seif_output\images\makeup_removers_18.webp,True,https://seif-online.com/en/product/skin-care/face-care/makeup-removers
Makeup Removers,Skin Care,,19,https://masterapi.witheldokan.com/storage/seif-pharmacies/uploads/212690.png,seif_output\images\makeup_removers_19.png,True,https://seif-online.com/en/product/skin-care/face-care/makeup-removers
Makeup Removers,Skin Care,,20,https://masterapi.witheldokan.com/storage/seif-pharmacies/uploads/18425.png,seif_output\images\makeup_removers_20.png,True,https://seif-online.com/en/product/skin-care/face-care/makeup-removers
Makeup Removers,Skin Care,,21,https://masterapi.witheldokan.com/storage/seif-pharmacies/uploads/616711-1758781719.webp,seif_output\images\makeup_removers_21.webp,True,https://seif-online.com/en/product/skin-care/face-care/makeup-removers
Makeup Removers,Skin Care,,22,https://cdn.supercommerce.io/seif-pharmacies/uploads/126138-1770208927.webp,seif_output\images\makeup_removers_22.webp,True,https://seif-online.com/en/product/skin-care/face-care/makeup-removers
Makeup Removers,Skin Care,,23,https://masterapi.witheldokan.com/storage/seif-pharmacies/uploads/616712-1758782525.webp,seif_output\images\makeup_removers_23.webp,True,https://seif-online.com/en/product/skin-care/face-care/makeup-removers
Facial Masks & Scrubs,Skin Care,,1,https://masterapi.witheldokan.com/storage/seif-pharmacies/uploads/397525.webp,seif_output\images\facial_masks_scrubs_1.webp,True,https://seif-online.com/en/product/skin-care/face-care/facial-masks-scrubs
Facial Masks & Scrubs,Skin Care,,2,https://masterapi.witheldokan.com/storage/seif-pharmacies/uploads/404174.webp,seif_output\images\facial_masks_scrubs_2.webp,True,https://seif-online.com/en/product/skin-care/face-care/facial-masks-scrubs
Facial Masks & Scrubs,Skin Care,,3,https://masterapi.witheldokan.com/storage/seif-pharmacies/uploads/404173.webp,seif_output\images\facial_masks_scrubs_3.webp,True,https://seif-online.com/en/product/skin-care/face-care/facial-masks-scrubs
Facial Masks & Scrubs,Skin Care,,4,https://masterapi.witheldokan.com/storage/seif-pharmacies/uploads/601568.webp,seif_output\images\facial_masks_scrubs_4.webp,True,https://seif-online.com/en/product/skin-care/face-care/facial-masks-scrubs
Facial Masks & Scrubs,Skin Care,,5,https://masterapi.witheldokan.com/storage/seif-pharmacies/uploads/613450-1757574004.webp,seif_output\images\facial_masks_scrubs_5.webp,True,https://seif-online.com/en/product/skin-care/face-care/facial-masks-scrubs
Facial Masks & Scrubs,Skin Care,,6,https://masterapi.witheldokan.com/storage/seif-pharmacies/uploads/602864.webp,seif_output\images\facial_masks_scrubs_6.webp,True,https://seif-online.com/en/product/skin-care/face-care/facial-masks-scrubs
Facial Masks & Scrubs,Skin Care,,7,https://masterapi.witheldokan.com/storage/seif-pharmacies/uploads/602878.webp,seif_output\images\facial_masks_scrubs_7.webp,True,https://seif-online.com/en/product/skin-care/face-care/facial-masks-scrubs
Facial Masks & Scrubs,Skin Care,,8,https://masterapi.witheldokan.com/storage/seif-pharmacies/uploads/404168.webp,seif_output\images\facial_masks_scrubs_8.webp,True,https://seif-online.com/en/product/skin-care/face-care/facial-masks-scrubs
Facial Masks & Scrubs,Skin Care,,9,https://masterapi.witheldokan.com/storage/seif-pharmacies/uploads/602873.webp,seif_output\images\facial_masks_scrubs_9.webp,True,https://seif-online.com/en/product/skin-care/face-care/facial-masks-scrubs
Facial Masks & Scrubs,Skin Care,,10,https://masterapi.witheldokan.com/storage/seif-pharmacies/uploads/404138.webp,seif_output\images\facial_masks_scrubs_10.webp,True,https://seif-online.com/en/product/skin-care/face-care/facial-masks-scrubs
Facial Masks & Scrubs,Skin Care,,11,https://masterapi.witheldokan.com/storage/seif-pharmacies/uploads/88457.webp,seif_output\images\facial_masks_scrubs_11.webp,True,https://seif-online.com/en/product/skin-care/face-care/facial-masks-scrubs
Facial Masks & Scrubs,Skin Care,,12,https://masterapi.witheldokan.com/storage/seif-pharmacies/uploads/608389.webp,seif_output\images\facial_masks_scrubs_12.webp,True,https://seif-online.com/en/product/skin-care/face-care/facial-masks-scrubs
Facial Masks & Scrubs,Skin Care,,13,https://masterapi.witheldokan.com/storage/seif-pharmacies/uploads/397528.webp,seif_output\images\facial_masks_scrubs_13.webp,True,https://seif-online.com/en/product/skin-care/face-care/facial-masks-scrubs
Facial Masks & Scrubs,Skin Care,,14,https://masterapi.witheldokan.com/storage/seif-pharmacies/uploads/601104.webp,seif_output\images\facial_masks_scrubs_14.webp,True,https://seif-online.com/en/product/skin-care/face-care/facial-masks-scrubs
Facial Masks & Scrubs,Skin Care,,15,https://masterapi.witheldokan.com/storage/seif-pharmacies/uploads/601567.webp,seif_output\images\facial_masks_scrubs_15.webp,True,https://seif-online.com/en/product/skin-care/face-care/facial-masks-scrubs
Facial Masks & Scrubs,Skin Care,,16,https://masterapi.witheldokan.com/storage/seif-pharmacies/uploads/602876.webp,seif_output\images\facial_masks_scrubs_16.webp,True,https://seif-online.com/en/product/skin-care/face-care/facial-masks-scrubs
Facial Masks & Scrubs,Skin Care,,17,https://masterapi.witheldokan.com/storage/seif-pharmacies/uploads/602877.webp,seif_output\images\facial_masks_scrubs_17.webp,True,https://seif-online.com/en/product/skin-care/face-care/facial-masks-scrubs
Facial Masks & Scrubs,Skin Care,,18,https://masterapi.witheldokan.com/storage/seif-pharmacies/uploads/602875.webp,seif_output\images\facial_masks_scrubs_18.webp,True,https://seif-online.com/en/product/skin-care/face-care/facial-masks-scrubs
Facial Masks & Scrubs,Skin Care,,19,https://masterapi.witheldokan.com/storage/seif-pharmacies/uploads/404141.webp,seif_output\images\facial_masks_scrubs_19.webp,True,https://seif-online.com/en/product/skin-care/face-care/facial-masks-scrubs
Facial Masks & Scrubs,Skin Care,,20,https://masterapi.witheldokan.com/storage/seif-pharmacies/uploads/404139.webp,seif_output\images\facial_masks_scrubs_20.webp,True,https://seif-online.com/en/product/skin-care/face-care/facial-masks-scrubs
Facial Masks & Scrubs,Skin Care,,21,https://masterapi.witheldokan.com/storage/seif-pharmacies/uploads/404143.webp,seif_output\images\facial_masks_scrubs_21.webp,True,https://seif-online.com/en/product/skin-care/face-care/facial-masks-scrubs
Facial Masks & Scrubs,Skin Care,,22,https://masterapi.witheldokan.com/storage/seif-pharmacies/uploads/404142.webp,seif_output\images\facial_masks_scrubs_22.webp,True,https://seif-online.com/en/product/skin-care/face-care/facial-masks-scrubs
Facial Masks & Scrubs,Skin Care,,23,https://masterapi.witheldokan.com/storage/seif-pharmacies/uploads/604954-1755781062.webp,seif_output\images\facial_masks_scrubs_23.webp,True,https://seif-online.com/en/product/skin-care/face-care/facial-masks-scrubs
Facial Masks & Scrubs,Skin Care,,24,https://masterapi.witheldokan.com/storage/seif-pharmacies/uploads/161480.webp,seif_output\images\facial_masks_scrubs_24.webp,True,https://seif-online.com/en/product/skin-care/face-care/facial-masks-scrubs
Skin Care,Skin Care,,1,https://masterapi.witheldokan.com/storage/seif-pharmacies/uploads/602540.webp,seif_output\images\skin_care_1.webp,True,https://seif-online.com/en/product/skin-care
Skin Care,Skin Care,,2,https://cdn.supercommerce.io/seif-pharmacies/uploads/617407.webp,seif_output\images\skin_care_2.webp,True,https://seif-online.com/en/product/skin-care
Skin Care,Skin Care,,3,https://masterapi.witheldokan.com/storage/seif-pharmacies/uploads/612871.webp,seif_output\images\skin_care_3.webp,True,https://seif-online.com/en/product/skin-care
Skin Care,Skin Care,,4,https://masterapi.witheldokan.com/storage/seif-pharmacies/uploads/344484.webp,seif_output\images\skin_care_4.webp,True,https://seif-online.com/en/product/skin-care
Skin Care,Skin Care,,5,https://masterapi.witheldokan.com/storage/seif-pharmacies/uploads/612870.webp,seif_output\images\skin_care_5.webp,True,https://seif-online.com/en/product/skin-care
Skin Care,Skin Care,,6,https://masterapi.witheldokan.com/storage/seif-pharmacies/uploads/7934.webp,seif_output\images\skin_care_6.webp,True,https://seif-online.com/en/product/skin-care
Skin Care,Skin Care,,7,https://masterapi.witheldokan.com/storage/seif-pharmacies/uploads/48907.webp,seif_output\images\skin_care_7.webp,True,https://seif-online.com/en/product/skin-care
Skin Care,Skin Care,,8,https://masterapi.witheldokan.com/storage/seif-pharmacies/uploads/608246.webp,seif_output\images\skin_care_8.webp,True,https://seif-online.com/en/product/skin-care
Skin Care,Skin Care,,9,https://masterapi.witheldokan.com/storage/seif-pharmacies/uploads/608381-1757571919.webp,seif_output\images\skin_care_9.webp,True,https://seif-online.com/en/product/skin-care
Skin Care,Skin Care,,10,https://masterapi.witheldokan.com/storage/seif-pharmacies/uploads/609037.webp,seif_output\images\skin_care_10.webp,True,https://seif-online.com/en/product/skin-care
Skin Care,Skin Care,,11,https://masterapi.witheldokan.com/storage/seif-pharmacies/uploads/614915-1759931979.webp,seif_output\images\skin_care_11.webp,True,https://seif-online.com/en/product/skin-care
Skin Care,Skin Care,,12,https://masterapi.witheldokan.com/storage/seif-pharmacies/uploads/612044.webp,seif_output\images\skin_care_12.webp,True,https://seif-online.com/en/product/skin-care
Skin Care,Skin Care,,13,https://masterapi.witheldokan.com/storage/seif-pharmacies/uploads/610572.webp,seif_output\images\skin_care_13.webp,True,https://seif-online.com/en/product/skin-care
Skin Care,Skin Care,,14,https://masterapi.witheldokan.com/storage/seif-pharmacies/uploads/608384.webp,seif_output\images\skin_care_14.webp,True,https://seif-online.com/en/product/skin-care
Skin Care,Skin Care,,15,https://masterapi.witheldokan.com/storage/seif-pharmacies/uploads/612041-1758782017.webp,seif_output\images\skin_care_15.webp,True,https://seif-online.com/en/product/skin-care
Skin Care,Skin Care,,16,https://masterapi.witheldokan.com/storage/seif-pharmacies/uploads/7935.webp,seif_output\images\skin_care_16.webp,True,https://seif-online.com/en/product/skin-care
Skin Care,Skin Care,,17,https://masterapi.witheldokan.com/storage/seif-pharmacies/uploads/613364-1761482291.webp,seif_output\images\skin_care_17.webp,True,https://seif-online.com/en/product/skin-care
Skin Care,Skin Care,,18,https://masterapi.witheldokan.com/storage/seif-pharmacies/uploads/403918.webp,seif_output\images\skin_care_18.webp,True,https://seif-online.com/en/product/skin-care
Skin Care,Skin Care,,19,https://masterapi.witheldokan.com/storage/seif-pharmacies/uploads/608244.webp,seif_output\images\skin_care_19.webp,True,https://seif-online.com/en/product/skin-care
Skin Care,Skin Care,,20,https://masterapi.witheldokan.com/storage/seif-pharmacies/uploads/157178.webp,seif_output\images\skin_care_20.webp,True,https://seif-online.com/en/product/skin-care
Skin Care,Skin Care,,21,https://masterapi.witheldokan.com/storage/seif-pharmacies/uploads/610170.webp,seif_output\images\skin_care_21.webp,True,https://seif-online.com/en/product/skin-care
Face Massagers & Derma Rollers,Skin Care,,1,https://masterapi.witheldokan.com/storage/seif-pharmacies/uploads/382883.webp,seif_output\images\face_massagers_derma_rollers_1.webp,True,https://seif-online.com/en/product/skin-care/general/face-massagers-derma-rollers
Face Massagers & Derma Rollers,Skin Care,,2,https://masterapi.witheldokan.com/storage/seif-pharmacies/uploads/383796.webp,seif_output\images\face_massagers_derma_rollers_2.webp,True,https://seif-online.com/en/product/skin-care/general/face-massagers-derma-rollers
Face Massagers & Derma Rollers,Skin Care,,3,https://masterapi.witheldokan.com/storage/seif-pharmacies/uploads/404356.webp,seif_output\images\face_massagers_derma_rollers_3.webp,True,https://seif-online.com/en/product/skin-care/general/face-massagers-derma-rollers
Face Massagers & Derma Rollers,Skin Care,,4,https://masterapi.witheldokan.com/storage/seif-pharmacies/uploads/340497.webp,seif_output\images\face_massagers_derma_rollers_4.webp,True,https://seif-online.com/en/product/skin-care/general/face-massagers-derma-rollers
Face Massagers & Derma Rollers,Skin Care,,5,https://masterapi.witheldokan.com/storage/seif-pharmacies/uploads/321723.webp,seif_output\images\face_massagers_derma_rollers_5.webp,True,https://seif-online.com/en/product/skin-care/general/face-massagers-derma-rollers
Face Massagers & Derma Rollers,Skin Care,,6,https://masterapi.witheldokan.com/storage/seif-pharmacies/uploads/322534.webp,seif_output\images\face_massagers_derma_rollers_6.webp,True,https://seif-online.com/en/product/skin-care/general/face-massagers-derma-rollers
Face Massagers & Derma Rollers,Skin Care,,7,https://masterapi.witheldokan.com/storage/seif-pharmacies/uploads/377832.webp,seif_output\images\face_massagers_derma_rollers_7.webp,True,https://seif-online.com/en/product/skin-care/general/face-massagers-derma-rollers
Face Massagers & Derma Rollers,Skin Care,,8,https://masterapi.witheldokan.com/storage/seif-pharmacies/uploads/383052.webp,seif_output\images\face_massagers_derma_rollers_8.webp,True,https://seif-online.com/en/product/skin-care/general/face-massagers-derma-rollers
Face Massagers & Derma Rollers,Skin Care,,9,https://masterapi.witheldokan.com/storage/seif-pharmacies/uploads/350166-1761219302.webp,seif_output\images\face_massagers_derma_rollers_9.webp,True,https://seif-online.com/en/product/skin-care/general/face-massagers-derma-rollers
Face Massagers & Derma Rollers,Skin Care,,10,https://masterapi.witheldokan.com/storage/seif-pharmacies/uploads/365749.webp,seif_output\images\face_massagers_derma_rollers_10.webp,True,https://seif-online.com/en/product/skin-care/general/face-massagers-derma-rollers
Face Massagers & Derma Rollers,Skin Care,,11,https://masterapi.witheldokan.com/storage/seif-pharmacies/uploads/377844.webp,seif_output\images\face_massagers_derma_rollers_11.webp,True,https://seif-online.com/en/product/skin-care/general/face-massagers-derma-rollers
Lip Care,Skin Care,,1,https://masterapi.witheldokan.com/storage/seif-pharmacies/uploads/48907.webp,seif_output\images\lip_care_1.webp,True,https://seif-online.com/en/product/skin-care/general/lip-care
Lip Care,Skin Care,,2,https://masterapi.witheldokan.com/storage/seif-pharmacies/uploads/608381-1757571919.webp,seif_output\images\lip_care_2.webp,True,https://seif-online.com/en/product/skin-care/general/lip-care
Lip Care,Skin Care,,3,https://masterapi.witheldokan.com/storage/seif-pharmacies/uploads/614915-1759931979.webp,seif_output\images\lip_care_3.webp,True,https://seif-online.com/en/product/skin-care/general/lip-care
Lip Care,Skin Care,,4,https://masterapi.witheldokan.com/storage/seif-pharmacies/uploads/608384.webp,seif_output\images\lip_care_4.webp,True,https://seif-online.com/en/product/skin-care/general/lip-care
Lip Care,Skin Care,,5,https://masterapi.witheldokan.com/storage/seif-pharmacies/uploads/612041-1758782017.webp,seif_output\images\lip_care_5.webp,True,https://seif-online.com/en/product/skin-care/general/lip-care
Lip Care,Skin Care,,6,https://masterapi.witheldokan.com/storage/seif-pharmacies/uploads/613364-1761482291.webp,seif_output\images\lip_care_6.webp,True,https://seif-online.com/en/product/skin-care/general/lip-care
Lip Care,Skin Care,,7,https://masterapi.witheldokan.com/storage/seif-pharmacies/uploads/403918.webp,seif_output\images\lip_care_7.webp,True,https://seif-online.com/en/product/skin-care/general/lip-care
Lip Care,Skin Care,,8,https://masterapi.witheldokan.com/storage/seif-pharmacies/uploads/612042.webp,seif_output\images\lip_care_8.webp,True,https://seif-online.com/en/product/skin-care/general/lip-care
Lip Care,Skin Care,,9,https://masterapi.witheldokan.com/storage/seif-pharmacies/uploads/614917-1759931954.webp,seif_output\images\lip_care_9.webp,True,https://seif-online.com/en/product/skin-care/general/lip-care
Lip Care,Skin Care,,10,https://masterapi.witheldokan.com/storage/seif-pharmacies/uploads/610043.webp,seif_output\images\lip_care_10.webp,True,https://seif-online.com/en/product/skin-care/general/lip-care
Lip Care,Skin Care,,11,https://masterapi.witheldokan.com/storage/seif-pharmacies/uploads/608382.webp,seif_output\images\lip_care_11.webp,True,https://seif-online.com/en/product/skin-care/general/lip-care
Lip Care,Skin Care,,12,https://masterapi.witheldokan.com/storage/seif-pharmacies/uploads/612043-1758782187.webp,seif_output\images\lip_care_12.webp,True,https://seif-online.com/en/product/skin-care/general/lip-care
Lip Care,Skin Care,,13,https://masterapi.witheldokan.com/storage/seif-pharmacies/uploads/614918-1759931907.webp,seif_output\images\lip_care_13.webp,True,https://seif-online.com/en/product/skin-care/general/lip-care
Lip Care,Skin Care,,14,https://masterapi.witheldokan.com/storage/seif-pharmacies/uploads/608383.webp,seif_output\images\lip_care_14.webp,True,https://seif-online.com/en/product/skin-care/general/lip-care
Lip Care,Skin Care,,15,https://masterapi.witheldokan.com/storage/seif-pharmacies/uploads/54920.webp,seif_output\images\lip_care_15.webp,True,https://seif-online.com/en/product/skin-care/general/lip-care
Lip Care,Skin Care,,16,https://masterapi.witheldokan.com/storage/seif-pharmacies/uploads/614916-1759931929.webp,seif_output\images\lip_care_16.webp,True,https://seif-online.com/en/product/skin-care/general/lip-care
Lip Care,Skin Care,,17,https://masterapi.witheldokan.com/storage/seif-pharmacies/uploads/279829.webp,seif_output\images\lip_care_17.webp,True,https://seif-online.com/en/product/skin-care/general/lip-care
Lip Care,Skin Care,,18,https://masterapi.witheldokan.com/storage/seif-pharmacies/uploads/606425.webp,seif_output\images\lip_care_18.webp,True,https://seif-online.com/en/product/skin-care/general/lip-care
Lip Care,Skin Care,,19,https://cdn.supercommerce.io/seif-pharmacies/uploads/618343-1775458048.webp,seif_output\images\lip_care_19.webp,True,https://seif-online.com/en/product/skin-care/general/lip-care
Lip Care,Skin Care,,20,https://masterapi.witheldokan.com/storage/seif-pharmacies/uploads/307532.webp,seif_output\images\lip_care_20.webp,True,https://seif-online.com/en/product/skin-care/general/lip-care
Lip Care,Skin Care,,21,https://masterapi.witheldokan.com/storage/seif-pharmacies/uploads/611083-1758116366.webp,seif_output\images\lip_care_21.webp,True,https://seif-online.com/en/product/skin-care/general/lip-care
Lip Care,Skin Care,,22,https://cdn.supercommerce.io/seif-pharmacies/uploads/618342-1775457913.webp,seif_output\images\lip_care_22.webp,True,https://seif-online.com/en/product/skin-care/general/lip-care
Lip Care,Skin Care,,23,https://masterapi.witheldokan.com/storage/seif-pharmacies/uploads/608868.webp,seif_output\images\lip_care_23.webp,True,https://seif-online.com/en/product/skin-care/general/lip-care
Lip Care,Skin Care,,24,https://cdn.supercommerce.io/seif-pharmacies/uploads/618341-1775457626.webp,seif_output\images\lip_care_24.webp,True,https://seif-online.com/en/product/skin-care/general/lip-care
Skin Whitening,Skin Care,,1,https://masterapi.witheldokan.com/storage/seif-pharmacies/uploads/616193-1757583038.webp,seif_output\images\skin_whitening_1.webp,True,https://seif-online.com/en/product/skin-care/general/skin-whitening
Skin Whitening,Skin Care,,2,https://masterapi.witheldokan.com/storage/seif-pharmacies/uploads/614838-1757579334.webp,seif_output\images\skin_whitening_2.webp,True,https://seif-online.com/en/product/skin-care/general/skin-whitening
Skin Whitening,Skin Care,,3,https://masterapi.witheldokan.com/storage/seif-pharmacies/uploads/318458.webp,seif_output\images\skin_whitening_3.webp,True,https://seif-online.com/en/product/skin-care/general/skin-whitening
Skin Whitening,Skin Care,,4,https://masterapi.witheldokan.com/storage/seif-pharmacies/uploads/612762.webp,seif_output\images\skin_whitening_4.webp,True,https://seif-online.com/en/product/skin-care/general/skin-whitening
Skin Whitening,Skin Care,,5,https://masterapi.witheldokan.com/storage/seif-pharmacies/uploads/608188.webp,seif_output\images\skin_whitening_5.webp,True,https://seif-online.com/en/product/skin-care/general/skin-whitening
Skin Whitening,Skin Care,,6,https://masterapi.witheldokan.com/storage/seif-pharmacies/uploads/356931.webp,seif_output\images\skin_whitening_6.webp,True,https://seif-online.com/en/product/skin-care/general/skin-whitening
Skin Whitening,Skin Care,,7,https://masterapi.witheldokan.com/storage/seif-pharmacies/uploads/615119.webp,seif_output\images\skin_whitening_7.webp,True,https://seif-online.com/en/product/skin-care/general/skin-whitening
Skin Whitening,Skin Care,,8,https://masterapi.witheldokan.com/storage/seif-pharmacies/uploads/612763.webp,seif_output\images\skin_whitening_8.webp,True,https://seif-online.com/en/product/skin-care/general/skin-whitening
Skin Whitening,Skin Care,,9,https://cdn.supercommerce.io/seif-pharmacies/uploads/615466-1768720184.webp,seif_output\images\skin_whitening_9.webp,True,https://seif-online.com/en/product/skin-care/general/skin-whitening
Skin Whitening,Skin Care,,10,https://masterapi.witheldokan.com/storage/seif-pharmacies/uploads/612414.webp,seif_output\images\skin_whitening_10.webp,True,https://seif-online.com/en/product/skin-care/general/skin-whitening
Skin Whitening,Skin Care,,11,https://masterapi.witheldokan.com/storage/seif-pharmacies/uploads/607819.webp,seif_output\images\skin_whitening_11.webp,True,https://seif-online.com/en/product/skin-care/general/skin-whitening
Skin Whitening,Skin Care,,12,https://masterapi.witheldokan.com/storage/seif-pharmacies/uploads/608250.webp,seif_output\images\skin_whitening_12.webp,True,https://seif-online.com/en/product/skin-care/general/skin-whitening
Skin Whitening,Skin Care,,13,https://masterapi.witheldokan.com/storage/seif-pharmacies/uploads/609669.webp,seif_output\images\skin_whitening_13.webp,True,https://seif-online.com/en/product/skin-care/general/skin-whitening
Skin Whitening,Skin Care,,14,https://masterapi.witheldokan.com/storage/seif-pharmacies/uploads/615465-1756023825.webp,seif_output\images\skin_whitening_14.webp,True,https://seif-online.com/en/product/skin-care/general/skin-whitening
Skin Whitening,Skin Care,,15,https://masterapi.witheldokan.com/storage/seif-pharmacies/uploads/609210.webp,seif_output\images\skin_whitening_15.webp,True,https://seif-online.com/en/product/skin-care/general/skin-whitening
Skin Whitening,Skin Care,,16,https://masterapi.witheldokan.com/storage/seif-pharmacies/uploads/616079-1757840271.webp,seif_output\images\skin_whitening_16.webp,True,https://seif-online.com/en/product/skin-care/general/skin-whitening
Skin Whitening,Skin Care,,17,https://masterapi.witheldokan.com/storage/seif-pharmacies/uploads/606195.webp,seif_output\images\skin_whitening_17.webp,True,https://seif-online.com/en/product/skin-care/general/skin-whitening
Skin Whitening,Skin Care,,18,https://masterapi.witheldokan.com/storage/seif-pharmacies/uploads/385644.webp,seif_output\images\skin_whitening_18.webp,True,https://seif-online.com/en/product/skin-care/general/skin-whitening
Skin Whitening,Skin Care,,19,https://masterapi.witheldokan.com/storage/seif-pharmacies/uploads/317286.webp,seif_output\images\skin_whitening_19.webp,True,https://seif-online.com/en/product/skin-care/general/skin-whitening
Skin Whitening,Skin Care,,20,https://masterapi.witheldokan.com/storage/seif-pharmacies/uploads/616505-1757575808.webp,seif_output\images\skin_whitening_20.webp,True,https://seif-online.com/en/product/skin-care/general/skin-whitening
Skin Whitening,Skin Care,,21,https://masterapi.witheldokan.com/storage/seif-pharmacies/uploads/395052.webp,seif_output\images\skin_whitening_21.webp,True,https://seif-online.com/en/product/skin-care/general/skin-whitening
Skin Whitening,Skin Care,,22,https://masterapi.witheldokan.com/storage/seif-pharmacies/uploads/616506-1757575917.webp,seif_output\images\skin_whitening_22.webp,True,https://seif-online.com/en/product/skin-care/general/skin-whitening
Skin Whitening,Skin Care,,23,https://masterapi.witheldokan.com/storage/seif-pharmacies/uploads/324008.webp,seif_output\images\skin_whitening_23.webp,True,https://seif-online.com/en/product/skin-care/general/skin-whitening
Acne Preparations,Skin Care,,1,https://cdn.supercommerce.io/seif-pharmacies/uploads/617407.webp,seif_output\images\acne_preparations_1.webp,True,https://seif-online.com/en/product/skin-care/general/acne-preparations
Acne Preparations,Skin Care,,2,https://masterapi.witheldokan.com/storage/seif-pharmacies/uploads/616485-1759233740.webp,seif_output\images\acne_preparations_2.webp,True,https://seif-online.com/en/product/skin-care/general/acne-preparations
Acne Preparations,Skin Care,,3,https://masterapi.witheldokan.com/storage/seif-pharmacies/uploads/356937.webp,seif_output\images\acne_preparations_3.webp,True,https://seif-online.com/en/product/skin-care/general/acne-preparations
Acne Preparations,Skin Care,,4,https://masterapi.witheldokan.com/storage/seif-pharmacies/uploads/612287-1754695555.webp,seif_output\images\acne_preparations_4.webp,True,https://seif-online.com/en/product/skin-care/general/acne-preparations
Acne Preparations,Skin Care,,5,https://masterapi.witheldokan.com/storage/seif-pharmacies/uploads/608249-1763020309.webp,seif_output\images\acne_preparations_5.webp,True,https://seif-online.com/en/product/skin-care/general/acne-preparations
Acne Preparations,Skin Care,,6,https://masterapi.witheldokan.com/storage/seif-pharmacies/uploads/611473.webp,seif_output\images\acne_preparations_6.webp,True,https://seif-online.com/en/product/skin-care/general/acne-preparations
Acne Preparations,Skin Care,,7,https://masterapi.witheldokan.com/storage/seif-pharmacies/uploads/614766.webp,seif_output\images\acne_preparations_7.webp,True,https://seif-online.com/en/product/skin-care/general/acne-preparations
Acne Preparations,Skin Care,,8,https://masterapi.witheldokan.com/storage/seif-pharmacies/uploads/614765.webp,seif_output\images\acne_preparations_8.webp,True,https://seif-online.com/en/product/skin-care/general/acne-preparations
Acne Preparations,Skin Care,,9,https://masterapi.witheldokan.com/storage/seif-pharmacies/uploads/387613-1761141202.webp,seif_output\images\acne_preparations_9.webp,True,https://seif-online.com/en/product/skin-care/general/acne-preparations
Acne Preparations,Skin Care,,10,https://masterapi.witheldokan.com/storage/seif-pharmacies/uploads/393466.webp,seif_output\images\acne_preparations_10.webp,True,https://seif-online.com/en/product/skin-care/general/acne-preparations
Acne Preparations,Skin Care,,11,https://masterapi.witheldokan.com/storage/seif-pharmacies/uploads/616496-1759233248.webp,seif_output\images\acne_preparations_11.webp,True,https://seif-online.com/en/product/skin-care/general/acne-preparations
Acne Preparations,Skin Care,,12,https://masterapi.witheldokan.com/storage/seif-pharmacies/uploads/372014-1761141136.webp,seif_output\images\acne_preparations_12.webp,True,https://seif-online.com/en/product/skin-care/general/acne-preparations
Acne Preparations,Skin Care,,13,https://masterapi.witheldokan.com/storage/seif-pharmacies/uploads/611557-1755781466.webp,seif_output\images\acne_preparations_13.webp,True,https://seif-online.com/en/product/skin-care/general/acne-preparations
Acne Preparations,Skin Care,,14,https://masterapi.witheldokan.com/storage/seif-pharmacies/uploads/616909-1760605652.webp,seif_output\images\acne_preparations_14.webp,True,https://seif-online.com/en/product/skin-care/general/acne-preparations
Acne Preparations,Skin Care,,15,https://masterapi.witheldokan.com/storage/seif-pharmacies/uploads/612286-1754695490.webp,seif_output\images\acne_preparations_15.webp,True,https://seif-online.com/en/product/skin-care/general/acne-preparations
Acne Preparations,Skin Care,,16,https://masterapi.witheldokan.com/storage/seif-pharmacies/uploads/617021.webp,seif_output\images\acne_preparations_16.webp,True,https://seif-online.com/en/product/skin-care/general/acne-preparations
Acne Preparations,Skin Care,,17,https://masterapi.witheldokan.com/storage/seif-pharmacies/uploads/611554-1755782968.webp,seif_output\images\acne_preparations_17.webp,True,https://seif-online.com/en/product/skin-care/general/acne-preparations
Acne Preparations,Skin Care,,18,https://masterapi.witheldokan.com/storage/seif-pharmacies/uploads/403280-1761141264.webp,seif_output\images\acne_preparations_18.webp,True,https://seif-online.com/en/product/skin-care/general/acne-preparations
Acne Preparations,Skin Care,,19,https://masterapi.witheldokan.com/storage/seif-pharmacies/uploads/617041.webp,seif_output\images\acne_preparations_19.webp,True,https://seif-online.com/en/product/skin-care/general/acne-preparations
Acne Preparations,Skin Care,,20,https://masterapi.witheldokan.com/storage/seif-pharmacies/uploads/62078.webp,seif_output\images\acne_preparations_20.webp,True,https://seif-online.com/en/product/skin-care/general/acne-preparations
Acne Preparations,Skin Care,,21,https://masterapi.witheldokan.com/storage/seif-pharmacies/uploads/382570-1761140598.webp,seif_output\images\acne_preparations_21.webp,True,https://seif-online.com/en/product/skin-care/general/acne-preparations
Anti-Ageing,Skin Care,,1,https://masterapi.witheldokan.com/storage/seif-pharmacies/uploads/609647.webp,seif_output\images\anti_ageing_1.webp,True,https://seif-online.com/en/product/skin-care/general/anti-ageing
Anti-Ageing,Skin Care,,2,https://masterapi.witheldokan.com/storage/seif-pharmacies/uploads/613762.webp,seif_output\images\anti_ageing_2.webp,True,https://seif-online.com/en/product/skin-care/general/anti-ageing
Anti-Ageing,Skin Care,,3,https://masterapi.witheldokan.com/storage/seif-pharmacies/uploads/605318.webp,seif_output\images\anti_ageing_3.webp,True,https://seif-online.com/en/product/skin-care/general/anti-ageing
Anti-Ageing,Skin Care,,4,https://masterapi.witheldokan.com/storage/seif-pharmacies/uploads/309833.webp,seif_output\images\anti_ageing_4.webp,True,https://seif-online.com/en/product/skin-care/general/anti-ageing
Anti-Ageing,Skin Care,,5,https://masterapi.witheldokan.com/storage/seif-pharmacies/uploads/605920.webp,seif_output\images\anti_ageing_5.webp,True,https://seif-online.com/en/product/skin-care/general/anti-ageing
Anti-Ageing,Skin Care,,6,https://masterapi.witheldokan.com/storage/seif-pharmacies/uploads/607482.webp,seif_output\images\anti_ageing_6.webp,True,https://seif-online.com/en/product/skin-care/general/anti-ageing
Anti-Ageing,Skin Care,,7,https://masterapi.witheldokan.com/storage/seif-pharmacies/uploads/616488-1760534918.webp,seif_output\images\anti_ageing_7.webp,True,https://seif-online.com/en/product/skin-care/general/anti-ageing
Anti-Ageing,Skin Care,,8,https://masterapi.witheldokan.com/storage/seif-pharmacies/uploads/616484-1759233826.webp,seif_output\images\anti_ageing_8.webp,True,https://seif-online.com/en/product/skin-care/general/anti-ageing
Anti-Ageing,Skin Care,,9,https://masterapi.witheldokan.com/storage/seif-pharmacies/uploads/616076-1757840122.webp,seif_output\images\anti_ageing_9.webp,True,https://seif-online.com/en/product/skin-care/general/anti-ageing
Anti-Ageing,Skin Care,,10,https://masterapi.witheldokan.com/storage/seif-pharmacies/uploads/396665-1757585277.webp,seif_output\images\anti_ageing_10.webp,True,https://seif-online.com/en/product/skin-care/general/anti-ageing
Anti-Ageing,Skin Care,,11,https://masterapi.witheldokan.com/storage/seif-pharmacies/uploads/605902.webp,seif_output\images\anti_ageing_11.webp,True,https://seif-online.com/en/product/skin-care/general/anti-ageing
Anti-Ageing,Skin Care,,12,https://masterapi.witheldokan.com/storage/seif-pharmacies/uploads/601579.webp,seif_output\images\anti_ageing_12.webp,True,https://seif-online.com/en/product/skin-care/general/anti-ageing
Anti-Ageing,Skin Care,,13,https://masterapi.witheldokan.com/storage/seif-pharmacies/uploads/601580.webp,seif_output\images\anti_ageing_13.webp,True,https://seif-online.com/en/product/skin-care/general/anti-ageing
Anti-Ageing,Skin Care,,14,https://masterapi.witheldokan.com/storage/seif-pharmacies/uploads/614760.webp,seif_output\images\anti_ageing_14.webp,True,https://seif-online.com/en/product/skin-care/general/anti-ageing
Anti-Ageing,Skin Care,,15,https://masterapi.witheldokan.com/storage/seif-pharmacies/uploads/617256-1762559281.webp,seif_output\images\anti_ageing_15.webp,True,https://seif-online.com/en/product/skin-care/general/anti-ageing
Anti-Ageing,Skin Care,,16,https://masterapi.witheldokan.com/storage/seif-pharmacies/uploads/609398.webp,seif_output\images\anti_ageing_16.webp,True,https://seif-online.com/en/product/skin-care/general/anti-ageing
Anti-Ageing,Skin Care,,17,https://masterapi.witheldokan.com/storage/seif-pharmacies/uploads/616310-1759320954.webp,seif_output\images\anti_ageing_17.webp,True,https://seif-online.com/en/product/skin-care/general/anti-ageing
Anti-Ageing,Skin Care,,18,https://masterapi.witheldokan.com/storage/seif-pharmacies/uploads/327441.webp,seif_output\images\anti_ageing_18.webp,True,https://seif-online.com/en/product/skin-care/general/anti-ageing
Anti-Ageing,Skin Care,,19,https://masterapi.witheldokan.com/storage/seif-pharmacies/uploads/601920-1761140818.webp,seif_output\images\anti_ageing_19.webp,True,https://seif-online.com/en/product/skin-care/general/anti-ageing
Anti-Ageing,Skin Care,,20,https://masterapi.witheldokan.com/storage/seif-pharmacies/uploads/617257-1762559170.webp,seif_output\images\anti_ageing_20.webp,True,https://seif-online.com/en/product/skin-care/general/anti-ageing
Anti-Ageing,Skin Care,,21,https://masterapi.witheldokan.com/storage/seif-pharmacies/uploads/617258-1762558992.webp,seif_output\images\anti_ageing_21.webp,True,https://seif-online.com/en/product/skin-care/general/anti-ageing
Anti-Ageing,Skin Care,,22,https://masterapi.witheldokan.com/storage/seif-pharmacies/uploads/604880.webp,seif_output\images\anti_ageing_22.webp,True,https://seif-online.com/en/product/skin-care/general/anti-ageing
Baby Nutrition,Skin Care,,1,https://masterapi.witheldokan.com/storage/seif-pharmacies/uploads/374038.webp,seif_output\images\baby_nutrition_1.webp,True,https://seif-online.com/en/product/mom-baby/baby-nutrition
Baby Nutrition,Skin Care,,2,https://masterapi.witheldokan.com/storage/seif-pharmacies/uploads/347024.webp,seif_output\images\baby_nutrition_2.webp,True,https://seif-online.com/en/product/mom-baby/baby-nutrition
Baby Nutrition,Skin Care,,3,https://masterapi.witheldokan.com/storage/seif-pharmacies/uploads/373948.webp,seif_output\images\baby_nutrition_3.webp,True,https://seif-online.com/en/product/mom-baby/baby-nutrition
Baby Nutrition,Skin Care,,4,https://masterapi.witheldokan.com/storage/seif-pharmacies/uploads/373963.webp,seif_output\images\baby_nutrition_4.webp,True,https://seif-online.com/en/product/mom-baby/baby-nutrition
Baby Nutrition,Skin Care,,5,https://masterapi.witheldokan.com/storage/seif-pharmacies/uploads/388393.webp,seif_output\images\baby_nutrition_5.webp,True,https://seif-online.com/en/product/mom-baby/baby-nutrition
Baby Nutrition,Skin Care,,6,https://masterapi.witheldokan.com/storage/seif-pharmacies/uploads/610327.webp,seif_output\images\baby_nutrition_6.webp,True,https://seif-online.com/en/product/mom-baby/baby-nutrition
Baby Nutrition,Skin Care,,7,https://masterapi.witheldokan.com/storage/seif-pharmacies/uploads/388392.webp,seif_output\images\baby_nutrition_7.webp,True,https://seif-online.com/en/product/mom-baby/baby-nutrition
Baby Nutrition,Skin Care,,8,https://masterapi.witheldokan.com/storage/seif-pharmacies/uploads/388394.webp,seif_output\images\baby_nutrition_8.webp,True,https://seif-online.com/en/product/mom-baby/baby-nutrition
Baby Nutrition,Skin Care,,9,https://masterapi.witheldokan.com/storage/seif-pharmacies/uploads/373967.webp,seif_output\images\baby_nutrition_9.webp,True,https://seif-online.com/en/product/mom-baby/baby-nutrition
Baby Nutrition,Skin Care,,10,https://masterapi.witheldokan.com/storage/seif-pharmacies/uploads/608887.webp,seif_output\images\baby_nutrition_10.webp,True,https://seif-online.com/en/product/mom-baby/baby-nutrition
Baby Nutrition,Skin Care,,11,https://masterapi.witheldokan.com/storage/seif-pharmacies/uploads/388395.webp,seif_output\images\baby_nutrition_11.webp,True,https://seif-online.com/en/product/mom-baby/baby-nutrition
Baby Nutrition,Skin Care,,12,https://masterapi.witheldokan.com/storage/seif-pharmacies/uploads/608886.webp,seif_output\images\baby_nutrition_12.webp,True,https://seif-online.com/en/product/mom-baby/baby-nutrition
Baby Nutrition,Skin Care,,13,https://masterapi.witheldokan.com/storage/seif-pharmacies/uploads/376020.webp,seif_output\images\baby_nutrition_13.webp,True,https://seif-online.com/en/product/mom-baby/baby-nutrition
Baby Nutrition,Skin Care,,14,https://masterapi.witheldokan.com/storage/seif-pharmacies/uploads/610329.webp,seif_output\images\baby_nutrition_14.webp,True,https://seif-online.com/en/product/mom-baby/baby-nutrition
Baby Nutrition,Skin Care,,15,https://masterapi.witheldokan.com/storage/seif-pharmacies/uploads/376023.webp,seif_output\images\baby_nutrition_15.webp,True,https://seif-online.com/en/product/mom-baby/baby-nutrition
Baby Nutrition,Skin Care,,16,https://masterapi.witheldokan.com/storage/seif-pharmacies/uploads/376018.webp,seif_output\images\baby_nutrition_16.webp,True,https://seif-online.com/en/product/mom-baby/baby-nutrition
Baby Nutrition,Skin Care,,17,https://masterapi.witheldokan.com/storage/seif-pharmacies/uploads/610330.webp,seif_output\images\baby_nutrition_17.webp,True,https://seif-online.com/en/product/mom-baby/baby-nutrition
Baby Nutrition,Skin Care,,18,https://masterapi.witheldokan.com/storage/seif-pharmacies/uploads/373955.webp,seif_output\images\baby_nutrition_18.webp,True,https://seif-online.com/en/product/mom-baby/baby-nutrition
Baby Nutrition,Skin Care,,19,https://masterapi.witheldokan.com/storage/seif-pharmacies/uploads/373964.webp,seif_output\images\baby_nutrition_19.webp,True,https://seif-online.com/en/product/mom-baby/baby-nutrition
Baby Nutrition,Skin Care,,20,https://masterapi.witheldokan.com/storage/seif-pharmacies/uploads/373972.webp,seif_output\images\baby_nutrition_20.webp,True,https://seif-online.com/en/product/mom-baby/baby-nutrition
Baby Nutrition,Skin Care,,21,https://masterapi.witheldokan.com/storage/seif-pharmacies/uploads/373977.webp,seif_output\images\baby_nutrition_21.webp,True,https://seif-online.com/en/product/mom-baby/baby-nutrition
Baby Feeding Accessories,Skin Care,,1,https://masterapi.witheldokan.com/storage/seif-pharmacies/uploads/374038.webp,seif_output\images\baby_feeding_accessories_1.webp,True,https://seif-online.com/en/product/mom-baby/baby-nutrition/baby-feeding-accessories
Baby Feeding Accessories,Skin Care,,2,https://masterapi.witheldokan.com/storage/seif-pharmacies/uploads/347024.webp,seif_output\images\baby_feeding_accessories_2.webp,True,https://seif-online.com/en/product/mom-baby/baby-nutrition/baby-feeding-accessories
Baby Feeding Accessories,Skin Care,,3,https://masterapi.witheldokan.com/storage/seif-pharmacies/uploads/373948.webp,seif_output\images\baby_feeding_accessories_3.webp,True,https://seif-online.com/en/product/mom-baby/baby-nutrition/baby-feeding-accessories
Baby Feeding Accessories,Skin Care,,4,https://masterapi.witheldokan.com/storage/seif-pharmacies/uploads/373963.webp,seif_output\images\baby_feeding_accessories_4.webp,True,https://seif-online.com/en/product/mom-baby/baby-nutrition/baby-feeding-accessories
Baby Feeding Accessories,Skin Care,,5,https://masterapi.witheldokan.com/storage/seif-pharmacies/uploads/388393.webp,seif_output\images\baby_feeding_accessories_5.webp,True,https://seif-online.com/en/product/mom-baby/baby-nutrition/baby-feeding-accessories
Baby Feeding Accessories,Skin Care,,6,https://masterapi.witheldokan.com/storage/seif-pharmacies/uploads/610327.webp,seif_output\images\baby_feeding_accessories_6.webp,True,https://seif-online.com/en/product/mom-baby/baby-nutrition/baby-feeding-accessories
Baby Feeding Accessories,Skin Care,,7,https://masterapi.witheldokan.com/storage/seif-pharmacies/uploads/388392.webp,seif_output\images\baby_feeding_accessories_7.webp,True,https://seif-online.com/en/product/mom-baby/baby-nutrition/baby-feeding-accessories
Baby Feeding Accessories,Skin Care,,8,https://masterapi.witheldokan.com/storage/seif-pharmacies/uploads/388394.webp,seif_output\images\baby_feeding_accessories_8.webp,True,https://seif-online.com/en/product/mom-baby/baby-nutrition/baby-feeding-accessories
Baby Feeding Accessories,Skin Care,,9,https://masterapi.witheldokan.com/storage/seif-pharmacies/uploads/373967.webp,seif_output\images\baby_feeding_accessories_9.webp,True,https://seif-online.com/en/product/mom-baby/baby-nutrition/baby-feeding-accessories
Baby Feeding Accessories,Skin Care,,10,https://masterapi.witheldokan.com/storage/seif-pharmacies/uploads/608887.webp,seif_output\images\baby_feeding_accessories_10.webp,True,https://seif-online.com/en/product/mom-baby/baby-nutrition/baby-feeding-accessories
Baby Feeding Accessories,Skin Care,,11,https://masterapi.witheldokan.com/storage/seif-pharmacies/uploads/388395.webp,seif_output\images\baby_feeding_accessories_11.webp,True,https://seif-online.com/en/product/mom-baby/baby-nutrition/baby-feeding-accessories
Baby Feeding Accessories,Skin Care,,12,https://masterapi.witheldokan.com/storage/seif-pharmacies/uploads/608886.webp,seif_output\images\baby_feeding_accessories_12.webp,True,https://seif-online.com/en/product/mom-baby/baby-nutrition/baby-feeding-accessories
Baby Feeding Accessories,Skin Care,,13,https://masterapi.witheldokan.com/storage/seif-pharmacies/uploads/376020.webp,seif_output\images\baby_feeding_accessories_13.webp,True,https://seif-online.com/en/product/mom-baby/baby-nutrition/baby-feeding-accessories
Baby Feeding Accessories,Skin Care,,14,https://masterapi.witheldokan.com/storage/seif-pharmacies/uploads/610329.webp,seif_output\images\baby_feeding_accessories_14.webp,True,https://seif-online.com/en/product/mom-baby/baby-nutrition/baby-feeding-accessories
Baby Feeding Accessories,Skin Care,,15,https://masterapi.witheldokan.com/storage/seif-pharmacies/uploads/376023.webp,seif_output\images\baby_feeding_accessories_15.webp,True,https://seif-online.com/en/product/mom-baby/baby-nutrition/baby-feeding-accessories
Baby Feeding Accessories,Skin Care,,16,https://masterapi.witheldokan.com/storage/seif-pharmacies/uploads/376018.webp,seif_output\images\baby_feeding_accessories_16.webp,True,https://seif-online.com/en/product/mom-baby/baby-nutrition/baby-feeding-accessories
Baby Feeding Accessories,Skin Care,,17,https://masterapi.witheldokan.com/storage/seif-pharmacies/uploads/610330.webp,seif_output\images\baby_feeding_accessories_17.webp,True,https://seif-online.com/en/product/mom-baby/baby-nutrition/baby-feeding-accessories
Baby Feeding Accessories,Skin Care,,18,https://masterapi.witheldokan.com/storage/seif-pharmacies/uploads/373955.webp,seif_output\images\baby_feeding_accessories_18.webp,True,https://seif-online.com/en/product/mom-baby/baby-nutrition/baby-feeding-accessories
Baby Feeding Accessories,Skin Care,,19,https://masterapi.witheldokan.com/storage/seif-pharmacies/uploads/373964.webp,seif_output\images\baby_feeding_accessories_19.webp,True,https://seif-online.com/en/product/mom-baby/baby-nutrition/baby-feeding-accessories
Baby Feeding Accessories,Skin Care,,20,https://masterapi.witheldokan.com/storage/seif-pharmacies/uploads/373972.webp,seif_output\images\baby_feeding_accessories_20.webp,True,https://seif-online.com/en/product/mom-baby/baby-nutrition/baby-feeding-accessories
Baby Feeding Accessories,Skin Care,,21,https://masterapi.witheldokan.com/storage/seif-pharmacies/uploads/373977.webp,seif_output\images\baby_feeding_accessories_21.webp,True,https://seif-online.com/en/product/mom-baby/baby-nutrition/baby-feeding-accessories
Baby Food,Skin Care,,1,https://masterapi.witheldokan.com/storage/seif-pharmacies/uploads/3900.webp,seif_output\images\baby_food_1.webp,True,https://seif-online.com/en/product/mom-baby/baby-nutrition/baby-food
Baby Food,Skin Care,,2,https://masterapi.witheldokan.com/storage/seif-pharmacies/uploads/3897.webp,seif_output\images\baby_food_2.webp,True,https://seif-online.com/en/product/mom-baby/baby-nutrition/baby-food
Baby Food,Skin Care,,3,https://masterapi.witheldokan.com/storage/seif-pharmacies/uploads/2153.webp,seif_output\images\baby_food_3.webp,True,https://seif-online.com/en/product/mom-baby/baby-nutrition/baby-food
Baby Food,Skin Care,,4,https://masterapi.witheldokan.com/storage/seif-pharmacies/uploads/55092.webp,seif_output\images\baby_food_4.webp,True,https://seif-online.com/en/product/mom-baby/baby-nutrition/baby-food
Baby Food,Skin Care,,5,https://masterapi.witheldokan.com/storage/seif-pharmacies/uploads/41513.webp,seif_output\images\baby_food_5.webp,True,https://seif-online.com/en/product/mom-baby/baby-nutrition/baby-food
Baby Food,Skin Care,,6,https://masterapi.witheldokan.com/storage/seif-pharmacies/uploads/3907.webp,seif_output\images\baby_food_6.webp,True,https://seif-online.com/en/product/mom-baby/baby-nutrition/baby-food
Baby Food,Skin Care,,7,https://masterapi.witheldokan.com/storage/seif-pharmacies/uploads/30115.webp,seif_output\images\baby_food_7.webp,True,https://seif-online.com/en/product/mom-baby/baby-nutrition/baby-food
Baby Food,Skin Care,,8,https://masterapi.witheldokan.com/storage/seif-pharmacies/uploads/3902.webp,seif_output\images\baby_food_8.webp,True,https://seif-online.com/en/product/mom-baby/baby-nutrition/baby-food
Baby Food,Skin Care,,9,https://masterapi.witheldokan.com/storage/seif-pharmacies/uploads/3904.webp,seif_output\images\baby_food_9.webp,True,https://seif-online.com/en/product/mom-baby/baby-nutrition/baby-food
Baby Food,Skin Care,,10,https://masterapi.witheldokan.com/storage/seif-pharmacies/uploads/3905.webp,seif_output\images\baby_food_10.webp,True,https://seif-online.com/en/product/mom-baby/baby-nutrition/baby-food
Baby Food,Skin Care,,11,https://masterapi.witheldokan.com/storage/seif-pharmacies/uploads/3903.webp,seif_output\images\baby_food_11.webp,True,https://seif-online.com/en/product/mom-baby/baby-nutrition/baby-food
Baby Food,Skin Care,,12,https://masterapi.witheldokan.com/storage/seif-pharmacies/uploads/324568.webp,seif_output\images\baby_food_12.webp,True,https://seif-online.com/en/product/mom-baby/baby-nutrition/baby-food
Baby Food,Skin Care,,13,https://masterapi.witheldokan.com/storage/seif-pharmacies/uploads/399795.webp,seif_output\images\baby_food_13.webp,True,https://seif-online.com/en/product/mom-baby/baby-nutrition/baby-food
Baby Food,Skin Care,,14,https://masterapi.witheldokan.com/storage/seif-pharmacies/uploads/395566.webp,seif_output\images\baby_food_14.webp,True,https://seif-online.com/en/product/mom-baby/baby-nutrition/baby-food
Baby Food,Skin Care,,15,https://masterapi.witheldokan.com/storage/seif-pharmacies/uploads/324563.webp,seif_output\images\baby_food_15.webp,True,https://seif-online.com/en/product/mom-baby/baby-nutrition/baby-food
Baby Food,Skin Care,,16,https://masterapi.witheldokan.com/storage/seif-pharmacies/uploads/350002.webp,seif_output\images\baby_food_16.webp,True,https://seif-online.com/en/product/mom-baby/baby-nutrition/baby-food
Baby Food,Skin Care,,17,https://masterapi.witheldokan.com/storage/seif-pharmacies/uploads/614447-1759928884.webp,seif_output\images\baby_food_17.webp,True,https://seif-online.com/en/product/mom-baby/baby-nutrition/baby-food
Baby Food,Skin Care,,18,https://masterapi.witheldokan.com/storage/seif-pharmacies/uploads/324458.webp,seif_output\images\baby_food_18.webp,True,https://seif-online.com/en/product/mom-baby/baby-nutrition/baby-food
Baby Food,Skin Care,,19,https://masterapi.witheldokan.com/storage/seif-pharmacies/uploads/185283.webp,seif_output\images\baby_food_19.webp,True,https://seif-online.com/en/product/mom-baby/baby-nutrition/baby-food
Baby Food,Skin Care,,20,https://masterapi.witheldokan.com/storage/seif-pharmacies/uploads/132553.webp,seif_output\images\baby_food_20.webp,True,https://seif-online.com/en/product/mom-baby/baby-nutrition/baby-food
Baby Food,Skin Care,,21,https://masterapi.witheldokan.com/storage/seif-pharmacies/uploads/132475.webp,seif_output\images\baby_food_21.webp,True,https://seif-online.com/en/product/mom-baby/baby-nutrition/baby-food
Baby Food,Skin Care,,22,https://masterapi.witheldokan.com/storage/seif-pharmacies/uploads/343669.webp,seif_output\images\baby_food_22.webp,True,https://seif-online.com/en/product/mom-baby/baby-nutrition/baby-food
Baby Food,Skin Care,,23,https://masterapi.witheldokan.com/storage/seif-pharmacies/uploads/400793.webp,seif_output\images\baby_food_23.webp,True,https://seif-online.com/en/product/mom-baby/baby-nutrition/baby-food
Baby Food,Skin Care,,24,https://masterapi.witheldokan.com/storage/seif-pharmacies/uploads/3898.webp,seif_output\images\baby_food_24.webp,True,https://seif-online.com/en/product/mom-baby/baby-nutrition/baby-food
Nutrition Supplements,Skin Care,,1,https://masterapi.witheldokan.com/storage/seif-pharmacies/uploads/48189.webp,seif_output\images\nutrition_supplements_1.webp,True,https://seif-online.com/en/product/mom-baby/baby-nutrition/nutrition-supplements
Nutrition Supplements,Skin Care,,2,https://masterapi.witheldokan.com/storage/seif-pharmacies/uploads/44929.webp,seif_output\images\nutrition_supplements_2.webp,True,https://seif-online.com/en/product/mom-baby/baby-nutrition/nutrition-supplements
Nutrition Supplements,Skin Care,,3,https://masterapi.witheldokan.com/storage/seif-pharmacies/uploads/3783.webp,seif_output\images\nutrition_supplements_3.webp,True,https://seif-online.com/en/product/mom-baby/baby-nutrition/nutrition-supplements
Nutrition Supplements,Skin Care,,4,https://masterapi.witheldokan.com/storage/seif-pharmacies/uploads/343670.webp,seif_output\images\nutrition_supplements_4.webp,True,https://seif-online.com/en/product/mom-baby/baby-nutrition/nutrition-supplements
Nutrition Supplements,Skin Care,,5,https://masterapi.witheldokan.com/storage/seif-pharmacies/uploads/607073.webp,seif_output\images\nutrition_supplements_5.webp,True,https://seif-online.com/en/product/mom-baby/baby-nutrition/nutrition-supplements
Baby Milk,Skin Care,,1,https://masterapi.witheldokan.com/storage/seif-pharmacies/uploads/398056.webp,seif_output\images\baby_milk_1.webp,True,https://seif-online.com/en/product/mom-baby/baby-nutrition/baby-milk
Baby Milk,Skin Care,,2,https://masterapi.witheldokan.com/storage/seif-pharmacies/uploads/432327.webp,seif_output\images\baby_milk_2.webp,True,https://seif-online.com/en/product/mom-baby/baby-nutrition/baby-milk
Baby Milk,Skin Care,,3,https://masterapi.witheldokan.com/storage/seif-pharmacies/uploads/398055.webp,seif_output\images\baby_milk_3.webp,True,https://seif-online.com/en/product/mom-baby/baby-nutrition/baby-milk
Baby Milk,Skin Care,,4,https://masterapi.witheldokan.com/storage/seif-pharmacies/uploads/3784.webp,seif_output\images\baby_milk_4.webp,True,https://seif-online.com/en/product/mom-baby/baby-nutrition/baby-milk
Baby Milk,Skin Care,,5,https://masterapi.witheldokan.com/storage/seif-pharmacies/uploads/3779.webp,seif_output\images\baby_milk_5.webp,True,https://seif-online.com/en/product/mom-baby/baby-nutrition/baby-milk
Baby Milk,Skin Care,,6,https://masterapi.witheldokan.com/storage/seif-pharmacies/uploads/35639.webp,seif_output\images\baby_milk_6.webp,True,https://seif-online.com/en/product/mom-baby/baby-nutrition/baby-milk
Baby Milk,Skin Care,,7,https://masterapi.witheldokan.com/storage/seif-pharmacies/uploads/431770.webp,seif_output\images\baby_milk_7.webp,True,https://seif-online.com/en/product/mom-baby/baby-nutrition/baby-milk
Baby Milk,Skin Care,,8,https://masterapi.witheldokan.com/storage/seif-pharmacies/uploads/48865.webp,seif_output\images\baby_milk_8.webp,True,https://seif-online.com/en/product/mom-baby/baby-nutrition/baby-milk
Baby Milk,Skin Care,,9,https://masterapi.witheldokan.com/storage/seif-pharmacies/uploads/601611.webp,seif_output\images\baby_milk_9.webp,True,https://seif-online.com/en/product/mom-baby/baby-nutrition/baby-milk
Baby Milk,Skin Care,,10,https://masterapi.witheldokan.com/storage/seif-pharmacies/uploads/601612.webp,seif_output\images\baby_milk_10.webp,True,https://seif-online.com/en/product/mom-baby/baby-nutrition/baby-milk
Baby Milk,Skin Care,,11,https://masterapi.witheldokan.com/storage/seif-pharmacies/uploads/114357.webp,seif_output\images\baby_milk_11.webp,True,https://seif-online.com/en/product/mom-baby/baby-nutrition/baby-milk
Baby Milk,Skin Care,,12,https://masterapi.witheldokan.com/storage/seif-pharmacies/uploads/74509.webp,seif_output\images\baby_milk_12.webp,True,https://seif-online.com/en/product/mom-baby/baby-nutrition/baby-milk
Baby Milk,Skin Care,,13,https://masterapi.witheldokan.com/storage/seif-pharmacies/uploads/347792.webp,seif_output\images\baby_milk_13.webp,True,https://seif-online.com/en/product/mom-baby/baby-nutrition/baby-milk
Baby Milk,Skin Care,,14,https://masterapi.witheldokan.com/storage/seif-pharmacies/uploads/385453.webp,seif_output\images\baby_milk_14.webp,True,https://seif-online.com/en/product/mom-baby/baby-nutrition/baby-milk
Baby Milk,Skin Care,,15,https://masterapi.witheldokan.com/storage/seif-pharmacies/uploads/136805.webp,seif_output\images\baby_milk_15.webp,True,https://seif-online.com/en/product/mom-baby/baby-nutrition/baby-milk
Baby Milk,Skin Care,,16,https://masterapi.witheldokan.com/storage/seif-pharmacies/uploads/400936.webp,seif_output\images\baby_milk_16.webp,True,https://seif-online.com/en/product/mom-baby/baby-nutrition/baby-milk
Baby Milk,Skin Care,,17,https://masterapi.witheldokan.com/storage/seif-pharmacies/uploads/126140.webp,seif_output\images\baby_milk_17.webp,True,https://seif-online.com/en/product/mom-baby/baby-nutrition/baby-milk
Baby Milk,Skin Care,,18,https://masterapi.witheldokan.com/storage/seif-pharmacies/uploads/431002.webp,seif_output\images\baby_milk_18.webp,True,https://seif-online.com/en/product/mom-baby/baby-nutrition/baby-milk
Baby Milk,Skin Care,,19,https://masterapi.witheldokan.com/storage/seif-pharmacies/uploads/601613.webp,seif_output\images\baby_milk_19.webp,True,https://seif-online.com/en/product/mom-baby/baby-nutrition/baby-milk
Baby Milk,Skin Care,,20,https://masterapi.witheldokan.com/storage/seif-pharmacies/uploads/359122.webp,seif_output\images\baby_milk_20.webp,True,https://seif-online.com/en/product/mom-baby/baby-nutrition/baby-milk
Baby Milk,Skin Care,,21,https://masterapi.witheldokan.com/storage/seif-pharmacies/uploads/306096.webp,seif_output\images\baby_milk_21.webp,True,https://seif-online.com/en/product/mom-baby/baby-nutrition/baby-milk
Baby Milk,Skin Care,,22,https://masterapi.witheldokan.com/storage/seif-pharmacies/uploads/432450.webp,seif_output\images\baby_milk_22.webp,True,https://seif-online.com/en/product/mom-baby/baby-nutrition/baby-milk
Baby Milk,Skin Care,,23,https://masterapi.witheldokan.com/storage/seif-pharmacies/uploads/614837-1759931010.webp,seif_output\images\baby_milk_23.webp,True,https://seif-online.com/en/product/mom-baby/baby-nutrition/baby-milk
Baby Milk,Skin Care,,24,https://masterapi.witheldokan.com/storage/seif-pharmacies/uploads/399732.webp,seif_output\images\baby_milk_24.webp,True,https://seif-online.com/en/product/mom-baby/baby-nutrition/baby-milk
Baby Care,Skin Care,,1,https://masterapi.witheldokan.com/storage/seif-pharmacies/uploads/11.webp,seif_output\images\baby_care_1.webp,True,https://seif-online.com/en/product/mom-baby/baby-care
Baby Care,Skin Care,,2,https://masterapi.witheldokan.com/storage/seif-pharmacies/uploads/609535.webp,seif_output\images\baby_care_2.webp,True,https://seif-online.com/en/product/mom-baby/baby-care
Baby Care,Skin Care,,3,https://masterapi.witheldokan.com/storage/seif-pharmacies/uploads/608322.webp,seif_output\images\baby_care_3.webp,True,https://seif-online.com/en/product/mom-baby/baby-care
Baby Care,Skin Care,,4,https://masterapi.witheldokan.com/storage/seif-pharmacies/uploads/601858.webp,seif_output\images\baby_care_4.webp,True,https://seif-online.com/en/product/mom-baby/baby-care
Baby Care,Skin Care,,5,https://masterapi.witheldokan.com/storage/seif-pharmacies/uploads/403302.webp,seif_output\images\baby_care_5.webp,True,https://seif-online.com/en/product/mom-baby/baby-care
Baby Care,Skin Care,,6,https://masterapi.witheldokan.com/storage/seif-pharmacies/uploads/310791.webp,seif_output\images\baby_care_6.webp,True,https://seif-online.com/en/product/mom-baby/baby-care
Baby Care,Skin Care,,7,https://masterapi.witheldokan.com/storage/seif-pharmacies/uploads/310788.webp,seif_output\images\baby_care_7.webp,True,https://seif-online.com/en/product/mom-baby/baby-care
Baby Care,Skin Care,,8,https://masterapi.witheldokan.com/storage/seif-pharmacies/uploads/389787.webp,seif_output\images\baby_care_8.webp,True,https://seif-online.com/en/product/mom-baby/baby-care
Baby Care,Skin Care,,9,https://masterapi.witheldokan.com/storage/seif-pharmacies/uploads/4534.webp,seif_output\images\baby_care_9.webp,True,https://seif-online.com/en/product/mom-baby/baby-care
Baby Care,Skin Care,,10,https://masterapi.witheldokan.com/storage/seif-pharmacies/uploads/4116.webp,seif_output\images\baby_care_10.webp,True,https://seif-online.com/en/product/mom-baby/baby-care
Baby Care,Skin Care,,11,https://masterapi.witheldokan.com/storage/seif-pharmacies/uploads/606084.webp,seif_output\images\baby_care_11.webp,True,https://seif-online.com/en/product/mom-baby/baby-care
Baby Care,Skin Care,,12,https://masterapi.witheldokan.com/storage/seif-pharmacies/uploads/400385.webp,seif_output\images\baby_care_12.webp,True,https://seif-online.com/en/product/mom-baby/baby-care
Baby Care,Skin Care,,13,https://masterapi.witheldokan.com/storage/seif-pharmacies/uploads/613453.webp,seif_output\images\baby_care_13.webp,True,https://seif-online.com/en/product/mom-baby/baby-care
Baby Care,Skin Care,,14,https://masterapi.witheldokan.com/storage/seif-pharmacies/uploads/376630.webp,seif_output\images\baby_care_14.webp,True,https://seif-online.com/en/product/mom-baby/baby-care
Baby Care,Skin Care,,15,https://masterapi.witheldokan.com/storage/seif-pharmacies/uploads/18806.webp,seif_output\images\baby_care_15.webp,True,https://seif-online.com/en/product/mom-baby/baby-care
Baby Care,Skin Care,,16,https://masterapi.witheldokan.com/storage/seif-pharmacies/uploads/378296.webp,seif_output\images\baby_care_16.webp,True,https://seif-online.com/en/product/mom-baby/baby-care
Baby Care,Skin Care,,17,https://masterapi.witheldokan.com/storage/seif-pharmacies/uploads/403305.webp,seif_output\images\baby_care_17.webp,True,https://seif-online.com/en/product/mom-baby/baby-care
Baby Care,Skin Care,,18,https://masterapi.witheldokan.com/storage/seif-pharmacies/uploads/376649.webp,seif_output\images\baby_care_18.webp,True,https://seif-online.com/en/product/mom-baby/baby-care
Baby Care,Skin Care,,19,https://masterapi.witheldokan.com/storage/seif-pharmacies/uploads/376650.webp,seif_output\images\baby_care_19.webp,True,https://seif-online.com/en/product/mom-baby/baby-care
Baby Care,Skin Care,,20,https://masterapi.witheldokan.com/storage/seif-pharmacies/uploads/607180.webp,seif_output\images\baby_care_20.webp,True,https://seif-online.com/en/product/mom-baby/baby-care
Baby Care,Skin Care,,21,https://masterapi.witheldokan.com/storage/seif-pharmacies/uploads/215916.webp,seif_output\images\baby_care_21.webp,True,https://seif-online.com/en/product/mom-baby/baby-care
Baby Care,Skin Care,,22,https://masterapi.witheldokan.com/storage/seif-pharmacies/uploads/378297.webp,seif_output\images\baby_care_22.webp,True,https://seif-online.com/en/product/mom-baby/baby-care
Baby Care,Skin Care,,23,https://masterapi.witheldokan.com/storage/seif-pharmacies/uploads/607181.webp,seif_output\images\baby_care_23.webp,True,https://seif-online.com/en/product/mom-baby/baby-care
Baby Care,Skin Care,,24,https://masterapi.witheldokan.com/storage/seif-pharmacies/uploads/613084.webp,seif_output\images\baby_care_24.webp,True,https://seif-online.com/en/product/mom-baby/baby-care
Baby Skin Care,Skin Care,,1,https://masterapi.witheldokan.com/storage/seif-pharmacies/uploads/606084.webp,seif_output\images\baby_skin_care_1.webp,True,https://seif-online.com/en/product/mom-baby/baby-care/baby-skin-care
Baby Skin Care,Skin Care,,2,https://masterapi.witheldokan.com/storage/seif-pharmacies/uploads/376630.webp,seif_output\images\baby_skin_care_2.webp,True,https://seif-online.com/en/product/mom-baby/baby-care/baby-skin-care
Baby Skin Care,Skin Care,,3,https://masterapi.witheldokan.com/storage/seif-pharmacies/uploads/378296.webp,seif_output\images\baby_skin_care_3.webp,True,https://seif-online.com/en/product/mom-baby/baby-care/baby-skin-care
Baby Skin Care,Skin Care,,4,https://masterapi.witheldokan.com/storage/seif-pharmacies/uploads/376649.webp,seif_output\images\baby_skin_care_4.webp,True,https://seif-online.com/en/product/mom-baby/baby-care/baby-skin-care
Baby Skin Care,Skin Care,,5,https://masterapi.witheldokan.com/storage/seif-pharmacies/uploads/376650.webp,seif_output\images\baby_skin_care_5.webp,True,https://seif-online.com/en/product/mom-baby/baby-care/baby-skin-care
Baby Skin Care,Skin Care,,6,https://masterapi.witheldokan.com/storage/seif-pharmacies/uploads/378297.webp,seif_output\images\baby_skin_care_6.webp,True,https://seif-online.com/en/product/mom-baby/baby-care/baby-skin-care
Baby Skin Care,Skin Care,,7,https://masterapi.witheldokan.com/storage/seif-pharmacies/uploads/604521.webp,seif_output\images\baby_skin_care_7.webp,True,https://seif-online.com/en/product/mom-baby/baby-care/baby-skin-care
Baby Skin Care,Skin Care,,8,https://masterapi.witheldokan.com/storage/seif-pharmacies/uploads/615158-1757840072.webp,seif_output\images\baby_skin_care_8.webp,True,https://seif-online.com/en/product/mom-baby/baby-care/baby-skin-care
Baby Skin Care,Skin Care,,9,https://masterapi.witheldokan.com/storage/seif-pharmacies/uploads/612771.webp,seif_output\images\baby_skin_care_9.webp,True,https://seif-online.com/en/product/mom-baby/baby-care/baby-skin-care
Baby Skin Care,Skin Care,,10,https://masterapi.witheldokan.com/storage/seif-pharmacies/uploads/60685.webp,seif_output\images\baby_skin_care_10.webp,True,https://seif-online.com/en/product/mom-baby/baby-care/baby-skin-care
Baby Skin Care,Skin Care,,11,https://masterapi.witheldokan.com/storage/seif-pharmacies/uploads/606090.webp,seif_output\images\baby_skin_care_11.webp,True,https://seif-online.com/en/product/mom-baby/baby-care/baby-skin-care
Baby Skin Care,Skin Care,,12,https://masterapi.witheldokan.com/storage/seif-pharmacies/uploads/615156-1757840013.webp,seif_output\images\baby_skin_care_12.webp,True,https://seif-online.com/en/product/mom-baby/baby-care/baby-skin-care
Baby Skin Care,Skin Care,,13,https://masterapi.witheldokan.com/storage/seif-pharmacies/uploads/612056.webp,seif_output\images\baby_skin_care_13.webp,True,https://seif-online.com/en/product/mom-baby/baby-care/baby-skin-care
Baby Skin Care,Skin Care,,14,https://masterapi.witheldokan.com/storage/seif-pharmacies/uploads/608228.webp,seif_output\images\baby_skin_care_14.webp,True,https://seif-online.com/en/product/mom-baby/baby-care/baby-skin-care
Baby Skin Care,Skin Care,,15,https://masterapi.witheldokan.com/storage/seif-pharmacies/uploads/609450.webp,seif_output\images\baby_skin_care_15.webp,True,https://seif-online.com/en/product/mom-baby/baby-care/baby-skin-care
Baby Skin Care,Skin Care,,16,https://masterapi.witheldokan.com/storage/seif-pharmacies/uploads/614777.webp,seif_output\images\baby_skin_care_16.webp,True,https://seif-online.com/en/product/mom-baby/baby-care/baby-skin-care
Baby Skin Care,Skin Care,,17,https://masterapi.witheldokan.com/storage/seif-pharmacies/uploads/393470.webp,seif_output\images\baby_skin_care_17.webp,True,https://seif-online.com/en/product/mom-baby/baby-care/baby-skin-care
Baby Skin Care,Skin Care,,18,https://masterapi.witheldokan.com/storage/seif-pharmacies/uploads/608523.webp,seif_output\images\baby_skin_care_18.webp,True,https://seif-online.com/en/product/mom-baby/baby-care/baby-skin-care
Baby Skin Care,Skin Care,,19,https://masterapi.witheldokan.com/storage/seif-pharmacies/uploads/617402-1762162967.webp,seif_output\images\baby_skin_care_19.webp,True,https://seif-online.com/en/product/mom-baby/baby-care/baby-skin-care
Baby Skin Care,Skin Care,,20,https://masterapi.witheldokan.com/storage/seif-pharmacies/uploads/397827.webp,seif_output\images\baby_skin_care_20.webp,True,https://seif-online.com/en/product/mom-baby/baby-care/baby-skin-care
Nappy Care & diaper cream,Skin Care,,1,https://masterapi.witheldokan.com/storage/seif-pharmacies/uploads/607180.webp,seif_output\images\nappy_care_diaper_cream_1.webp,True,https://seif-online.com/en/product/mom-baby/baby-care/nappy-care-diaper-cream
Nappy Care & diaper cream,Skin Care,,2,https://masterapi.witheldokan.com/storage/seif-pharmacies/uploads/607181.webp,seif_output\images\nappy_care_diaper_cream_2.webp,True,https://seif-online.com/en/product/mom-baby/baby-care/nappy-care-diaper-cream
Nappy Care & diaper cream,Skin Care,,3,https://masterapi.witheldokan.com/storage/seif-pharmacies/uploads/615155-1757839990.webp,seif_output\images\nappy_care_diaper_cream_3.webp,True,https://seif-online.com/en/product/mom-baby/baby-care/nappy-care-diaper-cream
Nappy Care & diaper cream,Skin Care,,4,https://masterapi.witheldokan.com/storage/seif-pharmacies/uploads/615483-1759067814.webp,seif_output\images\nappy_care_diaper_cream_4.webp,True,https://seif-online.com/en/product/mom-baby/baby-care/nappy-care-diaper-cream
Nappy Care & diaper cream,Skin Care,,5,https://masterapi.witheldokan.com/storage/seif-pharmacies/uploads/611845.webp,seif_output\images\nappy_care_diaper_cream_5.webp,True,https://seif-online.com/en/product/mom-baby/baby-care/nappy-care-diaper-cream
Nappy Care & diaper cream,Skin Care,,6,https://masterapi.witheldokan.com/storage/seif-pharmacies/uploads/612770.webp,seif_output\images\nappy_care_diaper_cream_6.webp,True,https://seif-online.com/en/product/mom-baby/baby-care/nappy-care-diaper-cream
Nappy Care & diaper cream,Skin Care,,7,https://masterapi.witheldokan.com/storage/seif-pharmacies/uploads/608521.webp,seif_output\images\nappy_care_diaper_cream_7.webp,True,https://seif-online.com/en/product/mom-baby/baby-care/nappy-care-diaper-cream
Nappy Care & diaper cream,Skin Care,,8,https://masterapi.witheldokan.com/storage/seif-pharmacies/uploads/601083.webp,seif_output\images\nappy_care_diaper_cream_8.webp,True,https://seif-online.com/en/product/mom-baby/baby-care/nappy-care-diaper-cream
Nappy Care & diaper cream,Skin Care,,9,https://masterapi.witheldokan.com/storage/seif-pharmacies/uploads/611833.webp,seif_output\images\nappy_care_diaper_cream_9.webp,True,https://seif-online.com/en/product/mom-baby/baby-care/nappy-care-diaper-cream
Nappy Care & diaper cream,Skin Care,,10,https://masterapi.witheldokan.com/storage/seif-pharmacies/uploads/612190.webp,seif_output\images\nappy_care_diaper_cream_10.webp,True,https://seif-online.com/en/product/mom-baby/baby-care/nappy-care-diaper-cream
Nappy Care & diaper cream,Skin Care,,11,https://masterapi.witheldokan.com/storage/seif-pharmacies/uploads/389806.webp,seif_output\images\nappy_care_diaper_cream_11.webp,True,https://seif-online.com/en/product/mom-baby/baby-care/nappy-care-diaper-cream
Nappy Care & diaper cream,Skin Care,,12,https://masterapi.witheldokan.com/storage/seif-pharmacies/uploads/611467.webp,seif_output\images\nappy_care_diaper_cream_12.webp,True,https://seif-online.com/en/product/mom-baby/baby-care/nappy-care-diaper-cream
Nappy Care & diaper cream,Skin Care,,13,https://masterapi.witheldokan.com/storage/seif-pharmacies/uploads/611832.webp,seif_output\images\nappy_care_diaper_cream_13.webp,True,https://seif-online.com/en/product/mom-baby/baby-care/nappy-care-diaper-cream
Nappy Care & diaper cream,Skin Care,,14,https://masterapi.witheldokan.com/storage/seif-pharmacies/uploads/16596.webp,seif_output\images\nappy_care_diaper_cream_14.webp,True,https://seif-online.com/en/product/mom-baby/baby-care/nappy-care-diaper-cream
Nappy Care & diaper cream,Skin Care,,15,https://masterapi.witheldokan.com/storage/seif-pharmacies/uploads/431921.webp,seif_output\images\nappy_care_diaper_cream_15.webp,True,https://seif-online.com/en/product/mom-baby/baby-care/nappy-care-diaper-cream
Nappy Care & diaper cream,Skin Care,,16,https://masterapi.witheldokan.com/storage/seif-pharmacies/uploads/609501.webp,seif_output\images\nappy_care_diaper_cream_16.webp,True,https://seif-online.com/en/product/mom-baby/baby-care/nappy-care-diaper-cream
Kids Toothpaste,Skin Care,,1,https://masterapi.witheldokan.com/storage/seif-pharmacies/uploads/613453.webp,seif_output\images\kids_toothpaste_1.webp,True,https://seif-online.com/en/product/mom-baby/baby-care/kids-toothpaste
Kids Toothpaste,Skin Care,,2,https://masterapi.witheldokan.com/storage/seif-pharmacies/uploads/613084.webp,seif_output\images\kids_toothpaste_2.webp,True,https://seif-online.com/en/product/mom-baby/baby-care/kids-toothpaste
Kids Toothpaste,Skin Care,,3,https://masterapi.witheldokan.com/storage/seif-pharmacies/uploads/608191.webp,seif_output\images\kids_toothpaste_3.webp,True,https://seif-online.com/en/product/mom-baby/baby-care/kids-toothpaste
Kids Toothpaste,Skin Care,,4,https://masterapi.witheldokan.com/storage/seif-pharmacies/uploads/69288.webp,seif_output\images\kids_toothpaste_4.webp,True,https://seif-online.com/en/product/mom-baby/baby-care/kids-toothpaste
Kids Toothpaste,Skin Care,,5,https://masterapi.witheldokan.com/storage/seif-pharmacies/uploads/608637.webp,seif_output\images\kids_toothpaste_5.webp,True,https://seif-online.com/en/product/mom-baby/baby-care/kids-toothpaste
Kids Toothpaste,Skin Care,,6,https://masterapi.witheldokan.com/storage/seif-pharmacies/uploads/612304.webp,seif_output\images\kids_toothpaste_6.webp,True,https://seif-online.com/en/product/mom-baby/baby-care/kids-toothpaste
Kids Toothpaste,Skin Care,,7,https://masterapi.witheldokan.com/storage/seif-pharmacies/uploads/69287.webp,seif_output\images\kids_toothpaste_7.webp,True,https://seif-online.com/en/product/mom-baby/baby-care/kids-toothpaste
Kids Toothpaste,Skin Care,,8,https://masterapi.witheldokan.com/storage/seif-pharmacies/uploads/608524.webp,seif_output\images\kids_toothpaste_8.webp,True,https://seif-online.com/en/product/mom-baby/baby-care/kids-toothpaste
Kids Toothpaste,Skin Care,,9,https://masterapi.witheldokan.com/storage/seif-pharmacies/uploads/388698.webp,seif_output\images\kids_toothpaste_9.webp,True,https://seif-online.com/en/product/mom-baby/baby-care/kids-toothpaste
Kids Toothpaste,Skin Care,,10,https://masterapi.witheldokan.com/storage/seif-pharmacies/uploads/202967.webp,seif_output\images\kids_toothpaste_10.webp,True,https://seif-online.com/en/product/mom-baby/baby-care/kids-toothpaste
Kids Toothpaste,Skin Care,,11,https://masterapi.witheldokan.com/storage/seif-pharmacies/uploads/49903.webp,seif_output\images\kids_toothpaste_11.webp,True,https://seif-online.com/en/product/mom-baby/baby-care/kids-toothpaste
Kids Toothpaste,Skin Care,,12,https://masterapi.witheldokan.com/storage/seif-pharmacies/uploads/10401.webp,seif_output\images\kids_toothpaste_12.webp,True,https://seif-online.com/en/product/mom-baby/baby-care/kids-toothpaste
Kids Toothpaste,Skin Care,,13,https://masterapi.witheldokan.com/storage/seif-pharmacies/uploads/611618.webp,seif_output\images\kids_toothpaste_13.webp,True,https://seif-online.com/en/product/mom-baby/baby-care/kids-toothpaste
Kids Toothpaste,Skin Care,,14,https://masterapi.witheldokan.com/storage/seif-pharmacies/uploads/617761.webp,seif_output\images\kids_toothpaste_14.webp,True,https://seif-online.com/en/product/mom-baby/baby-care/kids-toothpaste
Kids Toothpaste,Skin Care,,15,https://masterapi.witheldokan.com/storage/seif-pharmacies/uploads/617760.webp,seif_output\images\kids_toothpaste_15.webp,True,https://seif-online.com/en/product/mom-baby/baby-care/kids-toothpaste
Kids Toothpaste,Skin Care,,16,https://masterapi.witheldokan.com/storage/seif-pharmacies/uploads/300813.webp,seif_output\images\kids_toothpaste_16.webp,True,https://seif-online.com/en/product/mom-baby/baby-care/kids-toothpaste
Kids Toothpaste,Skin Care,,17,https://masterapi.witheldokan.com/storage/seif-pharmacies/uploads/609377.webp,seif_output\images\kids_toothpaste_17.webp,True,https://seif-online.com/en/product/mom-baby/baby-care/kids-toothpaste
Baby Sun Care,Skin Care,,1,https://masterapi.witheldokan.com/storage/seif-pharmacies/uploads/615462-1756023222.webp,seif_output\images\baby_sun_care_1.webp,True,https://seif-online.com/en/product/mom-baby/baby-care/baby-sun-care
Baby Sun Care,Skin Care,,2,https://masterapi.witheldokan.com/storage/seif-pharmacies/uploads/615461-1756023081.webp,seif_output\images\baby_sun_care_2.webp,True,https://seif-online.com/en/product/mom-baby/baby-care/baby-sun-care
Baby Sun Care,Skin Care,,3,https://masterapi.witheldokan.com/storage/seif-pharmacies/uploads/609587-1758026079.webp,seif_output\images\baby_sun_care_3.webp,True,https://seif-online.com/en/product/mom-baby/baby-care/baby-sun-care
Baby Sun Care,Skin Care,,4,https://masterapi.witheldokan.com/storage/seif-pharmacies/uploads/616271-1759399491.webp,seif_output\images\baby_sun_care_4.webp,True,https://seif-online.com/en/product/mom-baby/baby-care/baby-sun-care
Baby Sun Care,Skin Care,,5,https://masterapi.witheldokan.com/storage/seif-pharmacies/uploads/275208.webp,seif_output\images\baby_sun_care_5.webp,True,https://seif-online.com/en/product/mom-baby/baby-care/baby-sun-care
Baby Sun Care,Skin Care,,6,https://masterapi.witheldokan.com/storage/seif-pharmacies/uploads/608229-1757242478.webp,seif_output\images\baby_sun_care_6.webp,True,https://seif-online.com/en/product/mom-baby/baby-care/baby-sun-care
Baby Sun Care,Skin Care,,7,https://masterapi.witheldokan.com/storage/seif-pharmacies/uploads/120458.webp,seif_output\images\baby_sun_care_7.webp,True,https://seif-online.com/en/product/mom-baby/baby-care/baby-sun-care
Baby Sun Care,Skin Care,,8,https://masterapi.witheldokan.com/storage/seif-pharmacies/uploads/605806.webp,seif_output\images\baby_sun_care_8.webp,True,https://seif-online.com/en/product/mom-baby/baby-care/baby-sun-care
Baby Sun Care,Skin Care,,9,https://masterapi.witheldokan.com/storage/seif-pharmacies/uploads/610540.webp,seif_output\images\baby_sun_care_9.webp,True,https://seif-online.com/en/product/mom-baby/baby-care/baby-sun-care
Baby Sun Care,Skin Care,,10,https://masterapi.witheldokan.com/storage/seif-pharmacies/uploads/290478.webp,seif_output\images\baby_sun_care_10.webp,True,https://seif-online.com/en/product/mom-baby/baby-care/baby-sun-care
Baby Sun Care,Skin Care,,11,https://masterapi.witheldokan.com/storage/seif-pharmacies/uploads/345200.webp,seif_output\images\baby_sun_care_11.webp,True,https://seif-online.com/en/product/mom-baby/baby-care/baby-sun-care
Baby Sun Care,Skin Care,,12,https://masterapi.witheldokan.com/storage/seif-pharmacies/uploads/251609-1761473731.webp,seif_output\images\baby_sun_care_12.webp,True,https://seif-online.com/en/product/mom-baby/baby-care/baby-sun-care
Baby Health Care,Skin Care,,1,https://masterapi.witheldokan.com/storage/seif-pharmacies/uploads/11.webp,seif_output\images\baby_health_care_1.webp,True,https://seif-online.com/en/product/mom-baby/baby-care/baby-health-care
Baby Health Care,Skin Care,,2,https://masterapi.witheldokan.com/storage/seif-pharmacies/uploads/609535.webp,seif_output\images\baby_health_care_2.webp,True,https://seif-online.com/en/product/mom-baby/baby-care/baby-health-care
Baby Health Care,Skin Care,,3,https://masterapi.witheldokan.com/storage/seif-pharmacies/uploads/608322.webp,seif_output\images\baby_health_care_3.webp,True,https://seif-online.com/en/product/mom-baby/baby-care/baby-health-care
Baby Health Care,Skin Care,,4,https://masterapi.witheldokan.com/storage/seif-pharmacies/uploads/601858.webp,seif_output\images\baby_health_care_4.webp,True,https://seif-online.com/en/product/mom-baby/baby-care/baby-health-care
Baby Health Care,Skin Care,,5,https://masterapi.witheldokan.com/storage/seif-pharmacies/uploads/403302.webp,seif_output\images\baby_health_care_5.webp,True,https://seif-online.com/en/product/mom-baby/baby-care/baby-health-care
Baby Health Care,Skin Care,,6,https://masterapi.witheldokan.com/storage/seif-pharmacies/uploads/310791.webp,seif_output\images\baby_health_care_6.webp,True,https://seif-online.com/en/product/mom-baby/baby-care/baby-health-care
Baby Health Care,Skin Care,,7,https://masterapi.witheldokan.com/storage/seif-pharmacies/uploads/310788.webp,seif_output\images\baby_health_care_7.webp,True,https://seif-online.com/en/product/mom-baby/baby-care/baby-health-care
Baby Health Care,Skin Care,,8,https://masterapi.witheldokan.com/storage/seif-pharmacies/uploads/389787.webp,seif_output\images\baby_health_care_8.webp,True,https://seif-online.com/en/product/mom-baby/baby-care/baby-health-care
Baby Health Care,Skin Care,,9,https://masterapi.witheldokan.com/storage/seif-pharmacies/uploads/4534.webp,seif_output\images\baby_health_care_9.webp,True,https://seif-online.com/en/product/mom-baby/baby-care/baby-health-care
Baby Health Care,Skin Care,,10,https://masterapi.witheldokan.com/storage/seif-pharmacies/uploads/4116.webp,seif_output\images\baby_health_care_10.webp,True,https://seif-online.com/en/product/mom-baby/baby-care/baby-health-care
Baby Health Care,Skin Care,,11,https://masterapi.witheldokan.com/storage/seif-pharmacies/uploads/400385.webp,seif_output\images\baby_health_care_11.webp,True,https://seif-online.com/en/product/mom-baby/baby-care/baby-health-care
Baby Health Care,Skin Care,,12,https://masterapi.witheldokan.com/storage/seif-pharmacies/uploads/18806.webp,seif_output\images\baby_health_care_12.webp,True,https://seif-online.com/en/product/mom-baby/baby-care/baby-health-care
Baby Health Care,Skin Care,,13,https://masterapi.witheldokan.com/storage/seif-pharmacies/uploads/403305.webp,seif_output\images\baby_health_care_13.webp,True,https://seif-online.com/en/product/mom-baby/baby-care/baby-health-care
Baby Health Care,Skin Care,,14,https://masterapi.witheldokan.com/storage/seif-pharmacies/uploads/215916.webp,seif_output\images\baby_health_care_14.webp,True,https://seif-online.com/en/product/mom-baby/baby-care/baby-health-care
Baby Health Care,Skin Care,,15,https://masterapi.witheldokan.com/storage/seif-pharmacies/uploads/322954.webp,seif_output\images\baby_health_care_15.webp,True,https://seif-online.com/en/product/mom-baby/baby-care/baby-health-care
Baby Health Care,Skin Care,,16,https://masterapi.witheldokan.com/storage/seif-pharmacies/uploads/389474.webp,seif_output\images\baby_health_care_16.webp,True,https://seif-online.com/en/product/mom-baby/baby-care/baby-health-care
Baby Health Care,Skin Care,,17,https://masterapi.witheldokan.com/storage/seif-pharmacies/uploads/610326.webp,seif_output\images\baby_health_care_17.webp,True,https://seif-online.com/en/product/mom-baby/baby-care/baby-health-care
Baby Health Care,Skin Care,,18,https://masterapi.witheldokan.com/storage/seif-pharmacies/uploads/219119.webp,seif_output\images\baby_health_care_18.webp,True,https://seif-online.com/en/product/mom-baby/baby-care/baby-health-care
Baby Health Care,Skin Care,,19,https://masterapi.witheldokan.com/storage/seif-pharmacies/uploads/612896.webp,seif_output\images\baby_health_care_19.webp,True,https://seif-online.com/en/product/mom-baby/baby-care/baby-health-care
Baby Health Care,Skin Care,,20,https://masterapi.witheldokan.com/storage/seif-pharmacies/uploads/612898.webp,seif_output\images\baby_health_care_20.webp,True,https://seif-online.com/en/product/mom-baby/baby-care/baby-health-care
Baby Health Care,Skin Care,,21,https://masterapi.witheldokan.com/storage/seif-pharmacies/uploads/610325.webp,seif_output\images\baby_health_care_21.webp,True,https://seif-online.com/en/product/mom-baby/baby-care/baby-health-care
Baby Health Care,Skin Care,,22,https://masterapi.witheldokan.com/storage/seif-pharmacies/uploads/29719.webp,seif_output\images\baby_health_care_22.webp,True,https://seif-online.com/en/product/mom-baby/baby-care/baby-health-care
Baby Health Care,Skin Care,,23,https://masterapi.witheldokan.com/storage/seif-pharmacies/uploads/608513.webp,seif_output\images\baby_health_care_23.webp,True,https://seif-online.com/en/product/mom-baby/baby-care/baby-health-care
Baby Toiletries & Bath Accessories,Skin Care,,1,https://masterapi.witheldokan.com/storage/seif-pharmacies/uploads/156221.webp,seif_output\images\baby_toiletries_bath_accessories_1.webp,True,https://seif-online.com/en/product/mom-baby/baby-care/baby-toiletries-bath-accessories
Baby Toiletries & Bath Accessories,Skin Care,,2,https://masterapi.witheldokan.com/storage/seif-pharmacies/uploads/84003.webp,seif_output\images\baby_toiletries_bath_accessories_2.webp,True,https://seif-online.com/en/product/mom-baby/baby-care/baby-toiletries-bath-accessories
Baby Toiletries & Bath Accessories,Skin Care,,3,https://masterapi.witheldokan.com/storage/seif-pharmacies/uploads/180614.webp,seif_output\images\baby_toiletries_bath_accessories_3.webp,True,https://seif-online.com/en/product/mom-baby/baby-care/baby-toiletries-bath-accessories
Baby Toiletries & Bath Accessories,Skin Care,,4,https://masterapi.witheldokan.com/storage/seif-pharmacies/uploads/934.webp,seif_output\images\baby_toiletries_bath_accessories_4.webp,True,https://seif-online.com/en/product/mom-baby/baby-care/baby-toiletries-bath-accessories
Baby Toiletries & Bath Accessories,Skin Care,,5,https://masterapi.witheldokan.com/storage/seif-pharmacies/uploads/295287.webp,seif_output\images\baby_toiletries_bath_accessories_5.webp,True,https://seif-online.com/en/product/mom-baby/baby-care/baby-toiletries-bath-accessories
Baby Toiletries & Bath Accessories,Skin Care,,6,https://masterapi.witheldokan.com/storage/seif-pharmacies/uploads/935.webp,seif_output\images\baby_toiletries_bath_accessories_6.webp,True,https://seif-online.com/en/product/mom-baby/baby-care/baby-toiletries-bath-accessories
Baby Toiletries & Bath Accessories,Skin Care,,7,https://masterapi.witheldokan.com/storage/seif-pharmacies/uploads/615149-1757842618.jpg,seif_output\images\baby_toiletries_bath_accessories_7.jpg,True,https://seif-online.com/en/product/mom-baby/baby-care/baby-toiletries-bath-accessories
Baby Toiletries & Bath Accessories,Skin Care,,8,https://masterapi.witheldokan.com/storage/seif-pharmacies/uploads/376633.webp,seif_output\images\baby_toiletries_bath_accessories_8.webp,True,https://seif-online.com/en/product/mom-baby/baby-care/baby-toiletries-bath-accessories
Baby Toiletries & Bath Accessories,Skin Care,,9,https://masterapi.witheldokan.com/storage/seif-pharmacies/uploads/611491-1755686028.webp,seif_output\images\baby_toiletries_bath_accessories_9.webp,True,https://seif-online.com/en/product/mom-baby/baby-care/baby-toiletries-bath-accessories
Baby Toiletries & Bath Accessories,Skin Care,,10,https://masterapi.witheldokan.com/storage/seif-pharmacies/uploads/309798.webp,seif_output\images\baby_toiletries_bath_accessories_10.webp,True,https://seif-online.com/en/product/mom-baby/baby-care/baby-toiletries-bath-accessories
Baby Toiletries & Bath Accessories,Skin Care,,11,https://masterapi.witheldokan.com/storage/seif-pharmacies/uploads/299480.webp,seif_output\images\baby_toiletries_bath_accessories_11.webp,True,https://seif-online.com/en/product/mom-baby/baby-care/baby-toiletries-bath-accessories
Baby Toiletries & Bath Accessories,Skin Care,,12,https://masterapi.witheldokan.com/storage/seif-pharmacies/uploads/606095.webp,seif_output\images\baby_toiletries_bath_accessories_12.webp,True,https://seif-online.com/en/product/mom-baby/baby-care/baby-toiletries-bath-accessories
Baby Toiletries & Bath Accessories,Skin Care,,13,https://masterapi.witheldokan.com/storage/seif-pharmacies/uploads/615150-1757839839.webp,seif_output\images\baby_toiletries_bath_accessories_13.webp,True,https://seif-online.com/en/product/mom-baby/baby-care/baby-toiletries-bath-accessories
Baby Toiletries & Bath Accessories,Skin Care,,14,https://masterapi.witheldokan.com/storage/seif-pharmacies/uploads/376635.webp,seif_output\images\baby_toiletries_bath_accessories_14.webp,True,https://seif-online.com/en/product/mom-baby/baby-care/baby-toiletries-bath-accessories
Baby Toiletries & Bath Accessories,Skin Care,,15,https://masterapi.witheldokan.com/storage/seif-pharmacies/uploads/615148-1757839786.webp,seif_output\images\baby_toiletries_bath_accessories_15.webp,True,https://seif-online.com/en/product/mom-baby/baby-care/baby-toiletries-bath-accessories
Baby Toiletries & Bath Accessories,Skin Care,,16,https://masterapi.witheldokan.com/storage/seif-pharmacies/uploads/615154-1757839964.webp,seif_output\images\baby_toiletries_bath_accessories_16.webp,True,https://seif-online.com/en/product/mom-baby/baby-care/baby-toiletries-bath-accessories
Baby Toiletries & Bath Accessories,Skin Care,,17,https://masterapi.witheldokan.com/storage/seif-pharmacies/uploads/612768.webp,seif_output\images\baby_toiletries_bath_accessories_17.webp,True,https://seif-online.com/en/product/mom-baby/baby-care/baby-toiletries-bath-accessories
Baby Toiletries & Bath Accessories,Skin Care,,18,https://masterapi.witheldokan.com/storage/seif-pharmacies/uploads/609039.webp,seif_output\images\baby_toiletries_bath_accessories_18.webp,True,https://seif-online.com/en/product/mom-baby/baby-care/baby-toiletries-bath-accessories
Baby Toiletries & Bath Accessories,Skin Care,,19,https://masterapi.witheldokan.com/storage/seif-pharmacies/uploads/614776.webp,seif_output\images\baby_toiletries_bath_accessories_19.webp,True,https://seif-online.com/en/product/mom-baby/baby-care/baby-toiletries-bath-accessories
Baby Toiletries & Bath Accessories,Skin Care,,20,https://masterapi.witheldokan.com/storage/seif-pharmacies/uploads/611952-1754555274.webp,seif_output\images\baby_toiletries_bath_accessories_20.webp,True,https://seif-online.com/en/product/mom-baby/baby-care/baby-toiletries-bath-accessories
Baby Toiletries & Bath Accessories,Skin Care,,21,https://masterapi.witheldokan.com/storage/seif-pharmacies/uploads/604161.webp,seif_output\images\baby_toiletries_bath_accessories_21.webp,True,https://seif-online.com/en/product/mom-baby/baby-care/baby-toiletries-bath-accessories
Baby Toiletries & Bath Accessories,Skin Care,,22,https://masterapi.witheldokan.com/storage/seif-pharmacies/uploads/388543.webp,seif_output\images\baby_toiletries_bath_accessories_22.webp,True,https://seif-online.com/en/product/mom-baby/baby-care/baby-toiletries-bath-accessories
Baby Toiletries & Bath Accessories,Skin Care,,23,https://masterapi.witheldokan.com/storage/seif-pharmacies/uploads/612767.webp,seif_output\images\baby_toiletries_bath_accessories_23.webp,True,https://seif-online.com/en/product/mom-baby/baby-care/baby-toiletries-bath-accessories
Baby Toiletries & Bath Accessories,Skin Care,,24,https://masterapi.witheldokan.com/storage/seif-pharmacies/uploads/616145-1759394573.webp,seif_output\images\baby_toiletries_bath_accessories_24.webp,True,https://seif-online.com/en/product/mom-baby/baby-care/baby-toiletries-bath-accessories
Baby Accessories,Skin Care,,1,https://cdn.supercommerce.io/seif-pharmacies/uploads/321569-1769937414.webp,seif_output\images\baby_accessories_1.webp,True,https://seif-online.com/en/product/mom-baby/baby-accessories
Baby Accessories,Skin Care,,2,https://masterapi.witheldokan.com/storage/seif-pharmacies/uploads/612233.webp,seif_output\images\baby_accessories_2.webp,True,https://seif-online.com/en/product/mom-baby/baby-accessories
Baby Accessories,Skin Care,,3,https://masterapi.witheldokan.com/storage/seif-pharmacies/uploads/610323.webp,seif_output\images\baby_accessories_3.webp,True,https://seif-online.com/en/product/mom-baby/baby-accessories
Baby Accessories,Skin Care,,4,https://masterapi.witheldokan.com/storage/seif-pharmacies/uploads/611541.webp,seif_output\images\baby_accessories_4.webp,True,https://seif-online.com/en/product/mom-baby/baby-accessories
Baby Accessories,Skin Care,,5,https://masterapi.witheldokan.com/storage/seif-pharmacies/uploads/371119.webp,seif_output\images\baby_accessories_5.webp,True,https://seif-online.com/en/product/mom-baby/baby-accessories
Baby Accessories,Skin Care,,6,https://masterapi.witheldokan.com/storage/seif-pharmacies/uploads/388549.webp,seif_output\images\baby_accessories_6.webp,True,https://seif-online.com/en/product/mom-baby/baby-accessories
Baby Accessories,Skin Care,,7,https://masterapi.witheldokan.com/storage/seif-pharmacies/uploads/388550.webp,seif_output\images\baby_accessories_7.webp,True,https://seif-online.com/en/product/mom-baby/baby-accessories
Baby Accessories,Skin Care,,8,https://masterapi.witheldokan.com/storage/seif-pharmacies/uploads/608526.webp,seif_output\images\baby_accessories_8.webp,True,https://seif-online.com/en/product/mom-baby/baby-accessories
Baby Accessories,Skin Care,,9,https://masterapi.witheldokan.com/storage/seif-pharmacies/uploads/373956.webp,seif_output\images\baby_accessories_9.webp,True,https://seif-online.com/en/product/mom-baby/baby-accessories
Baby Accessories,Skin Care,,10,https://masterapi.witheldokan.com/storage/seif-pharmacies/uploads/610321.webp,seif_output\images\baby_accessories_10.webp,True,https://seif-online.com/en/product/mom-baby/baby-accessories
Baby Accessories,Skin Care,,11,https://masterapi.witheldokan.com/storage/seif-pharmacies/uploads/612409.webp,seif_output\images\baby_accessories_11.webp,True,https://seif-online.com/en/product/mom-baby/baby-accessories
Baby Accessories,Skin Care,,12,https://masterapi.witheldokan.com/storage/seif-pharmacies/uploads/610324.webp,seif_output\images\baby_accessories_12.webp,True,https://seif-online.com/en/product/mom-baby/baby-accessories
Baby Accessories,Skin Care,,13,https://masterapi.witheldokan.com/storage/seif-pharmacies/uploads/373958.webp,seif_output\images\baby_accessories_13.webp,True,https://seif-online.com/en/product/mom-baby/baby-accessories
Baby Accessories,Skin Care,,14,https://masterapi.witheldokan.com/storage/seif-pharmacies/uploads/377989.webp,seif_output\images\baby_accessories_14.webp,True,https://seif-online.com/en/product/mom-baby/baby-accessories
Baby Accessories,Skin Care,,15,https://masterapi.witheldokan.com/storage/seif-pharmacies/uploads/610322.webp,seif_output\images\baby_accessories_15.webp,True,https://seif-online.com/en/product/mom-baby/baby-accessories
Baby Accessories,Skin Care,,16,https://masterapi.witheldokan.com/storage/seif-pharmacies/uploads/612371.webp,seif_output\images\baby_accessories_16.webp,True,https://seif-online.com/en/product/mom-baby/baby-accessories
Baby Accessories,Skin Care,,17,https://masterapi.witheldokan.com/storage/seif-pharmacies/uploads/172268.webp,seif_output\images\baby_accessories_17.webp,True,https://seif-online.com/en/product/mom-baby/baby-accessories
Baby Accessories,Skin Care,,18,https://masterapi.witheldokan.com/storage/seif-pharmacies/uploads/612303.webp,seif_output\images\baby_accessories_18.webp,True,https://seif-online.com/en/product/mom-baby/baby-accessories
Medical Earrings,Skin Care,,1,https://cdn.supercommerce.io/seif-pharmacies/uploads/321569-1769937414.webp,seif_output\images\medical_earrings_1.webp,True,https://seif-online.com/en/product/mom-baby/baby-accessories/medical-earrings
Medical Earrings,Skin Care,,2,https://masterapi.witheldokan.com/storage/seif-pharmacies/uploads/385166.webp,seif_output\images\medical_earrings_2.webp,True,https://seif-online.com/en/product/mom-baby/baby-accessories/medical-earrings
Medical Earrings,Skin Care,,3,https://masterapi.witheldokan.com/storage/seif-pharmacies/uploads/385167.webp,seif_output\images\medical_earrings_3.webp,True,https://seif-online.com/en/product/mom-baby/baby-accessories/medical-earrings
Medical Earrings,Skin Care,,4,https://masterapi.witheldokan.com/storage/seif-pharmacies/uploads/385168.webp,seif_output\images\medical_earrings_4.webp,True,https://seif-online.com/en/product/mom-baby/baby-accessories/medical-earrings
Medical Earrings,Skin Care,,5,https://masterapi.witheldokan.com/storage/seif-pharmacies/uploads/610995.webp,seif_output\images\medical_earrings_5.webp,True,https://seif-online.com/en/product/mom-baby/baby-accessories/medical-earrings
Medical Earrings,Skin Care,,6,https://masterapi.witheldokan.com/storage/seif-pharmacies/uploads/610996.webp,seif_output\images\medical_earrings_6.webp,True,https://seif-online.com/en/product/mom-baby/baby-accessories/medical-earrings
Medical Earrings,Skin Care,,7,https://masterapi.witheldokan.com/storage/seif-pharmacies/uploads/610997.webp,seif_output\images\medical_earrings_7.webp,True,https://seif-online.com/en/product/mom-baby/baby-accessories/medical-earrings
Kids Toothbrush,Skin Care,,1,https://masterapi.witheldokan.com/storage/seif-pharmacies/uploads/371119.webp,seif_output\images\kids_toothbrush_1.webp,True,https://seif-online.com/en/product/mom-baby/baby-accessories/kids-toothbrush
Kids Toothbrush,Skin Care,,2,https://masterapi.witheldokan.com/storage/seif-pharmacies/uploads/388550.webp,seif_output\images\kids_toothbrush_2.webp,True,https://seif-online.com/en/product/mom-baby/baby-accessories/kids-toothbrush
Kids Toothbrush,Skin Care,,3,https://masterapi.witheldokan.com/storage/seif-pharmacies/uploads/608526.webp,seif_output\images\kids_toothbrush_3.webp,True,https://seif-online.com/en/product/mom-baby/baby-accessories/kids-toothbrush
Kids Toothbrush,Skin Care,,4,https://masterapi.witheldokan.com/storage/seif-pharmacies/uploads/612409.webp,seif_output\images\kids_toothbrush_4.webp,True,https://seif-online.com/en/product/mom-baby/baby-accessories/kids-toothbrush
Kids Toothbrush,Skin Care,,5,https://masterapi.witheldokan.com/storage/seif-pharmacies/uploads/617762.webp,seif_output\images\kids_toothbrush_5.webp,True,https://seif-online.com/en/product/mom-baby/baby-accessories/kids-toothbrush
Kids Toothbrush,Skin Care,,6,https://masterapi.witheldokan.com/storage/seif-pharmacies/uploads/376106.webp,seif_output\images\kids_toothbrush_6.webp,True,https://seif-online.com/en/product/mom-baby/baby-accessories/kids-toothbrush
Kids Toothbrush,Skin Care,,7,https://masterapi.witheldokan.com/storage/seif-pharmacies/uploads/617763.webp,seif_output\images\kids_toothbrush_7.webp,True,https://seif-online.com/en/product/mom-baby/baby-accessories/kids-toothbrush
Kids Toothbrush,Skin Care,,8,https://masterapi.witheldokan.com/storage/seif-pharmacies/uploads/617764.webp,seif_output\images\kids_toothbrush_8.webp,True,https://seif-online.com/en/product/mom-baby/baby-accessories/kids-toothbrush
Kids Toothbrush,Skin Care,,9,https://masterapi.witheldokan.com/storage/seif-pharmacies/uploads/609807.webp,seif_output\images\kids_toothbrush_9.webp,True,https://seif-online.com/en/product/mom-baby/baby-accessories/kids-toothbrush
Kids Toothbrush,Skin Care,,10,https://masterapi.witheldokan.com/storage/seif-pharmacies/uploads/349931.webp,seif_output\images\kids_toothbrush_10.webp,True,https://seif-online.com/en/product/mom-baby/baby-accessories/kids-toothbrush
Kids Toothbrush,Skin Care,,11,https://masterapi.witheldokan.com/storage/seif-pharmacies/uploads/605874.webp,seif_output\images\kids_toothbrush_11.webp,True,https://seif-online.com/en/product/mom-baby/baby-accessories/kids-toothbrush
Kids Toothbrush,Skin Care,,12,https://masterapi.witheldokan.com/storage/seif-pharmacies/uploads/609808.webp,seif_output\images\kids_toothbrush_12.webp,True,https://seif-online.com/en/product/mom-baby/baby-accessories/kids-toothbrush
Kids Toothbrush,Skin Care,,13,https://masterapi.witheldokan.com/storage/seif-pharmacies/uploads/609809.webp,seif_output\images\kids_toothbrush_13.webp,True,https://seif-online.com/en/product/mom-baby/baby-accessories/kids-toothbrush
Kids Toothbrush,Skin Care,,14,https://masterapi.witheldokan.com/storage/seif-pharmacies/uploads/617765.webp,seif_output\images\kids_toothbrush_14.webp,True,https://seif-online.com/en/product/mom-baby/baby-accessories/kids-toothbrush
Baby Equipment& Pacifiers,Skin Care,,1,https://masterapi.witheldokan.com/storage/seif-pharmacies/uploads/612233.webp,seif_output\images\baby_equipment_pacifiers_1.webp,True,https://seif-online.com/en/product/mom-baby/baby-accessories/baby-equipment-pacifiers
Baby Equipment& Pacifiers,Skin Care,,2,https://masterapi.witheldokan.com/storage/seif-pharmacies/uploads/610323.webp,seif_output\images\baby_equipment_pacifiers_2.webp,True,https://seif-online.com/en/product/mom-baby/baby-accessories/baby-equipment-pacifiers
Baby Equipment& Pacifiers,Skin Care,,3,https://masterapi.witheldokan.com/storage/seif-pharmacies/uploads/611541.webp,seif_output\images\baby_equipment_pacifiers_3.webp,True,https://seif-online.com/en/product/mom-baby/baby-accessories/baby-equipment-pacifiers
Baby Equipment& Pacifiers,Skin Care,,4,https://masterapi.witheldokan.com/storage/seif-pharmacies/uploads/388549.webp,seif_output\images\baby_equipment_pacifiers_4.webp,True,https://seif-online.com/en/product/mom-baby/baby-accessories/baby-equipment-pacifiers
Baby Equipment& Pacifiers,Skin Care,,5,https://masterapi.witheldokan.com/storage/seif-pharmacies/uploads/373956.webp,seif_output\images\baby_equipment_pacifiers_5.webp,True,https://seif-online.com/en/product/mom-baby/baby-accessories/baby-equipment-pacifiers
Baby Equipment& Pacifiers,Skin Care,,6,https://masterapi.witheldokan.com/storage/seif-pharmacies/uploads/610321.webp,seif_output\images\baby_equipment_pacifiers_6.webp,True,https://seif-online.com/en/product/mom-baby/baby-accessories/baby-equipment-pacifiers
Baby Equipment& Pacifiers,Skin Care,,7,https://masterapi.witheldokan.com/storage/seif-pharmacies/uploads/610324.webp,seif_output\images\baby_equipment_pacifiers_7.webp,True,https://seif-online.com/en/product/mom-baby/baby-accessories/baby-equipment-pacifiers
Baby Equipment& Pacifiers,Skin Care,,8,https://masterapi.witheldokan.com/storage/seif-pharmacies/uploads/373958.webp,seif_output\images\baby_equipment_pacifiers_8.webp,True,https://seif-online.com/en/product/mom-baby/baby-accessories/baby-equipment-pacifiers
Baby Equipment& Pacifiers,Skin Care,,9,https://masterapi.witheldokan.com/storage/seif-pharmacies/uploads/377989.webp,seif_output\images\baby_equipment_pacifiers_9.webp,True,https://seif-online.com/en/product/mom-baby/baby-accessories/baby-equipment-pacifiers
Baby Equipment& Pacifiers,Skin Care,,10,https://masterapi.witheldokan.com/storage/seif-pharmacies/uploads/610322.webp,seif_output\images\baby_equipment_pacifiers_10.webp,True,https://seif-online.com/en/product/mom-baby/baby-accessories/baby-equipment-pacifiers
Baby Equipment& Pacifiers,Skin Care,,11,https://masterapi.witheldokan.com/storage/seif-pharmacies/uploads/612371.webp,seif_output\images\baby_equipment_pacifiers_11.webp,True,https://seif-online.com/en/product/mom-baby/baby-accessories/baby-equipment-pacifiers
Baby Equipment& Pacifiers,Skin Care,,12,https://masterapi.witheldokan.com/storage/seif-pharmacies/uploads/172268.webp,seif_output\images\baby_equipment_pacifiers_12.webp,True,https://seif-online.com/en/product/mom-baby/baby-accessories/baby-equipment-pacifiers
Baby Equipment& Pacifiers,Skin Care,,13,https://masterapi.witheldokan.com/storage/seif-pharmacies/uploads/612303.webp,seif_output\images\baby_equipment_pacifiers_13.webp,True,https://seif-online.com/en/product/mom-baby/baby-accessories/baby-equipment-pacifiers
Baby Equipment& Pacifiers,Skin Care,,14,https://masterapi.witheldokan.com/storage/seif-pharmacies/uploads/612359.webp,seif_output\images\baby_equipment_pacifiers_14.webp,True,https://seif-online.com/en/product/mom-baby/baby-accessories/baby-equipment-pacifiers
Baby Equipment& Pacifiers,Skin Care,,15,https://masterapi.witheldokan.com/storage/seif-pharmacies/uploads/602329-(1).webp,seif_output\images\baby_equipment_pacifiers_15.webp,True,https://seif-online.com/en/product/mom-baby/baby-accessories/baby-equipment-pacifiers
Baby Equipment& Pacifiers,Skin Care,,16,https://masterapi.witheldokan.com/storage/seif-pharmacies/uploads/373957.webp,seif_output\images\baby_equipment_pacifiers_16.webp,True,https://seif-online.com/en/product/mom-baby/baby-accessories/baby-equipment-pacifiers
Baby Equipment& Pacifiers,Skin Care,,17,https://masterapi.witheldokan.com/storage/seif-pharmacies/uploads/388554.webp,seif_output\images\baby_equipment_pacifiers_17.webp,True,https://seif-online.com/en/product/mom-baby/baby-accessories/baby-equipment-pacifiers
Baby Equipment& Pacifiers,Skin Care,,18,https://masterapi.witheldokan.com/storage/seif-pharmacies/uploads/612363.webp,seif_output\images\baby_equipment_pacifiers_18.webp,True,https://seif-online.com/en/product/mom-baby/baby-accessories/baby-equipment-pacifiers
Baby Equipment& Pacifiers,Skin Care,,19,https://masterapi.witheldokan.com/storage/seif-pharmacies/uploads/602330.webp,seif_output\images\baby_equipment_pacifiers_19.webp,True,https://seif-online.com/en/product/mom-baby/baby-accessories/baby-equipment-pacifiers
Baby Equipment& Pacifiers,Skin Care,,20,https://masterapi.witheldokan.com/storage/seif-pharmacies/uploads/611546.webp,seif_output\images\baby_equipment_pacifiers_20.webp,True,https://seif-online.com/en/product/mom-baby/baby-accessories/baby-equipment-pacifiers
Mom Care,Skin Care,,1,https://masterapi.witheldokan.com/storage/seif-pharmacies/uploads/2749.webp,seif_output\images\mom_care_1.webp,True,https://seif-online.com/en/product/mom-baby/mom-care
Mom Care,Skin Care,,2,https://masterapi.witheldokan.com/storage/seif-pharmacies/uploads/376027.webp,seif_output\images\mom_care_2.webp,True,https://seif-online.com/en/product/mom-baby/mom-care
Mom Care,Skin Care,,3,https://masterapi.witheldokan.com/storage/seif-pharmacies/uploads/610409.webp,seif_output\images\mom_care_3.webp,True,https://seif-online.com/en/product/mom-baby/mom-care
Mom Care,Skin Care,,4,https://masterapi.witheldokan.com/storage/seif-pharmacies/uploads/611914.webp,seif_output\images\mom_care_4.webp,True,https://seif-online.com/en/product/mom-baby/mom-care
Mom Care,Skin Care,,5,https://masterapi.witheldokan.com/storage/seif-pharmacies/uploads/388546.webp,seif_output\images\mom_care_5.webp,True,https://seif-online.com/en/product/mom-baby/mom-care
Mom Care,Skin Care,,6,https://masterapi.witheldokan.com/storage/seif-pharmacies/uploads/431098.webp,seif_output\images\mom_care_6.webp,True,https://seif-online.com/en/product/mom-baby/mom-care
Mom Care,Skin Care,,7,https://masterapi.witheldokan.com/storage/seif-pharmacies/uploads/611501.webp,seif_output\images\mom_care_7.webp,True,https://seif-online.com/en/product/mom-baby/mom-care
Mom Care,Skin Care,,8,https://masterapi.witheldokan.com/storage/seif-pharmacies/uploads/611502.webp,seif_output\images\mom_care_8.webp,True,https://seif-online.com/en/product/mom-baby/mom-care
Mom Care,Skin Care,,9,https://masterapi.witheldokan.com/storage/seif-pharmacies/uploads/611465.webp,seif_output\images\mom_care_9.webp,True,https://seif-online.com/en/product/mom-baby/mom-care
Mom Care,Skin Care,,10,https://masterapi.witheldokan.com/storage/seif-pharmacies/uploads/80407.webp,seif_output\images\mom_care_10.webp,True,https://seif-online.com/en/product/mom-baby/mom-care
Mom Care,Skin Care,,11,https://masterapi.witheldokan.com/storage/seif-pharmacies/uploads/253453.webp,seif_output\images\mom_care_11.webp,True,https://seif-online.com/en/product/mom-baby/mom-care
Mom Care,Skin Care,,12,https://masterapi.witheldokan.com/storage/seif-pharmacies/uploads/383886.webp,seif_output\images\mom_care_12.webp,True,https://seif-online.com/en/product/mom-baby/mom-care
Mom Care,Skin Care,,13,https://masterapi.witheldokan.com/storage/seif-pharmacies/uploads/389664.webp,seif_output\images\mom_care_13.webp,True,https://seif-online.com/en/product/mom-baby/mom-care
Mom Care,Skin Care,,14,https://masterapi.witheldokan.com/storage/seif-pharmacies/uploads/613791.webp,seif_output\images\mom_care_14.webp,True,https://seif-online.com/en/product/mom-baby/mom-care
Mom Care,Skin Care,,15,https://masterapi.witheldokan.com/storage/seif-pharmacies/uploads/609504.webp,seif_output\images\mom_care_15.webp,True,https://seif-online.com/en/product/mom-baby/mom-care
Mom Care,Skin Care,,16,https://masterapi.witheldokan.com/storage/seif-pharmacies/uploads/383871.webp,seif_output\images\mom_care_16.webp,True,https://seif-online.com/en/product/mom-baby/mom-care
Mom Care,Skin Care,,17,https://masterapi.witheldokan.com/storage/seif-pharmacies/uploads/356147.webp,seif_output\images\mom_care_17.webp,True,https://seif-online.com/en/product/mom-baby/mom-care
Mom Care,Skin Care,,18,https://masterapi.witheldokan.com/storage/seif-pharmacies/uploads/610483.webp,seif_output\images\mom_care_18.webp,True,https://seif-online.com/en/product/mom-baby/mom-care
Breastfeeding Supplies,Skin Care,,1,https://masterapi.witheldokan.com/storage/seif-pharmacies/uploads/376027.webp,seif_output\images\breastfeeding_supplies_1.webp,True,https://seif-online.com/en/product/mom-baby/mom-care/breastfeeding-supplies
Breastfeeding Supplies,Skin Care,,2,https://masterapi.witheldokan.com/storage/seif-pharmacies/uploads/610409.webp,seif_output\images\breastfeeding_supplies_2.webp,True,https://seif-online.com/en/product/mom-baby/mom-care/breastfeeding-supplies
Breastfeeding Supplies,Skin Care,,3,https://masterapi.witheldokan.com/storage/seif-pharmacies/uploads/388546.webp,seif_output\images\breastfeeding_supplies_3.webp,True,https://seif-online.com/en/product/mom-baby/mom-care/breastfeeding-supplies
Breastfeeding Supplies,Skin Care,,4,https://masterapi.witheldokan.com/storage/seif-pharmacies/uploads/431098.webp,seif_output\images\breastfeeding_supplies_4.webp,True,https://seif-online.com/en/product/mom-baby/mom-care/breastfeeding-supplies
Breastfeeding Supplies,Skin Care,,5,https://masterapi.witheldokan.com/storage/seif-pharmacies/uploads/611501.webp,seif_output\images\breastfeeding_supplies_5.webp,True,https://seif-online.com/en/product/mom-baby/mom-care/breastfeeding-supplies
Breastfeeding Supplies,Skin Care,,6,https://masterapi.witheldokan.com/storage/seif-pharmacies/uploads/611502.webp,seif_output\images\breastfeeding_supplies_6.webp,True,https://seif-online.com/en/product/mom-baby/mom-care/breastfeeding-supplies
Breastfeeding Supplies,Skin Care,,7,https://masterapi.witheldokan.com/storage/seif-pharmacies/uploads/383886.webp,seif_output\images\breastfeeding_supplies_7.webp,True,https://seif-online.com/en/product/mom-baby/mom-care/breastfeeding-supplies
Breastfeeding Supplies,Skin Care,,8,https://masterapi.witheldokan.com/storage/seif-pharmacies/uploads/613791.webp,seif_output\images\breastfeeding_supplies_8.webp,True,https://seif-online.com/en/product/mom-baby/mom-care/breastfeeding-supplies
Breastfeeding Supplies,Skin Care,,9,https://masterapi.witheldokan.com/storage/seif-pharmacies/uploads/383871.webp,seif_output\images\breastfeeding_supplies_9.webp,True,https://seif-online.com/en/product/mom-baby/mom-care/breastfeeding-supplies
Breastfeeding Supplies,Skin Care,,10,https://masterapi.witheldokan.com/storage/seif-pharmacies/uploads/610483.webp,seif_output\images\breastfeeding_supplies_10.webp,True,https://seif-online.com/en/product/mom-baby/mom-care/breastfeeding-supplies
Breastfeeding Supplies,Skin Care,,11,https://masterapi.witheldokan.com/storage/seif-pharmacies/uploads/324142.webp,seif_output\images\breastfeeding_supplies_11.webp,True,https://seif-online.com/en/product/mom-baby/mom-care/breastfeeding-supplies
Breastfeeding Supplies,Skin Care,,12,https://masterapi.witheldokan.com/storage/seif-pharmacies/uploads/390642.webp,seif_output\images\breastfeeding_supplies_12.webp,True,https://seif-online.com/en/product/mom-baby/mom-care/breastfeeding-supplies
Breastfeeding Supplies,Skin Care,,13,https://masterapi.witheldokan.com/storage/seif-pharmacies/uploads/403751.webp,seif_output\images\breastfeeding_supplies_13.webp,True,https://seif-online.com/en/product/mom-baby/mom-care/breastfeeding-supplies
Pregnancy Check,Skin Care,,1,https://masterapi.witheldokan.com/storage/seif-pharmacies/uploads/2749.webp,seif_output\images\pregnancy_check_1.webp,True,https://seif-online.com/en/product/mom-baby/mom-care/pregnancy-check
Pregnancy Check,Skin Care,,2,https://masterapi.witheldokan.com/storage/seif-pharmacies/uploads/356146.webp,seif_output\images\pregnancy_check_2.webp,True,https://seif-online.com/en/product/mom-baby/mom-care/pregnancy-check
Ovulation Check,Skin Care,,1,https://masterapi.witheldokan.com/storage/seif-pharmacies/uploads/253453.webp,seif_output\images\ovulation_check_1.webp,True,https://seif-online.com/en/product/mom-baby/mom-care/ovulation-check
Ovulation Check,Skin Care,,2,https://masterapi.witheldokan.com/storage/seif-pharmacies/uploads/356147.webp,seif_output\images\ovulation_check_2.webp,True,https://seif-online.com/en/product/mom-baby/mom-care/ovulation-check
Mom Skin Care,Skin Care,,1,https://masterapi.witheldokan.com/storage/seif-pharmacies/uploads/611914.webp,seif_output\images\mom_skin_care_1.webp,True,https://seif-online.com/en/product/mom-baby/mom-care/mom-skin-care
Mom Skin Care,Skin Care,,2,https://masterapi.witheldokan.com/storage/seif-pharmacies/uploads/611465.webp,seif_output\images\mom_skin_care_2.webp,True,https://seif-online.com/en/product/mom-baby/mom-care/mom-skin-care
Mom Skin Care,Skin Care,,3,https://masterapi.witheldokan.com/storage/seif-pharmacies/uploads/80407.webp,seif_output\images\mom_skin_care_3.webp,True,https://seif-online.com/en/product/mom-baby/mom-care/mom-skin-care
Mom Skin Care,Skin Care,,4,https://masterapi.witheldokan.com/storage/seif-pharmacies/uploads/389664.webp,seif_output\images\mom_skin_care_4.webp,True,https://seif-online.com/en/product/mom-baby/mom-care/mom-skin-care
Mom Skin Care,Skin Care,,5,https://masterapi.witheldokan.com/storage/seif-pharmacies/uploads/609504.webp,seif_output\images\mom_skin_care_5.webp,True,https://seif-online.com/en/product/mom-baby/mom-care/mom-skin-care
Mom Skin Care,Skin Care,,6,https://masterapi.witheldokan.com/storage/seif-pharmacies/uploads/262480.webp,seif_output\images\mom_skin_care_6.webp,True,https://seif-online.com/en/product/mom-baby/mom-care/mom-skin-care
Mom Skin Care,Skin Care,,7,https://masterapi.witheldokan.com/storage/seif-pharmacies/uploads/322223.webp,seif_output\images\mom_skin_care_7.webp,True,https://seif-online.com/en/product/mom-baby/mom-care/mom-skin-care
Mom Skin Care,Skin Care,,8,https://masterapi.witheldokan.com/storage/seif-pharmacies/uploads/379189.webp,seif_output\images\mom_skin_care_8.webp,True,https://seif-online.com/en/product/mom-baby/mom-care/mom-skin-care
Mom Skin Care,Skin Care,,9,https://masterapi.witheldokan.com/storage/seif-pharmacies/uploads/395893.webp,seif_output\images\mom_skin_care_9.webp,True,https://seif-online.com/en/product/mom-baby/mom-care/mom-skin-care
Mom Skin Care,Skin Care,,10,https://masterapi.witheldokan.com/storage/seif-pharmacies/uploads/601638.webp,seif_output\images\mom_skin_care_10.webp,True,https://seif-online.com/en/product/mom-baby/mom-care/mom-skin-care
Mom Skin Care,Skin Care,,11,https://masterapi.witheldokan.com/storage/seif-pharmacies/uploads/609503.webp,seif_output\images\mom_skin_care_11.webp,True,https://seif-online.com/en/product/mom-baby/mom-care/mom-skin-care
Baby Diapers & Wips,Skin Care,,1,https://cdn.supercommerce.io/seif-pharmacies/uploads/615697-1768470260.webp,seif_output\images\baby_diapers_wips_1.webp,True,https://seif-online.com/en/product/mom-baby/baby-diapers-wips
Baby Diapers & Wips,Skin Care,,2,https://cdn.supercommerce.io/seif-pharmacies/uploads/615693-1768469618.webp,seif_output\images\baby_diapers_wips_2.webp,True,https://seif-online.com/en/product/mom-baby/baby-diapers-wips
Baby Diapers & Wips,Skin Care,,3,https://masterapi.witheldokan.com/storage/seif-pharmacies/uploads/611266.webp,seif_output\images\baby_diapers_wips_3.webp,True,https://seif-online.com/en/product/mom-baby/baby-diapers-wips
Baby Diapers & Wips,Skin Care,,4,https://masterapi.witheldokan.com/storage/seif-pharmacies/uploads/613033.webp,seif_output\images\baby_diapers_wips_4.webp,True,https://seif-online.com/en/product/mom-baby/baby-diapers-wips
Baby Diapers & Wips,Skin Care,,5,https://masterapi.witheldokan.com/storage/seif-pharmacies/uploads/608955.webp,seif_output\images\baby_diapers_wips_5.webp,True,https://seif-online.com/en/product/mom-baby/baby-diapers-wips
Baby Diapers & Wips,Skin Care,,6,https://cdn.supercommerce.io/seif-pharmacies/uploads/615692-1768469494.webp,seif_output\images\baby_diapers_wips_6.webp,True,https://seif-online.com/en/product/mom-baby/baby-diapers-wips
Baby Diapers & Wips,Skin Care,,7,https://cdn.supercommerce.io/seif-pharmacies/uploads/615694-1768469734.webp,seif_output\images\baby_diapers_wips_7.webp,True,https://seif-online.com/en/product/mom-baby/baby-diapers-wips
Baby Diapers & Wips,Skin Care,,8,https://cdn.supercommerce.io/seif-pharmacies/uploads/615698-1768470353.webp,seif_output\images\baby_diapers_wips_8.webp,True,https://seif-online.com/en/product/mom-baby/baby-diapers-wips
Baby Diapers & Wips,Skin Care,,9,https://masterapi.witheldokan.com/storage/seif-pharmacies/uploads/615710 wnp-1754312907.webp,seif_output\images\baby_diapers_wips_9.webp,True,https://seif-online.com/en/product/mom-baby/baby-diapers-wips
Baby Diapers & Wips,Skin Care,,10,https://cdn.supercommerce.io/seif-pharmacies/uploads/615695-1768469831.webp,seif_output\images\baby_diapers_wips_10.webp,True,https://seif-online.com/en/product/mom-baby/baby-diapers-wips
Baby Diapers & Wips,Skin Care,,11,https://masterapi.witheldokan.com/storage/seif-pharmacies/uploads/613340.webp,seif_output\images\baby_diapers_wips_11.webp,True,https://seif-online.com/en/product/mom-baby/baby-diapers-wips
Baby Diapers & Wips,Skin Care,,12,https://masterapi.witheldokan.com/storage/seif-pharmacies/uploads/613339.webp,seif_output\images\baby_diapers_wips_12.webp,True,https://seif-online.com/en/product/mom-baby/baby-diapers-wips
Baby Diapers & Wips,Skin Care,,13,https://masterapi.witheldokan.com/storage/seif-pharmacies/uploads/611274.webp,seif_output\images\baby_diapers_wips_13.webp,True,https://seif-online.com/en/product/mom-baby/baby-diapers-wips
Baby Diapers & Wips,Skin Care,,14,https://masterapi.witheldokan.com/storage/seif-pharmacies/uploads/611276.webp,seif_output\images\baby_diapers_wips_14.webp,True,https://seif-online.com/en/product/mom-baby/baby-diapers-wips
Baby Diapers & Wips,Skin Care,,15,https://masterapi.witheldokan.com/storage/seif-pharmacies/uploads/611273.webp,seif_output\images\baby_diapers_wips_15.webp,True,https://seif-online.com/en/product/mom-baby/baby-diapers-wips
Baby Diapers & Wips,Skin Care,,16,https://masterapi.witheldokan.com/storage/seif-pharmacies/uploads/611726.webp,seif_output\images\baby_diapers_wips_16.webp,True,https://seif-online.com/en/product/mom-baby/baby-diapers-wips
Baby Diapers & Wips,Skin Care,,17,https://masterapi.witheldokan.com/storage/seif-pharmacies/uploads/615654-1758461334.webp,seif_output\images\baby_diapers_wips_17.webp,True,https://seif-online.com/en/product/mom-baby/baby-diapers-wips
Baby Diapers,Skin Care,,1,https://masterapi.witheldokan.com/storage/seif-pharmacies/uploads/615710 wnp-1754312907.webp,seif_output\images\baby_diapers_1.webp,True,https://seif-online.com/en/product/mom-baby/baby-diapers-wips/baby-diapers
Baby Diapers,Skin Care,,2,https://masterapi.witheldokan.com/storage/seif-pharmacies/uploads/615654-1758461334.webp,seif_output\images\baby_diapers_2.webp,True,https://seif-online.com/en/product/mom-baby/baby-diapers-wips/baby-diapers
Baby Diapers,Skin Care,,3,https://masterapi.witheldokan.com/storage/seif-pharmacies/uploads/279628.webp,seif_output\images\baby_diapers_3.webp,True,https://seif-online.com/en/product/mom-baby/baby-diapers-wips/baby-diapers
Baby Diapers,Skin Care,,4,https://masterapi.witheldokan.com/storage/seif-pharmacies/uploads/615653-1758461287.webp,seif_output\images\baby_diapers_4.webp,True,https://seif-online.com/en/product/mom-baby/baby-diapers-wips/baby-diapers
Baby Diapers,Skin Care,,5,https://masterapi.witheldokan.com/storage/seif-pharmacies/uploads/279627.webp,seif_output\images\baby_diapers_5.webp,True,https://seif-online.com/en/product/mom-baby/baby-diapers-wips/baby-diapers
Baby Diapers,Skin Care,,6,https://masterapi.witheldokan.com/storage/seif-pharmacies/uploads/312822.webp,seif_output\images\baby_diapers_6.webp,True,https://seif-online.com/en/product/mom-baby/baby-diapers-wips/baby-diapers
Baby Diapers,Skin Care,,7,https://masterapi.witheldokan.com/storage/seif-pharmacies/uploads/279596.webp,seif_output\images\baby_diapers_7.webp,True,https://seif-online.com/en/product/mom-baby/baby-diapers-wips/baby-diapers
Baby Diapers,Skin Care,,8,https://masterapi.witheldokan.com/storage/seif-pharmacies/uploads/394614.webp,seif_output\images\baby_diapers_8.webp,True,https://seif-online.com/en/product/mom-baby/baby-diapers-wips/baby-diapers
Baby Diapers,Skin Care,,9,https://masterapi.witheldokan.com/storage/seif-pharmacies/uploads/615651-1758461041.webp,seif_output\images\baby_diapers_9.webp,True,https://seif-online.com/en/product/mom-baby/baby-diapers-wips/baby-diapers
Baby Diapers,Skin Care,,10,https://masterapi.witheldokan.com/storage/seif-pharmacies/uploads/279629.webp,seif_output\images\baby_diapers_10.webp,True,https://seif-online.com/en/product/mom-baby/baby-diapers-wips/baby-diapers
Baby Diapers,Skin Care,,11,https://masterapi.witheldokan.com/storage/seif-pharmacies/uploads/279626.webp,seif_output\images\baby_diapers_11.webp,True,https://seif-online.com/en/product/mom-baby/baby-diapers-wips/baby-diapers
Baby Diapers,Skin Care,,12,https://masterapi.witheldokan.com/storage/seif-pharmacies/uploads/615655-1758461395.webp,seif_output\images\baby_diapers_12.webp,True,https://seif-online.com/en/product/mom-baby/baby-diapers-wips/baby-diapers
Baby Diapers,Skin Care,,13,https://masterapi.witheldokan.com/storage/seif-pharmacies/uploads/279630.webp,seif_output\images\baby_diapers_13.webp,True,https://seif-online.com/en/product/mom-baby/baby-diapers-wips/baby-diapers
Baby Diapers,Skin Care,,14,https://masterapi.witheldokan.com/storage/seif-pharmacies/uploads/279597.webp,seif_output\images\baby_diapers_14.webp,True,https://seif-online.com/en/product/mom-baby/baby-diapers-wips/baby-diapers
Baby Diapers,Skin Care,,15,https://masterapi.witheldokan.com/storage/seif-pharmacies/uploads/279595.webp,seif_output\images\baby_diapers_15.webp,True,https://seif-online.com/en/product/mom-baby/baby-diapers-wips/baby-diapers
Baby Diapers,Skin Care,,16,https://cdn.supercommerce.io/seif-pharmacies/uploads/617576-1768746058.webp,seif_output\images\baby_diapers_16.webp,True,https://seif-online.com/en/product/mom-baby/baby-diapers-wips/baby-diapers
Baby Diapers,Skin Care,,17,https://cdn.supercommerce.io/seif-pharmacies/uploads/617578-1768746694.webp,seif_output\images\baby_diapers_17.webp,True,https://seif-online.com/en/product/mom-baby/baby-diapers-wips/baby-diapers
Baby Diapers,Skin Care,,18,https://cdn.supercommerce.io/seif-pharmacies/uploads/617577-1768746380.webp,seif_output\images\baby_diapers_18.webp,True,https://seif-online.com/en/product/mom-baby/baby-diapers-wips/baby-diapers
Baby Diapers,Skin Care,,19,https://cdn.supercommerce.io/seif-pharmacies/uploads/618153-1770281183.webp,seif_output\images\baby_diapers_19.webp,True,https://seif-online.com/en/product/mom-baby/baby-diapers-wips/baby-diapers
Baby Diapers,Skin Care,,20,https://masterapi.witheldokan.com/storage/seif-pharmacies/uploads/279598.webp,seif_output\images\baby_diapers_20.webp,True,https://seif-online.com/en/product/mom-baby/baby-diapers-wips/baby-diapers
Baby Diapers,Skin Care,,21,https://masterapi.witheldokan.com/storage/seif-pharmacies/uploads/617539-1762951917.webp,seif_output\images\baby_diapers_21.webp,True,https://seif-online.com/en/product/mom-baby/baby-diapers-wips/baby-diapers
Baby Diapers,Skin Care,,22,https://masterapi.witheldokan.com/storage/seif-pharmacies/uploads/617540-1762951948.webp,seif_output\images\baby_diapers_22.webp,True,https://seif-online.com/en/product/mom-baby/baby-diapers-wips/baby-diapers
Baby Diapers,Skin Care,,23,https://masterapi.witheldokan.com/storage/seif-pharmacies/uploads/279602.webp,seif_output\images\baby_diapers_23.webp,True,https://seif-online.com/en/product/mom-baby/baby-diapers-wips/baby-diapers
Baby Diapers,Skin Care,,24,https://masterapi.witheldokan.com/storage/seif-pharmacies/uploads/279605.webp,seif_output\images\baby_diapers_24.webp,True,https://seif-online.com/en/product/mom-baby/baby-diapers-wips/baby-diapers
Baby Wipes,Skin Care,,1,https://cdn.supercommerce.io/seif-pharmacies/uploads/615697-1768470260.webp,seif_output\images\baby_wipes_1.webp,True,https://seif-online.com/en/product/mom-baby/baby-diapers-wips/baby-wipes
Baby Wipes,Skin Care,,2,https://cdn.supercommerce.io/seif-pharmacies/uploads/615693-1768469618.webp,seif_output\images\baby_wipes_2.webp,True,https://seif-online.com/en/product/mom-baby/baby-diapers-wips/baby-wipes
Baby Wipes,Skin Care,,3,https://masterapi.witheldokan.com/storage/seif-pharmacies/uploads/611266.webp,seif_output\images\baby_wipes_3.webp,True,https://seif-online.com/en/product/mom-baby/baby-diapers-wips/baby-wipes
Baby Wipes,Skin Care,,4,https://masterapi.witheldokan.com/storage/seif-pharmacies/uploads/613033.webp,seif_output\images\baby_wipes_4.webp,True,https://seif-online.com/en/product/mom-baby/baby-diapers-wips/baby-wipes
Baby Wipes,Skin Care,,5,https://masterapi.witheldokan.com/storage/seif-pharmacies/uploads/608955.webp,seif_output\images\baby_wipes_5.webp,True,https://seif-online.com/en/product/mom-baby/baby-diapers-wips/baby-wipes
Baby Wipes,Skin Care,,6,https://cdn.supercommerce.io/seif-pharmacies/uploads/615692-1768469494.webp,seif_output\images\baby_wipes_6.webp,True,https://seif-online.com/en/product/mom-baby/baby-diapers-wips/baby-wipes
Baby Wipes,Skin Care,,7,https://cdn.supercommerce.io/seif-pharmacies/uploads/615694-1768469734.webp,seif_output\images\baby_wipes_7.webp,True,https://seif-online.com/en/product/mom-baby/baby-diapers-wips/baby-wipes
Baby Wipes,Skin Care,,8,https://cdn.supercommerce.io/seif-pharmacies/uploads/615698-1768470353.webp,seif_output\images\baby_wipes_8.webp,True,https://seif-online.com/en/product/mom-baby/baby-diapers-wips/baby-wipes
Baby Wipes,Skin Care,,9,https://cdn.supercommerce.io/seif-pharmacies/uploads/615695-1768469831.webp,seif_output\images\baby_wipes_9.webp,True,https://seif-online.com/en/product/mom-baby/baby-diapers-wips/baby-wipes
Baby Wipes,Skin Care,,10,https://masterapi.witheldokan.com/storage/seif-pharmacies/uploads/613340.webp,seif_output\images\baby_wipes_10.webp,True,https://seif-online.com/en/product/mom-baby/baby-diapers-wips/baby-wipes
Baby Wipes,Skin Care,,11,https://masterapi.witheldokan.com/storage/seif-pharmacies/uploads/613339.webp,seif_output\images\baby_wipes_11.webp,True,https://seif-online.com/en/product/mom-baby/baby-diapers-wips/baby-wipes
Baby Wipes,Skin Care,,12,https://masterapi.witheldokan.com/storage/seif-pharmacies/uploads/611274.webp,seif_output\images\baby_wipes_12.webp,True,https://seif-online.com/en/product/mom-baby/baby-diapers-wips/baby-wipes
Baby Wipes,Skin Care,,13,https://masterapi.witheldokan.com/storage/seif-pharmacies/uploads/611276.webp,seif_output\images\baby_wipes_13.webp,True,https://seif-online.com/en/product/mom-baby/baby-diapers-wips/baby-wipes
Baby Wipes,Skin Care,,14,https://masterapi.witheldokan.com/storage/seif-pharmacies/uploads/611273.webp,seif_output\images\baby_wipes_14.webp,True,https://seif-online.com/en/product/mom-baby/baby-diapers-wips/baby-wipes
Baby Wipes,Skin Care,,15,https://masterapi.witheldokan.com/storage/seif-pharmacies/uploads/611726.webp,seif_output\images\baby_wipes_15.webp,True,https://seif-online.com/en/product/mom-baby/baby-diapers-wips/baby-wipes
Baby Wipes,Skin Care,,16,https://masterapi.witheldokan.com/storage/seif-pharmacies/uploads/265497.webp,seif_output\images\baby_wipes_16.webp,True,https://seif-online.com/en/product/mom-baby/baby-diapers-wips/baby-wipes
Headache&Fever,Skin Care,,1,https://masterapi.witheldokan.com/storage/seif-pharmacies/uploads/610139-1760273439.webp,seif_output\images\headachefever_1.webp,True,https://seif-online.com/en/product/medicine/headachefever
Headache&Fever,Skin Care,,2,https://masterapi.witheldokan.com/storage/seif-pharmacies/uploads/264781.webp,seif_output\images\headachefever_2.webp,True,https://seif-online.com/en/product/medicine/headachefever
Headache&Fever,Skin Care,,3,https://masterapi.witheldokan.com/storage/seif-pharmacies/uploads/3005.webp,seif_output\images\headachefever_3.webp,True,https://seif-online.com/en/product/medicine/headachefever
Headache&Fever,Skin Care,,4,https://masterapi.witheldokan.com/storage/seif-pharmacies/uploads/2218.webp,seif_output\images\headachefever_4.webp,True,https://seif-online.com/en/product/medicine/headachefever
Headache&Fever,Skin Care,,5,https://masterapi.witheldokan.com/storage/seif-pharmacies/uploads/613697.webp,seif_output\images\headachefever_5.webp,True,https://seif-online.com/en/product/medicine/headachefever
Headache&Fever,Skin Care,,6,https://masterapi.witheldokan.com/storage/seif-pharmacies/uploads/617532-1763285781.webp,seif_output\images\headachefever_6.webp,True,https://seif-online.com/en/product/medicine/headachefever
Headache&Fever,Skin Care,,7,https://masterapi.witheldokan.com/storage/seif-pharmacies/uploads/231707.webp,seif_output\images\headachefever_7.webp,True,https://seif-online.com/en/product/medicine/headachefever
Headache&Fever,Skin Care,,8,https://masterapi.witheldokan.com/storage/seif-pharmacies/uploads/860.webp,seif_output\images\headachefever_8.webp,True,https://seif-online.com/en/product/medicine/headachefever
Headache&Fever,Skin Care,,9,https://masterapi.witheldokan.com/storage/seif-pharmacies/uploads/180318.webp,seif_output\images\headachefever_9.webp,True,https://seif-online.com/en/product/medicine/headachefever
Headache&Fever,Skin Care,,10,https://masterapi.witheldokan.com/storage/seif-pharmacies/uploads/694.webp,seif_output\images\headachefever_10.webp,True,https://seif-online.com/en/product/medicine/headachefever
Headache&Fever,Skin Care,,11,https://masterapi.witheldokan.com/storage/seif-pharmacies/uploads/373656.webp,seif_output\images\headachefever_11.webp,True,https://seif-online.com/en/product/medicine/headachefever
Headache&Fever,Skin Care,,12,https://masterapi.witheldokan.com/storage/seif-pharmacies/uploads/65552.webp,seif_output\images\headachefever_12.webp,True,https://seif-online.com/en/product/medicine/headachefever
Headache&Fever,Skin Care,,13,https://masterapi.witheldokan.com/storage/seif-pharmacies/uploads/26862.webp,seif_output\images\headachefever_13.webp,True,https://seif-online.com/en/product/medicine/headachefever
Headache&Fever,Skin Care,,14,https://masterapi.witheldokan.com/storage/seif-pharmacies/uploads/266951.webp,seif_output\images\headachefever_14.webp,True,https://seif-online.com/en/product/medicine/headachefever
Headache&Fever,Skin Care,,15,https://cdn.supercommerce.io/seif-pharmacies/uploads/618321-1773212760.webp,seif_output\images\headachefever_15.webp,True,https://seif-online.com/en/product/medicine/headachefever
Headache&Fever,Skin Care,,16,https://masterapi.witheldokan.com/storage/seif-pharmacies/uploads/59666.webp,seif_output\images\headachefever_16.webp,True,https://seif-online.com/en/product/medicine/headachefever
Headache&Fever,Skin Care,,17,https://masterapi.witheldokan.com/storage/seif-pharmacies/uploads/26861.webp,seif_output\images\headachefever_17.webp,True,https://seif-online.com/en/product/medicine/headachefever
Headache&Fever,Skin Care,,18,https://masterapi.witheldokan.com/storage/seif-pharmacies/uploads/59465.webp,seif_output\images\headachefever_18.webp,True,https://seif-online.com/en/product/medicine/headachefever
Headache&Fever,Skin Care,,19,https://masterapi.witheldokan.com/storage/seif-pharmacies/uploads/316661.webp,seif_output\images\headachefever_19.webp,True,https://seif-online.com/en/product/medicine/headachefever
Headache&Fever,Skin Care,,20,https://masterapi.witheldokan.com/storage/seif-pharmacies/uploads/2192.webp,seif_output\images\headachefever_20.webp,True,https://seif-online.com/en/product/medicine/headachefever
Headache&Fever,Skin Care,,21,https://masterapi.witheldokan.com/storage/seif-pharmacies/uploads/617533-1763285750.webp,seif_output\images\headachefever_21.webp,True,https://seif-online.com/en/product/medicine/headachefever
Headache&Fever,Skin Care,,22,https://masterapi.witheldokan.com/storage/seif-pharmacies/uploads/98526.webp,seif_output\images\headachefever_22.webp,True,https://seif-online.com/en/product/medicine/headachefever
Migraine Treatment,Skin Care,,1,https://masterapi.witheldokan.com/storage/seif-pharmacies/uploads/180318.webp,seif_output\images\migraine_treatment_1.webp,True,https://seif-online.com/en/product/medicine/headachefever/migraine-treatment
Migraine Treatment,Skin Care,,2,https://cdn.supercommerce.io/seif-pharmacies/uploads/618321-1773212760.webp,seif_output\images\migraine_treatment_2.webp,True,https://seif-online.com/en/product/medicine/headachefever/migraine-treatment
Migraine Treatment,Skin Care,,3,https://masterapi.witheldokan.com/storage/seif-pharmacies/uploads/316661.webp,seif_output\images\migraine_treatment_3.webp,True,https://seif-online.com/en/product/medicine/headachefever/migraine-treatment
Migraine Treatment,Skin Care,,4,https://masterapi.witheldokan.com/storage/seif-pharmacies/uploads/403633.webp,seif_output\images\migraine_treatment_4.webp,True,https://seif-online.com/en/product/medicine/headachefever/migraine-treatment
Migraine Treatment,Skin Care,,5,https://masterapi.witheldokan.com/storage/seif-pharmacies/uploads/106906.webp,seif_output\images\migraine_treatment_5.webp,True,https://seif-online.com/en/product/medicine/headachefever/migraine-treatment
Migraine Treatment,Skin Care,,6,https://masterapi.witheldokan.com/storage/seif-pharmacies/uploads/304358.webp,seif_output\images\migraine_treatment_6.webp,True,https://seif-online.com/en/product/medicine/headachefever/migraine-treatment
Migraine Treatment,Skin Care,,7,https://cdn.supercommerce.io/seif-pharmacies/uploads/618083.webp,seif_output\images\migraine_treatment_7.webp,True,https://seif-online.com/en/product/medicine/headachefever/migraine-treatment
Migraine Treatment,Skin Care,,8,https://masterapi.witheldokan.com/storage/seif-pharmacies/uploads/49991.webp,seif_output\images\migraine_treatment_8.webp,True,https://seif-online.com/en/product/medicine/headachefever/migraine-treatment
Migraine Treatment,Skin Care,,9,https://masterapi.witheldokan.com/storage/seif-pharmacies/uploads/55640.webp,seif_output\images\migraine_treatment_9.webp,True,https://seif-online.com/en/product/medicine/headachefever/migraine-treatment
Migraine Treatment,Skin Care,,10,https://masterapi.witheldokan.com/storage/seif-pharmacies/uploads/323243.webp,seif_output\images\migraine_treatment_10.webp,True,https://seif-online.com/en/product/medicine/headachefever/migraine-treatment
Migraine Treatment,Skin Care,,11,https://masterapi.witheldokan.com/storage/seif-pharmacies/uploads/336386.webp,seif_output\images\migraine_treatment_11.webp,True,https://seif-online.com/en/product/medicine/headachefever/migraine-treatment
Migraine Treatment,Skin Care,,12,https://masterapi.witheldokan.com/storage/seif-pharmacies/uploads/384006.webp,seif_output\images\migraine_treatment_12.webp,True,https://seif-online.com/en/product/medicine/headachefever/migraine-treatment
Migraine Treatment,Skin Care,,13,https://masterapi.witheldokan.com/storage/seif-pharmacies/uploads/393303.webp,seif_output\images\migraine_treatment_13.webp,True,https://seif-online.com/en/product/medicine/headachefever/migraine-treatment
Migraine Treatment,Skin Care,,14,https://masterapi.witheldokan.com/storage/seif-pharmacies/uploads/393546.webp,seif_output\images\migraine_treatment_14.webp,True,https://seif-online.com/en/product/medicine/headachefever/migraine-treatment
Migraine Treatment,Skin Care,,15,https://masterapi.witheldokan.com/storage/seif-pharmacies/uploads/403632.webp,seif_output\images\migraine_treatment_15.webp,True,https://seif-online.com/en/product/medicine/headachefever/migraine-treatment
Migraine Treatment,Skin Care,,16,https://masterapi.witheldokan.com/storage/seif-pharmacies/uploads/608424.webp,seif_output\images\migraine_treatment_16.webp,True,https://seif-online.com/en/product/medicine/headachefever/migraine-treatment
Migraine Treatment,Skin Care,,17,https://masterapi.witheldokan.com/storage/seif-pharmacies/uploads/611979.webp,seif_output\images\migraine_treatment_17.webp,True,https://seif-online.com/en/product/medicine/headachefever/migraine-treatment
Migraine Treatment,Skin Care,,18,https://masterapi.witheldokan.com/storage/seif-pharmacies/uploads/612911.webp,seif_output\images\migraine_treatment_18.webp,True,https://seif-online.com/en/product/medicine/headachefever/migraine-treatment
Migraine Treatment,Skin Care,,19,https://masterapi.witheldokan.com/storage/seif-pharmacies/uploads/611673-1760272483.webp,seif_output\images\migraine_treatment_19.webp,True,https://seif-online.com/en/product/medicine/headachefever/migraine-treatment
Non- Narcotic Analgesic,Skin Care,,1,https://masterapi.witheldokan.com/storage/seif-pharmacies/uploads/610139-1760273439.webp,seif_output\images\non_narcotic_analgesic_1.webp,True,https://seif-online.com/en/product/medicine/headachefever/non-narcotic-analgesic
Non- Narcotic Analgesic,Skin Care,,2,https://masterapi.witheldokan.com/storage/seif-pharmacies/uploads/264781.webp,seif_output\images\non_narcotic_analgesic_2.webp,True,https://seif-online.com/en/product/medicine/headachefever/non-narcotic-analgesic
Non- Narcotic Analgesic,Skin Care,,3,https://masterapi.witheldokan.com/storage/seif-pharmacies/uploads/3005.webp,seif_output\images\non_narcotic_analgesic_3.webp,True,https://seif-online.com/en/product/medicine/headachefever/non-narcotic-analgesic
Non- Narcotic Analgesic,Skin Care,,4,https://masterapi.witheldokan.com/storage/seif-pharmacies/uploads/2218.webp,seif_output\images\non_narcotic_analgesic_4.webp,True,https://seif-online.com/en/product/medicine/headachefever/non-narcotic-analgesic
Non- Narcotic Analgesic,Skin Care,,5,https://masterapi.witheldokan.com/storage/seif-pharmacies/uploads/613697.webp,seif_output\images\non_narcotic_analgesic_5.webp,True,https://seif-online.com/en/product/medicine/headachefever/non-narcotic-analgesic
Non- Narcotic Analgesic,Skin Care,,6,https://masterapi.witheldokan.com/storage/seif-pharmacies/uploads/617532-1763285781.webp,seif_output\images\non_narcotic_analgesic_6.webp,True,https://seif-online.com/en/product/medicine/headachefever/non-narcotic-analgesic
Non- Narcotic Analgesic,Skin Care,,7,https://masterapi.witheldokan.com/storage/seif-pharmacies/uploads/231707.webp,seif_output\images\non_narcotic_analgesic_7.webp,True,https://seif-online.com/en/product/medicine/headachefever/non-narcotic-analgesic
Non- Narcotic Analgesic,Skin Care,,8,https://masterapi.witheldokan.com/storage/seif-pharmacies/uploads/860.webp,seif_output\images\non_narcotic_analgesic_8.webp,True,https://seif-online.com/en/product/medicine/headachefever/non-narcotic-analgesic
Non- Narcotic Analgesic,Skin Care,,9,https://masterapi.witheldokan.com/storage/seif-pharmacies/uploads/694.webp,seif_output\images\non_narcotic_analgesic_9.webp,True,https://seif-online.com/en/product/medicine/headachefever/non-narcotic-analgesic
Non- Narcotic Analgesic,Skin Care,,10,https://masterapi.witheldokan.com/storage/seif-pharmacies/uploads/373656.webp,seif_output\images\non_narcotic_analgesic_10.webp,True,https://seif-online.com/en/product/medicine/headachefever/non-narcotic-analgesic
Non- Narcotic Analgesic,Skin Care,,11,https://masterapi.witheldokan.com/storage/seif-pharmacies/uploads/65552.webp,seif_output\images\non_narcotic_analgesic_11.webp,True,https://seif-online.com/en/product/medicine/headachefever/non-narcotic-analgesic
Non- Narcotic Analgesic,Skin Care,,12,https://masterapi.witheldokan.com/storage/seif-pharmacies/uploads/26862.webp,seif_output\images\non_narcotic_analgesic_12.webp,True,https://seif-online.com/en/product/medicine/headachefever/non-narcotic-analgesic
Non- Narcotic Analgesic,Skin Care,,13,https://masterapi.witheldokan.com/storage/seif-pharmacies/uploads/266951.webp,seif_output\images\non_narcotic_analgesic_13.webp,True,https://seif-online.com/en/product/medicine/headachefever/non-narcotic-analgesic
Non- Narcotic Analgesic,Skin Care,,14,https://masterapi.witheldokan.com/storage/seif-pharmacies/uploads/59666.webp,seif_output\images\non_narcotic_analgesic_14.webp,True,https://seif-online.com/en/product/medicine/headachefever/non-narcotic-analgesic
Non- Narcotic Analgesic,Skin Care,,15,https://masterapi.witheldokan.com/storage/seif-pharmacies/uploads/26861.webp,seif_output\images\non_narcotic_analgesic_15.webp,True,https://seif-online.com/en/product/medicine/headachefever/non-narcotic-analgesic
Non- Narcotic Analgesic,Skin Care,,16,https://masterapi.witheldokan.com/storage/seif-pharmacies/uploads/59465.webp,seif_output\images\non_narcotic_analgesic_16.webp,True,https://seif-online.com/en/product/medicine/headachefever/non-narcotic-analgesic
Non- Narcotic Analgesic,Skin Care,,17,https://masterapi.witheldokan.com/storage/seif-pharmacies/uploads/2192.webp,seif_output\images\non_narcotic_analgesic_17.webp,True,https://seif-online.com/en/product/medicine/headachefever/non-narcotic-analgesic
Non- Narcotic Analgesic,Skin Care,,18,https://masterapi.witheldokan.com/storage/seif-pharmacies/uploads/617533-1763285750.webp,seif_output\images\non_narcotic_analgesic_18.webp,True,https://seif-online.com/en/product/medicine/headachefever/non-narcotic-analgesic
Non- Narcotic Analgesic,Skin Care,,19,https://masterapi.witheldokan.com/storage/seif-pharmacies/uploads/98526.webp,seif_output\images\non_narcotic_analgesic_19.webp,True,https://seif-online.com/en/product/medicine/headachefever/non-narcotic-analgesic
Non- Narcotic Analgesic,Skin Care,,20,https://masterapi.witheldokan.com/storage/seif-pharmacies/uploads/1991.webp,seif_output\images\non_narcotic_analgesic_20.webp,True,https://seif-online.com/en/product/medicine/headachefever/non-narcotic-analgesic
Non- Narcotic Analgesic,Skin Care,,21,https://masterapi.witheldokan.com/storage/seif-pharmacies/uploads/721.webp,seif_output\images\non_narcotic_analgesic_21.webp,True,https://seif-online.com/en/product/medicine/headachefever/non-narcotic-analgesic
Non- Narcotic Analgesic,Skin Care,,22,https://masterapi.witheldokan.com/storage/seif-pharmacies/uploads/2197.webp,seif_output\images\non_narcotic_analgesic_22.webp,True,https://seif-online.com/en/product/medicine/headachefever/non-narcotic-analgesic
Food & Beverages,Skin Care,,1,https://masterapi.witheldokan.com/storage/seif-pharmacies/uploads/377527.webp,seif_output\images\food_beverages_1.webp,True,https://seif-online.com/en/product/medicine/food-beverages
Food & Beverages,Skin Care,,2,https://masterapi.witheldokan.com/storage/seif-pharmacies/uploads/30519.webp,seif_output\images\food_beverages_2.webp,True,https://seif-online.com/en/product/medicine/food-beverages
Food & Beverages,Skin Care,,3,https://masterapi.witheldokan.com/storage/seif-pharmacies/uploads/322249.webp,seif_output\images\food_beverages_3.webp,True,https://seif-online.com/en/product/medicine/food-beverages
Food & Beverages,Skin Care,,4,https://masterapi.witheldokan.com/storage/seif-pharmacies/uploads/375209.webp,seif_output\images\food_beverages_4.webp,True,https://seif-online.com/en/product/medicine/food-beverages
Salt Substitute,Skin Care,,1,https://masterapi.witheldokan.com/storage/seif-pharmacies/uploads/377527.webp,seif_output\images\salt_substitute_1.webp,True,https://seif-online.com/en/product/medicine/food-beverages/salt-substitute
Salt Substitute,Skin Care,,2,https://masterapi.witheldokan.com/storage/seif-pharmacies/uploads/30519.webp,seif_output\images\salt_substitute_2.webp,True,https://seif-online.com/en/product/medicine/food-beverages/salt-substitute
Honey & Bee products,Skin Care,,1,https://masterapi.witheldokan.com/storage/seif-pharmacies/uploads/322249.webp,seif_output\images\honey_bee_products_1.webp,True,https://seif-online.com/en/product/medicine/food-beverages/honey-bee-products
Honey & Bee products,Skin Care,,2,https://masterapi.witheldokan.com/storage/seif-pharmacies/uploads/375209.webp,seif_output\images\honey_bee_products_2.webp,True,https://seif-online.com/en/product/medicine/food-beverages/honey-bee-products
Vitamins &/Or Minerals,Skin Care,,1,https://masterapi.witheldokan.com/storage/seif-pharmacies/uploads/396518.webp,seif_output\images\vitamins_or_minerals_1.webp,True,https://seif-online.com/en/product/medicine/vitamins-or-minerals
Vitamins &/Or Minerals,Skin Care,,2,https://masterapi.witheldokan.com/storage/seif-pharmacies/uploads/431663.webp,seif_output\images\vitamins_or_minerals_2.webp,True,https://seif-online.com/en/product/medicine/vitamins-or-minerals
Vitamins &/Or Minerals,Skin Care,,3,https://masterapi.witheldokan.com/storage/seif-pharmacies/uploads/38474.webp,seif_output\images\vitamins_or_minerals_3.webp,True,https://seif-online.com/en/product/medicine/vitamins-or-minerals
Vitamins &/Or Minerals,Skin Care,,4,https://masterapi.witheldokan.com/storage/seif-pharmacies/uploads/168846.webp,seif_output\images\vitamins_or_minerals_4.webp,True,https://seif-online.com/en/product/medicine/vitamins-or-minerals
Vitamins &/Or Minerals,Skin Care,,5,https://masterapi.witheldokan.com/storage/seif-pharmacies/uploads/388776.webp,seif_output\images\vitamins_or_minerals_5.webp,True,https://seif-online.com/en/product/medicine/vitamins-or-minerals
Vitamins &/Or Minerals,Skin Care,,6,https://masterapi.witheldokan.com/storage/seif-pharmacies/uploads/47841.webp,seif_output\images\vitamins_or_minerals_6.webp,True,https://seif-online.com/en/product/medicine/vitamins-or-minerals
Vitamins &/Or Minerals,Skin Care,,7,https://masterapi.witheldokan.com/storage/seif-pharmacies/uploads/38104.webp,seif_output\images\vitamins_or_minerals_7.webp,True,https://seif-online.com/en/product/medicine/vitamins-or-minerals
Vitamins &/Or Minerals,Skin Care,,8,https://masterapi.witheldokan.com/storage/seif-pharmacies/uploads/48881.webp,seif_output\images\vitamins_or_minerals_8.webp,True,https://seif-online.com/en/product/medicine/vitamins-or-minerals
Vitamins &/Or Minerals,Skin Care,,9,https://masterapi.witheldokan.com/storage/seif-pharmacies/uploads/296331.webp,seif_output\images\vitamins_or_minerals_9.webp,True,https://seif-online.com/en/product/medicine/vitamins-or-minerals
Vitamins &/Or Minerals,Skin Care,,10,https://masterapi.witheldokan.com/storage/seif-pharmacies/uploads/614721.webp,seif_output\images\vitamins_or_minerals_10.webp,True,https://seif-online.com/en/product/medicine/vitamins-or-minerals
Vitamins &/Or Minerals,Skin Care,,11,https://cdn.supercommerce.io/seif-pharmacies/uploads/617990-1769499682.webp,seif_output\images\vitamins_or_minerals_11.webp,True,https://seif-online.com/en/product/medicine/vitamins-or-minerals
Vitamins &/Or Minerals,Skin Care,,12,https://masterapi.witheldokan.com/storage/seif-pharmacies/uploads/32406.webp,seif_output\images\vitamins_or_minerals_12.webp,True,https://seif-online.com/en/product/medicine/vitamins-or-minerals
Vitamins &/Or Minerals,Skin Care,,13,https://masterapi.witheldokan.com/storage/seif-pharmacies/uploads/604352.webp,seif_output\images\vitamins_or_minerals_13.webp,True,https://seif-online.com/en/product/medicine/vitamins-or-minerals
Vitamins &/Or Minerals,Skin Care,,14,https://masterapi.witheldokan.com/storage/seif-pharmacies/uploads/377842.webp,seif_output\images\vitamins_or_minerals_14.webp,True,https://seif-online.com/en/product/medicine/vitamins-or-minerals
Vitamins &/Or Minerals,Skin Care,,15,https://masterapi.witheldokan.com/storage/seif-pharmacies/uploads/45031.webp,seif_output\images\vitamins_or_minerals_15.webp,True,https://seif-online.com/en/product/medicine/vitamins-or-minerals
Vitamins &/Or Minerals,Skin Care,,16,https://masterapi.witheldokan.com/storage/seif-pharmacies/uploads/608452.webp,seif_output\images\vitamins_or_minerals_16.webp,True,https://seif-online.com/en/product/medicine/vitamins-or-minerals
Vitamins &/Or Minerals,Skin Care,,17,https://masterapi.witheldokan.com/storage/seif-pharmacies/uploads/601590.webp,seif_output\images\vitamins_or_minerals_17.webp,True,https://seif-online.com/en/product/medicine/vitamins-or-minerals
Vitamins &/Or Minerals,Skin Care,,18,https://masterapi.witheldokan.com/storage/seif-pharmacies/uploads/382743.webp,seif_output\images\vitamins_or_minerals_18.webp,True,https://seif-online.com/en/product/medicine/vitamins-or-minerals
Vitamins &/Or Minerals,Skin Care,,19,https://masterapi.witheldokan.com/storage/seif-pharmacies/uploads/30361.webp,seif_output\images\vitamins_or_minerals_19.webp,True,https://seif-online.com/en/product/medicine/vitamins-or-minerals
Vitamins &/Or Minerals,Skin Care,,20,https://masterapi.witheldokan.com/storage/seif-pharmacies/uploads/99033.webp,seif_output\images\vitamins_or_minerals_20.webp,True,https://seif-online.com/en/product/medicine/vitamins-or-minerals
Vitamins &/Or Minerals,Skin Care,,21,https://masterapi.witheldokan.com/storage/seif-pharmacies/uploads/46130.webp,seif_output\images\vitamins_or_minerals_21.webp,True,https://seif-online.com/en/product/medicine/vitamins-or-minerals
Vitamins &/Or Minerals,Skin Care,,22,https://cdn.supercommerce.io/seif-pharmacies/uploads/618044-1769519690.webp,seif_output\images\vitamins_or_minerals_22.webp,True,https://seif-online.com/en/product/medicine/vitamins-or-minerals
Vitamins &/Or Minerals,Skin Care,,23,https://masterapi.witheldokan.com/storage/seif-pharmacies/uploads/397466.webp,seif_output\images\vitamins_or_minerals_23.webp,True,https://seif-online.com/en/product/medicine/vitamins-or-minerals
Multivitamins,Skin Care,,1,https://masterapi.witheldokan.com/storage/seif-pharmacies/uploads/396518.webp,seif_output\images\multivitamins_1.webp,True,https://seif-online.com/en/product/medicine/vitamins-or-minerals/multivitamins
Multivitamins,Skin Care,,2,https://masterapi.witheldokan.com/storage/seif-pharmacies/uploads/431663.webp,seif_output\images\multivitamins_2.webp,True,https://seif-online.com/en/product/medicine/vitamins-or-minerals/multivitamins
Multivitamins,Skin Care,,3,https://masterapi.witheldokan.com/storage/seif-pharmacies/uploads/38474.webp,seif_output\images\multivitamins_3.webp,True,https://seif-online.com/en/product/medicine/vitamins-or-minerals/multivitamins
Multivitamins,Skin Care,,4,https://masterapi.witheldokan.com/storage/seif-pharmacies/uploads/168846.webp,seif_output\images\multivitamins_4.webp,True,https://seif-online.com/en/product/medicine/vitamins-or-minerals/multivitamins
Multivitamins,Skin Care,,5,https://masterapi.witheldokan.com/storage/seif-pharmacies/uploads/388776.webp,seif_output\images\multivitamins_5.webp,True,https://seif-online.com/en/product/medicine/vitamins-or-minerals/multivitamins
Multivitamins,Skin Care,,6,https://masterapi.witheldokan.com/storage/seif-pharmacies/uploads/47841.webp,seif_output\images\multivitamins_6.webp,True,https://seif-online.com/en/product/medicine/vitamins-or-minerals/multivitamins
Multivitamins,Skin Care,,7,https://masterapi.witheldokan.com/storage/seif-pharmacies/uploads/38104.webp,seif_output\images\multivitamins_7.webp,True,https://seif-online.com/en/product/medicine/vitamins-or-minerals/multivitamins
Multivitamins,Skin Care,,8,https://masterapi.witheldokan.com/storage/seif-pharmacies/uploads/48881.webp,seif_output\images\multivitamins_8.webp,True,https://seif-online.com/en/product/medicine/vitamins-or-minerals/multivitamins
Multivitamins,Skin Care,,9,https://masterapi.witheldokan.com/storage/seif-pharmacies/uploads/296331.webp,seif_output\images\multivitamins_9.webp,True,https://seif-online.com/en/product/medicine/vitamins-or-minerals/multivitamins
Multivitamins,Skin Care,,10,https://masterapi.witheldokan.com/storage/seif-pharmacies/uploads/614721.webp,seif_output\images\multivitamins_10.webp,True,https://seif-online.com/en/product/medicine/vitamins-or-minerals/multivitamins
Multivitamins,Skin Care,,11,https://cdn.supercommerce.io/seif-pharmacies/uploads/617990-1769499682.webp,seif_output\images\multivitamins_11.webp,True,https://seif-online.com/en/product/medicine/vitamins-or-minerals/multivitamins
Multivitamins,Skin Care,,12,https://masterapi.witheldokan.com/storage/seif-pharmacies/uploads/32406.webp,seif_output\images\multivitamins_12.webp,True,https://seif-online.com/en/product/medicine/vitamins-or-minerals/multivitamins
Multivitamins,Skin Care,,13,https://masterapi.witheldokan.com/storage/seif-pharmacies/uploads/604352.webp,seif_output\images\multivitamins_13.webp,True,https://seif-online.com/en/product/medicine/vitamins-or-minerals/multivitamins
Multivitamins,Skin Care,,14,https://masterapi.witheldokan.com/storage/seif-pharmacies/uploads/377842.webp,seif_output\images\multivitamins_14.webp,True,https://seif-online.com/en/product/medicine/vitamins-or-minerals/multivitamins
Multivitamins,Skin Care,,15,https://masterapi.witheldokan.com/storage/seif-pharmacies/uploads/45031.webp,seif_output\images\multivitamins_15.webp,True,https://seif-online.com/en/product/medicine/vitamins-or-minerals/multivitamins
Multivitamins,Skin Care,,16,https://masterapi.witheldokan.com/storage/seif-pharmacies/uploads/608452.webp,seif_output\images\multivitamins_16.webp,True,https://seif-online.com/en/product/medicine/vitamins-or-minerals/multivitamins
Multivitamins,Skin Care,,17,https://masterapi.witheldokan.com/storage/seif-pharmacies/uploads/601590.webp,seif_output\images\multivitamins_17.webp,True,https://seif-online.com/en/product/medicine/vitamins-or-minerals/multivitamins
Multivitamins,Skin Care,,18,https://masterapi.witheldokan.com/storage/seif-pharmacies/uploads/382743.webp,seif_output\images\multivitamins_18.webp,True,https://seif-online.com/en/product/medicine/vitamins-or-minerals/multivitamins
Multivitamins,Skin Care,,19,https://masterapi.witheldokan.com/storage/seif-pharmacies/uploads/30361.webp,seif_output\images\multivitamins_19.webp,True,https://seif-online.com/en/product/medicine/vitamins-or-minerals/multivitamins
Multivitamins,Skin Care,,20,https://masterapi.witheldokan.com/storage/seif-pharmacies/uploads/99033.webp,seif_output\images\multivitamins_20.webp,True,https://seif-online.com/en/product/medicine/vitamins-or-minerals/multivitamins
Multivitamins,Skin Care,,21,https://masterapi.witheldokan.com/storage/seif-pharmacies/uploads/46130.webp,seif_output\images\multivitamins_21.webp,True,https://seif-online.com/en/product/medicine/vitamins-or-minerals/multivitamins
Multivitamins,Skin Care,,22,https://cdn.supercommerce.io/seif-pharmacies/uploads/618044-1769519690.webp,seif_output\images\multivitamins_22.webp,True,https://seif-online.com/en/product/medicine/vitamins-or-minerals/multivitamins
Multivitamins,Skin Care,,23,https://masterapi.witheldokan.com/storage/seif-pharmacies/uploads/397466.webp,seif_output\images\multivitamins_23.webp,True,https://seif-online.com/en/product/medicine/vitamins-or-minerals/multivitamins
Hair Tonic,Skin Care,,1,https://cdn.supercommerce.io/seif-pharmacies/uploads/617099.jpg,seif_output\images\hair_tonic_1.jpg,True,https://seif-online.com/en/product/medicine/vitamins-or-minerals/hair-tonic-vitamin
Hair Tonic,Skin Care,,2,https://masterapi.witheldokan.com/storage/seif-pharmacies/uploads/613293.webp,seif_output\images\hair_tonic_2.webp,True,https://seif-online.com/en/product/medicine/vitamins-or-minerals/hair-tonic-vitamin
Hair Tonic,Skin Care,,3,https://masterapi.witheldokan.com/storage/seif-pharmacies/uploads/604862.webp,seif_output\images\hair_tonic_3.webp,True,https://seif-online.com/en/product/medicine/vitamins-or-minerals/hair-tonic-vitamin
Hair Tonic,Skin Care,,4,https://cdn.supercommerce.io/seif-pharmacies/uploads/615110-1773215235.webp,seif_output\images\hair_tonic_4.webp,True,https://seif-online.com/en/product/medicine/vitamins-or-minerals/hair-tonic-vitamin
Hair Tonic,Skin Care,,5,https://cdn.supercommerce.io/seif-pharmacies/uploads/616796-1775469654.webp,seif_output\images\hair_tonic_5.webp,True,https://seif-online.com/en/product/medicine/vitamins-or-minerals/hair-tonic-vitamin
Hair Tonic,Skin Care,,6,https://masterapi.witheldokan.com/storage/seif-pharmacies/uploads/614874.webp,seif_output\images\hair_tonic_6.webp,True,https://seif-online.com/en/product/medicine/vitamins-or-minerals/hair-tonic-vitamin
Hair Tonic,Skin Care,,7,https://cdn.supercommerce.io/seif-pharmacies/uploads/617888-1769518429.webp,seif_output\images\hair_tonic_7.webp,True,https://seif-online.com/en/product/medicine/vitamins-or-minerals/hair-tonic-vitamin
Hair Tonic,Skin Care,,8,https://masterapi.witheldokan.com/storage/seif-pharmacies/uploads/374299.webp,seif_output\images\hair_tonic_8.webp,True,https://seif-online.com/en/product/medicine/vitamins-or-minerals/hair-tonic-vitamin
Hair Tonic,Skin Care,,9,https://masterapi.witheldokan.com/storage/seif-pharmacies/uploads/608235.webp,seif_output\images\hair_tonic_9.webp,True,https://seif-online.com/en/product/medicine/vitamins-or-minerals/hair-tonic-vitamin
Hair Tonic,Skin Care,,10,https://masterapi.witheldokan.com/storage/seif-pharmacies/uploads/608732.webp,seif_output\images\hair_tonic_10.webp,True,https://seif-online.com/en/product/medicine/vitamins-or-minerals/hair-tonic-vitamin
Mouth & Gum Care,Skin Care,,1,https://masterapi.witheldokan.com/storage/seif-pharmacies/uploads/2711.webp,seif_output\images\mouth_gum_care_1.webp,True,https://seif-online.com/en/product/medicine/mouth-gum-care
Mouth & Gum Care,Skin Care,,2,https://masterapi.witheldokan.com/storage/seif-pharmacies/uploads/613747.webp,seif_output\images\mouth_gum_care_2.webp,True,https://seif-online.com/en/product/medicine/mouth-gum-care
Mouth & Gum Care,Skin Care,,3,https://masterapi.witheldokan.com/storage/seif-pharmacies/uploads/2134.webp,seif_output\images\mouth_gum_care_3.webp,True,https://seif-online.com/en/product/medicine/mouth-gum-care
Mouth & Gum Care,Skin Care,,4,https://masterapi.witheldokan.com/storage/seif-pharmacies/uploads/3412.webp,seif_output\images\mouth_gum_care_4.webp,True,https://seif-online.com/en/product/medicine/mouth-gum-care
Mouth & Gum Care,Skin Care,,5,https://masterapi.witheldokan.com/storage/seif-pharmacies/uploads/613748.webp,seif_output\images\mouth_gum_care_5.webp,True,https://seif-online.com/en/product/medicine/mouth-gum-care
Mouth & Gum Care,Skin Care,,6,https://masterapi.witheldokan.com/storage/seif-pharmacies/uploads/67092.webp,seif_output\images\mouth_gum_care_6.webp,True,https://seif-online.com/en/product/medicine/mouth-gum-care
Mouth & Gum Care,Skin Care,,7,https://masterapi.witheldokan.com/storage/seif-pharmacies/uploads/63226.webp,seif_output\images\mouth_gum_care_7.webp,True,https://seif-online.com/en/product/medicine/mouth-gum-care
Mouth & Gum Care,Skin Care,,8,https://masterapi.witheldokan.com/storage/seif-pharmacies/uploads/403759.webp,seif_output\images\mouth_gum_care_8.webp,True,https://seif-online.com/en/product/medicine/mouth-gum-care
Mouth & Gum Care,Skin Care,,9,https://masterapi.witheldokan.com/storage/seif-pharmacies/uploads/607542.webp,seif_output\images\mouth_gum_care_9.webp,True,https://seif-online.com/en/product/medicine/mouth-gum-care
Mouth & Gum Care,Skin Care,,10,https://masterapi.witheldokan.com/storage/seif-pharmacies/uploads/52962.webp,seif_output\images\mouth_gum_care_10.webp,True,https://seif-online.com/en/product/medicine/mouth-gum-care
Mouth & Gum Care,Skin Care,,11,https://masterapi.witheldokan.com/storage/seif-pharmacies/uploads/2290.webp,seif_output\images\mouth_gum_care_11.webp,True,https://seif-online.com/en/product/medicine/mouth-gum-care
Mouth & Gum Care,Skin Care,,12,https://masterapi.witheldokan.com/storage/seif-pharmacies/uploads/63229.webp,seif_output\images\mouth_gum_care_12.webp,True,https://seif-online.com/en/product/medicine/mouth-gum-care
Mouth & Gum Care,Skin Care,,13,https://masterapi.witheldokan.com/storage/seif-pharmacies/uploads/179594.webp,seif_output\images\mouth_gum_care_13.webp,True,https://seif-online.com/en/product/medicine/mouth-gum-care
Mouth & Gum Care,Skin Care,,14,https://masterapi.witheldokan.com/storage/seif-pharmacies/uploads/609033.webp,seif_output\images\mouth_gum_care_14.webp,True,https://seif-online.com/en/product/medicine/mouth-gum-care
Mouth & Gum Care,Skin Care,,15,https://masterapi.witheldokan.com/storage/seif-pharmacies/uploads/347731.webp,seif_output\images\mouth_gum_care_15.webp,True,https://seif-online.com/en/product/medicine/mouth-gum-care
Mouth & Gum Care,Skin Care,,16,https://masterapi.witheldokan.com/storage/seif-pharmacies/uploads/609034.webp,seif_output\images\mouth_gum_care_16.webp,True,https://seif-online.com/en/product/medicine/mouth-gum-care
Mouth & Gum Care,Skin Care,,17,https://cdn.supercommerce.io/seif-pharmacies/uploads/311593.webp,seif_output\images\mouth_gum_care_17.webp,True,https://seif-online.com/en/product/medicine/mouth-gum-care
Mouthwash & Gargle.,Skin Care,,1,https://masterapi.witheldokan.com/storage/seif-pharmacies/uploads/2134.webp,seif_output\images\mouthwash_gargle_1.webp,True,https://seif-online.com/en/product/medicine/mouth-gum-care/mouthwash-gargle-medicines
Mouthwash & Gargle.,Skin Care,,2,https://masterapi.witheldokan.com/storage/seif-pharmacies/uploads/403759.webp,seif_output\images\mouthwash_gargle_2.webp,True,https://seif-online.com/en/product/medicine/mouth-gum-care/mouthwash-gargle-medicines
Mouthwash & Gargle.,Skin Care,,3,https://masterapi.witheldokan.com/storage/seif-pharmacies/uploads/52962.webp,seif_output\images\mouthwash_gargle_3.webp,True,https://seif-online.com/en/product/medicine/mouth-gum-care/mouthwash-gargle-medicines
Mouthwash & Gargle.,Skin Care,,4,https://masterapi.witheldokan.com/storage/seif-pharmacies/uploads/347731.webp,seif_output\images\mouthwash_gargle_4.webp,True,https://seif-online.com/en/product/medicine/mouth-gum-care/mouthwash-gargle-medicines
Mouthwash & Gargle.,Skin Care,,5,https://masterapi.witheldokan.com/storage/seif-pharmacies/uploads/312080.webp,seif_output\images\mouthwash_gargle_5.webp,True,https://seif-online.com/en/product/medicine/mouth-gum-care/mouthwash-gargle-medicines
Mouthwash & Gargle.,Skin Care,,6,https://masterapi.witheldokan.com/storage/seif-pharmacies/uploads/69028.webp,seif_output\images\mouthwash_gargle_6.webp,True,https://seif-online.com/en/product/medicine/mouth-gum-care/mouthwash-gargle-medicines
Mouthwash & Gargle.,Skin Care,,7,https://masterapi.witheldokan.com/storage/seif-pharmacies/uploads/115869.webp,seif_output\images\mouthwash_gargle_7.webp,True,https://seif-online.com/en/product/medicine/mouth-gum-care/mouthwash-gargle-medicines
Mouthwash & Gargle.,Skin Care,,8,https://masterapi.witheldokan.com/storage/seif-pharmacies/uploads/3454.webp,seif_output\images\mouthwash_gargle_8.webp,True,https://seif-online.com/en/product/medicine/mouth-gum-care/mouthwash-gargle-medicines
Mouthwash & Gargle.,Skin Care,,9,https://masterapi.witheldokan.com/storage/seif-pharmacies/uploads/613417.webp,seif_output\images\mouthwash_gargle_9.webp,True,https://seif-online.com/en/product/medicine/mouth-gum-care/mouthwash-gargle-medicines
Mouthwash & Gargle.,Skin Care,,10,https://masterapi.witheldokan.com/storage/seif-pharmacies/uploads/602244.webp,seif_output\images\mouthwash_gargle_10.webp,True,https://seif-online.com/en/product/medicine/mouth-gum-care/mouthwash-gargle-medicines
Mouthwash & Gargle.,Skin Care,,11,https://masterapi.witheldokan.com/storage/seif-pharmacies/uploads/346561.webp,seif_output\images\mouthwash_gargle_11.webp,True,https://seif-online.com/en/product/medicine/mouth-gum-care/mouthwash-gargle-medicines
Mouthwash & Gargle.,Skin Care,,12,https://masterapi.witheldokan.com/storage/seif-pharmacies/uploads/305279.webp,seif_output\images\mouthwash_gargle_12.webp,True,https://seif-online.com/en/product/medicine/mouth-gum-care/mouthwash-gargle-medicines
Mouthwash & Gargle.,Skin Care,,13,https://masterapi.witheldokan.com/storage/seif-pharmacies/uploads/305278.webp,seif_output\images\mouthwash_gargle_13.webp,True,https://seif-online.com/en/product/medicine/mouth-gum-care/mouthwash-gargle-medicines
Mouthwash & Gargle.,Skin Care,,14,https://masterapi.witheldokan.com/storage/seif-pharmacies/uploads/324875.webp,seif_output\images\mouthwash_gargle_14.webp,True,https://seif-online.com/en/product/medicine/mouth-gum-care/mouthwash-gargle-medicines
Mouthwash & Gargle.,Skin Care,,15,https://masterapi.witheldokan.com/storage/seif-pharmacies/uploads/611651.webp,seif_output\images\mouthwash_gargle_15.webp,True,https://seif-online.com/en/product/medicine/mouth-gum-care/mouthwash-gargle-medicines
Mouthwash & Gargle.,Skin Care,,16,https://masterapi.witheldokan.com/storage/seif-pharmacies/uploads/606292.webp,seif_output\images\mouthwash_gargle_16.webp,True,https://seif-online.com/en/product/medicine/mouth-gum-care/mouthwash-gargle-medicines
Mouthwash & Gargle.,Skin Care,,17,https://masterapi.witheldokan.com/storage/seif-pharmacies/uploads/611652.webp,seif_output\images\mouthwash_gargle_17.webp,True,https://seif-online.com/en/product/medicine/mouth-gum-care/mouthwash-gargle-medicines
Mouthwash & Gargle.,Skin Care,,18,https://masterapi.witheldokan.com/storage/seif-pharmacies/uploads/401336.webp,seif_output\images\mouthwash_gargle_18.webp,True,https://seif-online.com/en/product/medicine/mouth-gum-care/mouthwash-gargle-medicines
Mouthwash & Gargle.,Skin Care,,19,https://masterapi.witheldokan.com/storage/seif-pharmacies/uploads/113725.webp,seif_output\images\mouthwash_gargle_19.webp,True,https://seif-online.com/en/product/medicine/mouth-gum-care/mouthwash-gargle-medicines
Teeth & Gum Care,Skin Care,,1,https://masterapi.witheldokan.com/storage/seif-pharmacies/uploads/321828.webp,seif_output\images\teeth_gum_care_1.webp,True,https://seif-online.com/en/product/medicine/mouth-gum-care/teeth-gum-care
Lozenges,Skin Care,,1,https://masterapi.witheldokan.com/storage/seif-pharmacies/uploads/2711.webp,seif_output\images\lozenges_1.webp,True,https://seif-online.com/en/product/medicine/mouth-gum-care/lozenges
Lozenges,Skin Care,,2,https://masterapi.witheldokan.com/storage/seif-pharmacies/uploads/613747.webp,seif_output\images\lozenges_2.webp,True,https://seif-online.com/en/product/medicine/mouth-gum-care/lozenges
Lozenges,Skin Care,,3,https://masterapi.witheldokan.com/storage/seif-pharmacies/uploads/613748.webp,seif_output\images\lozenges_3.webp,True,https://seif-online.com/en/product/medicine/mouth-gum-care/lozenges
Lozenges,Skin Care,,4,https://masterapi.witheldokan.com/storage/seif-pharmacies/uploads/63226.webp,seif_output\images\lozenges_4.webp,True,https://seif-online.com/en/product/medicine/mouth-gum-care/lozenges
Lozenges,Skin Care,,5,https://masterapi.witheldokan.com/storage/seif-pharmacies/uploads/63229.webp,seif_output\images\lozenges_5.webp,True,https://seif-online.com/en/product/medicine/mouth-gum-care/lozenges
Lozenges,Skin Care,,6,https://masterapi.witheldokan.com/storage/seif-pharmacies/uploads/609033.webp,seif_output\images\lozenges_6.webp,True,https://seif-online.com/en/product/medicine/mouth-gum-care/lozenges
Lozenges,Skin Care,,7,https://masterapi.witheldokan.com/storage/seif-pharmacies/uploads/609034.webp,seif_output\images\lozenges_7.webp,True,https://seif-online.com/en/product/medicine/mouth-gum-care/lozenges
Lozenges,Skin Care,,8,https://masterapi.witheldokan.com/storage/seif-pharmacies/uploads/613749.webp,seif_output\images\lozenges_8.webp,True,https://seif-online.com/en/product/medicine/mouth-gum-care/lozenges
Lozenges,Skin Care,,9,https://masterapi.witheldokan.com/storage/seif-pharmacies/uploads/609035.webp,seif_output\images\lozenges_9.webp,True,https://seif-online.com/en/product/medicine/mouth-gum-care/lozenges
Lozenges,Skin Care,,10,https://masterapi.witheldokan.com/storage/seif-pharmacies/uploads/230200.webp,seif_output\images\lozenges_10.webp,True,https://seif-online.com/en/product/medicine/mouth-gum-care/lozenges
Lozenges,Skin Care,,11,https://masterapi.witheldokan.com/storage/seif-pharmacies/uploads/614687.webp,seif_output\images\lozenges_11.webp,True,https://seif-online.com/en/product/medicine/mouth-gum-care/lozenges
Lozenges,Skin Care,,12,https://masterapi.witheldokan.com/storage/seif-pharmacies/uploads/382424.webp,seif_output\images\lozenges_12.webp,True,https://seif-online.com/en/product/medicine/mouth-gum-care/lozenges
Lozenges,Skin Care,,13,https://masterapi.witheldokan.com/storage/seif-pharmacies/uploads/138696.webp,seif_output\images\lozenges_13.webp,True,https://seif-online.com/en/product/medicine/mouth-gum-care/lozenges
Lozenges,Skin Care,,14,https://masterapi.witheldokan.com/storage/seif-pharmacies/uploads/382426.webp,seif_output\images\lozenges_14.webp,True,https://seif-online.com/en/product/medicine/mouth-gum-care/lozenges
Lozenges,Skin Care,,15,https://masterapi.witheldokan.com/storage/seif-pharmacies/uploads/321996.webp,seif_output\images\lozenges_15.webp,True,https://seif-online.com/en/product/medicine/mouth-gum-care/lozenges
Lozenges,Skin Care,,16,https://masterapi.witheldokan.com/storage/seif-pharmacies/uploads/61209.webp,seif_output\images\lozenges_16.webp,True,https://seif-online.com/en/product/medicine/mouth-gum-care/lozenges
Lozenges,Skin Care,,17,https://masterapi.witheldokan.com/storage/seif-pharmacies/uploads/604658-1760877902.webp,seif_output\images\lozenges_17.webp,True,https://seif-online.com/en/product/medicine/mouth-gum-care/lozenges
Lozenges,Skin Care,,18,https://masterapi.witheldokan.com/storage/seif-pharmacies/uploads/278226.webp,seif_output\images\lozenges_18.webp,True,https://seif-online.com/en/product/medicine/mouth-gum-care/lozenges
Lozenges,Skin Care,,19,https://masterapi.witheldokan.com/storage/seif-pharmacies/uploads/299780.webp,seif_output\images\lozenges_19.webp,True,https://seif-online.com/en/product/medicine/mouth-gum-care/lozenges
Topical Treatment Of The Mouth,Skin Care,,1,https://masterapi.witheldokan.com/storage/seif-pharmacies/uploads/3412.webp,seif_output\images\topical_treatment_of_the_mouth_1.webp,True,https://seif-online.com/en/product/medicine/mouth-gum-care/topical-treatment-of-the-mouth
Topical Treatment Of The Mouth,Skin Care,,2,https://masterapi.witheldokan.com/storage/seif-pharmacies/uploads/67092.webp,seif_output\images\topical_treatment_of_the_mouth_2.webp,True,https://seif-online.com/en/product/medicine/mouth-gum-care/topical-treatment-of-the-mouth
Topical Treatment Of The Mouth,Skin Care,,3,https://masterapi.witheldokan.com/storage/seif-pharmacies/uploads/607542.webp,seif_output\images\topical_treatment_of_the_mouth_3.webp,True,https://seif-online.com/en/product/medicine/mouth-gum-care/topical-treatment-of-the-mouth
Topical Treatment Of The Mouth,Skin Care,,4,https://masterapi.witheldokan.com/storage/seif-pharmacies/uploads/2290.webp,seif_output\images\topical_treatment_of_the_mouth_4.webp,True,https://seif-online.com/en/product/medicine/mouth-gum-care/topical-treatment-of-the-mouth
Topical Treatment Of The Mouth,Skin Care,,5,https://masterapi.witheldokan.com/storage/seif-pharmacies/uploads/179594.webp,seif_output\images\topical_treatment_of_the_mouth_5.webp,True,https://seif-online.com/en/product/medicine/mouth-gum-care/topical-treatment-of-the-mouth
Topical Treatment Of The Mouth,Skin Care,,6,https://cdn.supercommerce.io/seif-pharmacies/uploads/311593.webp,seif_output\images\topical_treatment_of_the_mouth_6.webp,True,https://seif-online.com/en/product/medicine/mouth-gum-care/topical-treatment-of-the-mouth
Topical Treatment Of The Mouth,Skin Care,,7,https://masterapi.witheldokan.com/storage/seif-pharmacies/uploads/303576.webp,seif_output\images\topical_treatment_of_the_mouth_7.webp,True,https://seif-online.com/en/product/medicine/mouth-gum-care/topical-treatment-of-the-mouth
Topical Treatment Of The Mouth,Skin Care,,8,https://masterapi.witheldokan.com/storage/seif-pharmacies/uploads/317038.webp,seif_output\images\topical_treatment_of_the_mouth_8.webp,True,https://seif-online.com/en/product/medicine/mouth-gum-care/topical-treatment-of-the-mouth
Topical Treatment Of The Mouth,Skin Care,,9,https://masterapi.witheldokan.com/storage/seif-pharmacies/uploads/65762.webp,seif_output\images\topical_treatment_of_the_mouth_9.webp,True,https://seif-online.com/en/product/medicine/mouth-gum-care/topical-treatment-of-the-mouth
Topical Treatment Of The Mouth,Skin Care,,10,https://masterapi.witheldokan.com/storage/seif-pharmacies/uploads/89830.webp,seif_output\images\topical_treatment_of_the_mouth_10.webp,True,https://seif-online.com/en/product/medicine/mouth-gum-care/topical-treatment-of-the-mouth
Topical Treatment Of The Mouth,Skin Care,,11,https://masterapi.witheldokan.com/storage/seif-pharmacies/uploads/611653.webp,seif_output\images\topical_treatment_of_the_mouth_11.webp,True,https://seif-online.com/en/product/medicine/mouth-gum-care/topical-treatment-of-the-mouth
Topical Treatment Of The Mouth,Skin Care,,12,https://masterapi.witheldokan.com/storage/seif-pharmacies/uploads/303580.webp,seif_output\images\topical_treatment_of_the_mouth_12.webp,True,https://seif-online.com/en/product/medicine/mouth-gum-care/topical-treatment-of-the-mouth
Topical Treatment Of The Mouth,Skin Care,,13,https://masterapi.witheldokan.com/storage/seif-pharmacies/uploads/365884.webp,seif_output\images\topical_treatment_of_the_mouth_13.webp,True,https://seif-online.com/en/product/medicine/mouth-gum-care/topical-treatment-of-the-mouth
Topical Treatment Of The Mouth,Skin Care,,14,https://masterapi.witheldokan.com/storage/seif-pharmacies/uploads/233414.webp,seif_output\images\topical_treatment_of_the_mouth_14.webp,True,https://seif-online.com/en/product/medicine/mouth-gum-care/topical-treatment-of-the-mouth
Topical Treatment Of The Mouth,Skin Care,,15,https://masterapi.witheldokan.com/storage/seif-pharmacies/uploads/612560.webp,seif_output\images\topical_treatment_of_the_mouth_15.webp,True,https://seif-online.com/en/product/medicine/mouth-gum-care/topical-treatment-of-the-mouth
Topical Treatment Of The Mouth,Skin Care,,16,https://masterapi.witheldokan.com/storage/seif-pharmacies/uploads/263834.webp,seif_output\images\topical_treatment_of_the_mouth_16.webp,True,https://seif-online.com/en/product/medicine/mouth-gum-care/topical-treatment-of-the-mouth
Topical Treatment Of The Mouth,Skin Care,,17,https://masterapi.witheldokan.com/storage/seif-pharmacies/uploads/317235.webp,seif_output\images\topical_treatment_of_the_mouth_17.webp,True,https://seif-online.com/en/product/medicine/mouth-gum-care/topical-treatment-of-the-mouth
Topical Treatment Of The Mouth,Skin Care,,18,https://masterapi.witheldokan.com/storage/seif-pharmacies/uploads/306.webp,seif_output\images\topical_treatment_of_the_mouth_18.webp,True,https://seif-online.com/en/product/medicine/mouth-gum-care/topical-treatment-of-the-mouth
Topical Treatment Of The Mouth,Skin Care,,19,https://masterapi.witheldokan.com/storage/seif-pharmacies/uploads/1543.webp,seif_output\images\topical_treatment_of_the_mouth_19.webp,True,https://seif-online.com/en/product/medicine/mouth-gum-care/topical-treatment-of-the-mouth
Topical Prepareation,Skin Care,,1,https://masterapi.witheldokan.com/storage/seif-pharmacies/uploads/394707.webp,seif_output\images\topical_prepareation_1.webp,True,https://seif-online.com/en/product/medicine/topical-prepareation
Topical Prepareation,Skin Care,,2,https://cdn.supercommerce.io/seif-pharmacies/uploads/617890-1769517874.webp,seif_output\images\topical_prepareation_2.webp,True,https://seif-online.com/en/product/medicine/topical-prepareation
Topical Prepareation,Skin Care,,3,https://masterapi.witheldokan.com/storage/seif-pharmacies/uploads/2496.webp,seif_output\images\topical_prepareation_3.webp,True,https://seif-online.com/en/product/medicine/topical-prepareation
Topical Prepareation,Skin Care,,4,https://masterapi.witheldokan.com/storage/seif-pharmacies/uploads/156221.webp,seif_output\images\topical_prepareation_4.webp,True,https://seif-online.com/en/product/medicine/topical-prepareation
Topical Prepareation,Skin Care,,5,https://masterapi.witheldokan.com/storage/seif-pharmacies/uploads/1055.webp,seif_output\images\topical_prepareation_5.webp,True,https://seif-online.com/en/product/medicine/topical-prepareation
Topical Prepareation,Skin Care,,6,https://masterapi.witheldokan.com/storage/seif-pharmacies/uploads/1446.webp,seif_output\images\topical_prepareation_6.webp,True,https://seif-online.com/en/product/medicine/topical-prepareation
Topical Prepareation,Skin Care,,7,https://masterapi.witheldokan.com/storage/seif-pharmacies/uploads/263832.webp,seif_output\images\topical_prepareation_7.webp,True,https://seif-online.com/en/product/medicine/topical-prepareation
Topical Prepareation,Skin Care,,8,https://masterapi.witheldokan.com/storage/seif-pharmacies/uploads/127899.webp,seif_output\images\topical_prepareation_8.webp,True,https://seif-online.com/en/product/medicine/topical-prepareation
Topical Prepareation,Skin Care,,9,https://masterapi.witheldokan.com/storage/seif-pharmacies/uploads/13883.webp,seif_output\images\topical_prepareation_9.webp,True,https://seif-online.com/en/product/medicine/topical-prepareation
Topical Prepareation,Skin Care,,10,https://masterapi.witheldokan.com/storage/seif-pharmacies/uploads/1510.webp,seif_output\images\topical_prepareation_10.webp,True,https://seif-online.com/en/product/medicine/topical-prepareation
Topical Prepareation,Skin Care,,11,https://masterapi.witheldokan.com/storage/seif-pharmacies/uploads/385702.webp,seif_output\images\topical_prepareation_11.webp,True,https://seif-online.com/en/product/medicine/topical-prepareation
Topical Prepareation,Skin Care,,12,https://masterapi.witheldokan.com/storage/seif-pharmacies/uploads/84003.webp,seif_output\images\topical_prepareation_12.webp,True,https://seif-online.com/en/product/medicine/topical-prepareation
Topical Prepareation,Skin Care,,13,https://masterapi.witheldokan.com/storage/seif-pharmacies/uploads/90025.webp,seif_output\images\topical_prepareation_13.webp,True,https://seif-online.com/en/product/medicine/topical-prepareation
Topical Prepareation,Skin Care,,14,https://masterapi.witheldokan.com/storage/seif-pharmacies/uploads/614427-1759928718.webp,seif_output\images\topical_prepareation_14.webp,True,https://seif-online.com/en/product/medicine/topical-prepareation
Topical Prepareation,Skin Care,,15,https://masterapi.witheldokan.com/storage/seif-pharmacies/uploads/338174.webp,seif_output\images\topical_prepareation_15.webp,True,https://seif-online.com/en/product/medicine/topical-prepareation
Topical Prepareation,Skin Care,,16,https://masterapi.witheldokan.com/storage/seif-pharmacies/uploads/180614.webp,seif_output\images\topical_prepareation_16.webp,True,https://seif-online.com/en/product/medicine/topical-prepareation
Topical Prepareation,Skin Care,,17,https://masterapi.witheldokan.com/storage/seif-pharmacies/uploads/934.webp,seif_output\images\topical_prepareation_17.webp,True,https://seif-online.com/en/product/medicine/topical-prepareation
Topical Prepareation,Skin Care,,18,https://masterapi.witheldokan.com/storage/seif-pharmacies/uploads/389988.webp,seif_output\images\topical_prepareation_18.webp,True,https://seif-online.com/en/product/medicine/topical-prepareation
Anti-Virals,Skin Care,,1,https://masterapi.witheldokan.com/storage/seif-pharmacies/uploads/1288.webp,seif_output\images\anti_virals_1.webp,True,https://seif-online.com/en/product/medicine/topical-prepareation/anti-virals-medicine
Anti-Virals,Skin Care,,2,https://masterapi.witheldokan.com/storage/seif-pharmacies/uploads/302365.webp,seif_output\images\anti_virals_2.webp,True,https://seif-online.com/en/product/medicine/topical-prepareation/anti-virals-medicine
Anti-Virals,Skin Care,,3,https://masterapi.witheldokan.com/storage/seif-pharmacies/uploads/373675.webp,seif_output\images\anti_virals_3.webp,True,https://seif-online.com/en/product/medicine/topical-prepareation/anti-virals-medicine
Soothing / Protective,Skin Care,,1,https://masterapi.witheldokan.com/storage/seif-pharmacies/uploads/263832.webp,seif_output\images\soothing_protective_1.webp,True,https://seif-online.com/en/product/medicine/topical-prepareation/soothing-protective
Soothing / Protective,Skin Care,,2,https://masterapi.witheldokan.com/storage/seif-pharmacies/uploads/179748.webp,seif_output\images\soothing_protective_2.webp,True,https://seif-online.com/en/product/medicine/topical-prepareation/soothing-protective
Soothing / Protective,Skin Care,,3,https://masterapi.witheldokan.com/storage/seif-pharmacies/uploads/397129.webp,seif_output\images\soothing_protective_3.webp,True,https://seif-online.com/en/product/medicine/topical-prepareation/soothing-protective
Soothing / Protective,Skin Care,,4,https://masterapi.witheldokan.com/storage/seif-pharmacies/uploads/309728.webp,seif_output\images\soothing_protective_4.webp,True,https://seif-online.com/en/product/medicine/topical-prepareation/soothing-protective
Soothing / Protective,Skin Care,,5,https://masterapi.witheldokan.com/storage/seif-pharmacies/uploads/395153.webp,seif_output\images\soothing_protective_5.webp,True,https://seif-online.com/en/product/medicine/topical-prepareation/soothing-protective
Soothing / Protective,Skin Care,,6,https://masterapi.witheldokan.com/storage/seif-pharmacies/uploads/612447-1759907204.webp,seif_output\images\soothing_protective_6.webp,True,https://seif-online.com/en/product/medicine/topical-prepareation/soothing-protective
Soothing / Protective,Skin Care,,7,https://masterapi.witheldokan.com/storage/seif-pharmacies/uploads/612448-1759907438.webp,seif_output\images\soothing_protective_7.webp,True,https://seif-online.com/en/product/medicine/topical-prepareation/soothing-protective
Soothing / Protective,Skin Care,,8,https://masterapi.witheldokan.com/storage/seif-pharmacies/uploads/612446-1759906193.webp,seif_output\images\soothing_protective_8.webp,True,https://seif-online.com/en/product/medicine/topical-prepareation/soothing-protective
Soothing / Protective,Skin Care,,9,https://masterapi.witheldokan.com/storage/seif-pharmacies/uploads/611846-1757579773.webp,seif_output\images\soothing_protective_9.webp,True,https://seif-online.com/en/product/medicine/topical-prepareation/soothing-protective
Soothing / Protective,Skin Care,,10,https://masterapi.witheldokan.com/storage/seif-pharmacies/uploads/614724.webp,seif_output\images\soothing_protective_10.webp,True,https://seif-online.com/en/product/medicine/topical-prepareation/soothing-protective
Soothing / Protective,Skin Care,,11,https://masterapi.witheldokan.com/storage/seif-pharmacies/uploads/388655.webp,seif_output\images\soothing_protective_11.webp,True,https://seif-online.com/en/product/medicine/topical-prepareation/soothing-protective
Soothing / Protective,Skin Care,,12,https://masterapi.witheldokan.com/storage/seif-pharmacies/uploads/297831.webp,seif_output\images\soothing_protective_12.webp,True,https://seif-online.com/en/product/medicine/topical-prepareation/soothing-protective
Soothing / Protective,Skin Care,,13,https://masterapi.witheldokan.com/storage/seif-pharmacies/uploads/610440.webp,seif_output\images\soothing_protective_13.webp,True,https://seif-online.com/en/product/medicine/topical-prepareation/soothing-protective
Soothing / Protective,Skin Care,,14,https://masterapi.witheldokan.com/storage/seif-pharmacies/uploads/397130.webp,seif_output\images\soothing_protective_14.webp,True,https://seif-online.com/en/product/medicine/topical-prepareation/soothing-protective
Burns/Wounds,Skin Care,,1,https://cdn.supercommerce.io/seif-pharmacies/uploads/617890-1769517874.webp,seif_output\images\burnswounds_1.webp,True,https://seif-online.com/en/product/medicine/topical-prepareation/burns-wounds
Burns/Wounds,Skin Care,,2,https://masterapi.witheldokan.com/storage/seif-pharmacies/uploads/13883.webp,seif_output\images\burnswounds_2.webp,True,https://seif-online.com/en/product/medicine/topical-prepareation/burns-wounds
Burns/Wounds,Skin Care,,3,https://masterapi.witheldokan.com/storage/seif-pharmacies/uploads/338174.webp,seif_output\images\burnswounds_3.webp,True,https://seif-online.com/en/product/medicine/topical-prepareation/burns-wounds
Burns/Wounds,Skin Care,,4,https://masterapi.witheldokan.com/storage/seif-pharmacies/uploads/92802.webp,seif_output\images\burnswounds_4.webp,True,https://seif-online.com/en/product/medicine/topical-prepareation/burns-wounds
Burns/Wounds,Skin Care,,5,https://masterapi.witheldokan.com/storage/seif-pharmacies/uploads/359336.webp,seif_output\images\burnswounds_5.webp,True,https://seif-online.com/en/product/medicine/topical-prepareation/burns-wounds
Burns/Wounds,Skin Care,,6,https://masterapi.witheldokan.com/storage/seif-pharmacies/uploads/202875.webp,seif_output\images\burnswounds_6.webp,True,https://seif-online.com/en/product/medicine/topical-prepareation/burns-wounds
Burns/Wounds,Skin Care,,7,https://masterapi.witheldokan.com/storage/seif-pharmacies/uploads/26711.webp,seif_output\images\burnswounds_7.webp,True,https://seif-online.com/en/product/medicine/topical-prepareation/burns-wounds
Burns/Wounds,Skin Care,,8,https://masterapi.witheldokan.com/storage/seif-pharmacies/uploads/3480.webp,seif_output\images\burnswounds_8.webp,True,https://seif-online.com/en/product/medicine/topical-prepareation/burns-wounds
Burns/Wounds,Skin Care,,9,https://masterapi.witheldokan.com/storage/seif-pharmacies/uploads/615167-1759906222.webp,seif_output\images\burnswounds_9.webp,True,https://seif-online.com/en/product/medicine/topical-prepareation/burns-wounds
Burns/Wounds,Skin Care,,10,https://masterapi.witheldokan.com/storage/seif-pharmacies/uploads/349378.webp,seif_output\images\burnswounds_10.webp,True,https://seif-online.com/en/product/medicine/topical-prepareation/burns-wounds
Burns/Wounds,Skin Care,,11,https://masterapi.witheldokan.com/storage/seif-pharmacies/uploads/322691.webp,seif_output\images\burnswounds_11.webp,True,https://seif-online.com/en/product/medicine/topical-prepareation/burns-wounds
Burns/Wounds,Skin Care,,12,https://masterapi.witheldokan.com/storage/seif-pharmacies/uploads/389927.webp,seif_output\images\burnswounds_12.webp,True,https://seif-online.com/en/product/medicine/topical-prepareation/burns-wounds
Burns/Wounds,Skin Care,,13,https://masterapi.witheldokan.com/storage/seif-pharmacies/uploads/432383.webp,seif_output\images\burnswounds_13.webp,True,https://seif-online.com/en/product/medicine/topical-prepareation/burns-wounds
Burns/Wounds,Skin Care,,14,https://masterapi.witheldokan.com/storage/seif-pharmacies/uploads/614789.webp,seif_output\images\burnswounds_14.webp,True,https://seif-online.com/en/product/medicine/topical-prepareation/burns-wounds
Burns/Wounds,Skin Care,,15,https://masterapi.witheldokan.com/storage/seif-pharmacies/uploads/613767-1759908148.webp,seif_output\images\burnswounds_15.webp,True,https://seif-online.com/en/product/medicine/topical-prepareation/burns-wounds
Skin Depigmentation,Skin Care,,1,https://masterapi.witheldokan.com/storage/seif-pharmacies/uploads/3184.webp,seif_output\images\skin_depigmentation_1.webp,True,https://seif-online.com/en/product/medicine/topical-prepareation/skin-depigmentation
Skin Depigmentation,Skin Care,,2,https://masterapi.witheldokan.com/storage/seif-pharmacies/uploads/321384.webp,seif_output\images\skin_depigmentation_2.webp,True,https://seif-online.com/en/product/medicine/topical-prepareation/skin-depigmentation
Skin Depigmentation,Skin Care,,3,https://masterapi.witheldokan.com/storage/seif-pharmacies/uploads/398267.webp,seif_output\images\skin_depigmentation_3.webp,True,https://seif-online.com/en/product/medicine/topical-prepareation/skin-depigmentation
Skin Depigmentation,Skin Care,,4,https://masterapi.witheldokan.com/storage/seif-pharmacies/uploads/274350.webp,seif_output\images\skin_depigmentation_4.webp,True,https://seif-online.com/en/product/medicine/topical-prepareation/skin-depigmentation
Skin Depigmentation,Skin Care,,5,https://masterapi.witheldokan.com/storage/seif-pharmacies/uploads/143436.webp,seif_output\images\skin_depigmentation_5.webp,True,https://seif-online.com/en/product/medicine/topical-prepareation/skin-depigmentation
Skin Depigmentation,Skin Care,,6,https://masterapi.witheldokan.com/storage/seif-pharmacies/uploads/324627.webp,seif_output\images\skin_depigmentation_6.webp,True,https://seif-online.com/en/product/medicine/topical-prepareation/skin-depigmentation
Skin Depigmentation,Skin Care,,7,https://masterapi.witheldokan.com/storage/seif-pharmacies/uploads/324625.webp,seif_output\images\skin_depigmentation_7.webp,True,https://seif-online.com/en/product/medicine/topical-prepareation/skin-depigmentation
Skin Depigmentation,Skin Care,,8,https://masterapi.witheldokan.com/storage/seif-pharmacies/uploads/171039.webp,seif_output\images\skin_depigmentation_8.webp,True,https://seif-online.com/en/product/medicine/topical-prepareation/skin-depigmentation
Skin Depigmentation,Skin Care,,9,https://masterapi.witheldokan.com/storage/seif-pharmacies/uploads/103704.webp,seif_output\images\skin_depigmentation_9.webp,True,https://seif-online.com/en/product/medicine/topical-prepareation/skin-depigmentation
Skin Depigmentation,Skin Care,,10,https://masterapi.witheldokan.com/storage/seif-pharmacies/uploads/321443.webp,seif_output\images\skin_depigmentation_10.webp,True,https://seif-online.com/en/product/medicine/topical-prepareation/skin-depigmentation
Skin Depigmentation,Skin Care,,11,https://masterapi.witheldokan.com/storage/seif-pharmacies/uploads/304368.webp,seif_output\images\skin_depigmentation_11.webp,True,https://seif-online.com/en/product/medicine/topical-prepareation/skin-depigmentation
Skin Depigmentation,Skin Care,,12,https://masterapi.witheldokan.com/storage/seif-pharmacies/uploads/608842-1760358776.webp,seif_output\images\skin_depigmentation_12.webp,True,https://seif-online.com/en/product/medicine/topical-prepareation/skin-depigmentation
Skin Depigmentation,Skin Care,,13,https://masterapi.witheldokan.com/storage/seif-pharmacies/uploads/377560.webp,seif_output\images\skin_depigmentation_13.webp,True,https://seif-online.com/en/product/medicine/topical-prepareation/skin-depigmentation
Skin Depigmentation,Skin Care,,14,https://masterapi.witheldokan.com/storage/seif-pharmacies/uploads/277351.webp,seif_output\images\skin_depigmentation_14.webp,True,https://seif-online.com/en/product/medicine/topical-prepareation/skin-depigmentation
Skin Depigmentation,Skin Care,,15,https://masterapi.witheldokan.com/storage/seif-pharmacies/uploads/306949.webp,seif_output\images\skin_depigmentation_15.webp,True,https://seif-online.com/en/product/medicine/topical-prepareation/skin-depigmentation
Skin Depigmentation,Skin Care,,16,https://masterapi.witheldokan.com/storage/seif-pharmacies/uploads/606288.webp,seif_output\images\skin_depigmentation_16.webp,True,https://seif-online.com/en/product/medicine/topical-prepareation/skin-depigmentation
Body Firming & Anti-Ageing,Skin Care,,1,https://masterapi.witheldokan.com/storage/seif-pharmacies/uploads/401071.webp,seif_output\images\body_firming_anti_ageing_1.webp,True,https://seif-online.com/en/product/medicine/topical-prepareation/body-firming-anti-ageing
Body Firming & Anti-Ageing,Skin Care,,2,https://masterapi.witheldokan.com/storage/seif-pharmacies/uploads/313298.webp,seif_output\images\body_firming_anti_ageing_2.webp,True,https://seif-online.com/en/product/medicine/topical-prepareation/body-firming-anti-ageing
Body Firming & Anti-Ageing,Skin Care,,3,https://masterapi.witheldokan.com/storage/seif-pharmacies/uploads/386695.webp,seif_output\images\body_firming_anti_ageing_3.webp,True,https://seif-online.com/en/product/medicine/topical-prepareation/body-firming-anti-ageing
Body Firming & Anti-Ageing,Skin Care,,4,https://masterapi.witheldokan.com/storage/seif-pharmacies/uploads/358197.webp,seif_output\images\body_firming_anti_ageing_4.webp,True,https://seif-online.com/en/product/medicine/topical-prepareation/body-firming-anti-ageing
Body Firming & Anti-Ageing,Skin Care,,5,https://masterapi.witheldokan.com/storage/seif-pharmacies/uploads/395905.webp,seif_output\images\body_firming_anti_ageing_5.webp,True,https://seif-online.com/en/product/medicine/topical-prepareation/body-firming-anti-ageing
Body Firming & Anti-Ageing,Skin Care,,6,https://masterapi.witheldokan.com/storage/seif-pharmacies/uploads/608846-1760358953.webp,seif_output\images\body_firming_anti_ageing_6.webp,True,https://seif-online.com/en/product/medicine/topical-prepareation/body-firming-anti-ageing
Alopecia Treatment,Skin Care,,1,https://masterapi.witheldokan.com/storage/seif-pharmacies/uploads/68390.webp,seif_output\images\alopecia_treatment_1.webp,True,https://seif-online.com/en/product/medicine/topical-prepareation/alopecia-treatment
Alopecia Treatment,Skin Care,,2,https://masterapi.witheldokan.com/storage/seif-pharmacies/uploads/76438.webp,seif_output\images\alopecia_treatment_2.webp,True,https://seif-online.com/en/product/medicine/topical-prepareation/alopecia-treatment
Alopecia Treatment,Skin Care,,3,https://masterapi.witheldokan.com/storage/seif-pharmacies/uploads/340334.webp,seif_output\images\alopecia_treatment_3.webp,True,https://seif-online.com/en/product/medicine/topical-prepareation/alopecia-treatment
Alopecia Treatment,Skin Care,,4,https://masterapi.witheldokan.com/storage/seif-pharmacies/uploads/208147.webp,seif_output\images\alopecia_treatment_4.webp,True,https://seif-online.com/en/product/medicine/topical-prepareation/alopecia-treatment
Alopecia Treatment,Skin Care,,5,https://masterapi.witheldokan.com/storage/seif-pharmacies/uploads/608162.webp,seif_output\images\alopecia_treatment_5.webp,True,https://seif-online.com/en/product/medicine/topical-prepareation/alopecia-treatment
Alopecia Treatment,Skin Care,,6,https://masterapi.witheldokan.com/storage/seif-pharmacies/uploads/2785.webp,seif_output\images\alopecia_treatment_6.webp,True,https://seif-online.com/en/product/medicine/topical-prepareation/alopecia-treatment
Alopecia Treatment,Skin Care,,7,https://masterapi.witheldokan.com/storage/seif-pharmacies/uploads/181165.webp,seif_output\images\alopecia_treatment_7.webp,True,https://seif-online.com/en/product/medicine/topical-prepareation/alopecia-treatment
Varicose Veins,Skin Care,,1,https://masterapi.witheldokan.com/storage/seif-pharmacies/uploads/150688.webp,seif_output\images\varicose_veins_1.webp,True,https://seif-online.com/en/product/medicine/topical-prepareation/varicose-veins
Varicose Veins,Skin Care,,2,https://masterapi.witheldokan.com/storage/seif-pharmacies/uploads/161829.webp,seif_output\images\varicose_veins_2.webp,True,https://seif-online.com/en/product/medicine/topical-prepareation/varicose-veins
Varicose Veins,Skin Care,,3,https://masterapi.witheldokan.com/storage/seif-pharmacies/uploads/161830.webp,seif_output\images\varicose_veins_3.webp,True,https://seif-online.com/en/product/medicine/topical-prepareation/varicose-veins
Varicose Veins,Skin Care,,4,https://masterapi.witheldokan.com/storage/seif-pharmacies/uploads/294733.webp,seif_output\images\varicose_veins_4.webp,True,https://seif-online.com/en/product/medicine/topical-prepareation/varicose-veins
Varicose Veins,Skin Care,,5,https://masterapi.witheldokan.com/storage/seif-pharmacies/uploads/349443.webp,seif_output\images\varicose_veins_5.webp,True,https://seif-online.com/en/product/medicine/topical-prepareation/varicose-veins
Varicose Veins,Skin Care,,6,https://masterapi.witheldokan.com/storage/seif-pharmacies/uploads/168224.webp,seif_output\images\varicose_veins_6.webp,True,https://seif-online.com/en/product/medicine/topical-prepareation/varicose-veins
Varicose Veins,Skin Care,,7,https://masterapi.witheldokan.com/storage/seif-pharmacies/uploads/601597.webp,seif_output\images\varicose_veins_7.webp,True,https://seif-online.com/en/product/medicine/topical-prepareation/varicose-veins
Varicose Veins,Skin Care,,8,https://masterapi.witheldokan.com/storage/seif-pharmacies/uploads/167.webp,seif_output\images\varicose_veins_8.webp,True,https://seif-online.com/en/product/medicine/topical-prepareation/varicose-veins
Varicose Veins,Skin Care,,9,https://masterapi.witheldokan.com/storage/seif-pharmacies/uploads/196598.webp,seif_output\images\varicose_veins_9.webp,True,https://seif-online.com/en/product/medicine/topical-prepareation/varicose-veins
Varicose Veins,Skin Care,,10,https://masterapi.witheldokan.com/storage/seif-pharmacies/uploads/265262.webp,seif_output\images\varicose_veins_10.webp,True,https://seif-online.com/en/product/medicine/topical-prepareation/varicose-veins
Varicose Veins,Skin Care,,11,https://masterapi.witheldokan.com/storage/seif-pharmacies/uploads/601596.webp,seif_output\images\varicose_veins_11.webp,True,https://seif-online.com/en/product/medicine/topical-prepareation/varicose-veins
Anthelmintics.,Skin Care,,1,https://masterapi.witheldokan.com/storage/seif-pharmacies/uploads/241579.webp,seif_output\images\anthelmintics_1.webp,True,https://seif-online.com/en/product/medicine/topical-prepareation/anthelmintics-gastro-intestinal-tract-4
Anthelmintics.,Skin Care,,2,https://masterapi.witheldokan.com/storage/seif-pharmacies/uploads/69382.webp,seif_output\images\anthelmintics_2.webp,True,https://seif-online.com/en/product/medicine/topical-prepareation/anthelmintics-gastro-intestinal-tract-4
Anthelmintics.,Skin Care,,3,https://masterapi.witheldokan.com/storage/seif-pharmacies/uploads/605367.webp,seif_output\images\anthelmintics_3.webp,True,https://seif-online.com/en/product/medicine/topical-prepareation/anthelmintics-gastro-intestinal-tract-4
Anthelmintics.,Skin Care,,4,https://masterapi.witheldokan.com/storage/seif-pharmacies/uploads/1477.webp,seif_output\images\anthelmintics_4.webp,True,https://seif-online.com/en/product/medicine/topical-prepareation/anthelmintics-gastro-intestinal-tract-4
Anthelmintics.,Skin Care,,5,https://masterapi.witheldokan.com/storage/seif-pharmacies/uploads/177399.webp,seif_output\images\anthelmintics_5.webp,True,https://seif-online.com/en/product/medicine/topical-prepareation/anthelmintics-gastro-intestinal-tract-4
Anthelmintics.,Skin Care,,6,https://masterapi.witheldokan.com/storage/seif-pharmacies/uploads/88703.webp,seif_output\images\anthelmintics_6.webp,True,https://seif-online.com/en/product/medicine/topical-prepareation/anthelmintics-gastro-intestinal-tract-4
Anthelmintics.,Skin Care,,7,https://masterapi.witheldokan.com/storage/seif-pharmacies/uploads/606633.webp,seif_output\images\anthelmintics_7.webp,True,https://seif-online.com/en/product/medicine/topical-prepareation/anthelmintics-gastro-intestinal-tract-4
Anthelmintics.,Skin Care,,8,https://masterapi.witheldokan.com/storage/seif-pharmacies/uploads/376514.webp,seif_output\images\anthelmintics_8.webp,True,https://seif-online.com/en/product/medicine/topical-prepareation/anthelmintics-gastro-intestinal-tract-4
Anthelmintics.,Skin Care,,9,https://masterapi.witheldokan.com/storage/seif-pharmacies/uploads/606870.webp,seif_output\images\anthelmintics_9.webp,True,https://seif-online.com/en/product/medicine/topical-prepareation/anthelmintics-gastro-intestinal-tract-4
Anthelmintics.,Skin Care,,10,https://cdn.supercommerce.io/seif-pharmacies/uploads/614782-1769435101.webp,seif_output\images\anthelmintics_10.webp,True,https://seif-online.com/en/product/medicine/topical-prepareation/anthelmintics-gastro-intestinal-tract-4
Anthelmintics.,Skin Care,,11,https://masterapi.witheldokan.com/storage/seif-pharmacies/uploads/614785.webp,seif_output\images\anthelmintics_11.webp,True,https://seif-online.com/en/product/medicine/topical-prepareation/anthelmintics-gastro-intestinal-tract-4
Anthelmintics.,Skin Care,,12,https://masterapi.witheldokan.com/storage/seif-pharmacies/uploads/48283.webp,seif_output\images\anthelmintics_12.webp,True,https://seif-online.com/en/product/medicine/topical-prepareation/anthelmintics-gastro-intestinal-tract-4
Anthelmintics.,Skin Care,,13,https://masterapi.witheldokan.com/storage/seif-pharmacies/uploads/50722.webp,seif_output\images\anthelmintics_13.webp,True,https://seif-online.com/en/product/medicine/topical-prepareation/anthelmintics-gastro-intestinal-tract-4
Anthelmintics.,Skin Care,,14,https://masterapi.witheldokan.com/storage/seif-pharmacies/uploads/80667.webp,seif_output\images\anthelmintics_14.webp,True,https://seif-online.com/en/product/medicine/topical-prepareation/anthelmintics-gastro-intestinal-tract-4
Anthelmintics.,Skin Care,,15,https://masterapi.witheldokan.com/storage/seif-pharmacies/uploads/118366.webp,seif_output\images\anthelmintics_15.webp,True,https://seif-online.com/en/product/medicine/topical-prepareation/anthelmintics-gastro-intestinal-tract-4
Anthelmintics.,Skin Care,,16,https://masterapi.witheldokan.com/storage/seif-pharmacies/uploads/356128.webp,seif_output\images\anthelmintics_16.webp,True,https://seif-online.com/en/product/medicine/topical-prepareation/anthelmintics-gastro-intestinal-tract-4
Anthelmintics.,Skin Care,,17,https://masterapi.witheldokan.com/storage/seif-pharmacies/uploads/357972.webp,seif_output\images\anthelmintics_17.webp,True,https://seif-online.com/en/product/medicine/topical-prepareation/anthelmintics-gastro-intestinal-tract-4
Anthelmintics.,Skin Care,,18,https://masterapi.witheldokan.com/storage/seif-pharmacies/uploads/607941-1760362454.webp,seif_output\images\anthelmintics_18.webp,True,https://seif-online.com/en/product/medicine/topical-prepareation/anthelmintics-gastro-intestinal-tract-4
Anthelmintics.,Skin Care,,19,https://masterapi.witheldokan.com/storage/seif-pharmacies/uploads/607942-1760362547.webp,seif_output\images\anthelmintics_19.webp,True,https://seif-online.com/en/product/medicine/topical-prepareation/anthelmintics-gastro-intestinal-tract-4
Psoriasis/Eczema,Skin Care,,1,https://masterapi.witheldokan.com/storage/seif-pharmacies/uploads/88140.webp,seif_output\images\psoriasiseczema_1.webp,True,https://seif-online.com/en/product/medicine/topical-prepareation/psoriasis-eczema
Psoriasis/Eczema,Skin Care,,2,https://masterapi.witheldokan.com/storage/seif-pharmacies/uploads/1014.webp,seif_output\images\psoriasiseczema_2.webp,True,https://seif-online.com/en/product/medicine/topical-prepareation/psoriasis-eczema
Psoriasis/Eczema,Skin Care,,3,https://masterapi.witheldokan.com/storage/seif-pharmacies/uploads/161940.webp,seif_output\images\psoriasiseczema_3.webp,True,https://seif-online.com/en/product/medicine/topical-prepareation/psoriasis-eczema
Psoriasis/Eczema,Skin Care,,4,https://masterapi.witheldokan.com/storage/seif-pharmacies/uploads/156381.webp,seif_output\images\psoriasiseczema_4.webp,True,https://seif-online.com/en/product/medicine/topical-prepareation/psoriasis-eczema
Psoriasis/Eczema,Skin Care,,5,https://masterapi.witheldokan.com/storage/seif-pharmacies/uploads/88141.webp,seif_output\images\psoriasiseczema_5.webp,True,https://seif-online.com/en/product/medicine/topical-prepareation/psoriasis-eczema
Psoriasis/Eczema,Skin Care,,6,https://masterapi.witheldokan.com/storage/seif-pharmacies/uploads/317085.webp,seif_output\images\psoriasiseczema_6.webp,True,https://seif-online.com/en/product/medicine/topical-prepareation/psoriasis-eczema
Psoriasis/Eczema,Skin Care,,7,https://masterapi.witheldokan.com/storage/seif-pharmacies/uploads/65776.webp,seif_output\images\psoriasiseczema_7.webp,True,https://seif-online.com/en/product/medicine/topical-prepareation/psoriasis-eczema
Psoriasis/Eczema,Skin Care,,8,https://masterapi.witheldokan.com/storage/seif-pharmacies/uploads/608949-1760357835.webp,seif_output\images\psoriasiseczema_8.webp,True,https://seif-online.com/en/product/medicine/topical-prepareation/psoriasis-eczema
Psoriasis/Eczema,Skin Care,,9,https://masterapi.witheldokan.com/storage/seif-pharmacies/uploads/65399.webp,seif_output\images\psoriasiseczema_9.webp,True,https://seif-online.com/en/product/medicine/topical-prepareation/psoriasis-eczema
Psoriasis/Eczema,Skin Care,,10,https://masterapi.witheldokan.com/storage/seif-pharmacies/uploads/1010.webp,seif_output\images\psoriasiseczema_10.webp,True,https://seif-online.com/en/product/medicine/topical-prepareation/psoriasis-eczema
Psoriasis/Eczema,Skin Care,,11,https://masterapi.witheldokan.com/storage/seif-pharmacies/uploads/371698.webp,seif_output\images\psoriasiseczema_11.webp,True,https://seif-online.com/en/product/medicine/topical-prepareation/psoriasis-eczema
Psoriasis/Eczema,Skin Care,,12,https://masterapi.witheldokan.com/storage/seif-pharmacies/uploads/222395.webp,seif_output\images\psoriasiseczema_12.webp,True,https://seif-online.com/en/product/medicine/topical-prepareation/psoriasis-eczema
Psoriasis/Eczema,Skin Care,,13,https://masterapi.witheldokan.com/storage/seif-pharmacies/uploads/255935.webp,seif_output\images\psoriasiseczema_13.webp,True,https://seif-online.com/en/product/medicine/topical-prepareation/psoriasis-eczema
Psoriasis/Eczema,Skin Care,,14,https://masterapi.witheldokan.com/storage/seif-pharmacies/uploads/283910.webp,seif_output\images\psoriasiseczema_14.webp,True,https://seif-online.com/en/product/medicine/topical-prepareation/psoriasis-eczema
Psoriasis/Eczema,Skin Care,,15,https://masterapi.witheldokan.com/storage/seif-pharmacies/uploads/386747.webp,seif_output\images\psoriasiseczema_15.webp,True,https://seif-online.com/en/product/medicine/topical-prepareation/psoriasis-eczema
Local Anaesthetic,Skin Care,,1,https://masterapi.witheldokan.com/storage/seif-pharmacies/uploads/604642.webp,seif_output\images\local_anaesthetic_1.webp,True,https://seif-online.com/en/product/medicine/topical-prepareation/local-anaesthetic
Local Anaesthetic,Skin Care,,2,https://masterapi.witheldokan.com/storage/seif-pharmacies/uploads/155071.webp,seif_output\images\local_anaesthetic_2.webp,True,https://seif-online.com/en/product/medicine/topical-prepareation/local-anaesthetic
Local Anaesthetic,Skin Care,,3,https://masterapi.witheldokan.com/storage/seif-pharmacies/uploads/298172.webp,seif_output\images\local_anaesthetic_3.webp,True,https://seif-online.com/en/product/medicine/topical-prepareation/local-anaesthetic
Local Anaesthetic,Skin Care,,4,https://masterapi.witheldokan.com/storage/seif-pharmacies/uploads/28023.webp,seif_output\images\local_anaesthetic_4.webp,True,https://seif-online.com/en/product/medicine/topical-prepareation/local-anaesthetic
Local Anaesthetic,Skin Care,,5,https://masterapi.witheldokan.com/storage/seif-pharmacies/uploads/607.webp,seif_output\images\local_anaesthetic_5.webp,True,https://seif-online.com/en/product/medicine/topical-prepareation/local-anaesthetic
Local Anaesthetic,Skin Care,,6,https://masterapi.witheldokan.com/storage/seif-pharmacies/uploads/3475.webp,seif_output\images\local_anaesthetic_6.webp,True,https://seif-online.com/en/product/medicine/topical-prepareation/local-anaesthetic
Local Anaesthetic,Skin Care,,7,https://masterapi.witheldokan.com/storage/seif-pharmacies/uploads/41188.webp,seif_output\images\local_anaesthetic_7.webp,True,https://seif-online.com/en/product/medicine/topical-prepareation/local-anaesthetic
Anti-Dandruff,Skin Care,,1,https://masterapi.witheldokan.com/storage/seif-pharmacies/uploads/30720.webp,seif_output\images\anti_dandruff_1.webp,True,https://seif-online.com/en/product/medicine/topical-prepareation/anti-dandruff
Anti-Dandruff,Skin Care,,2,https://masterapi.witheldokan.com/storage/seif-pharmacies/uploads/140083.webp,seif_output\images\anti_dandruff_2.webp,True,https://seif-online.com/en/product/medicine/topical-prepareation/anti-dandruff
Anti-Dandruff,Skin Care,,3,https://masterapi.witheldokan.com/storage/seif-pharmacies/uploads/344631.webp,seif_output\images\anti_dandruff_3.webp,True,https://seif-online.com/en/product/medicine/topical-prepareation/anti-dandruff
Anti-Dandruff,Skin Care,,4,https://masterapi.witheldokan.com/storage/seif-pharmacies/uploads/367483.webp,seif_output\images\anti_dandruff_4.webp,True,https://seif-online.com/en/product/medicine/topical-prepareation/anti-dandruff
Anti-Dandruff,Skin Care,,5,https://masterapi.witheldokan.com/storage/seif-pharmacies/uploads/89371.webp,seif_output\images\anti_dandruff_5.webp,True,https://seif-online.com/en/product/medicine/topical-prepareation/anti-dandruff
Anti-Dandruff,Skin Care,,6,https://masterapi.witheldokan.com/storage/seif-pharmacies/uploads/308307.webp,seif_output\images\anti_dandruff_6.webp,True,https://seif-online.com/en/product/medicine/topical-prepareation/anti-dandruff
Anti-Dandruff,Skin Care,,7,https://masterapi.witheldokan.com/storage/seif-pharmacies/uploads/130383.webp,seif_output\images\anti_dandruff_7.webp,True,https://seif-online.com/en/product/medicine/topical-prepareation/anti-dandruff
Anti-Dandruff,Skin Care,,8,https://masterapi.witheldokan.com/storage/seif-pharmacies/uploads/314708.webp,seif_output\images\anti_dandruff_8.webp,True,https://seif-online.com/en/product/medicine/topical-prepareation/anti-dandruff
Anti-Dandruff,Skin Care,,9,https://masterapi.witheldokan.com/storage/seif-pharmacies/uploads/368952.webp,seif_output\images\anti_dandruff_9.webp,True,https://seif-online.com/en/product/medicine/topical-prepareation/anti-dandruff
Anti-Dandruff,Skin Care,,10,https://masterapi.witheldokan.com/storage/seif-pharmacies/uploads/604758.webp,seif_output\images\anti_dandruff_10.webp,True,https://seif-online.com/en/product/medicine/topical-prepareation/anti-dandruff
Anti-Dandruff,Skin Care,,11,https://masterapi.witheldokan.com/storage/seif-pharmacies/uploads/207386.webp,seif_output\images\anti_dandruff_11.webp,True,https://seif-online.com/en/product/medicine/topical-prepareation/anti-dandruff
Anti-Dandruff,Skin Care,,12,https://masterapi.witheldokan.com/storage/seif-pharmacies/uploads/257922.webp,seif_output\images\anti_dandruff_12.webp,True,https://seif-online.com/en/product/medicine/topical-prepareation/anti-dandruff
Anti-Dandruff,Skin Care,,13,https://masterapi.witheldokan.com/storage/seif-pharmacies/uploads/266401.webp,seif_output\images\anti_dandruff_13.webp,True,https://seif-online.com/en/product/medicine/topical-prepareation/anti-dandruff
Anti-Dandruff,Skin Care,,14,https://masterapi.witheldokan.com/storage/seif-pharmacies/uploads/300186.webp,seif_output\images\anti_dandruff_14.webp,True,https://seif-online.com/en/product/medicine/topical-prepareation/anti-dandruff
Anti-Dandruff,Skin Care,,15,https://masterapi.witheldokan.com/storage/seif-pharmacies/uploads/315869.webp,seif_output\images\anti_dandruff_15.webp,True,https://seif-online.com/en/product/medicine/topical-prepareation/anti-dandruff
Anti-Dandruff,Skin Care,,16,https://masterapi.witheldokan.com/storage/seif-pharmacies/uploads/361238.webp,seif_output\images\anti_dandruff_16.webp,True,https://seif-online.com/en/product/medicine/topical-prepareation/anti-dandruff
Anti-Dandruff,Skin Care,,17,https://masterapi.witheldokan.com/storage/seif-pharmacies/uploads/368954.webp,seif_output\images\anti_dandruff_17.webp,True,https://seif-online.com/en/product/medicine/topical-prepareation/anti-dandruff
Anti-Dandruff,Skin Care,,18,https://masterapi.witheldokan.com/storage/seif-pharmacies/uploads/378673.webp,seif_output\images\anti_dandruff_18.webp,True,https://seif-online.com/en/product/medicine/topical-prepareation/anti-dandruff
Anti-Dandruff,Skin Care,,19,https://masterapi.witheldokan.com/storage/seif-pharmacies/uploads/383148.webp,seif_output\images\anti_dandruff_19.webp,True,https://seif-online.com/en/product/medicine/topical-prepareation/anti-dandruff
Anti- Fungals,Skin Care,,1,https://masterapi.witheldokan.com/storage/seif-pharmacies/uploads/1332.webp,seif_output\images\anti_fungals_1.webp,True,https://seif-online.com/en/product/medicine/topical-prepareation/anti-fungals
Anti- Fungals,Skin Care,,2,https://masterapi.witheldokan.com/storage/seif-pharmacies/uploads/90025.webp,seif_output\images\anti_fungals_2.webp,True,https://seif-online.com/en/product/medicine/topical-prepareation/anti-fungals
Anti- Fungals,Skin Care,,3,https://masterapi.witheldokan.com/storage/seif-pharmacies/uploads/208094.webp,seif_output\images\anti_fungals_3.webp,True,https://seif-online.com/en/product/medicine/topical-prepareation/anti-fungals
Anti- Fungals,Skin Care,,4,https://masterapi.witheldokan.com/storage/seif-pharmacies/uploads/3350.webp,seif_output\images\anti_fungals_4.webp,True,https://seif-online.com/en/product/medicine/topical-prepareation/anti-fungals
Anti- Fungals,Skin Care,,5,https://masterapi.witheldokan.com/storage/seif-pharmacies/uploads/34677.webp,seif_output\images\anti_fungals_5.webp,True,https://seif-online.com/en/product/medicine/topical-prepareation/anti-fungals
Anti- Fungals,Skin Care,,6,https://masterapi.witheldokan.com/storage/seif-pharmacies/uploads/51698.webp,seif_output\images\anti_fungals_6.webp,True,https://seif-online.com/en/product/medicine/topical-prepareation/anti-fungals
Anti- Fungals,Skin Care,,7,https://masterapi.witheldokan.com/storage/seif-pharmacies/uploads/63222.webp,seif_output\images\anti_fungals_7.webp,True,https://seif-online.com/en/product/medicine/topical-prepareation/anti-fungals
Anti- Fungals,Skin Care,,8,https://masterapi.witheldokan.com/storage/seif-pharmacies/uploads/46239.webp,seif_output\images\anti_fungals_8.webp,True,https://seif-online.com/en/product/medicine/topical-prepareation/anti-fungals
Anti- Fungals,Skin Care,,9,https://masterapi.witheldokan.com/storage/seif-pharmacies/uploads/2502.webp,seif_output\images\anti_fungals_9.webp,True,https://seif-online.com/en/product/medicine/topical-prepareation/anti-fungals
Anti- Fungals,Skin Care,,10,https://masterapi.witheldokan.com/storage/seif-pharmacies/uploads/68204.webp,seif_output\images\anti_fungals_10.webp,True,https://seif-online.com/en/product/medicine/topical-prepareation/anti-fungals
Anti- Fungals,Skin Care,,11,https://masterapi.witheldokan.com/storage/seif-pharmacies/uploads/207933.webp,seif_output\images\anti_fungals_11.webp,True,https://seif-online.com/en/product/medicine/topical-prepareation/anti-fungals
Anti- Fungals,Skin Care,,12,https://masterapi.witheldokan.com/storage/seif-pharmacies/uploads/377690.webp,seif_output\images\anti_fungals_12.webp,True,https://seif-online.com/en/product/medicine/topical-prepareation/anti-fungals
Anti- Fungals,Skin Care,,13,https://masterapi.witheldokan.com/storage/seif-pharmacies/uploads/2636.webp,seif_output\images\anti_fungals_13.webp,True,https://seif-online.com/en/product/medicine/topical-prepareation/anti-fungals
Anti- Fungals,Skin Care,,14,https://masterapi.witheldokan.com/storage/seif-pharmacies/uploads/37872.webp,seif_output\images\anti_fungals_14.webp,True,https://seif-online.com/en/product/medicine/topical-prepareation/anti-fungals
Anti- Fungals,Skin Care,,15,https://masterapi.witheldokan.com/storage/seif-pharmacies/uploads/601830.webp,seif_output\images\anti_fungals_15.webp,True,https://seif-online.com/en/product/medicine/topical-prepareation/anti-fungals
Anti- Fungals,Skin Care,,16,https://masterapi.witheldokan.com/storage/seif-pharmacies/uploads/1478.webp,seif_output\images\anti_fungals_16.webp,True,https://seif-online.com/en/product/medicine/topical-prepareation/anti-fungals
Anti- Fungals,Skin Care,,17,https://masterapi.witheldokan.com/storage/seif-pharmacies/uploads/382995.webp,seif_output\images\anti_fungals_17.webp,True,https://seif-online.com/en/product/medicine/topical-prepareation/anti-fungals
Anti- Fungals,Skin Care,,18,https://masterapi.witheldokan.com/storage/seif-pharmacies/uploads/234132.webp,seif_output\images\anti_fungals_18.webp,True,https://seif-online.com/en/product/medicine/topical-prepareation/anti-fungals
Anti- Fungals,Skin Care,,19,https://masterapi.witheldokan.com/storage/seif-pharmacies/uploads/1340.webp,seif_output\images\anti_fungals_19.webp,True,https://seif-online.com/en/product/medicine/topical-prepareation/anti-fungals
Anti- Fungals,Skin Care,,20,https://masterapi.witheldokan.com/storage/seif-pharmacies/uploads/383866.webp,seif_output\images\anti_fungals_20.webp,True,https://seif-online.com/en/product/medicine/topical-prepareation/anti-fungals
Anti- Fungals,Skin Care,,21,https://masterapi.witheldokan.com/storage/seif-pharmacies/uploads/90026.webp,seif_output\images\anti_fungals_21.webp,True,https://seif-online.com/en/product/medicine/topical-prepareation/anti-fungals
Anti- Fungals,Skin Care,,22,https://masterapi.witheldokan.com/storage/seif-pharmacies/uploads/1299.webp,seif_output\images\anti_fungals_22.webp,True,https://seif-online.com/en/product/medicine/topical-prepareation/anti-fungals
Anti- Fungals,Skin Care,,23,https://masterapi.witheldokan.com/storage/seif-pharmacies/uploads/357917.webp,seif_output\images\anti_fungals_23.webp,True,https://seif-online.com/en/product/medicine/topical-prepareation/anti-fungals
Male Sex Horm / Androgens,Skin Care,,1,https://masterapi.witheldokan.com/storage/seif-pharmacies/uploads/265.webp,seif_output\images\male_sex_horm_androgens_1.webp,True,https://seif-online.com/en/product/medicine/topical-prepareation/male-sex-horm-androgens
Male Sex Horm / Androgens,Skin Care,,2,https://masterapi.witheldokan.com/storage/seif-pharmacies/uploads/251069.webp,seif_output\images\male_sex_horm_androgens_2.webp,True,https://seif-online.com/en/product/medicine/topical-prepareation/male-sex-horm-androgens
Male Sex Horm / Androgens,Skin Care,,3,https://masterapi.witheldokan.com/storage/seif-pharmacies/uploads/301975.webp,seif_output\images\male_sex_horm_androgens_3.webp,True,https://seif-online.com/en/product/medicine/topical-prepareation/male-sex-horm-androgens
Hair Tonic.,Skin Care,,1,https://masterapi.witheldokan.com/storage/seif-pharmacies/uploads/79921.webp,seif_output\images\hair_tonic_1.webp,True,https://seif-online.com/en/product/medicine/topical-prepareation/hair-tonic
Hair Tonic.,Skin Care,,2,https://masterapi.witheldokan.com/storage/seif-pharmacies/uploads/397943.webp,seif_output\images\hair_tonic_2.webp,True,https://seif-online.com/en/product/medicine/topical-prepareation/hair-tonic
Hair Tonic.,Skin Care,,3,https://masterapi.witheldokan.com/storage/seif-pharmacies/uploads/614450-1759928987.webp,seif_output\images\hair_tonic_3.webp,True,https://seif-online.com/en/product/medicine/topical-prepareation/hair-tonic
Hair Tonic.,Skin Care,,4,https://masterapi.witheldokan.com/storage/seif-pharmacies/uploads/47372.webp,seif_output\images\hair_tonic_4.webp,True,https://seif-online.com/en/product/medicine/topical-prepareation/hair-tonic
Hair Tonic.,Skin Care,,5,https://masterapi.witheldokan.com/storage/seif-pharmacies/uploads/312188.webp,seif_output\images\hair_tonic_5.webp,True,https://seif-online.com/en/product/medicine/topical-prepareation/hair-tonic
Hair Tonic.,Skin Care,,6,https://masterapi.witheldokan.com/storage/seif-pharmacies/uploads/309781.webp,seif_output\images\hair_tonic_6.webp,True,https://seif-online.com/en/product/medicine/topical-prepareation/hair-tonic
Hair Tonic.,Skin Care,,7,https://masterapi.witheldokan.com/storage/seif-pharmacies/uploads/241015.webp,seif_output\images\hair_tonic_7.webp,True,https://seif-online.com/en/product/medicine/topical-prepareation/hair-tonic
Hair Tonic.,Skin Care,,8,https://masterapi.witheldokan.com/storage/seif-pharmacies/uploads/304374.webp,seif_output\images\hair_tonic_8.webp,True,https://seif-online.com/en/product/medicine/topical-prepareation/hair-tonic
Hair Tonic.,Skin Care,,9,https://masterapi.witheldokan.com/storage/seif-pharmacies/uploads/357974.webp,seif_output\images\hair_tonic_9.webp,True,https://seif-online.com/en/product/medicine/topical-prepareation/hair-tonic
Hair Tonic.,Skin Care,,10,https://masterapi.witheldokan.com/storage/seif-pharmacies/uploads/192261.webp,seif_output\images\hair_tonic_10.webp,True,https://seif-online.com/en/product/medicine/topical-prepareation/hair-tonic
Medical Soap,Skin Care,,1,https://masterapi.witheldokan.com/storage/seif-pharmacies/uploads/372573-1761054507.webp,seif_output\images\medical_soap_1.webp,True,https://seif-online.com/en/product/medicine/topical-prepareation/medical-soap
Haemorrhoids & Anal Fissures,Skin Care,,1,https://masterapi.witheldokan.com/storage/seif-pharmacies/uploads/3359.webp,seif_output\images\haemorrhoids_anal_fissures_1.webp,True,https://seif-online.com/en/product/medicine/topical-prepareation/haemorrhoids-anal-fissures
Haemorrhoids & Anal Fissures,Skin Care,,2,https://masterapi.witheldokan.com/storage/seif-pharmacies/uploads/3358.webp,seif_output\images\haemorrhoids_anal_fissures_2.webp,True,https://seif-online.com/en/product/medicine/topical-prepareation/haemorrhoids-anal-fissures
Haemorrhoids & Anal Fissures,Skin Care,,3,https://masterapi.witheldokan.com/storage/seif-pharmacies/uploads/155004.webp,seif_output\images\haemorrhoids_anal_fissures_3.webp,True,https://seif-online.com/en/product/medicine/topical-prepareation/haemorrhoids-anal-fissures
Haemorrhoids & Anal Fissures,Skin Care,,4,https://masterapi.witheldokan.com/storage/seif-pharmacies/uploads/2706.webp,seif_output\images\haemorrhoids_anal_fissures_4.webp,True,https://seif-online.com/en/product/medicine/topical-prepareation/haemorrhoids-anal-fissures
Haemorrhoids & Anal Fissures,Skin Care,,5,https://masterapi.witheldokan.com/storage/seif-pharmacies/uploads/155005.webp,seif_output\images\haemorrhoids_anal_fissures_5.webp,True,https://seif-online.com/en/product/medicine/topical-prepareation/haemorrhoids-anal-fissures
Haemorrhoids & Anal Fissures,Skin Care,,6,https://masterapi.witheldokan.com/storage/seif-pharmacies/uploads/221451.webp,seif_output\images\haemorrhoids_anal_fissures_6.webp,True,https://seif-online.com/en/product/medicine/topical-prepareation/haemorrhoids-anal-fissures
Haemorrhoids & Anal Fissures,Skin Care,,7,https://masterapi.witheldokan.com/storage/seif-pharmacies/uploads/1172.webp,seif_output\images\haemorrhoids_anal_fissures_7.webp,True,https://seif-online.com/en/product/medicine/topical-prepareation/haemorrhoids-anal-fissures
Haemorrhoids & Anal Fissures,Skin Care,,8,https://masterapi.witheldokan.com/storage/seif-pharmacies/uploads/1173.webp,seif_output\images\haemorrhoids_anal_fissures_8.webp,True,https://seif-online.com/en/product/medicine/topical-prepareation/haemorrhoids-anal-fissures
Haemorrhoids & Anal Fissures,Skin Care,,9,https://masterapi.witheldokan.com/storage/seif-pharmacies/uploads/2680.webp,seif_output\images\haemorrhoids_anal_fissures_9.webp,True,https://seif-online.com/en/product/medicine/topical-prepareation/haemorrhoids-anal-fissures
Haemorrhoids & Anal Fissures,Skin Care,,10,https://masterapi.witheldokan.com/storage/seif-pharmacies/uploads/62438.webp,seif_output\images\haemorrhoids_anal_fissures_10.webp,True,https://seif-online.com/en/product/medicine/topical-prepareation/haemorrhoids-anal-fissures
Haemorrhoids & Anal Fissures,Skin Care,,11,https://masterapi.witheldokan.com/storage/seif-pharmacies/uploads/62441.webp,seif_output\images\haemorrhoids_anal_fissures_11.webp,True,https://seif-online.com/en/product/medicine/topical-prepareation/haemorrhoids-anal-fissures
Haemorrhoids & Anal Fissures,Skin Care,,12,https://masterapi.witheldokan.com/storage/seif-pharmacies/uploads/151430.webp,seif_output\images\haemorrhoids_anal_fissures_12.webp,True,https://seif-online.com/en/product/medicine/topical-prepareation/haemorrhoids-anal-fissures
Haemorrhoids & Anal Fissures,Skin Care,,13,https://masterapi.witheldokan.com/storage/seif-pharmacies/uploads/198564.webp,seif_output\images\haemorrhoids_anal_fissures_13.webp,True,https://seif-online.com/en/product/medicine/topical-prepareation/haemorrhoids-anal-fissures
Haemorrhoids & Anal Fissures,Skin Care,,14,https://masterapi.witheldokan.com/storage/seif-pharmacies/uploads/305575.webp,seif_output\images\haemorrhoids_anal_fissures_14.webp,True,https://seif-online.com/en/product/medicine/topical-prepareation/haemorrhoids-anal-fissures
Warts&Anti-Corn Preparations,Skin Care,,1,https://masterapi.witheldokan.com/storage/seif-pharmacies/uploads/1055.webp,seif_output\images\wartsanti_corn_preparations_1.webp,True,https://seif-online.com/en/product/medicine/topical-prepareation/wartsanti-corn-preparations
Warts&Anti-Corn Preparations,Skin Care,,2,https://masterapi.witheldokan.com/storage/seif-pharmacies/uploads/2679.webp,seif_output\images\wartsanti_corn_preparations_2.webp,True,https://seif-online.com/en/product/medicine/topical-prepareation/wartsanti-corn-preparations
Warts&Anti-Corn Preparations,Skin Care,,3,https://masterapi.witheldokan.com/storage/seif-pharmacies/uploads/397798.webp,seif_output\images\wartsanti_corn_preparations_3.webp,True,https://seif-online.com/en/product/medicine/topical-prepareation/wartsanti-corn-preparations
Warts&Anti-Corn Preparations,Skin Care,,4,https://masterapi.witheldokan.com/storage/seif-pharmacies/uploads/608915-1760358138.webp,seif_output\images\wartsanti_corn_preparations_4.webp,True,https://seif-online.com/en/product/medicine/topical-prepareation/wartsanti-corn-preparations
Warts&Anti-Corn Preparations,Skin Care,,5,https://masterapi.witheldokan.com/storage/seif-pharmacies/uploads/197230.webp,seif_output\images\wartsanti_corn_preparations_5.webp,True,https://seif-online.com/en/product/medicine/topical-prepareation/wartsanti-corn-preparations
Warts&Anti-Corn Preparations,Skin Care,,6,https://masterapi.witheldokan.com/storage/seif-pharmacies/uploads/385133.webp,seif_output\images\wartsanti_corn_preparations_6.webp,True,https://seif-online.com/en/product/medicine/topical-prepareation/wartsanti-corn-preparations
Anti-Biotics,Skin Care,,1,https://masterapi.witheldokan.com/storage/seif-pharmacies/uploads/156221.webp,seif_output\images\anti_biotics_1.webp,True,https://seif-online.com/en/product/medicine/topical-prepareation/anti-biotics-medicine
Anti-Biotics,Skin Care,,2,https://masterapi.witheldokan.com/storage/seif-pharmacies/uploads/84003.webp,seif_output\images\anti_biotics_2.webp,True,https://seif-online.com/en/product/medicine/topical-prepareation/anti-biotics-medicine
Anti-Biotics,Skin Care,,3,https://masterapi.witheldokan.com/storage/seif-pharmacies/uploads/180614.webp,seif_output\images\anti_biotics_3.webp,True,https://seif-online.com/en/product/medicine/topical-prepareation/anti-biotics-medicine
Anti-Biotics,Skin Care,,4,https://masterapi.witheldokan.com/storage/seif-pharmacies/uploads/934.webp,seif_output\images\anti_biotics_4.webp,True,https://seif-online.com/en/product/medicine/topical-prepareation/anti-biotics-medicine
Anti-Biotics,Skin Care,,5,https://masterapi.witheldokan.com/storage/seif-pharmacies/uploads/295287.webp,seif_output\images\anti_biotics_5.webp,True,https://seif-online.com/en/product/medicine/topical-prepareation/anti-biotics-medicine
Anti-Biotics,Skin Care,,6,https://masterapi.witheldokan.com/storage/seif-pharmacies/uploads/935.webp,seif_output\images\anti_biotics_6.webp,True,https://seif-online.com/en/product/medicine/topical-prepareation/anti-biotics-medicine
Anti-Biotics,Skin Care,,7,https://masterapi.witheldokan.com/storage/seif-pharmacies/uploads/309798.webp,seif_output\images\anti_biotics_7.webp,True,https://seif-online.com/en/product/medicine/topical-prepareation/anti-biotics-medicine
Anti-Biotics,Skin Care,,8,https://masterapi.witheldokan.com/storage/seif-pharmacies/uploads/299480.webp,seif_output\images\anti_biotics_8.webp,True,https://seif-online.com/en/product/medicine/topical-prepareation/anti-biotics-medicine
Anti-Biotics,Skin Care,,9,https://masterapi.witheldokan.com/storage/seif-pharmacies/uploads/184872.webp,seif_output\images\anti_biotics_9.webp,True,https://seif-online.com/en/product/medicine/topical-prepareation/anti-biotics-medicine
Anti-Biotics,Skin Care,,10,https://masterapi.witheldokan.com/storage/seif-pharmacies/uploads/69004.webp,seif_output\images\anti_biotics_10.webp,True,https://seif-online.com/en/product/medicine/topical-prepareation/anti-biotics-medicine
Anti-Biotics,Skin Care,,11,https://masterapi.witheldokan.com/storage/seif-pharmacies/uploads/35177.webp,seif_output\images\anti_biotics_11.webp,True,https://seif-online.com/en/product/medicine/topical-prepareation/anti-biotics-medicine
Anti-Biotics,Skin Care,,12,https://masterapi.witheldokan.com/storage/seif-pharmacies/uploads/40580.webp,seif_output\images\anti_biotics_12.webp,True,https://seif-online.com/en/product/medicine/topical-prepareation/anti-biotics-medicine
Anti-Biotics,Skin Care,,13,https://masterapi.witheldokan.com/storage/seif-pharmacies/uploads/3627.webp,seif_output\images\anti_biotics_13.webp,True,https://seif-online.com/en/product/medicine/topical-prepareation/anti-biotics-medicine
Anti-Biotics,Skin Care,,14,https://masterapi.witheldokan.com/storage/seif-pharmacies/uploads/605736.webp,seif_output\images\anti_biotics_14.webp,True,https://seif-online.com/en/product/medicine/topical-prepareation/anti-biotics-medicine
Anti-Biotics,Skin Care,,15,https://masterapi.witheldokan.com/storage/seif-pharmacies/uploads/143034.webp,seif_output\images\anti_biotics_15.webp,True,https://seif-online.com/en/product/medicine/topical-prepareation/anti-biotics-medicine
Anti-Biotics,Skin Care,,16,https://masterapi.witheldokan.com/storage/seif-pharmacies/uploads/2765.webp,seif_output\images\anti_biotics_16.webp,True,https://seif-online.com/en/product/medicine/topical-prepareation/anti-biotics-medicine
Anti-Biotics,Skin Care,,17,https://masterapi.witheldokan.com/storage/seif-pharmacies/uploads/40578.webp,seif_output\images\anti_biotics_17.webp,True,https://seif-online.com/en/product/medicine/topical-prepareation/anti-biotics-medicine
Anti-Biotics,Skin Care,,18,https://masterapi.witheldokan.com/storage/seif-pharmacies/uploads/42425.webp,seif_output\images\anti_biotics_18.webp,True,https://seif-online.com/en/product/medicine/topical-prepareation/anti-biotics-medicine
Anti-Biotics,Skin Care,,19,https://masterapi.witheldokan.com/storage/seif-pharmacies/uploads/85056.webp,seif_output\images\anti_biotics_19.webp,True,https://seif-online.com/en/product/medicine/topical-prepareation/anti-biotics-medicine
Topical Anti- Biotic,Skin Care,,1,https://masterapi.witheldokan.com/storage/seif-pharmacies/uploads/159782.webp,seif_output\images\topical_anti_biotic_1.webp,True,https://seif-online.com/en/product/medicine/topical-prepareation/topical-anti-biotic-topical-prepareation-4
Anti-Acne,Skin Care,,1,https://cdn.supercommerce.io/seif-pharmacies/uploads/614402.jpeg,seif_output\images\anti_acne_1.jpeg,True,https://seif-online.com/en/product/medicine/topical-prepareation/anti-acne
Anti-Acne,Skin Care,,2,https://masterapi.witheldokan.com/storage/seif-pharmacies/uploads/43132.webp,seif_output\images\anti_acne_2.webp,True,https://seif-online.com/en/product/medicine/topical-prepareation/anti-acne
Anti-Acne,Skin Care,,3,https://masterapi.witheldokan.com/storage/seif-pharmacies/uploads/86488.webp,seif_output\images\anti_acne_3.webp,True,https://seif-online.com/en/product/medicine/topical-prepareation/anti-acne
Anti-Acne,Skin Care,,4,https://masterapi.witheldokan.com/storage/seif-pharmacies/uploads/324745.webp,seif_output\images\anti_acne_4.webp,True,https://seif-online.com/en/product/medicine/topical-prepareation/anti-acne
Anti-Acne,Skin Care,,5,https://masterapi.witheldokan.com/storage/seif-pharmacies/uploads/157499.webp,seif_output\images\anti_acne_5.webp,True,https://seif-online.com/en/product/medicine/topical-prepareation/anti-acne
Anti-Acne,Skin Care,,6,https://masterapi.witheldokan.com/storage/seif-pharmacies/uploads/254919.webp,seif_output\images\anti_acne_6.webp,True,https://seif-online.com/en/product/medicine/topical-prepareation/anti-acne
Anti-Acne,Skin Care,,7,https://masterapi.witheldokan.com/storage/seif-pharmacies/uploads/29275.webp,seif_output\images\anti_acne_7.webp,True,https://seif-online.com/en/product/medicine/topical-prepareation/anti-acne
Anti-Acne,Skin Care,,8,https://masterapi.witheldokan.com/storage/seif-pharmacies/uploads/303147.webp,seif_output\images\anti_acne_8.webp,True,https://seif-online.com/en/product/medicine/topical-prepareation/anti-acne
Anti-Acne,Skin Care,,9,https://masterapi.witheldokan.com/storage/seif-pharmacies/uploads/162782.webp,seif_output\images\anti_acne_9.webp,True,https://seif-online.com/en/product/medicine/topical-prepareation/anti-acne
Anti-Acne,Skin Care,,10,https://masterapi.witheldokan.com/storage/seif-pharmacies/uploads/234682.webp,seif_output\images\anti_acne_10.webp,True,https://seif-online.com/en/product/medicine/topical-prepareation/anti-acne
Anti-Acne,Skin Care,,11,https://masterapi.witheldokan.com/storage/seif-pharmacies/uploads/608843-1760358810.webp,seif_output\images\anti_acne_11.webp,True,https://seif-online.com/en/product/medicine/topical-prepareation/anti-acne
Anti-Acne,Skin Care,,12,https://masterapi.witheldokan.com/storage/seif-pharmacies/uploads/356131.webp,seif_output\images\anti_acne_12.webp,True,https://seif-online.com/en/product/medicine/topical-prepareation/anti-acne
Anti-Acne,Skin Care,,13,https://masterapi.witheldokan.com/storage/seif-pharmacies/uploads/185538.webp,seif_output\images\anti_acne_13.webp,True,https://seif-online.com/en/product/medicine/topical-prepareation/anti-acne
Anti-Acne,Skin Care,,14,https://masterapi.witheldokan.com/storage/seif-pharmacies/uploads/309084.webp,seif_output\images\anti_acne_14.webp,True,https://seif-online.com/en/product/medicine/topical-prepareation/anti-acne
Blank,Skin Care,,1,https://masterapi.witheldokan.com/storage/seif-pharmacies/uploads/394707.webp,seif_output\images\blank_1.webp,True,https://seif-online.com/en/product/medicine/topical-prepareation/blank
Blank,Skin Care,,2,https://masterapi.witheldokan.com/storage/seif-pharmacies/uploads/2496.webp,seif_output\images\blank_2.webp,True,https://seif-online.com/en/product/medicine/topical-prepareation/blank
Blank,Skin Care,,3,https://masterapi.witheldokan.com/storage/seif-pharmacies/uploads/371825.webp,seif_output\images\blank_3.webp,True,https://seif-online.com/en/product/medicine/topical-prepareation/blank
Blank,Skin Care,,4,https://masterapi.witheldokan.com/storage/seif-pharmacies/uploads/2206.webp,seif_output\images\blank_4.webp,True,https://seif-online.com/en/product/medicine/topical-prepareation/blank
Blank,Skin Care,,5,https://masterapi.witheldokan.com/storage/seif-pharmacies/uploads/389350.webp,seif_output\images\blank_5.webp,True,https://seif-online.com/en/product/medicine/topical-prepareation/blank
Anti-Fungal & Steroid,Skin Care,,1,https://masterapi.witheldokan.com/storage/seif-pharmacies/uploads/3147.webp,seif_output\images\anti_fungal_steroid_1.webp,True,https://seif-online.com/en/product/medicine/topical-prepareation/anti-fungal-steroid
Anti-Fungal & Steroid,Skin Care,,2,https://masterapi.witheldokan.com/storage/seif-pharmacies/uploads/3467.webp,seif_output\images\anti_fungal_steroid_2.webp,True,https://seif-online.com/en/product/medicine/topical-prepareation/anti-fungal-steroid
Anti-Fungal & Steroid,Skin Care,,3,https://masterapi.witheldokan.com/storage/seif-pharmacies/uploads/167175.webp,seif_output\images\anti_fungal_steroid_3.webp,True,https://seif-online.com/en/product/medicine/topical-prepareation/anti-fungal-steroid
Anti-Fungal & Steroid,Skin Care,,4,https://masterapi.witheldokan.com/storage/seif-pharmacies/uploads/1958.webp,seif_output\images\anti_fungal_steroid_4.webp,True,https://seif-online.com/en/product/medicine/topical-prepareation/anti-fungal-steroid
Anti-Fungal & Steroid,Skin Care,,5,https://masterapi.witheldokan.com/storage/seif-pharmacies/uploads/275279.webp,seif_output\images\anti_fungal_steroid_5.webp,True,https://seif-online.com/en/product/medicine/topical-prepareation/anti-fungal-steroid
Anti-Fungal & Steroid,Skin Care,,6,https://masterapi.witheldokan.com/storage/seif-pharmacies/uploads/26418.webp,seif_output\images\anti_fungal_steroid_6.webp,True,https://seif-online.com/en/product/medicine/topical-prepareation/anti-fungal-steroid
Anti-Fungal & Steroid,Skin Care,,7,https://masterapi.witheldokan.com/storage/seif-pharmacies/uploads/306824.webp,seif_output\images\anti_fungal_steroid_7.webp,True,https://seif-online.com/en/product/medicine/topical-prepareation/anti-fungal-steroid
Anti-Fungal & Steroid,Skin Care,,8,https://masterapi.witheldokan.com/storage/seif-pharmacies/uploads/356136.webp,seif_output\images\anti_fungal_steroid_8.webp,True,https://seif-online.com/en/product/medicine/topical-prepareation/anti-fungal-steroid
Anti-Fungal & Steroid,Skin Care,,9,https://masterapi.witheldokan.com/storage/seif-pharmacies/uploads/605872-1760876730.webp,seif_output\images\anti_fungal_steroid_9.webp,True,https://seif-online.com/en/product/medicine/topical-prepareation/anti-fungal-steroid
Antiseptic,Skin Care,,1,https://masterapi.witheldokan.com/storage/seif-pharmacies/uploads/349258.webp,seif_output\images\antiseptic_1.webp,True,https://seif-online.com/en/product/medicine/topical-prepareation/antiseptic
Antiseptic,Skin Care,,2,https://masterapi.witheldokan.com/storage/seif-pharmacies/uploads/385549.webp,seif_output\images\antiseptic_2.webp,True,https://seif-online.com/en/product/medicine/topical-prepareation/antiseptic
Antiseptic,Skin Care,,3,https://masterapi.witheldokan.com/storage/seif-pharmacies/uploads/341657.webp,seif_output\images\antiseptic_3.webp,True,https://seif-online.com/en/product/medicine/topical-prepareation/antiseptic
Antiseptic,Skin Care,,4,https://masterapi.witheldokan.com/storage/seif-pharmacies/uploads/369188.webp,seif_output\images\antiseptic_4.webp,True,https://seif-online.com/en/product/medicine/topical-prepareation/antiseptic
Antiseptic,Skin Care,,5,https://masterapi.witheldokan.com/storage/seif-pharmacies/uploads/377663.webp,seif_output\images\antiseptic_5.webp,True,https://seif-online.com/en/product/medicine/topical-prepareation/antiseptic
Antiseptic,Skin Care,,6,https://masterapi.witheldokan.com/storage/seif-pharmacies/uploads/321017-1761223692.webp,seif_output\images\antiseptic_6.webp,True,https://seif-online.com/en/product/medicine/topical-prepareation/antiseptic
Antiseptic,Skin Care,,7,https://masterapi.witheldokan.com/storage/seif-pharmacies/uploads/389452.webp,seif_output\images\antiseptic_7.webp,True,https://seif-online.com/en/product/medicine/topical-prepareation/antiseptic
Antiseptic,Skin Care,,8,https://masterapi.witheldokan.com/storage/seif-pharmacies/uploads/187508.webp,seif_output\images\antiseptic_8.webp,True,https://seif-online.com/en/product/medicine/topical-prepareation/antiseptic
Antiseptic,Skin Care,,9,https://masterapi.witheldokan.com/storage/seif-pharmacies/uploads/614376-1760270864.webp,seif_output\images\antiseptic_9.webp,True,https://seif-online.com/en/product/medicine/topical-prepareation/antiseptic
Scabies & Lice,Skin Care,,1,https://masterapi.witheldokan.com/storage/seif-pharmacies/uploads/398016.webp,seif_output\images\scabies_lice_1.webp,True,https://seif-online.com/en/product/medicine/topical-prepareation/scabies-lice
Scabies & Lice,Skin Care,,2,https://masterapi.witheldokan.com/storage/seif-pharmacies/uploads/51538.webp,seif_output\images\scabies_lice_2.webp,True,https://seif-online.com/en/product/medicine/topical-prepareation/scabies-lice
Scabies & Lice,Skin Care,,3,https://masterapi.witheldokan.com/storage/seif-pharmacies/uploads/51700.webp,seif_output\images\scabies_lice_3.webp,True,https://seif-online.com/en/product/medicine/topical-prepareation/scabies-lice
Scabies & Lice,Skin Care,,4,https://masterapi.witheldokan.com/storage/seif-pharmacies/uploads/3792.webp,seif_output\images\scabies_lice_4.webp,True,https://seif-online.com/en/product/medicine/topical-prepareation/scabies-lice
Vitiligo Treatment,Skin Care,,1,https://masterapi.witheldokan.com/storage/seif-pharmacies/uploads/960.webp,seif_output\images\vitiligo_treatment_1.webp,True,https://seif-online.com/en/product/medicine/topical-prepareation/vitiligo-treatment
Steroid,Skin Care,,1,https://masterapi.witheldokan.com/storage/seif-pharmacies/uploads/389988.webp,seif_output\images\steroid_1.webp,True,https://seif-online.com/en/product/medicine/topical-prepareation/steroid
Steroid,Skin Care,,2,https://masterapi.witheldokan.com/storage/seif-pharmacies/uploads/2025.webp,seif_output\images\steroid_2.webp,True,https://seif-online.com/en/product/medicine/topical-prepareation/steroid
Steroid,Skin Care,,3,https://masterapi.witheldokan.com/storage/seif-pharmacies/uploads/53675.webp,seif_output\images\steroid_3.webp,True,https://seif-online.com/en/product/medicine/topical-prepareation/steroid
Steroid,Skin Care,,4,https://masterapi.witheldokan.com/storage/seif-pharmacies/uploads/185718.webp,seif_output\images\steroid_4.webp,True,https://seif-online.com/en/product/medicine/topical-prepareation/steroid
Steroid,Skin Care,,5,https://masterapi.witheldokan.com/storage/seif-pharmacies/uploads/2050.webp,seif_output\images\steroid_5.webp,True,https://seif-online.com/en/product/medicine/topical-prepareation/steroid
Steroid,Skin Care,,6,https://masterapi.witheldokan.com/storage/seif-pharmacies/uploads/53365.webp,seif_output\images\steroid_6.webp,True,https://seif-online.com/en/product/medicine/topical-prepareation/steroid
Steroid,Skin Care,,7,https://masterapi.witheldokan.com/storage/seif-pharmacies/uploads/922.webp,seif_output\images\steroid_7.webp,True,https://seif-online.com/en/product/medicine/topical-prepareation/steroid
Steroid,Skin Care,,8,https://masterapi.witheldokan.com/storage/seif-pharmacies/uploads/921.webp,seif_output\images\steroid_8.webp,True,https://seif-online.com/en/product/medicine/topical-prepareation/steroid
Steroid,Skin Care,,9,https://masterapi.witheldokan.com/storage/seif-pharmacies/uploads/95281.webp,seif_output\images\steroid_9.webp,True,https://seif-online.com/en/product/medicine/topical-prepareation/steroid
Steroid,Skin Care,,10,https://masterapi.witheldokan.com/storage/seif-pharmacies/uploads/95285.webp,seif_output\images\steroid_10.webp,True,https://seif-online.com/en/product/medicine/topical-prepareation/steroid
Steroid,Skin Care,,11,https://masterapi.witheldokan.com/storage/seif-pharmacies/uploads/91166.webp,seif_output\images\steroid_11.webp,True,https://seif-online.com/en/product/medicine/topical-prepareation/steroid
Steroid,Skin Care,,12,https://masterapi.witheldokan.com/storage/seif-pharmacies/uploads/98199.webp,seif_output\images\steroid_12.webp,True,https://seif-online.com/en/product/medicine/topical-prepareation/steroid
Steroid,Skin Care,,13,https://masterapi.witheldokan.com/storage/seif-pharmacies/uploads/347428.webp,seif_output\images\steroid_13.webp,True,https://seif-online.com/en/product/medicine/topical-prepareation/steroid
Steroid,Skin Care,,14,https://masterapi.witheldokan.com/storage/seif-pharmacies/uploads/3494.webp,seif_output\images\steroid_14.webp,True,https://seif-online.com/en/product/medicine/topical-prepareation/steroid
Steroid,Skin Care,,15,https://masterapi.witheldokan.com/storage/seif-pharmacies/uploads/51689.webp,seif_output\images\steroid_15.webp,True,https://seif-online.com/en/product/medicine/topical-prepareation/steroid
Steroid,Skin Care,,16,https://masterapi.witheldokan.com/storage/seif-pharmacies/uploads/136170.webp,seif_output\images\steroid_16.webp,True,https://seif-online.com/en/product/medicine/topical-prepareation/steroid
Steroid,Skin Care,,17,https://masterapi.witheldokan.com/storage/seif-pharmacies/uploads/107583.webp,seif_output\images\steroid_17.webp,True,https://seif-online.com/en/product/medicine/topical-prepareation/steroid
Steroid,Skin Care,,18,https://masterapi.witheldokan.com/storage/seif-pharmacies/uploads/1230.webp,seif_output\images\steroid_18.webp,True,https://seif-online.com/en/product/medicine/topical-prepareation/steroid
Steroid,Skin Care,,19,https://masterapi.witheldokan.com/storage/seif-pharmacies/uploads/1995.webp,seif_output\images\steroid_19.webp,True,https://seif-online.com/en/product/medicine/topical-prepareation/steroid
Steroid & Anti-Biotic,Skin Care,,1,https://masterapi.witheldokan.com/storage/seif-pharmacies/uploads/1510.webp,seif_output\images\steroid_anti_biotic_1.webp,True,https://seif-online.com/en/product/medicine/topical-prepareation/steroid-anti-biotic
Steroid & Anti-Biotic,Skin Care,,2,https://masterapi.witheldokan.com/storage/seif-pharmacies/uploads/2764.webp,seif_output\images\steroid_anti_biotic_2.webp,True,https://seif-online.com/en/product/medicine/topical-prepareation/steroid-anti-biotic
Steroid & Anti-Biotic,Skin Care,,3,https://masterapi.witheldokan.com/storage/seif-pharmacies/uploads/398153.webp,seif_output\images\steroid_anti_biotic_3.webp,True,https://seif-online.com/en/product/medicine/topical-prepareation/steroid-anti-biotic
Steroid & Anti-Biotic,Skin Care,,4,https://masterapi.witheldokan.com/storage/seif-pharmacies/uploads/180615.webp,seif_output\images\steroid_anti_biotic_4.webp,True,https://seif-online.com/en/product/medicine/topical-prepareation/steroid-anti-biotic
Steroid & Anti-Biotic,Skin Care,,5,https://masterapi.witheldokan.com/storage/seif-pharmacies/uploads/602292.webp,seif_output\images\steroid_anti_biotic_5.webp,True,https://seif-online.com/en/product/medicine/topical-prepareation/steroid-anti-biotic
Steroid & Anti-Biotic,Skin Care,,6,https://masterapi.witheldokan.com/storage/seif-pharmacies/uploads/44838.webp,seif_output\images\steroid_anti_biotic_6.webp,True,https://seif-online.com/en/product/medicine/topical-prepareation/steroid-anti-biotic
Steroid & Anti-Biotic,Skin Care,,7,https://masterapi.witheldokan.com/storage/seif-pharmacies/uploads/41949.webp,seif_output\images\steroid_anti_biotic_7.webp,True,https://seif-online.com/en/product/medicine/topical-prepareation/steroid-anti-biotic
Steroid & Anti-Biotic,Skin Care,,8,https://masterapi.witheldokan.com/storage/seif-pharmacies/uploads/299483.webp,seif_output\images\steroid_anti_biotic_8.webp,True,https://seif-online.com/en/product/medicine/topical-prepareation/steroid-anti-biotic
Steroid & Anti-Biotic,Skin Care,,9,https://masterapi.witheldokan.com/storage/seif-pharmacies/uploads/143033.webp,seif_output\images\steroid_anti_biotic_9.webp,True,https://seif-online.com/en/product/medicine/topical-prepareation/steroid-anti-biotic
Steroid & Anti-Biotic,Skin Care,,10,https://masterapi.witheldokan.com/storage/seif-pharmacies/uploads/103710.webp,seif_output\images\steroid_anti_biotic_10.webp,True,https://seif-online.com/en/product/medicine/topical-prepareation/steroid-anti-biotic
Steroid & Anti-Biotic,Skin Care,,11,https://masterapi.witheldokan.com/storage/seif-pharmacies/uploads/976.webp,seif_output\images\steroid_anti_biotic_11.webp,True,https://seif-online.com/en/product/medicine/topical-prepareation/steroid-anti-biotic
Steroid & Anti-Biotic,Skin Care,,12,https://masterapi.witheldokan.com/storage/seif-pharmacies/uploads/161585.webp,seif_output\images\steroid_anti_biotic_12.webp,True,https://seif-online.com/en/product/medicine/topical-prepareation/steroid-anti-biotic
Steroid & Anti-Biotic,Skin Care,,13,https://masterapi.witheldokan.com/storage/seif-pharmacies/uploads/222933.webp,seif_output\images\steroid_anti_biotic_13.webp,True,https://seif-online.com/en/product/medicine/topical-prepareation/steroid-anti-biotic
Steroid & Anti-Biotic,Skin Care,,14,https://masterapi.witheldokan.com/storage/seif-pharmacies/uploads/1221.webp,seif_output\images\steroid_anti_biotic_14.webp,True,https://seif-online.com/en/product/medicine/topical-prepareation/steroid-anti-biotic
Steroid & Anti-Biotic,Skin Care,,15,https://masterapi.witheldokan.com/storage/seif-pharmacies/uploads/1509.webp,seif_output\images\steroid_anti_biotic_15.webp,True,https://seif-online.com/en/product/medicine/topical-prepareation/steroid-anti-biotic
Steroid & Anti-Biotic,Skin Care,,16,https://masterapi.witheldokan.com/storage/seif-pharmacies/uploads/1998.webp,seif_output\images\steroid_anti_biotic_16.webp,True,https://seif-online.com/en/product/medicine/topical-prepareation/steroid-anti-biotic
Steroid & Anti-Biotic,Skin Care,,17,https://masterapi.witheldokan.com/storage/seif-pharmacies/uploads/3275.webp,seif_output\images\steroid_anti_biotic_17.webp,True,https://seif-online.com/en/product/medicine/topical-prepareation/steroid-anti-biotic
Steroid & Anti-Biotic,Skin Care,,18,https://masterapi.witheldokan.com/storage/seif-pharmacies/uploads/3729.webp,seif_output\images\steroid_anti_biotic_18.webp,True,https://seif-online.com/en/product/medicine/topical-prepareation/steroid-anti-biotic
Steroid & Anti-Biotic,Skin Care,,19,https://masterapi.witheldokan.com/storage/seif-pharmacies/uploads/3730.webp,seif_output\images\steroid_anti_biotic_19.webp,True,https://seif-online.com/en/product/medicine/topical-prepareation/steroid-anti-biotic
Steroid & Anti-Biotic,Skin Care,,20,https://masterapi.witheldokan.com/storage/seif-pharmacies/uploads/20185.webp,seif_output\images\steroid_anti_biotic_20.webp,True,https://seif-online.com/en/product/medicine/topical-prepareation/steroid-anti-biotic
Analgesic / A. Rheumatic,Skin Care,,1,https://masterapi.witheldokan.com/storage/seif-pharmacies/uploads/1446.webp,seif_output\images\analgesic_a_rheumatic_1.webp,True,https://seif-online.com/en/product/medicine/endocrine-system/analgesic-a-rheumatic
Analgesic / A. Rheumatic,Skin Care,,2,https://masterapi.witheldokan.com/storage/seif-pharmacies/uploads/127899.webp,seif_output\images\analgesic_a_rheumatic_2.webp,True,https://seif-online.com/en/product/medicine/endocrine-system/analgesic-a-rheumatic
Analgesic / A. Rheumatic,Skin Care,,3,https://masterapi.witheldokan.com/storage/seif-pharmacies/uploads/385702.webp,seif_output\images\analgesic_a_rheumatic_3.webp,True,https://seif-online.com/en/product/medicine/endocrine-system/analgesic-a-rheumatic
Analgesic / A. Rheumatic,Skin Care,,4,https://masterapi.witheldokan.com/storage/seif-pharmacies/uploads/614427-1759928718.webp,seif_output\images\analgesic_a_rheumatic_4.webp,True,https://seif-online.com/en/product/medicine/endocrine-system/analgesic-a-rheumatic
Analgesic / A. Rheumatic,Skin Care,,5,https://masterapi.witheldokan.com/storage/seif-pharmacies/uploads/1428.webp,seif_output\images\analgesic_a_rheumatic_5.webp,True,https://seif-online.com/en/product/medicine/endocrine-system/analgesic-a-rheumatic
Analgesic / A. Rheumatic,Skin Care,,6,https://masterapi.witheldokan.com/storage/seif-pharmacies/uploads/614428-1759928693.webp,seif_output\images\analgesic_a_rheumatic_6.webp,True,https://seif-online.com/en/product/medicine/endocrine-system/analgesic-a-rheumatic
Analgesic / A. Rheumatic,Skin Care,,7,https://masterapi.witheldokan.com/storage/seif-pharmacies/uploads/276065.webp,seif_output\images\analgesic_a_rheumatic_7.webp,True,https://seif-online.com/en/product/medicine/endocrine-system/analgesic-a-rheumatic
Analgesic / A. Rheumatic,Skin Care,,8,https://masterapi.witheldokan.com/storage/seif-pharmacies/uploads/312957.webp,seif_output\images\analgesic_a_rheumatic_8.webp,True,https://seif-online.com/en/product/medicine/endocrine-system/analgesic-a-rheumatic
Analgesic / A. Rheumatic,Skin Care,,9,https://masterapi.witheldokan.com/storage/seif-pharmacies/uploads/404029.webp,seif_output\images\analgesic_a_rheumatic_9.webp,True,https://seif-online.com/en/product/medicine/endocrine-system/analgesic-a-rheumatic
Analgesic / A. Rheumatic,Skin Care,,10,https://masterapi.witheldokan.com/storage/seif-pharmacies/uploads/3304.webp,seif_output\images\analgesic_a_rheumatic_10.webp,True,https://seif-online.com/en/product/medicine/endocrine-system/analgesic-a-rheumatic
Analgesic / A. Rheumatic,Skin Care,,11,https://masterapi.witheldokan.com/storage/seif-pharmacies/uploads/180743.webp,seif_output\images\analgesic_a_rheumatic_11.webp,True,https://seif-online.com/en/product/medicine/endocrine-system/analgesic-a-rheumatic
Analgesic / A. Rheumatic,Skin Care,,12,https://masterapi.witheldokan.com/storage/seif-pharmacies/uploads/372134.webp,seif_output\images\analgesic_a_rheumatic_12.webp,True,https://seif-online.com/en/product/medicine/endocrine-system/analgesic-a-rheumatic
Analgesic / A. Rheumatic,Skin Care,,13,https://masterapi.witheldokan.com/storage/seif-pharmacies/uploads/211991.webp,seif_output\images\analgesic_a_rheumatic_13.webp,True,https://seif-online.com/en/product/medicine/endocrine-system/analgesic-a-rheumatic
Analgesic / A. Rheumatic,Skin Care,,14,https://masterapi.witheldokan.com/storage/seif-pharmacies/uploads/52821.webp,seif_output\images\analgesic_a_rheumatic_14.webp,True,https://seif-online.com/en/product/medicine/endocrine-system/analgesic-a-rheumatic
Analgesic / A. Rheumatic,Skin Care,,15,https://masterapi.witheldokan.com/storage/seif-pharmacies/uploads/430949.webp,seif_output\images\analgesic_a_rheumatic_15.webp,True,https://seif-online.com/en/product/medicine/endocrine-system/analgesic-a-rheumatic
"Eye,Ear,Nose",Skin Care,,1,https://masterapi.witheldokan.com/storage/seif-pharmacies/uploads/1380.webp,seif_output\images\eyeearnose_1.webp,True,https://seif-online.com/en/product/medicine/eye-medicines
"Eye,Ear,Nose",Skin Care,,2,https://masterapi.witheldokan.com/storage/seif-pharmacies/uploads/254132.webp,seif_output\images\eyeearnose_2.webp,True,https://seif-online.com/en/product/medicine/eye-medicines
"Eye,Ear,Nose",Skin Care,,3,https://masterapi.witheldokan.com/storage/seif-pharmacies/uploads/78120.webp,seif_output\images\eyeearnose_3.webp,True,https://seif-online.com/en/product/medicine/eye-medicines
"Eye,Ear,Nose",Skin Care,,4,https://masterapi.witheldokan.com/storage/seif-pharmacies/uploads/81298.webp,seif_output\images\eyeearnose_4.webp,True,https://seif-online.com/en/product/medicine/eye-medicines
"Eye,Ear,Nose",Skin Care,,5,https://masterapi.witheldokan.com/storage/seif-pharmacies/uploads/215027.webp,seif_output\images\eyeearnose_5.webp,True,https://seif-online.com/en/product/medicine/eye-medicines
"Eye,Ear,Nose",Skin Care,,6,https://masterapi.witheldokan.com/storage/seif-pharmacies/uploads/786.webp,seif_output\images\eyeearnose_6.webp,True,https://seif-online.com/en/product/medicine/eye-medicines
"Eye,Ear,Nose",Skin Care,,7,https://masterapi.witheldokan.com/storage/seif-pharmacies/uploads/1381.webp,seif_output\images\eyeearnose_7.webp,True,https://seif-online.com/en/product/medicine/eye-medicines
"Eye,Ear,Nose",Skin Care,,8,https://masterapi.witheldokan.com/storage/seif-pharmacies/uploads/212008.webp,seif_output\images\eyeearnose_8.webp,True,https://seif-online.com/en/product/medicine/eye-medicines
"Eye,Ear,Nose",Skin Care,,9,https://masterapi.witheldokan.com/storage/seif-pharmacies/uploads/397807.webp,seif_output\images\eyeearnose_9.webp,True,https://seif-online.com/en/product/medicine/eye-medicines
"Eye,Ear,Nose",Skin Care,,10,https://masterapi.witheldokan.com/storage/seif-pharmacies/uploads/382881.webp,seif_output\images\eyeearnose_10.webp,True,https://seif-online.com/en/product/medicine/eye-medicines
"Eye,Ear,Nose",Skin Care,,11,https://masterapi.witheldokan.com/storage/seif-pharmacies/uploads/29090.webp,seif_output\images\eyeearnose_11.webp,True,https://seif-online.com/en/product/medicine/eye-medicines
"Eye,Ear,Nose",Skin Care,,12,https://masterapi.witheldokan.com/storage/seif-pharmacies/uploads/64634.webp,seif_output\images\eyeearnose_12.webp,True,https://seif-online.com/en/product/medicine/eye-medicines
"Eye,Ear,Nose",Skin Care,,13,https://masterapi.witheldokan.com/storage/seif-pharmacies/uploads/288102.webp,seif_output\images\eyeearnose_13.webp,True,https://seif-online.com/en/product/medicine/eye-medicines
"Eye,Ear,Nose",Skin Care,,14,https://masterapi.witheldokan.com/storage/seif-pharmacies/uploads/323673.webp,seif_output\images\eyeearnose_14.webp,True,https://seif-online.com/en/product/medicine/eye-medicines
"Eye,Ear,Nose",Skin Care,,15,https://masterapi.witheldokan.com/storage/seif-pharmacies/uploads/383712.webp,seif_output\images\eyeearnose_15.webp,True,https://seif-online.com/en/product/medicine/eye-medicines
"Eye,Ear,Nose",Skin Care,,16,https://masterapi.witheldokan.com/storage/seif-pharmacies/uploads/180301.webp,seif_output\images\eyeearnose_16.webp,True,https://seif-online.com/en/product/medicine/eye-medicines
"Eye,Ear,Nose",Skin Care,,17,https://masterapi.witheldokan.com/storage/seif-pharmacies/uploads/395863.webp,seif_output\images\eyeearnose_17.webp,True,https://seif-online.com/en/product/medicine/eye-medicines
"Eye,Ear,Nose",Skin Care,,18,https://masterapi.witheldokan.com/storage/seif-pharmacies/uploads/51767.webp,seif_output\images\eyeearnose_18.webp,True,https://seif-online.com/en/product/medicine/eye-medicines
"Eye,Ear,Nose",Skin Care,,19,https://masterapi.witheldokan.com/storage/seif-pharmacies/uploads/115759.webp,seif_output\images\eyeearnose_19.webp,True,https://seif-online.com/en/product/medicine/eye-medicines
"Eye,Ear,Nose",Skin Care,,20,https://masterapi.witheldokan.com/storage/seif-pharmacies/uploads/358691.webp,seif_output\images\eyeearnose_20.webp,True,https://seif-online.com/en/product/medicine/eye-medicines
"Eye,Ear,Nose",Skin Care,,21,https://masterapi.witheldokan.com/storage/seif-pharmacies/uploads/94930.webp,seif_output\images\eyeearnose_21.webp,True,https://seif-online.com/en/product/medicine/eye-medicines
Topical Anti-Biotic,Skin Care,,1,https://masterapi.witheldokan.com/storage/seif-pharmacies/uploads/115759.webp,seif_output\images\topical_anti_biotic_1.webp,True,https://seif-online.com/en/product/medicine/eye-medicines/topical-anti-biotic
Topical Anti-Biotic,Skin Care,,2,https://masterapi.witheldokan.com/storage/seif-pharmacies/uploads/1312.webp,seif_output\images\topical_anti_biotic_2.webp,True,https://seif-online.com/en/product/medicine/eye-medicines/topical-anti-biotic
Topical Anti-Biotic,Skin Care,,3,https://masterapi.witheldokan.com/storage/seif-pharmacies/uploads/2235.webp,seif_output\images\topical_anti_biotic_3.webp,True,https://seif-online.com/en/product/medicine/eye-medicines/topical-anti-biotic
Topical Anti-Biotic,Skin Care,,4,https://masterapi.witheldokan.com/storage/seif-pharmacies/uploads/302824.webp,seif_output\images\topical_anti_biotic_4.webp,True,https://seif-online.com/en/product/medicine/eye-medicines/topical-anti-biotic
Topical Anti-Biotic,Skin Care,,5,https://masterapi.witheldokan.com/storage/seif-pharmacies/uploads/30929.webp,seif_output\images\topical_anti_biotic_5.webp,True,https://seif-online.com/en/product/medicine/eye-medicines/topical-anti-biotic
Topical Anti-Biotic,Skin Care,,6,https://masterapi.witheldokan.com/storage/seif-pharmacies/uploads/245020.webp,seif_output\images\topical_anti_biotic_6.webp,True,https://seif-online.com/en/product/medicine/eye-medicines/topical-anti-biotic
Topical Anti-Biotic,Skin Care,,7,https://masterapi.witheldokan.com/storage/seif-pharmacies/uploads/261254.webp,seif_output\images\topical_anti_biotic_7.webp,True,https://seif-online.com/en/product/medicine/eye-medicines/topical-anti-biotic
Topical Anti-Biotic,Skin Care,,8,https://masterapi.witheldokan.com/storage/seif-pharmacies/uploads/51691.webp,seif_output\images\topical_anti_biotic_8.webp,True,https://seif-online.com/en/product/medicine/eye-medicines/topical-anti-biotic
Topical Anti-Biotic,Skin Care,,9,https://masterapi.witheldokan.com/storage/seif-pharmacies/uploads/295400.webp,seif_output\images\topical_anti_biotic_9.webp,True,https://seif-online.com/en/product/medicine/eye-medicines/topical-anti-biotic
Topical Anti-Biotic,Skin Care,,10,https://masterapi.witheldokan.com/storage/seif-pharmacies/uploads/321088.webp,seif_output\images\topical_anti_biotic_10.webp,True,https://seif-online.com/en/product/medicine/eye-medicines/topical-anti-biotic
Topical Anti-Biotic,Skin Care,,11,https://masterapi.witheldokan.com/storage/seif-pharmacies/uploads/299992.webp,seif_output\images\topical_anti_biotic_11.webp,True,https://seif-online.com/en/product/medicine/eye-medicines/topical-anti-biotic
Topical Anti-Biotic,Skin Care,,12,https://masterapi.witheldokan.com/storage/seif-pharmacies/uploads/398745.webp,seif_output\images\topical_anti_biotic_12.webp,True,https://seif-online.com/en/product/medicine/eye-medicines/topical-anti-biotic
Topical Anti-Biotic,Skin Care,,13,https://masterapi.witheldokan.com/storage/seif-pharmacies/uploads/53972.webp,seif_output\images\topical_anti_biotic_13.webp,True,https://seif-online.com/en/product/medicine/eye-medicines/topical-anti-biotic
Topical Anti-Biotic,Skin Care,,14,https://masterapi.witheldokan.com/storage/seif-pharmacies/uploads/284127.webp,seif_output\images\topical_anti_biotic_14.webp,True,https://seif-online.com/en/product/medicine/eye-medicines/topical-anti-biotic
Topical Anti-Biotic,Skin Care,,15,https://cdn.supercommerce.io/seif-pharmacies/uploads/617941-1769517196.webp,seif_output\images\topical_anti_biotic_15.webp,True,https://seif-online.com/en/product/medicine/eye-medicines/topical-anti-biotic
Topical Anti-Biotic,Skin Care,,16,https://masterapi.witheldokan.com/storage/seif-pharmacies/uploads/29196.webp,seif_output\images\topical_anti_biotic_16.webp,True,https://seif-online.com/en/product/medicine/eye-medicines/topical-anti-biotic
Ear Preparation,Skin Care,,1,https://masterapi.witheldokan.com/storage/seif-pharmacies/uploads/51767.webp,seif_output\images\ear_preparation_1.webp,True,https://seif-online.com/en/product/medicine/eye-medicines/ear-preparation
Ear Preparation,Skin Care,,2,https://masterapi.witheldokan.com/storage/seif-pharmacies/uploads/32666.webp,seif_output\images\ear_preparation_2.webp,True,https://seif-online.com/en/product/medicine/eye-medicines/ear-preparation
Ear Preparation,Skin Care,,3,https://masterapi.witheldokan.com/storage/seif-pharmacies/uploads/38225.webp,seif_output\images\ear_preparation_3.webp,True,https://seif-online.com/en/product/medicine/eye-medicines/ear-preparation
Ear Preparation,Skin Care,,4,https://masterapi.witheldokan.com/storage/seif-pharmacies/uploads/42299.webp,seif_output\images\ear_preparation_4.webp,True,https://seif-online.com/en/product/medicine/eye-medicines/ear-preparation
Ear Preparation,Skin Care,,5,https://masterapi.witheldokan.com/storage/seif-pharmacies/uploads/317245.webp,seif_output\images\ear_preparation_5.webp,True,https://seif-online.com/en/product/medicine/eye-medicines/ear-preparation
Ear Preparation,Skin Care,,6,https://masterapi.witheldokan.com/storage/seif-pharmacies/uploads/307145.webp,seif_output\images\ear_preparation_6.webp,True,https://seif-online.com/en/product/medicine/eye-medicines/ear-preparation
Ear Preparation,Skin Care,,7,https://masterapi.witheldokan.com/storage/seif-pharmacies/uploads/33503.webp,seif_output\images\ear_preparation_7.webp,True,https://seif-online.com/en/product/medicine/eye-medicines/ear-preparation
Ear Preparation,Skin Care,,8,https://masterapi.witheldokan.com/storage/seif-pharmacies/uploads/251062.webp,seif_output\images\ear_preparation_8.webp,True,https://seif-online.com/en/product/medicine/eye-medicines/ear-preparation
Eye Irrigation,Skin Care,,1,https://masterapi.witheldokan.com/storage/seif-pharmacies/uploads/254132.webp,seif_output\images\eye_irrigation_1.webp,True,https://seif-online.com/en/product/medicine/eye-medicines/eye-irrigation
Eye Irrigation,Skin Care,,2,https://masterapi.witheldokan.com/storage/seif-pharmacies/uploads/81298.webp,seif_output\images\eye_irrigation_2.webp,True,https://seif-online.com/en/product/medicine/eye-medicines/eye-irrigation
Eye Irrigation,Skin Care,,3,https://masterapi.witheldokan.com/storage/seif-pharmacies/uploads/212008.webp,seif_output\images\eye_irrigation_3.webp,True,https://seif-online.com/en/product/medicine/eye-medicines/eye-irrigation
Eye Irrigation,Skin Care,,4,https://masterapi.witheldokan.com/storage/seif-pharmacies/uploads/382881.webp,seif_output\images\eye_irrigation_4.webp,True,https://seif-online.com/en/product/medicine/eye-medicines/eye-irrigation
Eye Irrigation,Skin Care,,5,https://masterapi.witheldokan.com/storage/seif-pharmacies/uploads/288102.webp,seif_output\images\eye_irrigation_5.webp,True,https://seif-online.com/en/product/medicine/eye-medicines/eye-irrigation
Eye Irrigation,Skin Care,,6,https://masterapi.witheldokan.com/storage/seif-pharmacies/uploads/323673.webp,seif_output\images\eye_irrigation_6.webp,True,https://seif-online.com/en/product/medicine/eye-medicines/eye-irrigation
Eye Irrigation,Skin Care,,7,https://masterapi.witheldokan.com/storage/seif-pharmacies/uploads/358691.webp,seif_output\images\eye_irrigation_7.webp,True,https://seif-online.com/en/product/medicine/eye-medicines/eye-irrigation
Eye Irrigation,Skin Care,,8,https://masterapi.witheldokan.com/storage/seif-pharmacies/uploads/303399.webp,seif_output\images\eye_irrigation_8.webp,True,https://seif-online.com/en/product/medicine/eye-medicines/eye-irrigation
Eye Irrigation,Skin Care,,9,https://masterapi.witheldokan.com/storage/seif-pharmacies/uploads/379365.webp,seif_output\images\eye_irrigation_9.webp,True,https://seif-online.com/en/product/medicine/eye-medicines/eye-irrigation
Eye Irrigation,Skin Care,,10,https://masterapi.witheldokan.com/storage/seif-pharmacies/uploads/71353.webp,seif_output\images\eye_irrigation_10.webp,True,https://seif-online.com/en/product/medicine/eye-medicines/eye-irrigation
Eye Irrigation,Skin Care,,11,https://masterapi.witheldokan.com/storage/seif-pharmacies/uploads/165376.webp,seif_output\images\eye_irrigation_11.webp,True,https://seif-online.com/en/product/medicine/eye-medicines/eye-irrigation
Eye Irrigation,Skin Care,,12,https://masterapi.witheldokan.com/storage/seif-pharmacies/uploads/176232.webp,seif_output\images\eye_irrigation_12.webp,True,https://seif-online.com/en/product/medicine/eye-medicines/eye-irrigation
Eye Irrigation,Skin Care,,13,https://masterapi.witheldokan.com/storage/seif-pharmacies/uploads/157522.webp,seif_output\images\eye_irrigation_13.webp,True,https://seif-online.com/en/product/medicine/eye-medicines/eye-irrigation
Contact Lens Care,Skin Care,,1,https://masterapi.witheldokan.com/storage/seif-pharmacies/uploads/46152.webp,seif_output\images\contact_lens_care_1.webp,True,https://seif-online.com/en/product/medicine/eye-medicines/contact-lens-care
Contact Lens Care,Skin Care,,2,https://masterapi.witheldokan.com/storage/seif-pharmacies/uploads/296227.webp,seif_output\images\contact_lens_care_2.webp,True,https://seif-online.com/en/product/medicine/eye-medicines/contact-lens-care
Topical Steroid & Anti-Biotic,Skin Care,,1,https://masterapi.witheldokan.com/storage/seif-pharmacies/uploads/397807.webp,seif_output\images\topical_steroid_anti_biotic_1.webp,True,https://seif-online.com/en/product/medicine/eye-medicines/topical-steroid-anti-biotic
Topical Steroid & Anti-Biotic,Skin Care,,2,https://masterapi.witheldokan.com/storage/seif-pharmacies/uploads/37916.webp,seif_output\images\topical_steroid_anti_biotic_2.webp,True,https://seif-online.com/en/product/medicine/eye-medicines/topical-steroid-anti-biotic
Topical Steroid & Anti-Biotic,Skin Care,,3,https://masterapi.witheldokan.com/storage/seif-pharmacies/uploads/11240.webp,seif_output\images\topical_steroid_anti_biotic_3.webp,True,https://seif-online.com/en/product/medicine/eye-medicines/topical-steroid-anti-biotic
Topical Steroid & Anti-Biotic,Skin Care,,4,https://masterapi.witheldokan.com/storage/seif-pharmacies/uploads/53973.webp,seif_output\images\topical_steroid_anti_biotic_4.webp,True,https://seif-online.com/en/product/medicine/eye-medicines/topical-steroid-anti-biotic
Topical Steroid & Anti-Biotic,Skin Care,,5,https://masterapi.witheldokan.com/storage/seif-pharmacies/uploads/113085.webp,seif_output\images\topical_steroid_anti_biotic_5.webp,True,https://seif-online.com/en/product/medicine/eye-medicines/topical-steroid-anti-biotic
Topical Steroid & Anti-Biotic,Skin Care,,6,https://masterapi.witheldokan.com/storage/seif-pharmacies/uploads/110210.webp,seif_output\images\topical_steroid_anti_biotic_6.webp,True,https://seif-online.com/en/product/medicine/eye-medicines/topical-steroid-anti-biotic
Topical Steroid & Anti-Biotic,Skin Care,,7,https://masterapi.witheldokan.com/storage/seif-pharmacies/uploads/403504.webp,seif_output\images\topical_steroid_anti_biotic_7.webp,True,https://seif-online.com/en/product/medicine/eye-medicines/topical-steroid-anti-biotic
Topical Steroid & Anti-Biotic,Skin Care,,8,https://masterapi.witheldokan.com/storage/seif-pharmacies/uploads/99585.webp,seif_output\images\topical_steroid_anti_biotic_8.webp,True,https://seif-online.com/en/product/medicine/eye-medicines/topical-steroid-anti-biotic
Topical Steroid & Anti-Biotic,Skin Care,,9,https://masterapi.witheldokan.com/storage/seif-pharmacies/uploads/379469.webp,seif_output\images\topical_steroid_anti_biotic_9.webp,True,https://seif-online.com/en/product/medicine/eye-medicines/topical-steroid-anti-biotic
Topical Steroid & Anti-Biotic,Skin Care,,10,https://masterapi.witheldokan.com/storage/seif-pharmacies/uploads/312915.webp,seif_output\images\topical_steroid_anti_biotic_10.webp,True,https://seif-online.com/en/product/medicine/eye-medicines/topical-steroid-anti-biotic
Topical Steroid & Anti-Biotic,Skin Care,,11,https://masterapi.witheldokan.com/storage/seif-pharmacies/uploads/65868.webp,seif_output\images\topical_steroid_anti_biotic_11.webp,True,https://seif-online.com/en/product/medicine/eye-medicines/topical-steroid-anti-biotic
Topical Steroid & Anti-Biotic,Skin Care,,12,https://masterapi.witheldokan.com/storage/seif-pharmacies/uploads/156464.webp,seif_output\images\topical_steroid_anti_biotic_12.webp,True,https://seif-online.com/en/product/medicine/eye-medicines/topical-steroid-anti-biotic
Topical Steroid & Anti-Biotic,Skin Care,,13,https://masterapi.witheldokan.com/storage/seif-pharmacies/uploads/401138.webp,seif_output\images\topical_steroid_anti_biotic_13.webp,True,https://seif-online.com/en/product/medicine/eye-medicines/topical-steroid-anti-biotic
Eye Local Anaesthetic.,Skin Care,,1,https://masterapi.witheldokan.com/storage/seif-pharmacies/uploads/2123.webp,seif_output\images\eye_local_anaesthetic_1.webp,True,https://seif-online.com/en/product/medicine/eye-medicines/eye-local-anaesthetic
Eye Local Anaesthetic.,Skin Care,,2,https://masterapi.witheldokan.com/storage/seif-pharmacies/uploads/295136.webp,seif_output\images\eye_local_anaesthetic_2.webp,True,https://seif-online.com/en/product/medicine/eye-medicines/eye-local-anaesthetic
Eye Local Anaesthetic.,Skin Care,,3,https://masterapi.witheldokan.com/storage/seif-pharmacies/uploads/2224.webp,seif_output\images\eye_local_anaesthetic_3.webp,True,https://seif-online.com/en/product/medicine/eye-medicines/eye-local-anaesthetic
Eye Local Anaesthetic.,Skin Care,,4,https://masterapi.witheldokan.com/storage/seif-pharmacies/uploads/347026.webp,seif_output\images\eye_local_anaesthetic_4.webp,True,https://seif-online.com/en/product/medicine/eye-medicines/eye-local-anaesthetic
Eye Local Anaesthetic.,Skin Care,,5,https://masterapi.witheldokan.com/storage/seif-pharmacies/uploads/240680.webp,seif_output\images\eye_local_anaesthetic_5.webp,True,https://seif-online.com/en/product/medicine/eye-medicines/eye-local-anaesthetic
Eye Local Anaesthetic.,Skin Care,,6,https://masterapi.witheldokan.com/storage/seif-pharmacies/uploads/389366.webp,seif_output\images\eye_local_anaesthetic_6.webp,True,https://seif-online.com/en/product/medicine/eye-medicines/eye-local-anaesthetic
Topical Anti-Viral,Skin Care,,1,https://masterapi.witheldokan.com/storage/seif-pharmacies/uploads/316639.webp,seif_output\images\topical_anti_viral_1.webp,True,https://seif-online.com/en/product/medicine/eye-medicines/topical-anti-viral
Glaucoma Treatment,Skin Care,,1,https://masterapi.witheldokan.com/storage/seif-pharmacies/uploads/64634.webp,seif_output\images\glaucoma_treatment_1.webp,True,https://seif-online.com/en/product/medicine/eye-medicines/glaucoma-treatment
Glaucoma Treatment,Skin Care,,2,https://masterapi.witheldokan.com/storage/seif-pharmacies/uploads/180301.webp,seif_output\images\glaucoma_treatment_2.webp,True,https://seif-online.com/en/product/medicine/eye-medicines/glaucoma-treatment
Glaucoma Treatment,Skin Care,,3,https://masterapi.witheldokan.com/storage/seif-pharmacies/uploads/35466.webp,seif_output\images\glaucoma_treatment_3.webp,True,https://seif-online.com/en/product/medicine/eye-medicines/glaucoma-treatment
Glaucoma Treatment,Skin Care,,4,https://masterapi.witheldokan.com/storage/seif-pharmacies/uploads/221415.webp,seif_output\images\glaucoma_treatment_4.webp,True,https://seif-online.com/en/product/medicine/eye-medicines/glaucoma-treatment
Glaucoma Treatment,Skin Care,,5,https://masterapi.witheldokan.com/storage/seif-pharmacies/uploads/83913.webp,seif_output\images\glaucoma_treatment_5.webp,True,https://seif-online.com/en/product/medicine/eye-medicines/glaucoma-treatment
Glaucoma Treatment,Skin Care,,6,https://masterapi.witheldokan.com/storage/seif-pharmacies/uploads/141380.webp,seif_output\images\glaucoma_treatment_6.webp,True,https://seif-online.com/en/product/medicine/eye-medicines/glaucoma-treatment
Glaucoma Treatment,Skin Care,,7,https://masterapi.witheldokan.com/storage/seif-pharmacies/uploads/209.webp,seif_output\images\glaucoma_treatment_7.webp,True,https://seif-online.com/en/product/medicine/eye-medicines/glaucoma-treatment
Glaucoma Treatment,Skin Care,,8,https://masterapi.witheldokan.com/storage/seif-pharmacies/uploads/159909.webp,seif_output\images\glaucoma_treatment_8.webp,True,https://seif-online.com/en/product/medicine/eye-medicines/glaucoma-treatment
Glaucoma Treatment,Skin Care,,9,https://masterapi.witheldokan.com/storage/seif-pharmacies/uploads/271476.webp,seif_output\images\glaucoma_treatment_9.webp,True,https://seif-online.com/en/product/medicine/eye-medicines/glaucoma-treatment
Glaucoma Treatment,Skin Care,,10,https://masterapi.witheldokan.com/storage/seif-pharmacies/uploads/296218.webp,seif_output\images\glaucoma_treatment_10.webp,True,https://seif-online.com/en/product/medicine/eye-medicines/glaucoma-treatment
Glaucoma Treatment,Skin Care,,11,https://masterapi.witheldokan.com/storage/seif-pharmacies/uploads/271655-1761473616.webp,seif_output\images\glaucoma_treatment_11.webp,True,https://seif-online.com/en/product/medicine/eye-medicines/glaucoma-treatment
Glaucoma Treatment,Skin Care,,12,https://masterapi.witheldokan.com/storage/seif-pharmacies/uploads/271473.webp,seif_output\images\glaucoma_treatment_12.webp,True,https://seif-online.com/en/product/medicine/eye-medicines/glaucoma-treatment
Glaucoma Treatment,Skin Care,,13,https://masterapi.witheldokan.com/storage/seif-pharmacies/uploads/610051-1760273831.webp,seif_output\images\glaucoma_treatment_13.webp,True,https://seif-online.com/en/product/medicine/eye-medicines/glaucoma-treatment
Glaucoma Treatment,Skin Care,,14,https://masterapi.witheldokan.com/storage/seif-pharmacies/uploads/144815.webp,seif_output\images\glaucoma_treatment_14.webp,True,https://seif-online.com/en/product/medicine/eye-medicines/glaucoma-treatment
Glaucoma Treatment,Skin Care,,15,https://masterapi.witheldokan.com/storage/seif-pharmacies/uploads/2139.webp,seif_output\images\glaucoma_treatment_15.webp,True,https://seif-online.com/en/product/medicine/eye-medicines/glaucoma-treatment
Glaucoma Treatment,Skin Care,,16,https://masterapi.witheldokan.com/storage/seif-pharmacies/uploads/36690.webp,seif_output\images\glaucoma_treatment_16.webp,True,https://seif-online.com/en/product/medicine/eye-medicines/glaucoma-treatment
Glaucoma Treatment,Skin Care,,17,https://masterapi.witheldokan.com/storage/seif-pharmacies/uploads/93039.webp,seif_output\images\glaucoma_treatment_17.webp,True,https://seif-online.com/en/product/medicine/eye-medicines/glaucoma-treatment
Glaucoma Treatment,Skin Care,,18,https://masterapi.witheldokan.com/storage/seif-pharmacies/uploads/316144.webp,seif_output\images\glaucoma_treatment_18.webp,True,https://seif-online.com/en/product/medicine/eye-medicines/glaucoma-treatment
Glaucoma Treatment,Skin Care,,19,https://masterapi.witheldokan.com/storage/seif-pharmacies/uploads/363482.webp,seif_output\images\glaucoma_treatment_19.webp,True,https://seif-online.com/en/product/medicine/eye-medicines/glaucoma-treatment
Nose Preparation,Skin Care,,1,https://masterapi.witheldokan.com/storage/seif-pharmacies/uploads/1380.webp,seif_output\images\nose_preparation_1.webp,True,https://seif-online.com/en/product/medicine/eye-medicines/nose-preparation
Nose Preparation,Skin Care,,2,https://masterapi.witheldokan.com/storage/seif-pharmacies/uploads/78120.webp,seif_output\images\nose_preparation_2.webp,True,https://seif-online.com/en/product/medicine/eye-medicines/nose-preparation
Nose Preparation,Skin Care,,3,https://masterapi.witheldokan.com/storage/seif-pharmacies/uploads/215027.webp,seif_output\images\nose_preparation_3.webp,True,https://seif-online.com/en/product/medicine/eye-medicines/nose-preparation
Nose Preparation,Skin Care,,4,https://masterapi.witheldokan.com/storage/seif-pharmacies/uploads/1381.webp,seif_output\images\nose_preparation_4.webp,True,https://seif-online.com/en/product/medicine/eye-medicines/nose-preparation
Nose Preparation,Skin Care,,5,https://masterapi.witheldokan.com/storage/seif-pharmacies/uploads/29090.webp,seif_output\images\nose_preparation_5.webp,True,https://seif-online.com/en/product/medicine/eye-medicines/nose-preparation
Nose Preparation,Skin Care,,6,https://masterapi.witheldokan.com/storage/seif-pharmacies/uploads/383712.webp,seif_output\images\nose_preparation_6.webp,True,https://seif-online.com/en/product/medicine/eye-medicines/nose-preparation
Nose Preparation,Skin Care,,7,https://masterapi.witheldokan.com/storage/seif-pharmacies/uploads/395863.webp,seif_output\images\nose_preparation_7.webp,True,https://seif-online.com/en/product/medicine/eye-medicines/nose-preparation
Nose Preparation,Skin Care,,8,https://masterapi.witheldokan.com/storage/seif-pharmacies/uploads/60759.webp,seif_output\images\nose_preparation_8.webp,True,https://seif-online.com/en/product/medicine/eye-medicines/nose-preparation
Nose Preparation,Skin Care,,9,https://masterapi.witheldokan.com/storage/seif-pharmacies/uploads/3747.webp,seif_output\images\nose_preparation_9.webp,True,https://seif-online.com/en/product/medicine/eye-medicines/nose-preparation
Nose Preparation,Skin Care,,10,https://masterapi.witheldokan.com/storage/seif-pharmacies/uploads/87978.webp,seif_output\images\nose_preparation_10.webp,True,https://seif-online.com/en/product/medicine/eye-medicines/nose-preparation
Nose Preparation,Skin Care,,11,https://masterapi.witheldokan.com/storage/seif-pharmacies/uploads/60760.webp,seif_output\images\nose_preparation_11.webp,True,https://seif-online.com/en/product/medicine/eye-medicines/nose-preparation
Nose Preparation,Skin Care,,12,https://masterapi.witheldokan.com/storage/seif-pharmacies/uploads/122628.webp,seif_output\images\nose_preparation_12.webp,True,https://seif-online.com/en/product/medicine/eye-medicines/nose-preparation
Nose Preparation,Skin Care,,13,https://masterapi.witheldokan.com/storage/seif-pharmacies/uploads/349714.webp,seif_output\images\nose_preparation_13.webp,True,https://seif-online.com/en/product/medicine/eye-medicines/nose-preparation
Nose Preparation,Skin Care,,14,https://masterapi.witheldokan.com/storage/seif-pharmacies/uploads/327395.webp,seif_output\images\nose_preparation_14.webp,True,https://seif-online.com/en/product/medicine/eye-medicines/nose-preparation
Nose Preparation,Skin Care,,15,https://masterapi.witheldokan.com/storage/seif-pharmacies/uploads/60758.webp,seif_output\images\nose_preparation_15.webp,True,https://seif-online.com/en/product/medicine/eye-medicines/nose-preparation
Nose Preparation,Skin Care,,16,https://masterapi.witheldokan.com/storage/seif-pharmacies/uploads/317792.webp,seif_output\images\nose_preparation_16.webp,True,https://seif-online.com/en/product/medicine/eye-medicines/nose-preparation
Nose Preparation,Skin Care,,17,https://masterapi.witheldokan.com/storage/seif-pharmacies/uploads/605732.webp,seif_output\images\nose_preparation_17.webp,True,https://seif-online.com/en/product/medicine/eye-medicines/nose-preparation
Nose Preparation,Skin Care,,18,https://masterapi.witheldokan.com/storage/seif-pharmacies/uploads/269806.webp,seif_output\images\nose_preparation_18.webp,True,https://seif-online.com/en/product/medicine/eye-medicines/nose-preparation
Eye Allergy & Inflammation,Skin Care,,1,https://masterapi.witheldokan.com/storage/seif-pharmacies/uploads/786.webp,seif_output\images\eye_allergy_inflammation_1.webp,True,https://seif-online.com/en/product/medicine/eye-medicines/eye-allergy-inflammation
Eye Allergy & Inflammation,Skin Care,,2,https://masterapi.witheldokan.com/storage/seif-pharmacies/uploads/307739.webp,seif_output\images\eye_allergy_inflammation_2.webp,True,https://seif-online.com/en/product/medicine/eye-medicines/eye-allergy-inflammation
Eye Allergy & Inflammation,Skin Care,,3,https://masterapi.witheldokan.com/storage/seif-pharmacies/uploads/159591.webp,seif_output\images\eye_allergy_inflammation_3.webp,True,https://seif-online.com/en/product/medicine/eye-medicines/eye-allergy-inflammation
Eye Allergy & Inflammation,Skin Care,,4,https://masterapi.witheldokan.com/storage/seif-pharmacies/uploads/284326.webp,seif_output\images\eye_allergy_inflammation_4.webp,True,https://seif-online.com/en/product/medicine/eye-medicines/eye-allergy-inflammation
Eye Allergy & Inflammation,Skin Care,,5,https://masterapi.witheldokan.com/storage/seif-pharmacies/uploads/103310.webp,seif_output\images\eye_allergy_inflammation_5.webp,True,https://seif-online.com/en/product/medicine/eye-medicines/eye-allergy-inflammation
Eye Allergy & Inflammation,Skin Care,,6,https://masterapi.witheldokan.com/storage/seif-pharmacies/uploads/361169.webp,seif_output\images\eye_allergy_inflammation_6.webp,True,https://seif-online.com/en/product/medicine/eye-medicines/eye-allergy-inflammation
Eye Allergy & Inflammation,Skin Care,,7,https://masterapi.witheldokan.com/storage/seif-pharmacies/uploads/303425.webp,seif_output\images\eye_allergy_inflammation_7.webp,True,https://seif-online.com/en/product/medicine/eye-medicines/eye-allergy-inflammation
Eye Allergy & Inflammation,Skin Care,,8,https://masterapi.witheldokan.com/storage/seif-pharmacies/uploads/284823.webp,seif_output\images\eye_allergy_inflammation_8.webp,True,https://seif-online.com/en/product/medicine/eye-medicines/eye-allergy-inflammation
Eye Allergy & Inflammation,Skin Care,,9,https://masterapi.witheldokan.com/storage/seif-pharmacies/uploads/608881-1760358362.webp,seif_output\images\eye_allergy_inflammation_9.webp,True,https://seif-online.com/en/product/medicine/eye-medicines/eye-allergy-inflammation
Eye Allergy & Inflammation,Skin Care,,10,https://masterapi.witheldokan.com/storage/seif-pharmacies/uploads/313201.webp,seif_output\images\eye_allergy_inflammation_10.webp,True,https://seif-online.com/en/product/medicine/eye-medicines/eye-allergy-inflammation
Eye Allergy & Inflammation,Skin Care,,11,https://masterapi.witheldokan.com/storage/seif-pharmacies/uploads/360242.webp,seif_output\images\eye_allergy_inflammation_11.webp,True,https://seif-online.com/en/product/medicine/eye-medicines/eye-allergy-inflammation
Eye Allergy & Inflammation,Skin Care,,12,https://masterapi.witheldokan.com/storage/seif-pharmacies/uploads/51695.webp,seif_output\images\eye_allergy_inflammation_12.webp,True,https://seif-online.com/en/product/medicine/eye-medicines/eye-allergy-inflammation
Eye Allergy & Inflammation,Skin Care,,13,https://masterapi.witheldokan.com/storage/seif-pharmacies/uploads/370381.webp,seif_output\images\eye_allergy_inflammation_13.webp,True,https://seif-online.com/en/product/medicine/eye-medicines/eye-allergy-inflammation
Eye Allergy & Inflammation,Skin Care,,14,https://masterapi.witheldokan.com/storage/seif-pharmacies/uploads/614891-1759931883.webp,seif_output\images\eye_allergy_inflammation_14.webp,True,https://seif-online.com/en/product/medicine/eye-medicines/eye-allergy-inflammation
Mydriatics,Skin Care,,1,https://masterapi.witheldokan.com/storage/seif-pharmacies/uploads/312183.webp,seif_output\images\mydriatics_1.webp,True,https://seif-online.com/en/product/medicine/eye-medicines/mydriatics
Mydriatics,Skin Care,,2,https://masterapi.witheldokan.com/storage/seif-pharmacies/uploads/401091.webp,seif_output\images\mydriatics_2.webp,True,https://seif-online.com/en/product/medicine/eye-medicines/mydriatics
Topical Steroid,Skin Care,,1,https://masterapi.witheldokan.com/storage/seif-pharmacies/uploads/94930.webp,seif_output\images\topical_steroid_1.webp,True,https://seif-online.com/en/product/medicine/eye-medicines/topical-steroid
Topical Steroid,Skin Care,,2,https://masterapi.witheldokan.com/storage/seif-pharmacies/uploads/165045.webp,seif_output\images\topical_steroid_2.webp,True,https://seif-online.com/en/product/medicine/eye-medicines/topical-steroid
Topical Steroid,Skin Care,,3,https://masterapi.witheldokan.com/storage/seif-pharmacies/uploads/385129.webp,seif_output\images\topical_steroid_3.webp,True,https://seif-online.com/en/product/medicine/eye-medicines/topical-steroid
Topical Steroid,Skin Care,,4,https://masterapi.witheldokan.com/storage/seif-pharmacies/uploads/317305.webp,seif_output\images\topical_steroid_4.webp,True,https://seif-online.com/en/product/medicine/eye-medicines/topical-steroid
Topical Steroid,Skin Care,,5,https://masterapi.witheldokan.com/storage/seif-pharmacies/uploads/285154.webp,seif_output\images\topical_steroid_5.webp,True,https://seif-online.com/en/product/medicine/eye-medicines/topical-steroid
Topical Steroid,Skin Care,,6,https://masterapi.witheldokan.com/storage/seif-pharmacies/uploads/340246.webp,seif_output\images\topical_steroid_6.webp,True,https://seif-online.com/en/product/medicine/eye-medicines/topical-steroid
Topical Steroid,Skin Care,,7,https://masterapi.witheldokan.com/storage/seif-pharmacies/uploads/65862.webp,seif_output\images\topical_steroid_7.webp,True,https://seif-online.com/en/product/medicine/eye-medicines/topical-steroid
Topical Steroid,Skin Care,,8,https://masterapi.witheldokan.com/storage/seif-pharmacies/uploads/2960.webp,seif_output\images\topical_steroid_8.webp,True,https://seif-online.com/en/product/medicine/eye-medicines/topical-steroid
Topical Steroid,Skin Care,,9,https://masterapi.witheldokan.com/storage/seif-pharmacies/uploads/617110-1759063841.webp,seif_output\images\topical_steroid_9.webp,True,https://seif-online.com/en/product/medicine/eye-medicines/topical-steroid
Topical Steroid,Skin Care,,10,https://masterapi.witheldokan.com/storage/seif-pharmacies/uploads/617111-1759063797.webp,seif_output\images\topical_steroid_10.webp,True,https://seif-online.com/en/product/medicine/eye-medicines/topical-steroid
Central Nervous System,Skin Care,,1,https://masterapi.witheldokan.com/storage/seif-pharmacies/uploads/608891.webp,seif_output\images\central_nervous_system_1.webp,True,https://seif-online.com/en/product/medicine/central-nervous-system
Central Nervous System,Skin Care,,2,https://masterapi.witheldokan.com/storage/seif-pharmacies/uploads/608680.webp,seif_output\images\central_nervous_system_2.webp,True,https://seif-online.com/en/product/medicine/central-nervous-system
Central Nervous System,Skin Care,,3,https://masterapi.witheldokan.com/storage/seif-pharmacies/uploads/608043-1760362052.webp,seif_output\images\central_nervous_system_3.webp,True,https://seif-online.com/en/product/medicine/central-nervous-system
Central Nervous System,Skin Care,,4,https://masterapi.witheldokan.com/storage/seif-pharmacies/uploads/608508.webp,seif_output\images\central_nervous_system_4.webp,True,https://seif-online.com/en/product/medicine/central-nervous-system
Central Nervous System,Skin Care,,5,https://masterapi.witheldokan.com/storage/seif-pharmacies/uploads/140201.webp,seif_output\images\central_nervous_system_5.webp,True,https://seif-online.com/en/product/medicine/central-nervous-system
Central Nervous System,Skin Care,,6,https://masterapi.witheldokan.com/storage/seif-pharmacies/uploads/76059.webp,seif_output\images\central_nervous_system_6.webp,True,https://seif-online.com/en/product/medicine/central-nervous-system
Central Nervous System,Skin Care,,7,https://masterapi.witheldokan.com/storage/seif-pharmacies/uploads/57288.webp,seif_output\images\central_nervous_system_7.webp,True,https://seif-online.com/en/product/medicine/central-nervous-system
Central Nervous System,Skin Care,,8,https://masterapi.witheldokan.com/storage/seif-pharmacies/uploads/385216.webp,seif_output\images\central_nervous_system_8.webp,True,https://seif-online.com/en/product/medicine/central-nervous-system
Central Nervous System,Skin Care,,9,https://masterapi.witheldokan.com/storage/seif-pharmacies/uploads/60604.webp,seif_output\images\central_nervous_system_9.webp,True,https://seif-online.com/en/product/medicine/central-nervous-system
Central Nervous System,Skin Care,,10,https://masterapi.witheldokan.com/storage/seif-pharmacies/uploads/305103.webp,seif_output\images\central_nervous_system_10.webp,True,https://seif-online.com/en/product/medicine/central-nervous-system
Central Nervous System,Skin Care,,11,https://masterapi.witheldokan.com/storage/seif-pharmacies/uploads/3106.webp,seif_output\images\central_nervous_system_11.webp,True,https://seif-online.com/en/product/medicine/central-nervous-system
Central Nervous System,Skin Care,,12,https://masterapi.witheldokan.com/storage/seif-pharmacies/uploads/161969.webp,seif_output\images\central_nervous_system_12.webp,True,https://seif-online.com/en/product/medicine/central-nervous-system
Central Nervous System,Skin Care,,13,https://masterapi.witheldokan.com/storage/seif-pharmacies/uploads/604977.webp,seif_output\images\central_nervous_system_13.webp,True,https://seif-online.com/en/product/medicine/central-nervous-system
Central Nervous System,Skin Care,,14,https://masterapi.witheldokan.com/storage/seif-pharmacies/uploads/139588.webp,seif_output\images\central_nervous_system_14.webp,True,https://seif-online.com/en/product/medicine/central-nervous-system
Central Nervous System,Skin Care,,15,https://masterapi.witheldokan.com/storage/seif-pharmacies/uploads/614722.webp,seif_output\images\central_nervous_system_15.webp,True,https://seif-online.com/en/product/medicine/central-nervous-system
Central Nervous System,Skin Care,,16,https://masterapi.witheldokan.com/storage/seif-pharmacies/uploads/72127.webp,seif_output\images\central_nervous_system_16.webp,True,https://seif-online.com/en/product/medicine/central-nervous-system
Central Nervous System,Skin Care,,17,https://masterapi.witheldokan.com/storage/seif-pharmacies/uploads/610908.webp,seif_output\images\central_nervous_system_17.webp,True,https://seif-online.com/en/product/medicine/central-nervous-system
Central Nervous System,Skin Care,,18,https://masterapi.witheldokan.com/storage/seif-pharmacies/uploads/367986.webp,seif_output\images\central_nervous_system_18.webp,True,https://seif-online.com/en/product/medicine/central-nervous-system
Central Nervous System,Skin Care,,19,https://masterapi.witheldokan.com/storage/seif-pharmacies/uploads/202127.webp,seif_output\images\central_nervous_system_19.webp,True,https://seif-online.com/en/product/medicine/central-nervous-system
Central Nervous System,Skin Care,,20,https://masterapi.witheldokan.com/storage/seif-pharmacies/uploads/1455.webp,seif_output\images\central_nervous_system_20.webp,True,https://seif-online.com/en/product/medicine/central-nervous-system
Central Nervous System,Skin Care,,21,https://masterapi.witheldokan.com/storage/seif-pharmacies/uploads/207428.webp,seif_output\images\central_nervous_system_21.webp,True,https://seif-online.com/en/product/medicine/central-nervous-system
Central Nervous System,Skin Care,,22,https://masterapi.witheldokan.com/storage/seif-pharmacies/uploads/182669.webp,seif_output\images\central_nervous_system_22.webp,True,https://seif-online.com/en/product/medicine/central-nervous-system
Local Anaesthetic.,Skin Care,,1,https://masterapi.witheldokan.com/storage/seif-pharmacies/uploads/66467.webp,seif_output\images\local_anaesthetic_1.webp,True,https://seif-online.com/en/product/medicine/central-nervous-system/local-anaesthetic-central
Local Anaesthetic.,Skin Care,,2,https://masterapi.witheldokan.com/storage/seif-pharmacies/uploads/300369.webp,seif_output\images\local_anaesthetic_2.webp,True,https://seif-online.com/en/product/medicine/central-nervous-system/local-anaesthetic-central
Local Anaesthetic.,Skin Care,,3,https://masterapi.witheldokan.com/storage/seif-pharmacies/uploads/42430.webp,seif_output\images\local_anaesthetic_3.webp,True,https://seif-online.com/en/product/medicine/central-nervous-system/local-anaesthetic-central
Local Anaesthetic.,Skin Care,,4,https://masterapi.witheldokan.com/storage/seif-pharmacies/uploads/66468.webp,seif_output\images\local_anaesthetic_4.webp,True,https://seif-online.com/en/product/medicine/central-nervous-system/local-anaesthetic-central
Local Anaesthetic.,Skin Care,,5,https://masterapi.witheldokan.com/storage/seif-pharmacies/uploads/271770.webp,seif_output\images\local_anaesthetic_5.webp,True,https://seif-online.com/en/product/medicine/central-nervous-system/local-anaesthetic-central
Psychotic Disorders,Skin Care,,1,https://masterapi.witheldokan.com/storage/seif-pharmacies/uploads/182669.webp,seif_output\images\psychotic_disorders_1.webp,True,https://seif-online.com/en/product/medicine/central-nervous-system/psychotic-disorders
Psychotic Disorders,Skin Care,,2,https://masterapi.witheldokan.com/storage/seif-pharmacies/uploads/610352.webp,seif_output\images\psychotic_disorders_2.webp,True,https://seif-online.com/en/product/medicine/central-nervous-system/psychotic-disorders
Psychotic Disorders,Skin Care,,3,https://masterapi.witheldokan.com/storage/seif-pharmacies/uploads/349038.webp,seif_output\images\psychotic_disorders_3.webp,True,https://seif-online.com/en/product/medicine/central-nervous-system/psychotic-disorders
Psychotic Disorders,Skin Care,,4,https://masterapi.witheldokan.com/storage/seif-pharmacies/uploads/229325.webp,seif_output\images\psychotic_disorders_4.webp,True,https://seif-online.com/en/product/medicine/central-nervous-system/psychotic-disorders
Psychotic Disorders,Skin Care,,5,https://masterapi.witheldokan.com/storage/seif-pharmacies/uploads/88705.webp,seif_output\images\psychotic_disorders_5.webp,True,https://seif-online.com/en/product/medicine/central-nervous-system/psychotic-disorders
Psychotic Disorders,Skin Care,,6,https://masterapi.witheldokan.com/storage/seif-pharmacies/uploads/88704.webp,seif_output\images\psychotic_disorders_6.webp,True,https://seif-online.com/en/product/medicine/central-nervous-system/psychotic-disorders
Psychotic Disorders,Skin Care,,7,https://masterapi.witheldokan.com/storage/seif-pharmacies/uploads/185949.webp,seif_output\images\psychotic_disorders_7.webp,True,https://seif-online.com/en/product/medicine/central-nervous-system/psychotic-disorders
Psychotic Disorders,Skin Care,,8,https://masterapi.witheldokan.com/storage/seif-pharmacies/uploads/602103.webp,seif_output\images\psychotic_disorders_8.webp,True,https://seif-online.com/en/product/medicine/central-nervous-system/psychotic-disorders
Psychotic Disorders,Skin Care,,9,https://masterapi.witheldokan.com/storage/seif-pharmacies/uploads/607184-1760869709.webp,seif_output\images\psychotic_disorders_9.webp,True,https://seif-online.com/en/product/medicine/central-nervous-system/psychotic-disorders
Psychotic Disorders,Skin Care,,10,https://masterapi.witheldokan.com/storage/seif-pharmacies/uploads/118796.webp,seif_output\images\psychotic_disorders_10.webp,True,https://seif-online.com/en/product/medicine/central-nervous-system/psychotic-disorders
Psychotic Disorders,Skin Care,,11,https://masterapi.witheldokan.com/storage/seif-pharmacies/uploads/178937.webp,seif_output\images\psychotic_disorders_11.webp,True,https://seif-online.com/en/product/medicine/central-nervous-system/psychotic-disorders
Psychotic Disorders,Skin Care,,12,https://masterapi.witheldokan.com/storage/seif-pharmacies/uploads/81959.webp,seif_output\images\psychotic_disorders_12.webp,True,https://seif-online.com/en/product/medicine/central-nervous-system/psychotic-disorders
Psychotic Disorders,Skin Care,,13,https://masterapi.witheldokan.com/storage/seif-pharmacies/uploads/384656.webp,seif_output\images\psychotic_disorders_13.webp,True,https://seif-online.com/en/product/medicine/central-nervous-system/psychotic-disorders
Psychotic Disorders,Skin Care,,14,https://masterapi.witheldokan.com/storage/seif-pharmacies/uploads/77129.webp,seif_output\images\psychotic_disorders_14.webp,True,https://seif-online.com/en/product/medicine/central-nervous-system/psychotic-disorders
Psychotic Disorders,Skin Care,,15,https://masterapi.witheldokan.com/storage/seif-pharmacies/uploads/600991.webp,seif_output\images\psychotic_disorders_15.webp,True,https://seif-online.com/en/product/medicine/central-nervous-system/psychotic-disorders
Psychotic Disorders,Skin Care,,16,https://masterapi.witheldokan.com/storage/seif-pharmacies/uploads/1932.webp,seif_output\images\psychotic_disorders_16.webp,True,https://seif-online.com/en/product/medicine/central-nervous-system/psychotic-disorders
Psychotic Disorders,Skin Care,,17,https://masterapi.witheldokan.com/storage/seif-pharmacies/uploads/175816.webp,seif_output\images\psychotic_disorders_17.webp,True,https://seif-online.com/en/product/medicine/central-nervous-system/psychotic-disorders
Psychotic Disorders,Skin Care,,18,https://masterapi.witheldokan.com/storage/seif-pharmacies/uploads/216334.webp,seif_output\images\psychotic_disorders_18.webp,True,https://seif-online.com/en/product/medicine/central-nervous-system/psychotic-disorders
Psychotic Disorders,Skin Care,,19,https://masterapi.witheldokan.com/storage/seif-pharmacies/uploads/20881.webp,seif_output\images\psychotic_disorders_19.webp,True,https://seif-online.com/en/product/medicine/central-nervous-system/psychotic-disorders
Psychotic Disorders,Skin Care,,20,https://masterapi.witheldokan.com/storage/seif-pharmacies/uploads/80681.webp,seif_output\images\psychotic_disorders_20.webp,True,https://seif-online.com/en/product/medicine/central-nervous-system/psychotic-disorders
Psychotic Disorders,Skin Care,,21,https://masterapi.witheldokan.com/storage/seif-pharmacies/uploads/24649.webp,seif_output\images\psychotic_disorders_21.webp,True,https://seif-online.com/en/product/medicine/central-nervous-system/psychotic-disorders
Psychotic Disorders,Skin Care,,22,https://masterapi.witheldokan.com/storage/seif-pharmacies/uploads/33685.webp,seif_output\images\psychotic_disorders_22.webp,True,https://seif-online.com/en/product/medicine/central-nervous-system/psychotic-disorders
Psychotic Disorders,Skin Care,,23,https://masterapi.witheldokan.com/storage/seif-pharmacies/uploads/161066.webp,seif_output\images\psychotic_disorders_23.webp,True,https://seif-online.com/en/product/medicine/central-nervous-system/psychotic-disorders
Sedatives & Hypnotics,Skin Care,,1,https://masterapi.witheldokan.com/storage/seif-pharmacies/uploads/608508.webp,seif_output\images\sedatives_hypnotics_1.webp,True,https://seif-online.com/en/product/medicine/central-nervous-system/sedatives-hypnotics
Sedatives & Hypnotics,Skin Care,,2,https://masterapi.witheldokan.com/storage/seif-pharmacies/uploads/616577-1762844932.webp,seif_output\images\sedatives_hypnotics_2.webp,True,https://seif-online.com/en/product/medicine/central-nervous-system/sedatives-hypnotics
Sedatives & Hypnotics,Skin Care,,3,https://masterapi.witheldokan.com/storage/seif-pharmacies/uploads/611596.webp,seif_output\images\sedatives_hypnotics_3.webp,True,https://seif-online.com/en/product/medicine/central-nervous-system/sedatives-hypnotics
Sedatives & Hypnotics,Skin Care,,4,https://masterapi.witheldokan.com/storage/seif-pharmacies/uploads/610297-1760272579.webp,seif_output\images\sedatives_hypnotics_4.webp,True,https://seif-online.com/en/product/medicine/central-nervous-system/sedatives-hypnotics
Sedatives & Hypnotics,Skin Care,,5,https://masterapi.witheldokan.com/storage/seif-pharmacies/uploads/18565.webp,seif_output\images\sedatives_hypnotics_5.webp,True,https://seif-online.com/en/product/medicine/central-nervous-system/sedatives-hypnotics
Sedatives & Hypnotics,Skin Care,,6,https://masterapi.witheldokan.com/storage/seif-pharmacies/uploads/609656.webp,seif_output\images\sedatives_hypnotics_6.webp,True,https://seif-online.com/en/product/medicine/central-nervous-system/sedatives-hypnotics
Sedatives & Hypnotics,Skin Care,,7,https://masterapi.witheldokan.com/storage/seif-pharmacies/uploads/612444.webp,seif_output\images\sedatives_hypnotics_7.webp,True,https://seif-online.com/en/product/medicine/central-nervous-system/sedatives-hypnotics
Sedatives & Hypnotics,Skin Care,,8,https://masterapi.witheldokan.com/storage/seif-pharmacies/uploads/431570.webp,seif_output\images\sedatives_hypnotics_8.webp,True,https://seif-online.com/en/product/medicine/central-nervous-system/sedatives-hypnotics
Sedatives & Hypnotics,Skin Care,,9,https://masterapi.witheldokan.com/storage/seif-pharmacies/uploads/88.webp,seif_output\images\sedatives_hypnotics_9.webp,True,https://seif-online.com/en/product/medicine/central-nervous-system/sedatives-hypnotics
Sedatives & Hypnotics,Skin Care,,10,https://masterapi.witheldokan.com/storage/seif-pharmacies/uploads/2877.webp,seif_output\images\sedatives_hypnotics_10.webp,True,https://seif-online.com/en/product/medicine/central-nervous-system/sedatives-hypnotics
Sedatives & Hypnotics,Skin Care,,11,https://masterapi.witheldokan.com/storage/seif-pharmacies/uploads/611480.webp,seif_output\images\sedatives_hypnotics_11.webp,True,https://seif-online.com/en/product/medicine/central-nervous-system/sedatives-hypnotics
Sedatives & Hypnotics,Skin Care,,12,https://masterapi.witheldokan.com/storage/seif-pharmacies/uploads/397593.webp,seif_output\images\sedatives_hypnotics_12.webp,True,https://seif-online.com/en/product/medicine/central-nervous-system/sedatives-hypnotics
Sedatives & Hypnotics,Skin Care,,13,https://masterapi.witheldokan.com/storage/seif-pharmacies/uploads/611606.webp,seif_output\images\sedatives_hypnotics_13.webp,True,https://seif-online.com/en/product/medicine/central-nervous-system/sedatives-hypnotics
Sedatives & Hypnotics,Skin Care,,14,https://masterapi.witheldokan.com/storage/seif-pharmacies/uploads/307126.webp,seif_output\images\sedatives_hypnotics_14.webp,True,https://seif-online.com/en/product/medicine/central-nervous-system/sedatives-hypnotics
Sedatives & Hypnotics,Skin Care,,15,https://masterapi.witheldokan.com/storage/seif-pharmacies/uploads/431725.webp,seif_output\images\sedatives_hypnotics_15.webp,True,https://seif-online.com/en/product/medicine/central-nervous-system/sedatives-hypnotics
Sedatives & Hypnotics,Skin Care,,16,https://masterapi.witheldokan.com/storage/seif-pharmacies/uploads/614859-1759932052.webp,seif_output\images\sedatives_hypnotics_16.webp,True,https://seif-online.com/en/product/medicine/central-nervous-system/sedatives-hypnotics
Sedatives & Hypnotics,Skin Care,,17,https://masterapi.witheldokan.com/storage/seif-pharmacies/uploads/613079.webp,seif_output\images\sedatives_hypnotics_17.webp,True,https://seif-online.com/en/product/medicine/central-nervous-system/sedatives-hypnotics
Cerebral Stimulant,Skin Care,,1,https://masterapi.witheldokan.com/storage/seif-pharmacies/uploads/57288.webp,seif_output\images\cerebral_stimulant_1.webp,True,https://seif-online.com/en/product/medicine/central-nervous-system/cerebral-stimulant
Cerebral Stimulant,Skin Care,,2,https://masterapi.witheldokan.com/storage/seif-pharmacies/uploads/161969.webp,seif_output\images\cerebral_stimulant_2.webp,True,https://seif-online.com/en/product/medicine/central-nervous-system/cerebral-stimulant
Cerebral Stimulant,Skin Care,,3,https://masterapi.witheldokan.com/storage/seif-pharmacies/uploads/263729.webp,seif_output\images\cerebral_stimulant_3.webp,True,https://seif-online.com/en/product/medicine/central-nervous-system/cerebral-stimulant
Cerebral Stimulant,Skin Care,,4,https://masterapi.witheldokan.com/storage/seif-pharmacies/uploads/122423.webp,seif_output\images\cerebral_stimulant_4.webp,True,https://seif-online.com/en/product/medicine/central-nervous-system/cerebral-stimulant
Cerebral Stimulant,Skin Care,,5,https://masterapi.witheldokan.com/storage/seif-pharmacies/uploads/610711.webp,seif_output\images\cerebral_stimulant_5.webp,True,https://seif-online.com/en/product/medicine/central-nervous-system/cerebral-stimulant
Cerebral Stimulant,Skin Care,,6,https://masterapi.witheldokan.com/storage/seif-pharmacies/uploads/609960-1760274367.webp,seif_output\images\cerebral_stimulant_6.webp,True,https://seif-online.com/en/product/medicine/central-nervous-system/cerebral-stimulant
Cerebral Stimulant,Skin Care,,7,https://masterapi.witheldokan.com/storage/seif-pharmacies/uploads/19785.webp,seif_output\images\cerebral_stimulant_7.webp,True,https://seif-online.com/en/product/medicine/central-nervous-system/cerebral-stimulant
Cerebral Stimulant,Skin Care,,8,https://masterapi.witheldokan.com/storage/seif-pharmacies/uploads/611047.webp,seif_output\images\cerebral_stimulant_8.webp,True,https://seif-online.com/en/product/medicine/central-nervous-system/cerebral-stimulant
Cerebral Stimulant,Skin Care,,9,https://masterapi.witheldokan.com/storage/seif-pharmacies/uploads/611655.webp,seif_output\images\cerebral_stimulant_9.webp,True,https://seif-online.com/en/product/medicine/central-nervous-system/cerebral-stimulant
Cerebral Stimulant,Skin Care,,10,https://masterapi.witheldokan.com/storage/seif-pharmacies/uploads/33909.webp,seif_output\images\cerebral_stimulant_10.webp,True,https://seif-online.com/en/product/medicine/central-nervous-system/cerebral-stimulant
Cerebral Stimulant,Skin Care,,11,https://masterapi.witheldokan.com/storage/seif-pharmacies/uploads/610710.webp,seif_output\images\cerebral_stimulant_11.webp,True,https://seif-online.com/en/product/medicine/central-nervous-system/cerebral-stimulant
Cerebral Stimulant,Skin Care,,12,https://masterapi.witheldokan.com/storage/seif-pharmacies/uploads/378759.webp,seif_output\images\cerebral_stimulant_12.webp,True,https://seif-online.com/en/product/medicine/central-nervous-system/cerebral-stimulant
Cerebral Stimulant,Skin Care,,13,https://masterapi.witheldokan.com/storage/seif-pharmacies/uploads/344396.webp,seif_output\images\cerebral_stimulant_13.webp,True,https://seif-online.com/en/product/medicine/central-nervous-system/cerebral-stimulant
Cerebral Stimulant,Skin Care,,14,https://masterapi.witheldokan.com/storage/seif-pharmacies/uploads/612936.webp,seif_output\images\cerebral_stimulant_14.webp,True,https://seif-online.com/en/product/medicine/central-nervous-system/cerebral-stimulant
Cerebral Stimulant,Skin Care,,15,https://masterapi.witheldokan.com/storage/seif-pharmacies/uploads/612748.webp,seif_output\images\cerebral_stimulant_15.webp,True,https://seif-online.com/en/product/medicine/central-nervous-system/cerebral-stimulant
Cerebral Stimulant,Skin Care,,16,https://masterapi.witheldokan.com/storage/seif-pharmacies/uploads/609967-1760274531.webp,seif_output\images\cerebral_stimulant_16.webp,True,https://seif-online.com/en/product/medicine/central-nervous-system/cerebral-stimulant
Cerebral Stimulant,Skin Care,,17,https://masterapi.witheldokan.com/storage/seif-pharmacies/uploads/381777.webp,seif_output\images\cerebral_stimulant_17.webp,True,https://seif-online.com/en/product/medicine/central-nervous-system/cerebral-stimulant
Cerebral Stimulant,Skin Care,,18,https://masterapi.witheldokan.com/storage/seif-pharmacies/uploads/2753.webp,seif_output\images\cerebral_stimulant_18.webp,True,https://seif-online.com/en/product/medicine/central-nervous-system/cerebral-stimulant
Cerebral Stimulant,Skin Care,,19,https://masterapi.witheldokan.com/storage/seif-pharmacies/uploads/614363-1760270896.webp,seif_output\images\cerebral_stimulant_19.webp,True,https://seif-online.com/en/product/medicine/central-nervous-system/cerebral-stimulant
Cerebral Stimulant,Skin Care,,20,https://masterapi.witheldokan.com/storage/seif-pharmacies/uploads/19786.webp,seif_output\images\cerebral_stimulant_20.webp,True,https://seif-online.com/en/product/medicine/central-nervous-system/cerebral-stimulant
Alzheimer Treatment,Skin Care,,1,https://masterapi.witheldokan.com/storage/seif-pharmacies/uploads/611317.webp,seif_output\images\alzheimer_treatment_1.webp,True,https://seif-online.com/en/product/medicine/central-nervous-system/alzheimer-treatment
Alzheimer Treatment,Skin Care,,2,https://masterapi.witheldokan.com/storage/seif-pharmacies/uploads/199119.webp,seif_output\images\alzheimer_treatment_2.webp,True,https://seif-online.com/en/product/medicine/central-nervous-system/alzheimer-treatment
Alzheimer Treatment,Skin Care,,3,https://masterapi.witheldokan.com/storage/seif-pharmacies/uploads/81983.webp,seif_output\images\alzheimer_treatment_3.webp,True,https://seif-online.com/en/product/medicine/central-nervous-system/alzheimer-treatment
Alzheimer Treatment,Skin Care,,4,https://masterapi.witheldokan.com/storage/seif-pharmacies/uploads/285949.webp,seif_output\images\alzheimer_treatment_4.webp,True,https://seif-online.com/en/product/medicine/central-nervous-system/alzheimer-treatment
Alzheimer Treatment,Skin Care,,5,https://masterapi.witheldokan.com/storage/seif-pharmacies/uploads/253555.webp,seif_output\images\alzheimer_treatment_5.webp,True,https://seif-online.com/en/product/medicine/central-nervous-system/alzheimer-treatment
Alzheimer Treatment,Skin Care,,6,https://masterapi.witheldokan.com/storage/seif-pharmacies/uploads/290250.webp,seif_output\images\alzheimer_treatment_6.webp,True,https://seif-online.com/en/product/medicine/central-nervous-system/alzheimer-treatment
Alzheimer Treatment,Skin Care,,7,https://masterapi.witheldokan.com/storage/seif-pharmacies/uploads/265911.webp,seif_output\images\alzheimer_treatment_7.webp,True,https://seif-online.com/en/product/medicine/central-nervous-system/alzheimer-treatment
Alzheimer Treatment,Skin Care,,8,https://masterapi.witheldokan.com/storage/seif-pharmacies/uploads/168059.webp,seif_output\images\alzheimer_treatment_8.webp,True,https://seif-online.com/en/product/medicine/central-nervous-system/alzheimer-treatment
Alzheimer Treatment,Skin Care,,9,https://masterapi.witheldokan.com/storage/seif-pharmacies/uploads/312130.webp,seif_output\images\alzheimer_treatment_9.webp,True,https://seif-online.com/en/product/medicine/central-nervous-system/alzheimer-treatment
Alzheimer Treatment,Skin Care,,10,https://masterapi.witheldokan.com/storage/seif-pharmacies/uploads/336348.webp,seif_output\images\alzheimer_treatment_10.webp,True,https://seif-online.com/en/product/medicine/central-nervous-system/alzheimer-treatment
Alzheimer Treatment,Skin Care,,11,https://masterapi.witheldokan.com/storage/seif-pharmacies/uploads/232910.webp,seif_output\images\alzheimer_treatment_11.webp,True,https://seif-online.com/en/product/medicine/central-nervous-system/alzheimer-treatment
Alzheimer Treatment,Skin Care,,12,https://masterapi.witheldokan.com/storage/seif-pharmacies/uploads/296286.webp,seif_output\images\alzheimer_treatment_12.webp,True,https://seif-online.com/en/product/medicine/central-nervous-system/alzheimer-treatment
Alzheimer Treatment,Skin Care,,13,https://masterapi.witheldokan.com/storage/seif-pharmacies/uploads/117519.webp,seif_output\images\alzheimer_treatment_13.webp,True,https://seif-online.com/en/product/medicine/central-nervous-system/alzheimer-treatment
Alzheimer Treatment,Skin Care,,14,https://masterapi.witheldokan.com/storage/seif-pharmacies/uploads/23518.webp,seif_output\images\alzheimer_treatment_14.webp,True,https://seif-online.com/en/product/medicine/central-nervous-system/alzheimer-treatment
Alzheimer Treatment,Skin Care,,15,https://masterapi.witheldokan.com/storage/seif-pharmacies/uploads/612471.webp,seif_output\images\alzheimer_treatment_15.webp,True,https://seif-online.com/en/product/medicine/central-nervous-system/alzheimer-treatment
Alzheimer Treatment,Skin Care,,16,https://masterapi.witheldokan.com/storage/seif-pharmacies/uploads/605029.webp,seif_output\images\alzheimer_treatment_16.webp,True,https://seif-online.com/en/product/medicine/central-nervous-system/alzheimer-treatment
Alzheimer Treatment,Skin Care,,17,https://masterapi.witheldokan.com/storage/seif-pharmacies/uploads/284097.webp,seif_output\images\alzheimer_treatment_17.webp,True,https://seif-online.com/en/product/medicine/central-nervous-system/alzheimer-treatment
Alzheimer Treatment,Skin Care,,18,https://masterapi.witheldokan.com/storage/seif-pharmacies/uploads/17394.webp,seif_output\images\alzheimer_treatment_18.webp,True,https://seif-online.com/en/product/medicine/central-nervous-system/alzheimer-treatment
Alzheimer Treatment,Skin Care,,19,https://masterapi.witheldokan.com/storage/seif-pharmacies/uploads/17392.webp,seif_output\images\alzheimer_treatment_19.webp,True,https://seif-online.com/en/product/medicine/central-nervous-system/alzheimer-treatment
Alzheimer Treatment,Skin Care,,20,https://masterapi.witheldokan.com/storage/seif-pharmacies/uploads/17393.webp,seif_output\images\alzheimer_treatment_20.webp,True,https://seif-online.com/en/product/medicine/central-nervous-system/alzheimer-treatment
Alzheimer Treatment,Skin Care,,21,https://masterapi.witheldokan.com/storage/seif-pharmacies/uploads/116107.webp,seif_output\images\alzheimer_treatment_21.webp,True,https://seif-online.com/en/product/medicine/central-nervous-system/alzheimer-treatment
Alzheimer Treatment,Skin Care,,22,https://masterapi.witheldokan.com/storage/seif-pharmacies/uploads/139300.webp,seif_output\images\alzheimer_treatment_22.webp,True,https://seif-online.com/en/product/medicine/central-nervous-system/alzheimer-treatment
Alzheimer Treatment,Skin Care,,23,https://masterapi.witheldokan.com/storage/seif-pharmacies/uploads/144702.webp,seif_output\images\alzheimer_treatment_23.webp,True,https://seif-online.com/en/product/medicine/central-nervous-system/alzheimer-treatment
Anti-Parkinsonism,Skin Care,,1,https://masterapi.witheldokan.com/storage/seif-pharmacies/uploads/367986.webp,seif_output\images\anti_parkinsonism_1.webp,True,https://seif-online.com/en/product/medicine/central-nervous-system/anti-parkinsonism
Anti-Parkinsonism,Skin Care,,2,https://masterapi.witheldokan.com/storage/seif-pharmacies/uploads/88770.webp,seif_output\images\anti_parkinsonism_2.webp,True,https://seif-online.com/en/product/medicine/central-nervous-system/anti-parkinsonism
Anti-Parkinsonism,Skin Care,,3,https://masterapi.witheldokan.com/storage/seif-pharmacies/uploads/63515.webp,seif_output\images\anti_parkinsonism_3.webp,True,https://seif-online.com/en/product/medicine/central-nervous-system/anti-parkinsonism
Anti-Parkinsonism,Skin Care,,4,https://masterapi.witheldokan.com/storage/seif-pharmacies/uploads/607539.webp,seif_output\images\anti_parkinsonism_4.webp,True,https://seif-online.com/en/product/medicine/central-nervous-system/anti-parkinsonism
Anti-Parkinsonism,Skin Care,,5,https://masterapi.witheldokan.com/storage/seif-pharmacies/uploads/358494.webp,seif_output\images\anti_parkinsonism_5.webp,True,https://seif-online.com/en/product/medicine/central-nervous-system/anti-parkinsonism
Anti-Parkinsonism,Skin Care,,6,https://masterapi.witheldokan.com/storage/seif-pharmacies/uploads/371694.webp,seif_output\images\anti_parkinsonism_6.webp,True,https://seif-online.com/en/product/medicine/central-nervous-system/anti-parkinsonism
Anti-Parkinsonism,Skin Care,,7,https://masterapi.witheldokan.com/storage/seif-pharmacies/uploads/185286.webp,seif_output\images\anti_parkinsonism_7.webp,True,https://seif-online.com/en/product/medicine/central-nervous-system/anti-parkinsonism
Anti-Parkinsonism,Skin Care,,8,https://masterapi.witheldokan.com/storage/seif-pharmacies/uploads/607606.webp,seif_output\images\anti_parkinsonism_8.webp,True,https://seif-online.com/en/product/medicine/central-nervous-system/anti-parkinsonism
Anti-Parkinsonism,Skin Care,,9,https://masterapi.witheldokan.com/storage/seif-pharmacies/uploads/184425.webp,seif_output\images\anti_parkinsonism_9.webp,True,https://seif-online.com/en/product/medicine/central-nervous-system/anti-parkinsonism
Anti-Parkinsonism,Skin Care,,10,https://masterapi.witheldokan.com/storage/seif-pharmacies/uploads/178384.webp,seif_output\images\anti_parkinsonism_10.webp,True,https://seif-online.com/en/product/medicine/central-nervous-system/anti-parkinsonism
Anti-Parkinsonism,Skin Care,,11,https://masterapi.witheldokan.com/storage/seif-pharmacies/uploads/222391.webp,seif_output\images\anti_parkinsonism_11.webp,True,https://seif-online.com/en/product/medicine/central-nervous-system/anti-parkinsonism
Anti-Parkinsonism,Skin Care,,12,https://masterapi.witheldokan.com/storage/seif-pharmacies/uploads/606002.webp,seif_output\images\anti_parkinsonism_12.webp,True,https://seif-online.com/en/product/medicine/central-nervous-system/anti-parkinsonism
Anti-Parkinsonism,Skin Care,,13,https://masterapi.witheldokan.com/storage/seif-pharmacies/uploads/276186.webp,seif_output\images\anti_parkinsonism_13.webp,True,https://seif-online.com/en/product/medicine/central-nervous-system/anti-parkinsonism
Anti-Parkinsonism,Skin Care,,14,https://masterapi.witheldokan.com/storage/seif-pharmacies/uploads/606652.webp,seif_output\images\anti_parkinsonism_14.webp,True,https://seif-online.com/en/product/medicine/central-nervous-system/anti-parkinsonism
Anti-Parkinsonism,Skin Care,,15,https://masterapi.witheldokan.com/storage/seif-pharmacies/uploads/33553.webp,seif_output\images\anti_parkinsonism_15.webp,True,https://seif-online.com/en/product/medicine/central-nervous-system/anti-parkinsonism
Anti-Parkinsonism,Skin Care,,16,https://masterapi.witheldokan.com/storage/seif-pharmacies/uploads/95636.webp,seif_output\images\anti_parkinsonism_16.webp,True,https://seif-online.com/en/product/medicine/central-nervous-system/anti-parkinsonism
Anti-Parkinsonism,Skin Care,,17,https://masterapi.witheldokan.com/storage/seif-pharmacies/uploads/134304.webp,seif_output\images\anti_parkinsonism_17.webp,True,https://seif-online.com/en/product/medicine/central-nervous-system/anti-parkinsonism
Anti-Parkinsonism,Skin Care,,18,https://masterapi.witheldokan.com/storage/seif-pharmacies/uploads/136671.webp,seif_output\images\anti_parkinsonism_18.webp,True,https://seif-online.com/en/product/medicine/central-nervous-system/anti-parkinsonism
Anti-Parkinsonism,Skin Care,,19,https://masterapi.witheldokan.com/storage/seif-pharmacies/uploads/136673.webp,seif_output\images\anti_parkinsonism_19.webp,True,https://seif-online.com/en/product/medicine/central-nervous-system/anti-parkinsonism
Anti-Parkinsonism,Skin Care,,20,https://masterapi.witheldokan.com/storage/seif-pharmacies/uploads/137432.webp,seif_output\images\anti_parkinsonism_20.webp,True,https://seif-online.com/en/product/medicine/central-nervous-system/anti-parkinsonism
Anti-Parkinsonism,Skin Care,,21,https://masterapi.witheldokan.com/storage/seif-pharmacies/uploads/323000.webp,seif_output\images\anti_parkinsonism_21.webp,True,https://seif-online.com/en/product/medicine/central-nervous-system/anti-parkinsonism
Cns Stimulants,Skin Care,,1,https://masterapi.witheldokan.com/storage/seif-pharmacies/uploads/299403.webp,seif_output\images\cns_stimulants_1.webp,True,https://seif-online.com/en/product/medicine/central-nervous-system/cns-stimulants
Cns Stimulants,Skin Care,,2,https://masterapi.witheldokan.com/storage/seif-pharmacies/uploads/383868.webp,seif_output\images\cns_stimulants_2.webp,True,https://seif-online.com/en/product/medicine/central-nervous-system/cns-stimulants
Cns Stimulants,Skin Care,,3,https://masterapi.witheldokan.com/storage/seif-pharmacies/uploads/400118.webp,seif_output\images\cns_stimulants_3.webp,True,https://seif-online.com/en/product/medicine/central-nervous-system/cns-stimulants
Cns Stimulants,Skin Care,,4,https://masterapi.witheldokan.com/storage/seif-pharmacies/uploads/612177.webp,seif_output\images\cns_stimulants_4.webp,True,https://seif-online.com/en/product/medicine/central-nervous-system/cns-stimulants
Cns Stimulants,Skin Care,,5,https://masterapi.witheldokan.com/storage/seif-pharmacies/uploads/614820-1759931221.webp,seif_output\images\cns_stimulants_5.webp,True,https://seif-online.com/en/product/medicine/central-nervous-system/cns-stimulants
Cns Stimulants,Skin Care,,6,https://masterapi.witheldokan.com/storage/seif-pharmacies/uploads/397475.webp,seif_output\images\cns_stimulants_6.webp,True,https://seif-online.com/en/product/medicine/central-nervous-system/cns-stimulants
Cns Stimulants,Skin Care,,7,https://masterapi.witheldokan.com/storage/seif-pharmacies/uploads/614570-1759928618.webp,seif_output\images\cns_stimulants_7.webp,True,https://seif-online.com/en/product/medicine/central-nervous-system/cns-stimulants
Cns Stimulants,Skin Care,,8,https://masterapi.witheldokan.com/storage/seif-pharmacies/uploads/611873.webp,seif_output\images\cns_stimulants_8.webp,True,https://seif-online.com/en/product/medicine/central-nervous-system/cns-stimulants
Cns Stimulants,Skin Care,,9,https://masterapi.witheldokan.com/storage/seif-pharmacies/uploads/384076.webp,seif_output\images\cns_stimulants_9.webp,True,https://seif-online.com/en/product/medicine/central-nervous-system/cns-stimulants
Cns Stimulants,Skin Care,,10,https://masterapi.witheldokan.com/storage/seif-pharmacies/uploads/612956.webp,seif_output\images\cns_stimulants_10.webp,True,https://seif-online.com/en/product/medicine/central-nervous-system/cns-stimulants
General Anaesthetic,Skin Care,,1,https://masterapi.witheldokan.com/storage/seif-pharmacies/uploads/2207.webp,seif_output\images\general_anaesthetic_1.webp,True,https://seif-online.com/en/product/medicine/central-nervous-system/general-anaesthetic
Anti-Epileptic & A. Convulsant,Skin Care,,1,https://masterapi.witheldokan.com/storage/seif-pharmacies/uploads/140201.webp,seif_output\images\anti_epileptic_a_convulsant_1.webp,True,https://seif-online.com/en/product/medicine/central-nervous-system/anti-epileptic-a-convulsant
Anti-Epileptic & A. Convulsant,Skin Care,,2,https://masterapi.witheldokan.com/storage/seif-pharmacies/uploads/385216.webp,seif_output\images\anti_epileptic_a_convulsant_2.webp,True,https://seif-online.com/en/product/medicine/central-nervous-system/anti-epileptic-a-convulsant
Anti-Epileptic & A. Convulsant,Skin Care,,3,https://masterapi.witheldokan.com/storage/seif-pharmacies/uploads/60604.webp,seif_output\images\anti_epileptic_a_convulsant_3.webp,True,https://seif-online.com/en/product/medicine/central-nervous-system/anti-epileptic-a-convulsant
Anti-Epileptic & A. Convulsant,Skin Care,,4,https://masterapi.witheldokan.com/storage/seif-pharmacies/uploads/3106.webp,seif_output\images\anti_epileptic_a_convulsant_4.webp,True,https://seif-online.com/en/product/medicine/central-nervous-system/anti-epileptic-a-convulsant
Anti-Epileptic & A. Convulsant,Skin Care,,5,https://masterapi.witheldokan.com/storage/seif-pharmacies/uploads/139588.webp,seif_output\images\anti_epileptic_a_convulsant_5.webp,True,https://seif-online.com/en/product/medicine/central-nervous-system/anti-epileptic-a-convulsant
Anti-Epileptic & A. Convulsant,Skin Care,,6,https://masterapi.witheldokan.com/storage/seif-pharmacies/uploads/72127.webp,seif_output\images\anti_epileptic_a_convulsant_6.webp,True,https://seif-online.com/en/product/medicine/central-nervous-system/anti-epileptic-a-convulsant
Anti-Epileptic & A. Convulsant,Skin Care,,7,https://masterapi.witheldokan.com/storage/seif-pharmacies/uploads/610908.webp,seif_output\images\anti_epileptic_a_convulsant_7.webp,True,https://seif-online.com/en/product/medicine/central-nervous-system/anti-epileptic-a-convulsant
Anti-Epileptic & A. Convulsant,Skin Care,,8,https://masterapi.witheldokan.com/storage/seif-pharmacies/uploads/202127.webp,seif_output\images\anti_epileptic_a_convulsant_8.webp,True,https://seif-online.com/en/product/medicine/central-nervous-system/anti-epileptic-a-convulsant
Anti-Epileptic & A. Convulsant,Skin Care,,9,https://masterapi.witheldokan.com/storage/seif-pharmacies/uploads/1455.webp,seif_output\images\anti_epileptic_a_convulsant_9.webp,True,https://seif-online.com/en/product/medicine/central-nervous-system/anti-epileptic-a-convulsant
Anti-Epileptic & A. Convulsant,Skin Care,,10,https://masterapi.witheldokan.com/storage/seif-pharmacies/uploads/385217.webp,seif_output\images\anti_epileptic_a_convulsant_10.webp,True,https://seif-online.com/en/product/medicine/central-nervous-system/anti-epileptic-a-convulsant
Anti-Epileptic & A. Convulsant,Skin Care,,11,https://masterapi.witheldokan.com/storage/seif-pharmacies/uploads/204182.webp,seif_output\images\anti_epileptic_a_convulsant_11.webp,True,https://seif-online.com/en/product/medicine/central-nervous-system/anti-epileptic-a-convulsant
Anti-Epileptic & A. Convulsant,Skin Care,,12,https://masterapi.witheldokan.com/storage/seif-pharmacies/uploads/431687.webp,seif_output\images\anti_epileptic_a_convulsant_12.webp,True,https://seif-online.com/en/product/medicine/central-nervous-system/anti-epileptic-a-convulsant
Anti-Epileptic & A. Convulsant,Skin Care,,13,https://masterapi.witheldokan.com/storage/seif-pharmacies/uploads/404063.webp,seif_output\images\anti_epileptic_a_convulsant_13.webp,True,https://seif-online.com/en/product/medicine/central-nervous-system/anti-epileptic-a-convulsant
Anti-Epileptic & A. Convulsant,Skin Care,,14,https://masterapi.witheldokan.com/storage/seif-pharmacies/uploads/123410.webp,seif_output\images\anti_epileptic_a_convulsant_14.webp,True,https://seif-online.com/en/product/medicine/central-nervous-system/anti-epileptic-a-convulsant
Anti-Epileptic & A. Convulsant,Skin Care,,15,https://masterapi.witheldokan.com/storage/seif-pharmacies/uploads/157916.webp,seif_output\images\anti_epileptic_a_convulsant_15.webp,True,https://seif-online.com/en/product/medicine/central-nervous-system/anti-epileptic-a-convulsant
Anti-Epileptic & A. Convulsant,Skin Care,,16,https://masterapi.witheldokan.com/storage/seif-pharmacies/uploads/316477.webp,seif_output\images\anti_epileptic_a_convulsant_16.webp,True,https://seif-online.com/en/product/medicine/central-nervous-system/anti-epileptic-a-convulsant
Anti-Epileptic & A. Convulsant,Skin Care,,17,https://masterapi.witheldokan.com/storage/seif-pharmacies/uploads/610909.webp,seif_output\images\anti_epileptic_a_convulsant_17.webp,True,https://seif-online.com/en/product/medicine/central-nervous-system/anti-epileptic-a-convulsant
Anti-Epileptic & A. Convulsant,Skin Care,,18,https://masterapi.witheldokan.com/storage/seif-pharmacies/uploads/202128.webp,seif_output\images\anti_epileptic_a_convulsant_18.webp,True,https://seif-online.com/en/product/medicine/central-nervous-system/anti-epileptic-a-convulsant
Anti-Epileptic & A. Convulsant,Skin Care,,19,https://masterapi.witheldokan.com/storage/seif-pharmacies/uploads/606169.webp,seif_output\images\anti_epileptic_a_convulsant_19.webp,True,https://seif-online.com/en/product/medicine/central-nervous-system/anti-epileptic-a-convulsant
Anti-Epileptic & A. Convulsant,Skin Care,,20,https://masterapi.witheldokan.com/storage/seif-pharmacies/uploads/26632.webp,seif_output\images\anti_epileptic_a_convulsant_20.webp,True,https://seif-online.com/en/product/medicine/central-nervous-system/anti-epileptic-a-convulsant
Anti-Epileptic & A. Convulsant,Skin Care,,21,https://masterapi.witheldokan.com/storage/seif-pharmacies/uploads/148376.webp,seif_output\images\anti_epileptic_a_convulsant_21.webp,True,https://seif-online.com/en/product/medicine/central-nervous-system/anti-epileptic-a-convulsant
Anti-Epileptic & A. Convulsant,Skin Care,,22,https://masterapi.witheldokan.com/storage/seif-pharmacies/uploads/431435.webp,seif_output\images\anti_epileptic_a_convulsant_22.webp,True,https://seif-online.com/en/product/medicine/central-nervous-system/anti-epileptic-a-convulsant
Anti-Epileptic & A. Convulsant,Skin Care,,23,https://masterapi.witheldokan.com/storage/seif-pharmacies/uploads/290350.webp,seif_output\images\anti_epileptic_a_convulsant_23.webp,True,https://seif-online.com/en/product/medicine/central-nervous-system/anti-epileptic-a-convulsant
Neurotonic,Skin Care,,1,https://masterapi.witheldokan.com/storage/seif-pharmacies/uploads/608891.webp,seif_output\images\neurotonic_1.webp,True,https://seif-online.com/en/product/medicine/central-nervous-system/neurotonic
Neurotonic,Skin Care,,2,https://masterapi.witheldokan.com/storage/seif-pharmacies/uploads/608680.webp,seif_output\images\neurotonic_2.webp,True,https://seif-online.com/en/product/medicine/central-nervous-system/neurotonic
Neurotonic,Skin Care,,3,https://masterapi.witheldokan.com/storage/seif-pharmacies/uploads/608043-1760362052.webp,seif_output\images\neurotonic_3.webp,True,https://seif-online.com/en/product/medicine/central-nervous-system/neurotonic
Neurotonic,Skin Care,,4,https://masterapi.witheldokan.com/storage/seif-pharmacies/uploads/614722.webp,seif_output\images\neurotonic_4.webp,True,https://seif-online.com/en/product/medicine/central-nervous-system/neurotonic
Neurotonic,Skin Care,,5,https://masterapi.witheldokan.com/storage/seif-pharmacies/uploads/207428.webp,seif_output\images\neurotonic_5.webp,True,https://seif-online.com/en/product/medicine/central-nervous-system/neurotonic
Neurotonic,Skin Care,,6,https://masterapi.witheldokan.com/storage/seif-pharmacies/uploads/608208.webp,seif_output\images\neurotonic_6.webp,True,https://seif-online.com/en/product/medicine/central-nervous-system/neurotonic
Neurotonic,Skin Care,,7,https://masterapi.witheldokan.com/storage/seif-pharmacies/uploads/612455.webp,seif_output\images\neurotonic_7.webp,True,https://seif-online.com/en/product/medicine/central-nervous-system/neurotonic
Neurotonic,Skin Care,,8,https://masterapi.witheldokan.com/storage/seif-pharmacies/uploads/608044-1760362074.webp,seif_output\images\neurotonic_8.webp,True,https://seif-online.com/en/product/medicine/central-nervous-system/neurotonic
Neurotonic,Skin Care,,9,https://masterapi.witheldokan.com/storage/seif-pharmacies/uploads/253345.webp,seif_output\images\neurotonic_9.webp,True,https://seif-online.com/en/product/medicine/central-nervous-system/neurotonic
Neurotonic,Skin Care,,10,https://masterapi.witheldokan.com/storage/seif-pharmacies/uploads/312088.webp,seif_output\images\neurotonic_10.webp,True,https://seif-online.com/en/product/medicine/central-nervous-system/neurotonic
Neurotonic,Skin Care,,11,https://cdn.supercommerce.io/seif-pharmacies/uploads/612301-1769436525.webp,seif_output\images\neurotonic_11.webp,True,https://seif-online.com/en/product/medicine/central-nervous-system/neurotonic
Neurotonic,Skin Care,,12,https://masterapi.witheldokan.com/storage/seif-pharmacies/uploads/614958.webp,seif_output\images\neurotonic_12.webp,True,https://seif-online.com/en/product/medicine/central-nervous-system/neurotonic
Neurotonic,Skin Care,,13,https://masterapi.witheldokan.com/storage/seif-pharmacies/uploads/614758.webp,seif_output\images\neurotonic_13.webp,True,https://seif-online.com/en/product/medicine/central-nervous-system/neurotonic
Neurotonic,Skin Care,,14,https://masterapi.witheldokan.com/storage/seif-pharmacies/uploads/608740.webp,seif_output\images\neurotonic_14.webp,True,https://seif-online.com/en/product/medicine/central-nervous-system/neurotonic
Neurotonic,Skin Care,,15,https://masterapi.witheldokan.com/storage/seif-pharmacies/uploads/88773.webp,seif_output\images\neurotonic_15.webp,True,https://seif-online.com/en/product/medicine/central-nervous-system/neurotonic
Neurotonic,Skin Care,,16,https://masterapi.witheldokan.com/storage/seif-pharmacies/uploads/97395.webp,seif_output\images\neurotonic_16.webp,True,https://seif-online.com/en/product/medicine/central-nervous-system/neurotonic
Neurotonic,Skin Care,,17,https://masterapi.witheldokan.com/storage/seif-pharmacies/uploads/608672.webp,seif_output\images\neurotonic_17.webp,True,https://seif-online.com/en/product/medicine/central-nervous-system/neurotonic
Anti-Depressant,Skin Care,,1,https://masterapi.witheldokan.com/storage/seif-pharmacies/uploads/76059.webp,seif_output\images\anti_depressant_1.webp,True,https://seif-online.com/en/product/medicine/central-nervous-system/anti-depressant
Anti-Depressant,Skin Care,,2,https://masterapi.witheldokan.com/storage/seif-pharmacies/uploads/305103.webp,seif_output\images\anti_depressant_2.webp,True,https://seif-online.com/en/product/medicine/central-nervous-system/anti-depressant
Anti-Depressant,Skin Care,,3,https://masterapi.witheldokan.com/storage/seif-pharmacies/uploads/604977.webp,seif_output\images\anti_depressant_3.webp,True,https://seif-online.com/en/product/medicine/central-nervous-system/anti-depressant
Anti-Depressant,Skin Care,,4,https://masterapi.witheldokan.com/storage/seif-pharmacies/uploads/400783.webp,seif_output\images\anti_depressant_4.webp,True,https://seif-online.com/en/product/medicine/central-nervous-system/anti-depressant
Anti-Depressant,Skin Care,,5,https://masterapi.witheldokan.com/storage/seif-pharmacies/uploads/315437.webp,seif_output\images\anti_depressant_5.webp,True,https://seif-online.com/en/product/medicine/central-nervous-system/anti-depressant
Anti-Depressant,Skin Care,,6,https://masterapi.witheldokan.com/storage/seif-pharmacies/uploads/284774.webp,seif_output\images\anti_depressant_6.webp,True,https://seif-online.com/en/product/medicine/central-nervous-system/anti-depressant
Anti-Depressant,Skin Care,,7,https://masterapi.witheldokan.com/storage/seif-pharmacies/uploads/315433.webp,seif_output\images\anti_depressant_7.webp,True,https://seif-online.com/en/product/medicine/central-nervous-system/anti-depressant
Anti-Depressant,Skin Care,,8,https://masterapi.witheldokan.com/storage/seif-pharmacies/uploads/601961.webp,seif_output\images\anti_depressant_8.webp,True,https://seif-online.com/en/product/medicine/central-nervous-system/anti-depressant
Anti-Depressant,Skin Care,,9,https://masterapi.witheldokan.com/storage/seif-pharmacies/uploads/365015.webp,seif_output\images\anti_depressant_9.webp,True,https://seif-online.com/en/product/medicine/central-nervous-system/anti-depressant
Anti-Depressant,Skin Care,,10,https://masterapi.witheldokan.com/storage/seif-pharmacies/uploads/157664.webp,seif_output\images\anti_depressant_10.webp,True,https://seif-online.com/en/product/medicine/central-nervous-system/anti-depressant
Anti-Depressant,Skin Care,,11,https://masterapi.witheldokan.com/storage/seif-pharmacies/uploads/336977.webp,seif_output\images\anti_depressant_11.webp,True,https://seif-online.com/en/product/medicine/central-nervous-system/anti-depressant
Anti-Depressant,Skin Care,,12,https://masterapi.witheldokan.com/storage/seif-pharmacies/uploads/305166.webp,seif_output\images\anti_depressant_12.webp,True,https://seif-online.com/en/product/medicine/central-nervous-system/anti-depressant
Anti-Depressant,Skin Care,,13,https://masterapi.witheldokan.com/storage/seif-pharmacies/uploads/605332.webp,seif_output\images\anti_depressant_13.webp,True,https://seif-online.com/en/product/medicine/central-nervous-system/anti-depressant
Anti-Depressant,Skin Care,,14,https://masterapi.witheldokan.com/storage/seif-pharmacies/uploads/301837.webp,seif_output\images\anti_depressant_14.webp,True,https://seif-online.com/en/product/medicine/central-nervous-system/anti-depressant
Anti-Depressant,Skin Care,,15,https://masterapi.witheldokan.com/storage/seif-pharmacies/uploads/602399.webp,seif_output\images\anti_depressant_15.webp,True,https://seif-online.com/en/product/medicine/central-nervous-system/anti-depressant
Anti-Depressant,Skin Care,,16,https://masterapi.witheldokan.com/storage/seif-pharmacies/uploads/603765.webp,seif_output\images\anti_depressant_16.webp,True,https://seif-online.com/en/product/medicine/central-nervous-system/anti-depressant
Anti-Depressant,Skin Care,,17,https://masterapi.witheldokan.com/storage/seif-pharmacies/uploads/305168.webp,seif_output\images\anti_depressant_17.webp,True,https://seif-online.com/en/product/medicine/central-nervous-system/anti-depressant
Anti-Depressant,Skin Care,,18,https://masterapi.witheldokan.com/storage/seif-pharmacies/uploads/118788.webp,seif_output\images\anti_depressant_18.webp,True,https://seif-online.com/en/product/medicine/central-nervous-system/anti-depressant
Anti-Depressant,Skin Care,,19,https://masterapi.witheldokan.com/storage/seif-pharmacies/uploads/321992.webp,seif_output\images\anti_depressant_19.webp,True,https://seif-online.com/en/product/medicine/central-nervous-system/anti-depressant
Anti-Depressant,Skin Care,,20,https://masterapi.witheldokan.com/storage/seif-pharmacies/uploads/70991.webp,seif_output\images\anti_depressant_20.webp,True,https://seif-online.com/en/product/medicine/central-nervous-system/anti-depressant
Anti-Depressant,Skin Care,,21,https://masterapi.witheldokan.com/storage/seif-pharmacies/uploads/281545.webp,seif_output\images\anti_depressant_21.webp,True,https://seif-online.com/en/product/medicine/central-nervous-system/anti-depressant
Anti-Depressant,Skin Care,,22,https://masterapi.witheldokan.com/storage/seif-pharmacies/uploads/92572.webp,seif_output\images\anti_depressant_22.webp,True,https://seif-online.com/en/product/medicine/central-nervous-system/anti-depressant
Anti-Depressant,Skin Care,,23,https://masterapi.witheldokan.com/storage/seif-pharmacies/uploads/609654-1760357756.webp,seif_output\images\anti_depressant_23.webp,True,https://seif-online.com/en/product/medicine/central-nervous-system/anti-depressant
ADHD(Attent.Deficit.Hyperac.D),Skin Care,,1,https://masterapi.witheldokan.com/storage/seif-pharmacies/uploads/182674.webp,seif_output\images\adhdattentdeficithyperacd_1.webp,True,https://seif-online.com/en/product/medicine/central-nervous-system/adhdattent-deficit-hyperac-d
ADHD(Attent.Deficit.Hyperac.D),Skin Care,,2,https://masterapi.witheldokan.com/storage/seif-pharmacies/uploads/389699.webp,seif_output\images\adhdattentdeficithyperacd_2.webp,True,https://seif-online.com/en/product/medicine/central-nervous-system/adhdattent-deficit-hyperac-d
ADHD(Attent.Deficit.Hyperac.D),Skin Care,,3,https://masterapi.witheldokan.com/storage/seif-pharmacies/uploads/182673.webp,seif_output\images\adhdattentdeficithyperacd_3.webp,True,https://seif-online.com/en/product/medicine/central-nervous-system/adhdattent-deficit-hyperac-d
ADHD(Attent.Deficit.Hyperac.D),Skin Care,,4,https://masterapi.witheldokan.com/storage/seif-pharmacies/uploads/182675.webp,seif_output\images\adhdattentdeficithyperacd_4.webp,True,https://seif-online.com/en/product/medicine/central-nervous-system/adhdattent-deficit-hyperac-d
ADHD(Attent.Deficit.Hyperac.D),Skin Care,,5,https://masterapi.witheldokan.com/storage/seif-pharmacies/uploads/182670.webp,seif_output\images\adhdattentdeficithyperacd_5.webp,True,https://seif-online.com/en/product/medicine/central-nervous-system/adhdattent-deficit-hyperac-d
ADHD(Attent.Deficit.Hyperac.D),Skin Care,,6,https://masterapi.witheldokan.com/storage/seif-pharmacies/uploads/607572-1760363053.webp,seif_output\images\adhdattentdeficithyperacd_6.webp,True,https://seif-online.com/en/product/medicine/central-nervous-system/adhdattent-deficit-hyperac-d
ADHD(Attent.Deficit.Hyperac.D),Skin Care,,7,https://masterapi.witheldokan.com/storage/seif-pharmacies/uploads/182672.webp,seif_output\images\adhdattentdeficithyperacd_7.webp,True,https://seif-online.com/en/product/medicine/central-nervous-system/adhdattent-deficit-hyperac-d
ADHD(Attent.Deficit.Hyperac.D),Skin Care,,8,https://masterapi.witheldokan.com/storage/seif-pharmacies/uploads/173496.webp,seif_output\images\adhdattentdeficithyperacd_8.webp,True,https://seif-online.com/en/product/medicine/central-nervous-system/adhdattent-deficit-hyperac-d
ADHD(Attent.Deficit.Hyperac.D),Skin Care,,9,https://masterapi.witheldokan.com/storage/seif-pharmacies/uploads/289162.webp,seif_output\images\adhdattentdeficithyperacd_9.webp,True,https://seif-online.com/en/product/medicine/central-nervous-system/adhdattent-deficit-hyperac-d
ADHD(Attent.Deficit.Hyperac.D),Skin Care,,10,https://masterapi.witheldokan.com/storage/seif-pharmacies/uploads/300724.webp,seif_output\images\adhdattentdeficithyperacd_10.webp,True,https://seif-online.com/en/product/medicine/central-nervous-system/adhdattent-deficit-hyperac-d
ADHD(Attent.Deficit.Hyperac.D),Skin Care,,11,https://masterapi.witheldokan.com/storage/seif-pharmacies/uploads/300725.webp,seif_output\images\adhdattentdeficithyperacd_11.webp,True,https://seif-online.com/en/product/medicine/central-nervous-system/adhdattent-deficit-hyperac-d
ADHD(Attent.Deficit.Hyperac.D),Skin Care,,12,https://masterapi.witheldokan.com/storage/seif-pharmacies/uploads/300726.webp,seif_output\images\adhdattentdeficithyperacd_12.webp,True,https://seif-online.com/en/product/medicine/central-nervous-system/adhdattent-deficit-hyperac-d
ADHD(Attent.Deficit.Hyperac.D),Skin Care,,13,https://masterapi.witheldokan.com/storage/seif-pharmacies/uploads/300727.webp,seif_output\images\adhdattentdeficithyperacd_13.webp,True,https://seif-online.com/en/product/medicine/central-nervous-system/adhdattent-deficit-hyperac-d
ADHD(Attent.Deficit.Hyperac.D),Skin Care,,14,https://masterapi.witheldokan.com/storage/seif-pharmacies/uploads/300729.webp,seif_output\images\adhdattentdeficithyperacd_14.webp,True,https://seif-online.com/en/product/medicine/central-nervous-system/adhdattent-deficit-hyperac-d
ADHD(Attent.Deficit.Hyperac.D),Skin Care,,15,https://masterapi.witheldokan.com/storage/seif-pharmacies/uploads/382854.webp,seif_output\images\adhdattentdeficithyperacd_15.webp,True,https://seif-online.com/en/product/medicine/central-nervous-system/adhdattent-deficit-hyperac-d
Miscellaneous,Skin Care,,1,https://masterapi.witheldokan.com/storage/seif-pharmacies/uploads/397922.webp,seif_output\images\miscellaneous_1.webp,True,https://seif-online.com/en/product/medicine/miscellaneous
Miscellaneous,Skin Care,,2,https://masterapi.witheldokan.com/storage/seif-pharmacies/uploads/319068.webp,seif_output\images\miscellaneous_2.webp,True,https://seif-online.com/en/product/medicine/miscellaneous
Miscellaneous,Skin Care,,3,https://masterapi.witheldokan.com/storage/seif-pharmacies/uploads/605970.webp,seif_output\images\miscellaneous_3.webp,True,https://seif-online.com/en/product/medicine/miscellaneous
Miscellaneous,Skin Care,,4,https://masterapi.witheldokan.com/storage/seif-pharmacies/uploads/99511.webp,seif_output\images\miscellaneous_4.webp,True,https://seif-online.com/en/product/medicine/miscellaneous
Miscellaneous,Skin Care,,5,https://masterapi.witheldokan.com/storage/seif-pharmacies/uploads/171775.webp,seif_output\images\miscellaneous_5.webp,True,https://seif-online.com/en/product/medicine/miscellaneous
Miscellaneous,Skin Care,,6,https://masterapi.witheldokan.com/storage/seif-pharmacies/uploads/265825.webp,seif_output\images\miscellaneous_6.webp,True,https://seif-online.com/en/product/medicine/miscellaneous
Miscellaneous,Skin Care,,7,https://masterapi.witheldokan.com/storage/seif-pharmacies/uploads/605847.webp,seif_output\images\miscellaneous_7.webp,True,https://seif-online.com/en/product/medicine/miscellaneous
Miscellaneous,Skin Care,,8,https://masterapi.witheldokan.com/storage/seif-pharmacies/uploads/383098.webp,seif_output\images\miscellaneous_8.webp,True,https://seif-online.com/en/product/medicine/miscellaneous
Miscellaneous,Skin Care,,9,https://masterapi.witheldokan.com/storage/seif-pharmacies/uploads/382495.webp,seif_output\images\miscellaneous_9.webp,True,https://seif-online.com/en/product/medicine/miscellaneous
Miscellaneous,Skin Care,,10,https://masterapi.witheldokan.com/storage/seif-pharmacies/uploads/382496.webp,seif_output\images\miscellaneous_10.webp,True,https://seif-online.com/en/product/medicine/miscellaneous
Miscellaneous,Skin Care,,11,https://masterapi.witheldokan.com/storage/seif-pharmacies/uploads/609680-1760357668.webp,seif_output\images\miscellaneous_11.webp,True,https://seif-online.com/en/product/medicine/miscellaneous
Miscellaneous,Skin Care,,12,https://masterapi.witheldokan.com/storage/seif-pharmacies/uploads/1658.webp,seif_output\images\miscellaneous_12.webp,True,https://seif-online.com/en/product/medicine/miscellaneous
Miscellaneous,Skin Care,,13,https://masterapi.witheldokan.com/storage/seif-pharmacies/uploads/1916.webp,seif_output\images\miscellaneous_13.webp,True,https://seif-online.com/en/product/medicine/miscellaneous
Miscellaneous,Skin Care,,14,https://masterapi.witheldokan.com/storage/seif-pharmacies/uploads/16454.webp,seif_output\images\miscellaneous_14.webp,True,https://seif-online.com/en/product/medicine/miscellaneous
Miscellaneous,Skin Care,,15,https://masterapi.witheldokan.com/storage/seif-pharmacies/uploads/37776.webp,seif_output\images\miscellaneous_15.webp,True,https://seif-online.com/en/product/medicine/miscellaneous
Miscellaneous,Skin Care,,16,https://masterapi.witheldokan.com/storage/seif-pharmacies/uploads/85756.webp,seif_output\images\miscellaneous_16.webp,True,https://seif-online.com/en/product/medicine/miscellaneous
Anti-Dote,Skin Care,,1,https://masterapi.witheldokan.com/storage/seif-pharmacies/uploads/319068.webp,seif_output\images\anti_dote_1.webp,True,https://seif-online.com/en/product/medicine/miscellaneous/anti-dote
Anti-Dote,Skin Care,,2,https://masterapi.witheldokan.com/storage/seif-pharmacies/uploads/605970.webp,seif_output\images\anti_dote_2.webp,True,https://seif-online.com/en/product/medicine/miscellaneous/anti-dote
Anti-Dote,Skin Care,,3,https://masterapi.witheldokan.com/storage/seif-pharmacies/uploads/99511.webp,seif_output\images\anti_dote_3.webp,True,https://seif-online.com/en/product/medicine/miscellaneous/anti-dote
Anti-Dote,Skin Care,,4,https://masterapi.witheldokan.com/storage/seif-pharmacies/uploads/171775.webp,seif_output\images\anti_dote_4.webp,True,https://seif-online.com/en/product/medicine/miscellaneous/anti-dote
Anti-Dote,Skin Care,,5,https://masterapi.witheldokan.com/storage/seif-pharmacies/uploads/265825.webp,seif_output\images\anti_dote_5.webp,True,https://seif-online.com/en/product/medicine/miscellaneous/anti-dote
Anti-Dote,Skin Care,,6,https://masterapi.witheldokan.com/storage/seif-pharmacies/uploads/605847.webp,seif_output\images\anti_dote_6.webp,True,https://seif-online.com/en/product/medicine/miscellaneous/anti-dote
Anti-Dote,Skin Care,,7,https://masterapi.witheldokan.com/storage/seif-pharmacies/uploads/383098.webp,seif_output\images\anti_dote_7.webp,True,https://seif-online.com/en/product/medicine/miscellaneous/anti-dote
Anti-Dote,Skin Care,,8,https://masterapi.witheldokan.com/storage/seif-pharmacies/uploads/382495.webp,seif_output\images\anti_dote_8.webp,True,https://seif-online.com/en/product/medicine/miscellaneous/anti-dote
Anti-Dote,Skin Care,,9,https://masterapi.witheldokan.com/storage/seif-pharmacies/uploads/382496.webp,seif_output\images\anti_dote_9.webp,True,https://seif-online.com/en/product/medicine/miscellaneous/anti-dote
Anti-Dote,Skin Care,,10,https://masterapi.witheldokan.com/storage/seif-pharmacies/uploads/180698.webp,seif_output\images\anti_dote_10.webp,True,https://seif-online.com/en/product/medicine/miscellaneous/anti-dote
Anti-Dote,Skin Care,,11,https://masterapi.witheldokan.com/storage/seif-pharmacies/uploads/208086.webp,seif_output\images\anti_dote_11.webp,True,https://seif-online.com/en/product/medicine/miscellaneous/anti-dote
Anti-Dote,Skin Care,,12,https://masterapi.witheldokan.com/storage/seif-pharmacies/uploads/605320-1760877029.webp,seif_output\images\anti_dote_12.webp,True,https://seif-online.com/en/product/medicine/miscellaneous/anti-dote
Anaemia,Skin Care,,1,https://masterapi.witheldokan.com/storage/seif-pharmacies/uploads/397922.webp,seif_output\images\anaemia_1.webp,True,https://seif-online.com/en/product/medicine/miscellaneous/anaemia
Anaemia,Skin Care,,2,https://masterapi.witheldokan.com/storage/seif-pharmacies/uploads/609680-1760357668.webp,seif_output\images\anaemia_2.webp,True,https://seif-online.com/en/product/medicine/miscellaneous/anaemia
Anaemia,Skin Care,,3,https://masterapi.witheldokan.com/storage/seif-pharmacies/uploads/1658.webp,seif_output\images\anaemia_3.webp,True,https://seif-online.com/en/product/medicine/miscellaneous/anaemia
Anaemia,Skin Care,,4,https://masterapi.witheldokan.com/storage/seif-pharmacies/uploads/1916.webp,seif_output\images\anaemia_4.webp,True,https://seif-online.com/en/product/medicine/miscellaneous/anaemia
Anaemia,Skin Care,,5,https://masterapi.witheldokan.com/storage/seif-pharmacies/uploads/16454.webp,seif_output\images\anaemia_5.webp,True,https://seif-online.com/en/product/medicine/miscellaneous/anaemia
Anaemia,Skin Care,,6,https://masterapi.witheldokan.com/storage/seif-pharmacies/uploads/37776.webp,seif_output\images\anaemia_6.webp,True,https://seif-online.com/en/product/medicine/miscellaneous/anaemia
Anaemia,Skin Care,,7,https://masterapi.witheldokan.com/storage/seif-pharmacies/uploads/85756.webp,seif_output\images\anaemia_7.webp,True,https://seif-online.com/en/product/medicine/miscellaneous/anaemia
Anaemia,Skin Care,,8,https://masterapi.witheldokan.com/storage/seif-pharmacies/uploads/148069.webp,seif_output\images\anaemia_8.webp,True,https://seif-online.com/en/product/medicine/miscellaneous/anaemia
Anaemia,Skin Care,,9,https://masterapi.witheldokan.com/storage/seif-pharmacies/uploads/148070.webp,seif_output\images\anaemia_9.webp,True,https://seif-online.com/en/product/medicine/miscellaneous/anaemia
Anaemia,Skin Care,,10,https://masterapi.witheldokan.com/storage/seif-pharmacies/uploads/148071.webp,seif_output\images\anaemia_10.webp,True,https://seif-online.com/en/product/medicine/miscellaneous/anaemia
Anaemia,Skin Care,,11,https://masterapi.witheldokan.com/storage/seif-pharmacies/uploads/204229.webp,seif_output\images\anaemia_11.webp,True,https://seif-online.com/en/product/medicine/miscellaneous/anaemia
Anaemia,Skin Care,,12,https://masterapi.witheldokan.com/storage/seif-pharmacies/uploads/301150.webp,seif_output\images\anaemia_12.webp,True,https://seif-online.com/en/product/medicine/miscellaneous/anaemia
Anaemia,Skin Care,,13,https://masterapi.witheldokan.com/storage/seif-pharmacies/uploads/336968.webp,seif_output\images\anaemia_13.webp,True,https://seif-online.com/en/product/medicine/miscellaneous/anaemia
Infections,Skin Care,,1,https://masterapi.witheldokan.com/storage/seif-pharmacies/uploads/40413.webp,seif_output\images\infections_1.webp,True,https://seif-online.com/en/product/medicine/infections
Infections,Skin Care,,2,https://masterapi.witheldokan.com/storage/seif-pharmacies/uploads/404028.webp,seif_output\images\infections_2.webp,True,https://seif-online.com/en/product/medicine/infections
Infections,Skin Care,,3,https://masterapi.witheldokan.com/storage/seif-pharmacies/uploads/33953.webp,seif_output\images\infections_3.webp,True,https://seif-online.com/en/product/medicine/infections
Infections,Skin Care,,4,https://masterapi.witheldokan.com/storage/seif-pharmacies/uploads/1332.webp,seif_output\images\infections_4.webp,True,https://seif-online.com/en/product/medicine/infections
Infections,Skin Care,,5,https://masterapi.witheldokan.com/storage/seif-pharmacies/uploads/211115.webp,seif_output\images\infections_5.webp,True,https://seif-online.com/en/product/medicine/infections
Infections,Skin Care,,6,https://masterapi.witheldokan.com/storage/seif-pharmacies/uploads/54235.webp,seif_output\images\infections_6.webp,True,https://seif-online.com/en/product/medicine/infections
Infections,Skin Care,,7,https://masterapi.witheldokan.com/storage/seif-pharmacies/uploads/62453.webp,seif_output\images\infections_7.webp,True,https://seif-online.com/en/product/medicine/infections
Infections,Skin Care,,8,https://masterapi.witheldokan.com/storage/seif-pharmacies/uploads/75843.webp,seif_output\images\infections_8.webp,True,https://seif-online.com/en/product/medicine/infections
Infections,Skin Care,,9,https://masterapi.witheldokan.com/storage/seif-pharmacies/uploads/1313.webp,seif_output\images\infections_9.webp,True,https://seif-online.com/en/product/medicine/infections
Infections,Skin Care,,10,https://masterapi.witheldokan.com/storage/seif-pharmacies/uploads/55222.webp,seif_output\images\infections_10.webp,True,https://seif-online.com/en/product/medicine/infections
Infections,Skin Care,,11,https://masterapi.witheldokan.com/storage/seif-pharmacies/uploads/2242.webp,seif_output\images\infections_11.webp,True,https://seif-online.com/en/product/medicine/infections
Infections,Skin Care,,12,https://masterapi.witheldokan.com/storage/seif-pharmacies/uploads/74737.webp,seif_output\images\infections_12.webp,True,https://seif-online.com/en/product/medicine/infections
Infections,Skin Care,,13,https://masterapi.witheldokan.com/storage/seif-pharmacies/uploads/37772.webp,seif_output\images\infections_13.webp,True,https://seif-online.com/en/product/medicine/infections
Infections,Skin Care,,14,https://masterapi.witheldokan.com/storage/seif-pharmacies/uploads/52515.webp,seif_output\images\infections_14.webp,True,https://seif-online.com/en/product/medicine/infections
Infections,Skin Care,,15,https://masterapi.witheldokan.com/storage/seif-pharmacies/uploads/169520.webp,seif_output\images\infections_15.webp,True,https://seif-online.com/en/product/medicine/infections
Infections,Skin Care,,16,https://masterapi.witheldokan.com/storage/seif-pharmacies/uploads/103982.webp,seif_output\images\infections_16.webp,True,https://seif-online.com/en/product/medicine/infections
Infections,Skin Care,,17,https://masterapi.witheldokan.com/storage/seif-pharmacies/uploads/262755.webp,seif_output\images\infections_17.webp,True,https://seif-online.com/en/product/medicine/infections
Infections,Skin Care,,18,https://masterapi.witheldokan.com/storage/seif-pharmacies/uploads/2062.webp,seif_output\images\infections_18.webp,True,https://seif-online.com/en/product/medicine/infections
Infections,Skin Care,,19,https://masterapi.witheldokan.com/storage/seif-pharmacies/uploads/2864.webp,seif_output\images\infections_19.webp,True,https://seif-online.com/en/product/medicine/infections
Infections,Skin Care,,20,https://masterapi.witheldokan.com/storage/seif-pharmacies/uploads/208094.webp,seif_output\images\infections_20.webp,True,https://seif-online.com/en/product/medicine/infections
Infections,Skin Care,,21,https://masterapi.witheldokan.com/storage/seif-pharmacies/uploads/610345.webp,seif_output\images\infections_21.webp,True,https://seif-online.com/en/product/medicine/infections
Infections,Skin Care,,22,https://masterapi.witheldokan.com/storage/seif-pharmacies/uploads/27561.webp,seif_output\images\infections_22.webp,True,https://seif-online.com/en/product/medicine/infections
Infections,Skin Care,,23,https://masterapi.witheldokan.com/storage/seif-pharmacies/uploads/317259.webp,seif_output\images\infections_23.webp,True,https://seif-online.com/en/product/medicine/infections
Infections,Skin Care,,24,https://masterapi.witheldokan.com/storage/seif-pharmacies/uploads/65890.webp,seif_output\images\infections_24.webp,True,https://seif-online.com/en/product/medicine/infections
"Anthelmintics,",Skin Care,,1,https://masterapi.witheldokan.com/storage/seif-pharmacies/uploads/34627.webp,seif_output\images\anthelmintics_1.webp,True,https://seif-online.com/en/product/medicine/infections/anthelmintics
"Anthelmintics,",Skin Care,,2,https://masterapi.witheldokan.com/storage/seif-pharmacies/uploads/34628.webp,seif_output\images\anthelmintics_2.webp,True,https://seif-online.com/en/product/medicine/infections/anthelmintics
"Anthelmintics,",Skin Care,,3,https://masterapi.witheldokan.com/storage/seif-pharmacies/uploads/93639.webp,seif_output\images\anthelmintics_3.webp,True,https://seif-online.com/en/product/medicine/infections/anthelmintics
"Anthelmintics,",Skin Care,,4,https://masterapi.witheldokan.com/storage/seif-pharmacies/uploads/184608.webp,seif_output\images\anthelmintics_4.webp,True,https://seif-online.com/en/product/medicine/infections/anthelmintics
"Anthelmintics,",Skin Care,,5,https://masterapi.witheldokan.com/storage/seif-pharmacies/uploads/64736.webp,seif_output\images\anthelmintics_5.webp,True,https://seif-online.com/en/product/medicine/infections/anthelmintics
"Anthelmintics,",Skin Care,,6,https://masterapi.witheldokan.com/storage/seif-pharmacies/uploads/321747.webp,seif_output\images\anthelmintics_6.webp,True,https://seif-online.com/en/product/medicine/infections/anthelmintics
"Anthelmintics,",Skin Care,,7,https://masterapi.witheldokan.com/storage/seif-pharmacies/uploads/144676.webp,seif_output\images\anthelmintics_7.webp,True,https://seif-online.com/en/product/medicine/infections/anthelmintics
"Anthelmintics,",Skin Care,,8,https://masterapi.witheldokan.com/storage/seif-pharmacies/uploads/65865.webp,seif_output\images\anthelmintics_8.webp,True,https://seif-online.com/en/product/medicine/infections/anthelmintics
"Anthelmintics,",Skin Care,,9,https://masterapi.witheldokan.com/storage/seif-pharmacies/uploads/403411.webp,seif_output\images\anthelmintics_9.webp,True,https://seif-online.com/en/product/medicine/infections/anthelmintics
"Anthelmintics,",Skin Care,,10,https://masterapi.witheldokan.com/storage/seif-pharmacies/uploads/7.webp,seif_output\images\anthelmintics_10.webp,True,https://seif-online.com/en/product/medicine/infections/anthelmintics
"Anthelmintics,",Skin Care,,11,https://masterapi.witheldokan.com/storage/seif-pharmacies/uploads/6.webp,seif_output\images\anthelmintics_11.webp,True,https://seif-online.com/en/product/medicine/infections/anthelmintics
"Anthelmintics,",Skin Care,,12,https://masterapi.witheldokan.com/storage/seif-pharmacies/uploads/82.webp,seif_output\images\anthelmintics_12.webp,True,https://seif-online.com/en/product/medicine/infections/anthelmintics
"Anthelmintics,",Skin Care,,13,https://masterapi.witheldokan.com/storage/seif-pharmacies/uploads/863.webp,seif_output\images\anthelmintics_13.webp,True,https://seif-online.com/en/product/medicine/infections/anthelmintics
"Anthelmintics,",Skin Care,,14,https://masterapi.witheldokan.com/storage/seif-pharmacies/uploads/13048.webp,seif_output\images\anthelmintics_14.webp,True,https://seif-online.com/en/product/medicine/infections/anthelmintics
"Anthelmintics,",Skin Care,,15,https://masterapi.witheldokan.com/storage/seif-pharmacies/uploads/31143.webp,seif_output\images\anthelmintics_15.webp,True,https://seif-online.com/en/product/medicine/infections/anthelmintics
"Anthelmintics,",Skin Care,,16,https://masterapi.witheldokan.com/storage/seif-pharmacies/uploads/268982.webp,seif_output\images\anthelmintics_16.webp,True,https://seif-online.com/en/product/medicine/infections/anthelmintics
"Anthelmintics,",Skin Care,,17,https://masterapi.witheldokan.com/storage/seif-pharmacies/uploads/272575.webp,seif_output\images\anthelmintics_17.webp,True,https://seif-online.com/en/product/medicine/infections/anthelmintics
"Anthelmintics,",Skin Care,,18,https://masterapi.witheldokan.com/storage/seif-pharmacies/uploads/307132.webp,seif_output\images\anthelmintics_18.webp,True,https://seif-online.com/en/product/medicine/infections/anthelmintics
Anti- Fungals,Skin Care,,1,https://masterapi.witheldokan.com/storage/seif-pharmacies/uploads/1332.webp,seif_output\images\anti_fungals_1.webp,True,https://seif-online.com/en/product/medicine/infections/anti-fungals
Anti- Fungals,Skin Care,,2,https://masterapi.witheldokan.com/storage/seif-pharmacies/uploads/90025.webp,seif_output\images\anti_fungals_2.webp,True,https://seif-online.com/en/product/medicine/infections/anti-fungals
Anti- Fungals,Skin Care,,3,https://masterapi.witheldokan.com/storage/seif-pharmacies/uploads/208094.webp,seif_output\images\anti_fungals_3.webp,True,https://seif-online.com/en/product/medicine/infections/anti-fungals
Anti- Fungals,Skin Care,,4,https://masterapi.witheldokan.com/storage/seif-pharmacies/uploads/3350.webp,seif_output\images\anti_fungals_4.webp,True,https://seif-online.com/en/product/medicine/infections/anti-fungals
Anti- Fungals,Skin Care,,5,https://masterapi.witheldokan.com/storage/seif-pharmacies/uploads/34677.webp,seif_output\images\anti_fungals_5.webp,True,https://seif-online.com/en/product/medicine/infections/anti-fungals
Anti- Fungals,Skin Care,,6,https://masterapi.witheldokan.com/storage/seif-pharmacies/uploads/51698.webp,seif_output\images\anti_fungals_6.webp,True,https://seif-online.com/en/product/medicine/infections/anti-fungals
Anti- Fungals,Skin Care,,7,https://masterapi.witheldokan.com/storage/seif-pharmacies/uploads/63222.webp,seif_output\images\anti_fungals_7.webp,True,https://seif-online.com/en/product/medicine/infections/anti-fungals
Anti- Fungals,Skin Care,,8,https://masterapi.witheldokan.com/storage/seif-pharmacies/uploads/46239.webp,seif_output\images\anti_fungals_8.webp,True,https://seif-online.com/en/product/medicine/infections/anti-fungals
Anti- Fungals,Skin Care,,9,https://masterapi.witheldokan.com/storage/seif-pharmacies/uploads/2502.webp,seif_output\images\anti_fungals_9.webp,True,https://seif-online.com/en/product/medicine/infections/anti-fungals
Anti- Fungals,Skin Care,,10,https://masterapi.witheldokan.com/storage/seif-pharmacies/uploads/68204.webp,seif_output\images\anti_fungals_10.webp,True,https://seif-online.com/en/product/medicine/infections/anti-fungals
Anti- Fungals,Skin Care,,11,https://masterapi.witheldokan.com/storage/seif-pharmacies/uploads/207933.webp,seif_output\images\anti_fungals_11.webp,True,https://seif-online.com/en/product/medicine/infections/anti-fungals
Anti- Fungals,Skin Care,,12,https://masterapi.witheldokan.com/storage/seif-pharmacies/uploads/377690.webp,seif_output\images\anti_fungals_12.webp,True,https://seif-online.com/en/product/medicine/infections/anti-fungals
Anti- Fungals,Skin Care,,13,https://masterapi.witheldokan.com/storage/seif-pharmacies/uploads/2636.webp,seif_output\images\anti_fungals_13.webp,True,https://seif-online.com/en/product/medicine/infections/anti-fungals
Anti- Fungals,Skin Care,,14,https://masterapi.witheldokan.com/storage/seif-pharmacies/uploads/37872.webp,seif_output\images\anti_fungals_14.webp,True,https://seif-online.com/en/product/medicine/infections/anti-fungals
Anti- Fungals,Skin Care,,15,https://masterapi.witheldokan.com/storage/seif-pharmacies/uploads/601830.webp,seif_output\images\anti_fungals_15.webp,True,https://seif-online.com/en/product/medicine/infections/anti-fungals
Anti- Fungals,Skin Care,,16,https://masterapi.witheldokan.com/storage/seif-pharmacies/uploads/1478.webp,seif_output\images\anti_fungals_16.webp,True,https://seif-online.com/en/product/medicine/infections/anti-fungals
Anti- Fungals,Skin Care,,17,https://masterapi.witheldokan.com/storage/seif-pharmacies/uploads/382995.webp,seif_output\images\anti_fungals_17.webp,True,https://seif-online.com/en/product/medicine/infections/anti-fungals
Anti- Fungals,Skin Care,,18,https://masterapi.witheldokan.com/storage/seif-pharmacies/uploads/234132.webp,seif_output\images\anti_fungals_18.webp,True,https://seif-online.com/en/product/medicine/infections/anti-fungals
Anti- Fungals,Skin Care,,19,https://masterapi.witheldokan.com/storage/seif-pharmacies/uploads/1340.webp,seif_output\images\anti_fungals_19.webp,True,https://seif-online.com/en/product/medicine/infections/anti-fungals
Anti- Fungals,Skin Care,,20,https://masterapi.witheldokan.com/storage/seif-pharmacies/uploads/383866.webp,seif_output\images\anti_fungals_20.webp,True,https://seif-online.com/en/product/medicine/infections/anti-fungals
Anti- Fungals,Skin Care,,21,https://masterapi.witheldokan.com/storage/seif-pharmacies/uploads/90026.webp,seif_output\images\anti_fungals_21.webp,True,https://seif-online.com/en/product/medicine/infections/anti-fungals
Anti- Fungals,Skin Care,,22,https://masterapi.witheldokan.com/storage/seif-pharmacies/uploads/1299.webp,seif_output\images\anti_fungals_22.webp,True,https://seif-online.com/en/product/medicine/infections/anti-fungals
Anti- Fungals,Skin Care,,23,https://masterapi.witheldokan.com/storage/seif-pharmacies/uploads/357917.webp,seif_output\images\anti_fungals_23.webp,True,https://seif-online.com/en/product/medicine/infections/anti-fungals
Immunomodulator.,Skin Care,,1,https://masterapi.witheldokan.com/storage/seif-pharmacies/uploads/1054.webp,seif_output\images\immunomodulator_1.webp,True,https://seif-online.com/en/product/medicine/infections/immunomodulator-infections
Immunomodulator.,Skin Care,,2,https://masterapi.witheldokan.com/storage/seif-pharmacies/uploads/1034.webp,seif_output\images\immunomodulator_2.webp,True,https://seif-online.com/en/product/medicine/infections/immunomodulator-infections
Immunomodulator.,Skin Care,,3,https://masterapi.witheldokan.com/storage/seif-pharmacies/uploads/154647.webp,seif_output\images\immunomodulator_3.webp,True,https://seif-online.com/en/product/medicine/infections/immunomodulator-infections
Immunomodulator.,Skin Care,,4,https://masterapi.witheldokan.com/storage/seif-pharmacies/uploads/52940.webp,seif_output\images\immunomodulator_4.webp,True,https://seif-online.com/en/product/medicine/infections/immunomodulator-infections
Immunomodulator.,Skin Care,,5,https://masterapi.witheldokan.com/storage/seif-pharmacies/uploads/62709.webp,seif_output\images\immunomodulator_5.webp,True,https://seif-online.com/en/product/medicine/infections/immunomodulator-infections
Anti- Biotics,Skin Care,,1,https://masterapi.witheldokan.com/storage/seif-pharmacies/uploads/40413.webp,seif_output\images\anti_biotics_1.webp,True,https://seif-online.com/en/product/medicine/infections/anti-biotics
Anti- Biotics,Skin Care,,2,https://masterapi.witheldokan.com/storage/seif-pharmacies/uploads/404028.webp,seif_output\images\anti_biotics_2.webp,True,https://seif-online.com/en/product/medicine/infections/anti-biotics
Anti- Biotics,Skin Care,,3,https://masterapi.witheldokan.com/storage/seif-pharmacies/uploads/33953.webp,seif_output\images\anti_biotics_3.webp,True,https://seif-online.com/en/product/medicine/infections/anti-biotics
Anti- Biotics,Skin Care,,4,https://masterapi.witheldokan.com/storage/seif-pharmacies/uploads/211115.webp,seif_output\images\anti_biotics_4.webp,True,https://seif-online.com/en/product/medicine/infections/anti-biotics
Anti- Biotics,Skin Care,,5,https://masterapi.witheldokan.com/storage/seif-pharmacies/uploads/54235.webp,seif_output\images\anti_biotics_5.webp,True,https://seif-online.com/en/product/medicine/infections/anti-biotics
Anti- Biotics,Skin Care,,6,https://masterapi.witheldokan.com/storage/seif-pharmacies/uploads/62453.webp,seif_output\images\anti_biotics_6.webp,True,https://seif-online.com/en/product/medicine/infections/anti-biotics
Anti- Biotics,Skin Care,,7,https://masterapi.witheldokan.com/storage/seif-pharmacies/uploads/75843.webp,seif_output\images\anti_biotics_7.webp,True,https://seif-online.com/en/product/medicine/infections/anti-biotics
Anti- Biotics,Skin Care,,8,https://masterapi.witheldokan.com/storage/seif-pharmacies/uploads/1313.webp,seif_output\images\anti_biotics_8.webp,True,https://seif-online.com/en/product/medicine/infections/anti-biotics
Anti- Biotics,Skin Care,,9,https://masterapi.witheldokan.com/storage/seif-pharmacies/uploads/55222.webp,seif_output\images\anti_biotics_9.webp,True,https://seif-online.com/en/product/medicine/infections/anti-biotics
Anti- Biotics,Skin Care,,10,https://masterapi.witheldokan.com/storage/seif-pharmacies/uploads/2242.webp,seif_output\images\anti_biotics_10.webp,True,https://seif-online.com/en/product/medicine/infections/anti-biotics
Anti- Biotics,Skin Care,,11,https://masterapi.witheldokan.com/storage/seif-pharmacies/uploads/74737.webp,seif_output\images\anti_biotics_11.webp,True,https://seif-online.com/en/product/medicine/infections/anti-biotics
Anti- Biotics,Skin Care,,12,https://masterapi.witheldokan.com/storage/seif-pharmacies/uploads/37772.webp,seif_output\images\anti_biotics_12.webp,True,https://seif-online.com/en/product/medicine/infections/anti-biotics
Anti- Biotics,Skin Care,,13,https://masterapi.witheldokan.com/storage/seif-pharmacies/uploads/52515.webp,seif_output\images\anti_biotics_13.webp,True,https://seif-online.com/en/product/medicine/infections/anti-biotics
Anti- Biotics,Skin Care,,14,https://masterapi.witheldokan.com/storage/seif-pharmacies/uploads/169520.webp,seif_output\images\anti_biotics_14.webp,True,https://seif-online.com/en/product/medicine/infections/anti-biotics
Anti- Biotics,Skin Care,,15,https://masterapi.witheldokan.com/storage/seif-pharmacies/uploads/103982.webp,seif_output\images\anti_biotics_15.webp,True,https://seif-online.com/en/product/medicine/infections/anti-biotics
Anti- Biotics,Skin Care,,16,https://masterapi.witheldokan.com/storage/seif-pharmacies/uploads/262755.webp,seif_output\images\anti_biotics_16.webp,True,https://seif-online.com/en/product/medicine/infections/anti-biotics
Anti- Biotics,Skin Care,,17,https://masterapi.witheldokan.com/storage/seif-pharmacies/uploads/2062.webp,seif_output\images\anti_biotics_17.webp,True,https://seif-online.com/en/product/medicine/infections/anti-biotics
Anti- Biotics,Skin Care,,18,https://masterapi.witheldokan.com/storage/seif-pharmacies/uploads/2864.webp,seif_output\images\anti_biotics_18.webp,True,https://seif-online.com/en/product/medicine/infections/anti-biotics
Anti- Biotics,Skin Care,,19,https://masterapi.witheldokan.com/storage/seif-pharmacies/uploads/610345.webp,seif_output\images\anti_biotics_19.webp,True,https://seif-online.com/en/product/medicine/infections/anti-biotics
Anti- Biotics,Skin Care,,20,https://masterapi.witheldokan.com/storage/seif-pharmacies/uploads/27561.webp,seif_output\images\anti_biotics_20.webp,True,https://seif-online.com/en/product/medicine/infections/anti-biotics
Anti- Biotics,Skin Care,,21,https://masterapi.witheldokan.com/storage/seif-pharmacies/uploads/317259.webp,seif_output\images\anti_biotics_21.webp,True,https://seif-online.com/en/product/medicine/infections/anti-biotics
Anti- Biotics,Skin Care,,22,https://masterapi.witheldokan.com/storage/seif-pharmacies/uploads/65890.webp,seif_output\images\anti_biotics_22.webp,True,https://seif-online.com/en/product/medicine/infections/anti-biotics
Anti- Biotics,Skin Care,,23,https://masterapi.witheldokan.com/storage/seif-pharmacies/uploads/212685.webp,seif_output\images\anti_biotics_23.webp,True,https://seif-online.com/en/product/medicine/infections/anti-biotics
Anti- Biotics,Skin Care,,24,https://masterapi.witheldokan.com/storage/seif-pharmacies/uploads/52938.webp,seif_output\images\anti_biotics_24.webp,True,https://seif-online.com/en/product/medicine/infections/anti-biotics
Anti- Virals,Skin Care,,1,https://masterapi.witheldokan.com/storage/seif-pharmacies/uploads/55483.webp,seif_output\images\anti_virals_1.webp,True,https://seif-online.com/en/product/medicine/infections/anti-virals
Anti- Virals,Skin Care,,2,https://masterapi.witheldokan.com/storage/seif-pharmacies/uploads/50107.webp,seif_output\images\anti_virals_2.webp,True,https://seif-online.com/en/product/medicine/infections/anti-virals
Anti- Virals,Skin Care,,3,https://masterapi.witheldokan.com/storage/seif-pharmacies/uploads/122129.webp,seif_output\images\anti_virals_3.webp,True,https://seif-online.com/en/product/medicine/infections/anti-virals
Anti- Virals,Skin Care,,4,https://masterapi.witheldokan.com/storage/seif-pharmacies/uploads/50106.webp,seif_output\images\anti_virals_4.webp,True,https://seif-online.com/en/product/medicine/infections/anti-virals
Anti- Virals,Skin Care,,5,https://masterapi.witheldokan.com/storage/seif-pharmacies/uploads/247406.webp,seif_output\images\anti_virals_5.webp,True,https://seif-online.com/en/product/medicine/infections/anti-virals
Anti- Virals,Skin Care,,6,https://masterapi.witheldokan.com/storage/seif-pharmacies/uploads/53970.webp,seif_output\images\anti_virals_6.webp,True,https://seif-online.com/en/product/medicine/infections/anti-virals
Anti- Virals,Skin Care,,7,https://cdn.supercommerce.io/seif-pharmacies/uploads/615778-1768577874.webp,seif_output\images\anti_virals_7.webp,True,https://seif-online.com/en/product/medicine/infections/anti-virals
Anti- Virals,Skin Care,,8,https://cdn.supercommerce.io/seif-pharmacies/uploads/615777-1768577585.webp,seif_output\images\anti_virals_8.webp,True,https://seif-online.com/en/product/medicine/infections/anti-virals
Anti- Virals,Skin Care,,9,https://masterapi.witheldokan.com/storage/seif-pharmacies/uploads/277964.webp,seif_output\images\anti_virals_9.webp,True,https://seif-online.com/en/product/medicine/infections/anti-virals
Anti- Virals,Skin Care,,10,https://masterapi.witheldokan.com/storage/seif-pharmacies/uploads/233084.webp,seif_output\images\anti_virals_10.webp,True,https://seif-online.com/en/product/medicine/infections/anti-virals
Anti- Virals,Skin Care,,11,https://masterapi.witheldokan.com/storage/seif-pharmacies/uploads/51287.webp,seif_output\images\anti_virals_11.webp,True,https://seif-online.com/en/product/medicine/infections/anti-virals
Anti- Virals,Skin Care,,12,https://masterapi.witheldokan.com/storage/seif-pharmacies/uploads/1758.webp,seif_output\images\anti_virals_12.webp,True,https://seif-online.com/en/product/medicine/infections/anti-virals
Anti- Virals,Skin Care,,13,https://masterapi.witheldokan.com/storage/seif-pharmacies/uploads/18561.webp,seif_output\images\anti_virals_13.webp,True,https://seif-online.com/en/product/medicine/infections/anti-virals
Anti- Virals,Skin Care,,14,https://masterapi.witheldokan.com/storage/seif-pharmacies/uploads/51254.webp,seif_output\images\anti_virals_14.webp,True,https://seif-online.com/en/product/medicine/infections/anti-virals
Anti- Virals,Skin Care,,15,https://masterapi.witheldokan.com/storage/seif-pharmacies/uploads/52280.webp,seif_output\images\anti_virals_15.webp,True,https://seif-online.com/en/product/medicine/infections/anti-virals
Anti- Virals,Skin Care,,16,https://masterapi.witheldokan.com/storage/seif-pharmacies/uploads/93162.webp,seif_output\images\anti_virals_16.webp,True,https://seif-online.com/en/product/medicine/infections/anti-virals
Anti- Virals,Skin Care,,17,https://masterapi.witheldokan.com/storage/seif-pharmacies/uploads/164770.webp,seif_output\images\anti_virals_17.webp,True,https://seif-online.com/en/product/medicine/infections/anti-virals
Anti- Virals,Skin Care,,18,https://masterapi.witheldokan.com/storage/seif-pharmacies/uploads/261461.webp,seif_output\images\anti_virals_18.webp,True,https://seif-online.com/en/product/medicine/infections/anti-virals
Anti- Virals,Skin Care,,19,https://masterapi.witheldokan.com/storage/seif-pharmacies/uploads/275790.webp,seif_output\images\anti_virals_19.webp,True,https://seif-online.com/en/product/medicine/infections/anti-virals
Anti- Virals,Skin Care,,20,https://masterapi.witheldokan.com/storage/seif-pharmacies/uploads/299305.webp,seif_output\images\anti_virals_20.webp,True,https://seif-online.com/en/product/medicine/infections/anti-virals
Anti- Virals,Skin Care,,21,https://masterapi.witheldokan.com/storage/seif-pharmacies/uploads/305139.webp,seif_output\images\anti_virals_21.webp,True,https://seif-online.com/en/product/medicine/infections/anti-virals
Anti- Acne,Skin Care,,1,https://masterapi.witheldokan.com/storage/seif-pharmacies/uploads/610346.webp,seif_output\images\anti_acne_1.webp,True,https://seif-online.com/en/product/medicine/infections/anti-acne-infections-20
Anti- Acne,Skin Care,,2,https://masterapi.witheldokan.com/storage/seif-pharmacies/uploads/610158-1760272800.webp,seif_output\images\anti_acne_2.webp,True,https://seif-online.com/en/product/medicine/infections/anti-acne-infections-20
Anti- Acne,Skin Care,,3,https://masterapi.witheldokan.com/storage/seif-pharmacies/uploads/156573.webp,seif_output\images\anti_acne_3.webp,True,https://seif-online.com/en/product/medicine/infections/anti-acne-infections-20
Anti- Acne,Skin Care,,4,https://masterapi.witheldokan.com/storage/seif-pharmacies/uploads/10314.webp,seif_output\images\anti_acne_4.webp,True,https://seif-online.com/en/product/medicine/infections/anti-acne-infections-20
Anti- Acne,Skin Care,,5,https://masterapi.witheldokan.com/storage/seif-pharmacies/uploads/98615.webp,seif_output\images\anti_acne_5.webp,True,https://seif-online.com/en/product/medicine/infections/anti-acne-infections-20
Anti- Acne,Skin Care,,6,https://masterapi.witheldokan.com/storage/seif-pharmacies/uploads/614956.webp,seif_output\images\anti_acne_6.webp,True,https://seif-online.com/en/product/medicine/infections/anti-acne-infections-20
Anti- Acne,Skin Care,,7,https://masterapi.witheldokan.com/storage/seif-pharmacies/uploads/614366-1760270941.webp,seif_output\images\anti_acne_7.webp,True,https://seif-online.com/en/product/medicine/infections/anti-acne-infections-20
Anti- Acne,Skin Care,,8,https://masterapi.witheldokan.com/storage/seif-pharmacies/uploads/75781.webp,seif_output\images\anti_acne_8.webp,True,https://seif-online.com/en/product/medicine/infections/anti-acne-infections-20
Anti- Acne,Skin Care,,9,https://masterapi.witheldokan.com/storage/seif-pharmacies/uploads/76996.webp,seif_output\images\anti_acne_9.webp,True,https://seif-online.com/en/product/medicine/infections/anti-acne-infections-20
Anti- Acne,Skin Care,,10,https://masterapi.witheldokan.com/storage/seif-pharmacies/uploads/98616.webp,seif_output\images\anti_acne_10.webp,True,https://seif-online.com/en/product/medicine/infections/anti-acne-infections-20
Anti- Acne,Skin Care,,11,https://masterapi.witheldokan.com/storage/seif-pharmacies/uploads/602549.webp,seif_output\images\anti_acne_11.webp,True,https://seif-online.com/en/product/medicine/infections/anti-acne-infections-20
Anti- Acne,Skin Care,,12,https://masterapi.witheldokan.com/storage/seif-pharmacies/uploads/614994.webp,seif_output\images\anti_acne_12.webp,True,https://seif-online.com/en/product/medicine/infections/anti-acne-infections-20
Vaccines,Skin Care,,1,https://masterapi.witheldokan.com/storage/seif-pharmacies/uploads/41102-1758966677.webp,seif_output\images\vaccines_1.webp,True,https://seif-online.com/en/product/medicine/infections/vaccines
Vaccines,Skin Care,,2,https://masterapi.witheldokan.com/storage/seif-pharmacies/uploads/611412.webp,seif_output\images\vaccines_2.webp,True,https://seif-online.com/en/product/medicine/infections/vaccines
Vaccines,Skin Care,,3,https://masterapi.witheldokan.com/storage/seif-pharmacies/uploads/35309.webp,seif_output\images\vaccines_3.webp,True,https://seif-online.com/en/product/medicine/infections/vaccines
Vaccines,Skin Care,,4,https://masterapi.witheldokan.com/storage/seif-pharmacies/uploads/106234.webp,seif_output\images\vaccines_4.webp,True,https://seif-online.com/en/product/medicine/infections/vaccines
Weight Control & Fitness,Skin Care,,1,https://masterapi.witheldokan.com/storage/seif-pharmacies/uploads/612526.webp,seif_output\images\weight_control_fitness_1.webp,True,https://seif-online.com/en/product/medicine/weight-control-fitness
Weight Control & Fitness,Skin Care,,2,https://masterapi.witheldokan.com/storage/seif-pharmacies/uploads/614279.webp,seif_output\images\weight_control_fitness_2.webp,True,https://seif-online.com/en/product/medicine/weight-control-fitness
Weight Control & Fitness,Skin Care,,3,https://masterapi.witheldokan.com/storage/seif-pharmacies/uploads/81709.webp,seif_output\images\weight_control_fitness_3.webp,True,https://seif-online.com/en/product/medicine/weight-control-fitness
Weight Control & Fitness,Skin Care,,4,https://masterapi.witheldokan.com/storage/seif-pharmacies/uploads/36966.webp,seif_output\images\weight_control_fitness_4.webp,True,https://seif-online.com/en/product/medicine/weight-control-fitness
Weight Control & Fitness,Skin Care,,5,https://masterapi.witheldokan.com/storage/seif-pharmacies/uploads/198668.webp,seif_output\images\weight_control_fitness_5.webp,True,https://seif-online.com/en/product/medicine/weight-control-fitness
Weight Control & Fitness,Skin Care,,6,https://masterapi.witheldokan.com/storage/seif-pharmacies/uploads/202596.webp,seif_output\images\weight_control_fitness_6.webp,True,https://seif-online.com/en/product/medicine/weight-control-fitness
Weight Control & Fitness,Skin Care,,7,https://masterapi.witheldokan.com/storage/seif-pharmacies/uploads/610841.webp,seif_output\images\weight_control_fitness_7.webp,True,https://seif-online.com/en/product/medicine/weight-control-fitness
Weight Control & Fitness,Skin Care,,8,https://masterapi.witheldokan.com/storage/seif-pharmacies/uploads/388298.webp,seif_output\images\weight_control_fitness_8.webp,True,https://seif-online.com/en/product/medicine/weight-control-fitness
Weight Control & Fitness,Skin Care,,9,https://masterapi.witheldokan.com/storage/seif-pharmacies/uploads/602081.webp,seif_output\images\weight_control_fitness_9.webp,True,https://seif-online.com/en/product/medicine/weight-control-fitness
Weight Control & Fitness,Skin Care,,10,https://masterapi.witheldokan.com/storage/seif-pharmacies/uploads/233083.webp,seif_output\images\weight_control_fitness_10.webp,True,https://seif-online.com/en/product/medicine/weight-control-fitness
Weight Control & Fitness,Skin Care,,11,https://cdn.supercommerce.io/seif-pharmacies/uploads/395936.webp,seif_output\images\weight_control_fitness_11.webp,True,https://seif-online.com/en/product/medicine/weight-control-fitness
Weight Control & Fitness,Skin Care,,12,https://masterapi.witheldokan.com/storage/seif-pharmacies/uploads/611417.webp,seif_output\images\weight_control_fitness_12.webp,True,https://seif-online.com/en/product/medicine/weight-control-fitness
Weight Control & Fitness,Skin Care,,13,https://masterapi.witheldokan.com/storage/seif-pharmacies/uploads/601122.webp,seif_output\images\weight_control_fitness_13.webp,True,https://seif-online.com/en/product/medicine/weight-control-fitness
Weight Control & Fitness,Skin Care,,14,https://masterapi.witheldokan.com/storage/seif-pharmacies/uploads/3953.webp,seif_output\images\weight_control_fitness_14.webp,True,https://seif-online.com/en/product/medicine/weight-control-fitness
Weight Control & Fitness,Skin Care,,15,https://masterapi.witheldokan.com/storage/seif-pharmacies/uploads/366114.webp,seif_output\images\weight_control_fitness_15.webp,True,https://seif-online.com/en/product/medicine/weight-control-fitness
Weight Control & Fitness,Skin Care,,16,https://masterapi.witheldokan.com/storage/seif-pharmacies/uploads/608104-1760361966.webp,seif_output\images\weight_control_fitness_16.webp,True,https://seif-online.com/en/product/medicine/weight-control-fitness
Weight Control & Fitness,Skin Care,,17,https://masterapi.witheldokan.com/storage/seif-pharmacies/uploads/55565.webp,seif_output\images\weight_control_fitness_17.webp,True,https://seif-online.com/en/product/medicine/weight-control-fitness
Weight Control & Fitness,Skin Care,,18,https://masterapi.witheldokan.com/storage/seif-pharmacies/uploads/610842.webp,seif_output\images\weight_control_fitness_18.webp,True,https://seif-online.com/en/product/medicine/weight-control-fitness
Weight Control & Fitness,Skin Care,,19,https://masterapi.witheldokan.com/storage/seif-pharmacies/uploads/613265.webp,seif_output\images\weight_control_fitness_19.webp,True,https://seif-online.com/en/product/medicine/weight-control-fitness
Weight Control & Fitness,Skin Care,,20,https://masterapi.witheldokan.com/storage/seif-pharmacies/uploads/377691.webp,seif_output\images\weight_control_fitness_20.webp,True,https://seif-online.com/en/product/medicine/weight-control-fitness
Weight Control & Fitness,Skin Care,,21,https://masterapi.witheldokan.com/storage/seif-pharmacies/uploads/608904.webp,seif_output\images\weight_control_fitness_21.webp,True,https://seif-online.com/en/product/medicine/weight-control-fitness
Weight Control & Fitness,Skin Care,,22,https://masterapi.witheldokan.com/storage/seif-pharmacies/uploads/388296.webp,seif_output\images\weight_control_fitness_22.webp,True,https://seif-online.com/en/product/medicine/weight-control-fitness
Appetite Control & Fat Burn,Skin Care,,1,https://masterapi.witheldokan.com/storage/seif-pharmacies/uploads/612526.webp,seif_output\images\appetite_control_fat_burn_1.webp,True,https://seif-online.com/en/product/medicine/weight-control-fitness/appetite-control-fat-burn
Appetite Control & Fat Burn,Skin Care,,2,https://masterapi.witheldokan.com/storage/seif-pharmacies/uploads/198668.webp,seif_output\images\appetite_control_fat_burn_2.webp,True,https://seif-online.com/en/product/medicine/weight-control-fitness/appetite-control-fat-burn
Appetite Control & Fat Burn,Skin Care,,3,https://masterapi.witheldokan.com/storage/seif-pharmacies/uploads/602081.webp,seif_output\images\appetite_control_fat_burn_3.webp,True,https://seif-online.com/en/product/medicine/weight-control-fitness/appetite-control-fat-burn
Appetite Control & Fat Burn,Skin Care,,4,https://masterapi.witheldokan.com/storage/seif-pharmacies/uploads/233083.webp,seif_output\images\appetite_control_fat_burn_4.webp,True,https://seif-online.com/en/product/medicine/weight-control-fitness/appetite-control-fat-burn
Appetite Control & Fat Burn,Skin Care,,5,https://cdn.supercommerce.io/seif-pharmacies/uploads/395936.webp,seif_output\images\appetite_control_fat_burn_5.webp,True,https://seif-online.com/en/product/medicine/weight-control-fitness/appetite-control-fat-burn
Appetite Control & Fat Burn,Skin Care,,6,https://masterapi.witheldokan.com/storage/seif-pharmacies/uploads/601122.webp,seif_output\images\appetite_control_fat_burn_6.webp,True,https://seif-online.com/en/product/medicine/weight-control-fitness/appetite-control-fat-burn
Appetite Control & Fat Burn,Skin Care,,7,https://masterapi.witheldokan.com/storage/seif-pharmacies/uploads/3953.webp,seif_output\images\appetite_control_fat_burn_7.webp,True,https://seif-online.com/en/product/medicine/weight-control-fitness/appetite-control-fat-burn
Appetite Control & Fat Burn,Skin Care,,8,https://masterapi.witheldokan.com/storage/seif-pharmacies/uploads/613265.webp,seif_output\images\appetite_control_fat_burn_8.webp,True,https://seif-online.com/en/product/medicine/weight-control-fitness/appetite-control-fat-burn
Appetite Control & Fat Burn,Skin Care,,9,https://masterapi.witheldokan.com/storage/seif-pharmacies/uploads/377691.webp,seif_output\images\appetite_control_fat_burn_9.webp,True,https://seif-online.com/en/product/medicine/weight-control-fitness/appetite-control-fat-burn
Appetite Control & Fat Burn,Skin Care,,10,https://masterapi.witheldokan.com/storage/seif-pharmacies/uploads/608904.webp,seif_output\images\appetite_control_fat_burn_10.webp,True,https://seif-online.com/en/product/medicine/weight-control-fitness/appetite-control-fat-burn
Appetite Control & Fat Burn,Skin Care,,11,https://masterapi.witheldokan.com/storage/seif-pharmacies/uploads/608907.webp,seif_output\images\appetite_control_fat_burn_11.webp,True,https://seif-online.com/en/product/medicine/weight-control-fitness/appetite-control-fat-burn
Appetite Control & Fat Burn,Skin Care,,12,https://masterapi.witheldokan.com/storage/seif-pharmacies/uploads/608905.webp,seif_output\images\appetite_control_fat_burn_12.webp,True,https://seif-online.com/en/product/medicine/weight-control-fitness/appetite-control-fat-burn
Appetite Control & Fat Burn,Skin Care,,13,https://masterapi.witheldokan.com/storage/seif-pharmacies/uploads/161800.webp,seif_output\images\appetite_control_fat_burn_13.webp,True,https://seif-online.com/en/product/medicine/weight-control-fitness/appetite-control-fat-burn
Appetite Control & Fat Burn,Skin Care,,14,https://masterapi.witheldokan.com/storage/seif-pharmacies/uploads/608903.webp,seif_output\images\appetite_control_fat_burn_14.webp,True,https://seif-online.com/en/product/medicine/weight-control-fitness/appetite-control-fat-burn
Appetite Control & Fat Burn,Skin Care,,15,https://masterapi.witheldokan.com/storage/seif-pharmacies/uploads/158427.webp,seif_output\images\appetite_control_fat_burn_15.webp,True,https://seif-online.com/en/product/medicine/weight-control-fitness/appetite-control-fat-burn
Appetite Control & Fat Burn,Skin Care,,16,https://masterapi.witheldokan.com/storage/seif-pharmacies/uploads/78943.webp,seif_output\images\appetite_control_fat_burn_16.webp,True,https://seif-online.com/en/product/medicine/weight-control-fitness/appetite-control-fat-burn
Appetite Control & Fat Burn,Skin Care,,17,https://masterapi.witheldokan.com/storage/seif-pharmacies/uploads/347063.webp,seif_output\images\appetite_control_fat_burn_17.webp,True,https://seif-online.com/en/product/medicine/weight-control-fitness/appetite-control-fat-burn
Appetite Control & Fat Burn,Skin Care,,18,https://masterapi.witheldokan.com/storage/seif-pharmacies/uploads/613558.webp,seif_output\images\appetite_control_fat_burn_18.webp,True,https://seif-online.com/en/product/medicine/weight-control-fitness/appetite-control-fat-burn
Anabolic,Skin Care,,1,https://masterapi.witheldokan.com/storage/seif-pharmacies/uploads/614279.webp,seif_output\images\anabolic_1.webp,True,https://seif-online.com/en/product/medicine/weight-control-fitness/anabolic
Anabolic,Skin Care,,2,https://masterapi.witheldokan.com/storage/seif-pharmacies/uploads/81709.webp,seif_output\images\anabolic_2.webp,True,https://seif-online.com/en/product/medicine/weight-control-fitness/anabolic
Anabolic,Skin Care,,3,https://masterapi.witheldokan.com/storage/seif-pharmacies/uploads/36966.webp,seif_output\images\anabolic_3.webp,True,https://seif-online.com/en/product/medicine/weight-control-fitness/anabolic
Anabolic,Skin Care,,4,https://masterapi.witheldokan.com/storage/seif-pharmacies/uploads/202596.webp,seif_output\images\anabolic_4.webp,True,https://seif-online.com/en/product/medicine/weight-control-fitness/anabolic
Anabolic,Skin Care,,5,https://masterapi.witheldokan.com/storage/seif-pharmacies/uploads/610841.webp,seif_output\images\anabolic_5.webp,True,https://seif-online.com/en/product/medicine/weight-control-fitness/anabolic
Anabolic,Skin Care,,6,https://masterapi.witheldokan.com/storage/seif-pharmacies/uploads/388298.webp,seif_output\images\anabolic_6.webp,True,https://seif-online.com/en/product/medicine/weight-control-fitness/anabolic
Anabolic,Skin Care,,7,https://masterapi.witheldokan.com/storage/seif-pharmacies/uploads/611417.webp,seif_output\images\anabolic_7.webp,True,https://seif-online.com/en/product/medicine/weight-control-fitness/anabolic
Anabolic,Skin Care,,8,https://masterapi.witheldokan.com/storage/seif-pharmacies/uploads/366114.webp,seif_output\images\anabolic_8.webp,True,https://seif-online.com/en/product/medicine/weight-control-fitness/anabolic
Anabolic,Skin Care,,9,https://masterapi.witheldokan.com/storage/seif-pharmacies/uploads/608104-1760361966.webp,seif_output\images\anabolic_9.webp,True,https://seif-online.com/en/product/medicine/weight-control-fitness/anabolic
Anabolic,Skin Care,,10,https://masterapi.witheldokan.com/storage/seif-pharmacies/uploads/55565.webp,seif_output\images\anabolic_10.webp,True,https://seif-online.com/en/product/medicine/weight-control-fitness/anabolic
Anabolic,Skin Care,,11,https://masterapi.witheldokan.com/storage/seif-pharmacies/uploads/610842.webp,seif_output\images\anabolic_11.webp,True,https://seif-online.com/en/product/medicine/weight-control-fitness/anabolic
Anabolic,Skin Care,,12,https://masterapi.witheldokan.com/storage/seif-pharmacies/uploads/388296.webp,seif_output\images\anabolic_12.webp,True,https://seif-online.com/en/product/medicine/weight-control-fitness/anabolic
Anabolic,Skin Care,,13,https://masterapi.witheldokan.com/storage/seif-pharmacies/uploads/388295.webp,seif_output\images\anabolic_13.webp,True,https://seif-online.com/en/product/medicine/weight-control-fitness/anabolic
Anabolic,Skin Care,,14,https://masterapi.witheldokan.com/storage/seif-pharmacies/uploads/610802.webp,seif_output\images\anabolic_14.webp,True,https://seif-online.com/en/product/medicine/weight-control-fitness/anabolic
Anabolic,Skin Care,,15,https://masterapi.witheldokan.com/storage/seif-pharmacies/uploads/610840.webp,seif_output\images\anabolic_15.webp,True,https://seif-online.com/en/product/medicine/weight-control-fitness/anabolic
Anabolic,Skin Care,,16,https://masterapi.witheldokan.com/storage/seif-pharmacies/uploads/388297.webp,seif_output\images\anabolic_16.webp,True,https://seif-online.com/en/product/medicine/weight-control-fitness/anabolic
Anabolic,Skin Care,,17,https://masterapi.witheldokan.com/storage/seif-pharmacies/uploads/609148.webp,seif_output\images\anabolic_17.webp,True,https://seif-online.com/en/product/medicine/weight-control-fitness/anabolic
Anabolic,Skin Care,,18,https://masterapi.witheldokan.com/storage/seif-pharmacies/uploads/3750.webp,seif_output\images\anabolic_18.webp,True,https://seif-online.com/en/product/medicine/weight-control-fitness/anabolic
Anabolic,Skin Care,,19,https://masterapi.witheldokan.com/storage/seif-pharmacies/uploads/48809.webp,seif_output\images\anabolic_19.webp,True,https://seif-online.com/en/product/medicine/weight-control-fitness/anabolic
Anabolic,Skin Care,,20,https://masterapi.witheldokan.com/storage/seif-pharmacies/uploads/610751.webp,seif_output\images\anabolic_20.webp,True,https://seif-online.com/en/product/medicine/weight-control-fitness/anabolic
Anabolic,Skin Care,,21,https://masterapi.witheldokan.com/storage/seif-pharmacies/uploads/298124.webp,seif_output\images\anabolic_21.webp,True,https://seif-online.com/en/product/medicine/weight-control-fitness/anabolic
Anabolic,Skin Care,,22,https://masterapi.witheldokan.com/storage/seif-pharmacies/uploads/48808.webp,seif_output\images\anabolic_22.webp,True,https://seif-online.com/en/product/medicine/weight-control-fitness/anabolic
Anabolic,Skin Care,,23,https://masterapi.witheldokan.com/storage/seif-pharmacies/uploads/56250.webp,seif_output\images\anabolic_23.webp,True,https://seif-online.com/en/product/medicine/weight-control-fitness/anabolic
Anabolic,Skin Care,,24,https://masterapi.witheldokan.com/storage/seif-pharmacies/uploads/610839.webp,seif_output\images\anabolic_24.webp,True,https://seif-online.com/en/product/medicine/weight-control-fitness/anabolic
Sugar Substitutes,Skin Care,,1,https://masterapi.witheldokan.com/storage/seif-pharmacies/uploads/324023.webp,seif_output\images\sugar_substitutes_1.webp,True,https://seif-online.com/en/product/medicine/weight-control-fitness/sugar-substitutes
Sugar Substitutes,Skin Care,,2,https://masterapi.witheldokan.com/storage/seif-pharmacies/uploads/607479.webp,seif_output\images\sugar_substitutes_2.webp,True,https://seif-online.com/en/product/medicine/weight-control-fitness/sugar-substitutes
Sugar Substitutes,Skin Care,,3,https://masterapi.witheldokan.com/storage/seif-pharmacies/uploads/335300.webp,seif_output\images\sugar_substitutes_3.webp,True,https://seif-online.com/en/product/medicine/weight-control-fitness/sugar-substitutes
Sugar Substitutes,Skin Care,,4,https://masterapi.witheldokan.com/storage/seif-pharmacies/uploads/96144.webp,seif_output\images\sugar_substitutes_4.webp,True,https://seif-online.com/en/product/medicine/weight-control-fitness/sugar-substitutes
Sugar Substitutes,Skin Care,,5,https://masterapi.witheldokan.com/storage/seif-pharmacies/uploads/203425.webp,seif_output\images\sugar_substitutes_5.webp,True,https://seif-online.com/en/product/medicine/weight-control-fitness/sugar-substitutes
Sugar Substitutes,Skin Care,,6,https://masterapi.witheldokan.com/storage/seif-pharmacies/uploads/315662.webp,seif_output\images\sugar_substitutes_6.webp,True,https://seif-online.com/en/product/medicine/weight-control-fitness/sugar-substitutes
Sugar Substitutes,Skin Care,,7,https://masterapi.witheldokan.com/storage/seif-pharmacies/uploads/300335.webp,seif_output\images\sugar_substitutes_7.webp,True,https://seif-online.com/en/product/medicine/weight-control-fitness/sugar-substitutes
Sugar Substitutes,Skin Care,,8,https://masterapi.witheldokan.com/storage/seif-pharmacies/uploads/394675.webp,seif_output\images\sugar_substitutes_8.webp,True,https://seif-online.com/en/product/medicine/weight-control-fitness/sugar-substitutes
Sugar Substitutes,Skin Care,,9,https://masterapi.witheldokan.com/storage/seif-pharmacies/uploads/235407.webp,seif_output\images\sugar_substitutes_9.webp,True,https://seif-online.com/en/product/medicine/weight-control-fitness/sugar-substitutes
Sugar Substitutes,Skin Care,,10,https://masterapi.witheldokan.com/storage/seif-pharmacies/uploads/2379.webp,seif_output\images\sugar_substitutes_10.webp,True,https://seif-online.com/en/product/medicine/weight-control-fitness/sugar-substitutes
Sugar Substitutes,Skin Care,,11,https://masterapi.witheldokan.com/storage/seif-pharmacies/uploads/401525.webp,seif_output\images\sugar_substitutes_11.webp,True,https://seif-online.com/en/product/medicine/weight-control-fitness/sugar-substitutes
Sugar Substitutes,Skin Care,,12,https://masterapi.witheldokan.com/storage/seif-pharmacies/uploads/336383.webp,seif_output\images\sugar_substitutes_12.webp,True,https://seif-online.com/en/product/medicine/weight-control-fitness/sugar-substitutes
Sugar Substitutes,Skin Care,,13,https://masterapi.witheldokan.com/storage/seif-pharmacies/uploads/608731.webp,seif_output\images\sugar_substitutes_13.webp,True,https://seif-online.com/en/product/medicine/weight-control-fitness/sugar-substitutes
Sugar Substitutes,Skin Care,,14,https://masterapi.witheldokan.com/storage/seif-pharmacies/uploads/2389.webp,seif_output\images\sugar_substitutes_14.webp,True,https://seif-online.com/en/product/medicine/weight-control-fitness/sugar-substitutes
Sugar Substitutes,Skin Care,,15,https://masterapi.witheldokan.com/storage/seif-pharmacies/uploads/394674.webp,seif_output\images\sugar_substitutes_15.webp,True,https://seif-online.com/en/product/medicine/weight-control-fitness/sugar-substitutes
Sugar Substitutes,Skin Care,,16,https://masterapi.witheldokan.com/storage/seif-pharmacies/uploads/604951.webp,seif_output\images\sugar_substitutes_16.webp,True,https://seif-online.com/en/product/medicine/weight-control-fitness/sugar-substitutes
Sugar Substitutes,Skin Care,,17,https://masterapi.witheldokan.com/storage/seif-pharmacies/uploads/606022-1760876647.webp,seif_output\images\sugar_substitutes_17.webp,True,https://seif-online.com/en/product/medicine/weight-control-fitness/sugar-substitutes
Sugar Substitutes,Skin Care,,18,https://masterapi.witheldokan.com/storage/seif-pharmacies/uploads/604958.webp,seif_output\images\sugar_substitutes_18.webp,True,https://seif-online.com/en/product/medicine/weight-control-fitness/sugar-substitutes
Sugar Substitutes,Skin Care,,19,https://masterapi.witheldokan.com/storage/seif-pharmacies/uploads/2390.webp,seif_output\images\sugar_substitutes_19.webp,True,https://seif-online.com/en/product/medicine/weight-control-fitness/sugar-substitutes
Sugar Substitutes,Skin Care,,20,https://masterapi.witheldokan.com/storage/seif-pharmacies/uploads/60324.webp,seif_output\images\sugar_substitutes_20.webp,True,https://seif-online.com/en/product/medicine/weight-control-fitness/sugar-substitutes
Sugar Substitutes,Skin Care,,21,https://masterapi.witheldokan.com/storage/seif-pharmacies/uploads/602766.webp,seif_output\images\sugar_substitutes_21.webp,True,https://seif-online.com/en/product/medicine/weight-control-fitness/sugar-substitutes
Sugar Substitutes,Skin Care,,22,https://masterapi.witheldokan.com/storage/seif-pharmacies/uploads/188062.webp,seif_output\images\sugar_substitutes_22.webp,True,https://seif-online.com/en/product/medicine/weight-control-fitness/sugar-substitutes
Musculo-Skeletal System,Skin Care,,1,https://masterapi.witheldokan.com/storage/seif-pharmacies/uploads/142151.webp,seif_output\images\musculo_skeletal_system_1.webp,True,https://seif-online.com/en/product/medicine/musculo-skeletal-system
Musculo-Skeletal System,Skin Care,,2,https://masterapi.witheldokan.com/storage/seif-pharmacies/uploads/324698.webp,seif_output\images\musculo_skeletal_system_2.webp,True,https://seif-online.com/en/product/medicine/musculo-skeletal-system
Musculo-Skeletal System,Skin Care,,3,https://masterapi.witheldokan.com/storage/seif-pharmacies/uploads/55333.webp,seif_output\images\musculo_skeletal_system_3.webp,True,https://seif-online.com/en/product/medicine/musculo-skeletal-system
Musculo-Skeletal System,Skin Care,,4,https://masterapi.witheldokan.com/storage/seif-pharmacies/uploads/61955.webp,seif_output\images\musculo_skeletal_system_4.webp,True,https://seif-online.com/en/product/medicine/musculo-skeletal-system
Musculo-Skeletal System,Skin Care,,5,https://masterapi.witheldokan.com/storage/seif-pharmacies/uploads/53600.webp,seif_output\images\musculo_skeletal_system_5.webp,True,https://seif-online.com/en/product/medicine/musculo-skeletal-system
Musculo-Skeletal System,Skin Care,,6,https://masterapi.witheldokan.com/storage/seif-pharmacies/uploads/99389.webp,seif_output\images\musculo_skeletal_system_6.webp,True,https://seif-online.com/en/product/medicine/musculo-skeletal-system
Musculo-Skeletal System,Skin Care,,7,https://cdn.supercommerce.io/seif-pharmacies/uploads/396638.webp,seif_output\images\musculo_skeletal_system_7.webp,True,https://seif-online.com/en/product/medicine/musculo-skeletal-system
Musculo-Skeletal System,Skin Care,,8,https://masterapi.witheldokan.com/storage/seif-pharmacies/uploads/614719.webp,seif_output\images\musculo_skeletal_system_8.webp,True,https://seif-online.com/en/product/medicine/musculo-skeletal-system
Musculo-Skeletal System,Skin Care,,9,https://masterapi.witheldokan.com/storage/seif-pharmacies/uploads/3648.webp,seif_output\images\musculo_skeletal_system_9.webp,True,https://seif-online.com/en/product/medicine/musculo-skeletal-system
Musculo-Skeletal System,Skin Care,,10,https://masterapi.witheldokan.com/storage/seif-pharmacies/uploads/220694.webp,seif_output\images\musculo_skeletal_system_10.webp,True,https://seif-online.com/en/product/medicine/musculo-skeletal-system
Musculo-Skeletal System,Skin Care,,11,https://cdn.supercommerce.io/seif-pharmacies/uploads/401299.webp,seif_output\images\musculo_skeletal_system_11.webp,True,https://seif-online.com/en/product/medicine/musculo-skeletal-system
Musculo-Skeletal System,Skin Care,,12,https://masterapi.witheldokan.com/storage/seif-pharmacies/uploads/309686.webp,seif_output\images\musculo_skeletal_system_12.webp,True,https://seif-online.com/en/product/medicine/musculo-skeletal-system
Musculo-Skeletal System,Skin Care,,13,https://masterapi.witheldokan.com/storage/seif-pharmacies/uploads/318412.webp,seif_output\images\musculo_skeletal_system_13.webp,True,https://seif-online.com/en/product/medicine/musculo-skeletal-system
Musculo-Skeletal System,Skin Care,,14,https://masterapi.witheldokan.com/storage/seif-pharmacies/uploads/215193.webp,seif_output\images\musculo_skeletal_system_14.webp,True,https://seif-online.com/en/product/medicine/musculo-skeletal-system
Musculo-Skeletal System,Skin Care,,15,https://masterapi.witheldokan.com/storage/seif-pharmacies/uploads/119306.webp,seif_output\images\musculo_skeletal_system_15.webp,True,https://seif-online.com/en/product/medicine/musculo-skeletal-system
Musculo-Skeletal System,Skin Care,,16,https://masterapi.witheldokan.com/storage/seif-pharmacies/uploads/609799.webp,seif_output\images\musculo_skeletal_system_16.webp,True,https://seif-online.com/en/product/medicine/musculo-skeletal-system
Musculo-Skeletal System,Skin Care,,17,https://masterapi.witheldokan.com/storage/seif-pharmacies/uploads/143021.webp,seif_output\images\musculo_skeletal_system_17.webp,True,https://seif-online.com/en/product/medicine/musculo-skeletal-system
Mytonics,Skin Care,,1,https://masterapi.witheldokan.com/storage/seif-pharmacies/uploads/57284.webp,seif_output\images\mytonics_1.webp,True,https://seif-online.com/en/product/medicine/musculo-skeletal-system/mytonics
Gout Treatment,Skin Care,,1,https://masterapi.witheldokan.com/storage/seif-pharmacies/uploads/55333.webp,seif_output\images\gout_treatment_1.webp,True,https://seif-online.com/en/product/medicine/musculo-skeletal-system/gout-treatment
Gout Treatment,Skin Care,,2,https://masterapi.witheldokan.com/storage/seif-pharmacies/uploads/309686.webp,seif_output\images\gout_treatment_2.webp,True,https://seif-online.com/en/product/medicine/musculo-skeletal-system/gout-treatment
Gout Treatment,Skin Care,,3,https://masterapi.witheldokan.com/storage/seif-pharmacies/uploads/397.webp,seif_output\images\gout_treatment_3.webp,True,https://seif-online.com/en/product/medicine/musculo-skeletal-system/gout-treatment
Gout Treatment,Skin Care,,4,https://masterapi.witheldokan.com/storage/seif-pharmacies/uploads/286406.webp,seif_output\images\gout_treatment_4.webp,True,https://seif-online.com/en/product/medicine/musculo-skeletal-system/gout-treatment
Gout Treatment,Skin Care,,5,https://masterapi.witheldokan.com/storage/seif-pharmacies/uploads/281693.webp,seif_output\images\gout_treatment_5.webp,True,https://seif-online.com/en/product/medicine/musculo-skeletal-system/gout-treatment
Gout Treatment,Skin Care,,6,https://masterapi.witheldokan.com/storage/seif-pharmacies/uploads/2124.webp,seif_output\images\gout_treatment_6.webp,True,https://seif-online.com/en/product/medicine/musculo-skeletal-system/gout-treatment
Gout Treatment,Skin Care,,7,https://masterapi.witheldokan.com/storage/seif-pharmacies/uploads/368003.webp,seif_output\images\gout_treatment_7.webp,True,https://seif-online.com/en/product/medicine/musculo-skeletal-system/gout-treatment
Gout Treatment,Skin Care,,8,https://masterapi.witheldokan.com/storage/seif-pharmacies/uploads/295733.webp,seif_output\images\gout_treatment_8.webp,True,https://seif-online.com/en/product/medicine/musculo-skeletal-system/gout-treatment
Gout Treatment,Skin Care,,9,https://masterapi.witheldokan.com/storage/seif-pharmacies/uploads/347834.webp,seif_output\images\gout_treatment_9.webp,True,https://seif-online.com/en/product/medicine/musculo-skeletal-system/gout-treatment
Gout Treatment,Skin Care,,10,https://masterapi.witheldokan.com/storage/seif-pharmacies/uploads/617085-1759064799.webp,seif_output\images\gout_treatment_10.webp,True,https://seif-online.com/en/product/medicine/musculo-skeletal-system/gout-treatment
Gout Treatment,Skin Care,,11,https://masterapi.witheldokan.com/storage/seif-pharmacies/uploads/302177.webp,seif_output\images\gout_treatment_11.webp,True,https://seif-online.com/en/product/medicine/musculo-skeletal-system/gout-treatment
Gout Treatment,Skin Care,,12,https://masterapi.witheldokan.com/storage/seif-pharmacies/uploads/286402.webp,seif_output\images\gout_treatment_12.webp,True,https://seif-online.com/en/product/medicine/musculo-skeletal-system/gout-treatment
Gout Treatment,Skin Care,,13,https://masterapi.witheldokan.com/storage/seif-pharmacies/uploads/285080.webp,seif_output\images\gout_treatment_13.webp,True,https://seif-online.com/en/product/medicine/musculo-skeletal-system/gout-treatment
Gout Treatment,Skin Care,,14,https://masterapi.witheldokan.com/storage/seif-pharmacies/uploads/312541.webp,seif_output\images\gout_treatment_14.webp,True,https://seif-online.com/en/product/medicine/musculo-skeletal-system/gout-treatment
Gout Treatment,Skin Care,,15,https://masterapi.witheldokan.com/storage/seif-pharmacies/uploads/390.webp,seif_output\images\gout_treatment_15.webp,True,https://seif-online.com/en/product/medicine/musculo-skeletal-system/gout-treatment
Analgesic/A. Rheumatic,Skin Care,,1,https://masterapi.witheldokan.com/storage/seif-pharmacies/uploads/61955.webp,seif_output\images\analgesica_rheumatic_1.webp,True,https://seif-online.com/en/product/medicine/musculo-skeletal-system/analgesic-a-rheumatic-medicine
Analgesic/A. Rheumatic,Skin Care,,2,https://masterapi.witheldokan.com/storage/seif-pharmacies/uploads/53600.webp,seif_output\images\analgesica_rheumatic_2.webp,True,https://seif-online.com/en/product/medicine/musculo-skeletal-system/analgesic-a-rheumatic-medicine
Analgesic/A. Rheumatic,Skin Care,,3,https://masterapi.witheldokan.com/storage/seif-pharmacies/uploads/99389.webp,seif_output\images\analgesica_rheumatic_3.webp,True,https://seif-online.com/en/product/medicine/musculo-skeletal-system/analgesic-a-rheumatic-medicine
Analgesic/A. Rheumatic,Skin Care,,4,https://masterapi.witheldokan.com/storage/seif-pharmacies/uploads/383971.webp,seif_output\images\analgesica_rheumatic_4.webp,True,https://seif-online.com/en/product/medicine/musculo-skeletal-system/analgesic-a-rheumatic-medicine
Analgesic/A. Rheumatic,Skin Care,,5,https://masterapi.witheldokan.com/storage/seif-pharmacies/uploads/38476.webp,seif_output\images\analgesica_rheumatic_5.webp,True,https://seif-online.com/en/product/medicine/musculo-skeletal-system/analgesic-a-rheumatic-medicine
Analgesic/A. Rheumatic,Skin Care,,6,https://masterapi.witheldokan.com/storage/seif-pharmacies/uploads/185434.webp,seif_output\images\analgesica_rheumatic_6.webp,True,https://seif-online.com/en/product/medicine/musculo-skeletal-system/analgesic-a-rheumatic-medicine
Analgesic/A. Rheumatic,Skin Care,,7,https://masterapi.witheldokan.com/storage/seif-pharmacies/uploads/196446.webp,seif_output\images\analgesica_rheumatic_7.webp,True,https://seif-online.com/en/product/medicine/musculo-skeletal-system/analgesic-a-rheumatic-medicine
Analgesic/A. Rheumatic,Skin Care,,8,https://masterapi.witheldokan.com/storage/seif-pharmacies/uploads/1402.webp,seif_output\images\analgesica_rheumatic_8.webp,True,https://seif-online.com/en/product/medicine/musculo-skeletal-system/analgesic-a-rheumatic-medicine
Analgesic/A. Rheumatic,Skin Care,,9,https://masterapi.witheldokan.com/storage/seif-pharmacies/uploads/199474.webp,seif_output\images\analgesica_rheumatic_9.webp,True,https://seif-online.com/en/product/medicine/musculo-skeletal-system/analgesic-a-rheumatic-medicine
Analgesic/A. Rheumatic,Skin Care,,10,https://masterapi.witheldokan.com/storage/seif-pharmacies/uploads/167055.webp,seif_output\images\analgesica_rheumatic_10.webp,True,https://seif-online.com/en/product/medicine/musculo-skeletal-system/analgesic-a-rheumatic-medicine
Analgesic/A. Rheumatic,Skin Care,,11,https://masterapi.witheldokan.com/storage/seif-pharmacies/uploads/87981.webp,seif_output\images\analgesica_rheumatic_11.webp,True,https://seif-online.com/en/product/medicine/musculo-skeletal-system/analgesic-a-rheumatic-medicine
Analgesic/A. Rheumatic,Skin Care,,12,https://masterapi.witheldokan.com/storage/seif-pharmacies/uploads/34825.webp,seif_output\images\analgesica_rheumatic_12.webp,True,https://seif-online.com/en/product/medicine/musculo-skeletal-system/analgesic-a-rheumatic-medicine
Analgesic/A. Rheumatic,Skin Care,,13,https://masterapi.witheldokan.com/storage/seif-pharmacies/uploads/397191.webp,seif_output\images\analgesica_rheumatic_13.webp,True,https://seif-online.com/en/product/medicine/musculo-skeletal-system/analgesic-a-rheumatic-medicine
Analgesic/A. Rheumatic,Skin Care,,14,https://masterapi.witheldokan.com/storage/seif-pharmacies/uploads/321751.webp,seif_output\images\analgesica_rheumatic_14.webp,True,https://seif-online.com/en/product/medicine/musculo-skeletal-system/analgesic-a-rheumatic-medicine
Analgesic/A. Rheumatic,Skin Care,,15,https://masterapi.witheldokan.com/storage/seif-pharmacies/uploads/309203.webp,seif_output\images\analgesica_rheumatic_15.webp,True,https://seif-online.com/en/product/medicine/musculo-skeletal-system/analgesic-a-rheumatic-medicine
Analgesic/A. Rheumatic,Skin Care,,16,https://masterapi.witheldokan.com/storage/seif-pharmacies/uploads/389252.webp,seif_output\images\analgesica_rheumatic_16.webp,True,https://seif-online.com/en/product/medicine/musculo-skeletal-system/analgesic-a-rheumatic-medicine
Analgesic/A. Rheumatic,Skin Care,,17,https://masterapi.witheldokan.com/storage/seif-pharmacies/uploads/183123.webp,seif_output\images\analgesica_rheumatic_17.webp,True,https://seif-online.com/en/product/medicine/musculo-skeletal-system/analgesic-a-rheumatic-medicine
Skeletal Muscle Relaxant,Skin Care,,1,https://masterapi.witheldokan.com/storage/seif-pharmacies/uploads/142151.webp,seif_output\images\skeletal_muscle_relaxant_1.webp,True,https://seif-online.com/en/product/medicine/musculo-skeletal-system/skeletal-muscle-relaxant
Skeletal Muscle Relaxant,Skin Care,,2,https://masterapi.witheldokan.com/storage/seif-pharmacies/uploads/318412.webp,seif_output\images\skeletal_muscle_relaxant_2.webp,True,https://seif-online.com/en/product/medicine/musculo-skeletal-system/skeletal-muscle-relaxant
Skeletal Muscle Relaxant,Skin Care,,3,https://masterapi.witheldokan.com/storage/seif-pharmacies/uploads/119306.webp,seif_output\images\skeletal_muscle_relaxant_3.webp,True,https://seif-online.com/en/product/medicine/musculo-skeletal-system/skeletal-muscle-relaxant
Skeletal Muscle Relaxant,Skin Care,,4,https://masterapi.witheldokan.com/storage/seif-pharmacies/uploads/143021.webp,seif_output\images\skeletal_muscle_relaxant_4.webp,True,https://seif-online.com/en/product/medicine/musculo-skeletal-system/skeletal-muscle-relaxant
Skeletal Muscle Relaxant,Skin Care,,5,https://masterapi.witheldokan.com/storage/seif-pharmacies/uploads/303679.webp,seif_output\images\skeletal_muscle_relaxant_5.webp,True,https://seif-online.com/en/product/medicine/musculo-skeletal-system/skeletal-muscle-relaxant
Skeletal Muscle Relaxant,Skin Care,,6,https://masterapi.witheldokan.com/storage/seif-pharmacies/uploads/285703.webp,seif_output\images\skeletal_muscle_relaxant_6.webp,True,https://seif-online.com/en/product/medicine/musculo-skeletal-system/skeletal-muscle-relaxant
Skeletal Muscle Relaxant,Skin Care,,7,https://masterapi.witheldokan.com/storage/seif-pharmacies/uploads/109342.webp,seif_output\images\skeletal_muscle_relaxant_7.webp,True,https://seif-online.com/en/product/medicine/musculo-skeletal-system/skeletal-muscle-relaxant
Skeletal Muscle Relaxant,Skin Care,,8,https://masterapi.witheldokan.com/storage/seif-pharmacies/uploads/2245.webp,seif_output\images\skeletal_muscle_relaxant_8.webp,True,https://seif-online.com/en/product/medicine/musculo-skeletal-system/skeletal-muscle-relaxant
Skeletal Muscle Relaxant,Skin Care,,9,https://masterapi.witheldokan.com/storage/seif-pharmacies/uploads/295330.webp,seif_output\images\skeletal_muscle_relaxant_9.webp,True,https://seif-online.com/en/product/medicine/musculo-skeletal-system/skeletal-muscle-relaxant
Skeletal Muscle Relaxant,Skin Care,,10,https://masterapi.witheldokan.com/storage/seif-pharmacies/uploads/310946.webp,seif_output\images\skeletal_muscle_relaxant_10.webp,True,https://seif-online.com/en/product/medicine/musculo-skeletal-system/skeletal-muscle-relaxant
Skeletal Muscle Relaxant,Skin Care,,11,https://masterapi.witheldokan.com/storage/seif-pharmacies/uploads/305153.webp,seif_output\images\skeletal_muscle_relaxant_11.webp,True,https://seif-online.com/en/product/medicine/musculo-skeletal-system/skeletal-muscle-relaxant
Skeletal Muscle Relaxant,Skin Care,,12,https://masterapi.witheldokan.com/storage/seif-pharmacies/uploads/3167.webp,seif_output\images\skeletal_muscle_relaxant_12.webp,True,https://seif-online.com/en/product/medicine/musculo-skeletal-system/skeletal-muscle-relaxant
Skeletal Muscle Relaxant,Skin Care,,13,https://masterapi.witheldokan.com/storage/seif-pharmacies/uploads/44382.webp,seif_output\images\skeletal_muscle_relaxant_13.webp,True,https://seif-online.com/en/product/medicine/musculo-skeletal-system/skeletal-muscle-relaxant
Skeletal Muscle Relaxant,Skin Care,,14,https://masterapi.witheldokan.com/storage/seif-pharmacies/uploads/87514.webp,seif_output\images\skeletal_muscle_relaxant_14.webp,True,https://seif-online.com/en/product/medicine/musculo-skeletal-system/skeletal-muscle-relaxant
Skeletal Muscle Relaxant,Skin Care,,15,https://masterapi.witheldokan.com/storage/seif-pharmacies/uploads/177777.webp,seif_output\images\skeletal_muscle_relaxant_15.webp,True,https://seif-online.com/en/product/medicine/musculo-skeletal-system/skeletal-muscle-relaxant
Skeletal Muscle Relaxant,Skin Care,,16,https://masterapi.witheldokan.com/storage/seif-pharmacies/uploads/229329.webp,seif_output\images\skeletal_muscle_relaxant_16.webp,True,https://seif-online.com/en/product/medicine/musculo-skeletal-system/skeletal-muscle-relaxant
Osteoporosis/Arthritis Manag,Skin Care,,1,https://masterapi.witheldokan.com/storage/seif-pharmacies/uploads/324698.webp,seif_output\images\osteoporosisarthritis_manag_1.webp,True,https://seif-online.com/en/product/medicine/musculo-skeletal-system/osteoporosis-arthritis-manag
Osteoporosis/Arthritis Manag,Skin Care,,2,https://cdn.supercommerce.io/seif-pharmacies/uploads/396638.webp,seif_output\images\osteoporosisarthritis_manag_2.webp,True,https://seif-online.com/en/product/medicine/musculo-skeletal-system/osteoporosis-arthritis-manag
Osteoporosis/Arthritis Manag,Skin Care,,3,https://masterapi.witheldokan.com/storage/seif-pharmacies/uploads/614719.webp,seif_output\images\osteoporosisarthritis_manag_3.webp,True,https://seif-online.com/en/product/medicine/musculo-skeletal-system/osteoporosis-arthritis-manag
Osteoporosis/Arthritis Manag,Skin Care,,4,https://masterapi.witheldokan.com/storage/seif-pharmacies/uploads/3648.webp,seif_output\images\osteoporosisarthritis_manag_4.webp,True,https://seif-online.com/en/product/medicine/musculo-skeletal-system/osteoporosis-arthritis-manag
Osteoporosis/Arthritis Manag,Skin Care,,5,https://masterapi.witheldokan.com/storage/seif-pharmacies/uploads/220694.webp,seif_output\images\osteoporosisarthritis_manag_5.webp,True,https://seif-online.com/en/product/medicine/musculo-skeletal-system/osteoporosis-arthritis-manag
Osteoporosis/Arthritis Manag,Skin Care,,6,https://cdn.supercommerce.io/seif-pharmacies/uploads/401299.webp,seif_output\images\osteoporosisarthritis_manag_6.webp,True,https://seif-online.com/en/product/medicine/musculo-skeletal-system/osteoporosis-arthritis-manag
Osteoporosis/Arthritis Manag,Skin Care,,7,https://masterapi.witheldokan.com/storage/seif-pharmacies/uploads/215193.webp,seif_output\images\osteoporosisarthritis_manag_7.webp,True,https://seif-online.com/en/product/medicine/musculo-skeletal-system/osteoporosis-arthritis-manag
Osteoporosis/Arthritis Manag,Skin Care,,8,https://masterapi.witheldokan.com/storage/seif-pharmacies/uploads/609799.webp,seif_output\images\osteoporosisarthritis_manag_8.webp,True,https://seif-online.com/en/product/medicine/musculo-skeletal-system/osteoporosis-arthritis-manag
Osteoporosis/Arthritis Manag,Skin Care,,9,https://cdn.supercommerce.io/seif-pharmacies/uploads/403263.webp,seif_output\images\osteoporosisarthritis_manag_9.webp,True,https://seif-online.com/en/product/medicine/musculo-skeletal-system/osteoporosis-arthritis-manag
Osteoporosis/Arthritis Manag,Skin Care,,10,https://cdn.supercommerce.io/seif-pharmacies/uploads/374574.webp,seif_output\images\osteoporosisarthritis_manag_10.webp,True,https://seif-online.com/en/product/medicine/musculo-skeletal-system/osteoporosis-arthritis-manag
Osteoporosis/Arthritis Manag,Skin Care,,11,https://cdn.supercommerce.io/seif-pharmacies/uploads/611068-1773312960.webp,seif_output\images\osteoporosisarthritis_manag_11.webp,True,https://seif-online.com/en/product/medicine/musculo-skeletal-system/osteoporosis-arthritis-manag
Osteoporosis/Arthritis Manag,Skin Care,,12,https://cdn.supercommerce.io/seif-pharmacies/uploads/401300-1773313182.webp,seif_output\images\osteoporosisarthritis_manag_12.webp,True,https://seif-online.com/en/product/medicine/musculo-skeletal-system/osteoporosis-arthritis-manag
Osteoporosis/Arthritis Manag,Skin Care,,13,https://masterapi.witheldokan.com/storage/seif-pharmacies/uploads/431541.webp,seif_output\images\osteoporosisarthritis_manag_13.webp,True,https://seif-online.com/en/product/medicine/musculo-skeletal-system/osteoporosis-arthritis-manag
Osteoporosis/Arthritis Manag,Skin Care,,14,https://masterapi.witheldokan.com/storage/seif-pharmacies/uploads/202834.webp,seif_output\images\osteoporosisarthritis_manag_14.webp,True,https://seif-online.com/en/product/medicine/musculo-skeletal-system/osteoporosis-arthritis-manag
Osteoporosis/Arthritis Manag,Skin Care,,15,https://masterapi.witheldokan.com/storage/seif-pharmacies/uploads/610612.webp,seif_output\images\osteoporosisarthritis_manag_15.webp,True,https://seif-online.com/en/product/medicine/musculo-skeletal-system/osteoporosis-arthritis-manag
Osteoporosis/Arthritis Manag,Skin Care,,16,https://masterapi.witheldokan.com/storage/seif-pharmacies/uploads/611864.webp,seif_output\images\osteoporosisarthritis_manag_16.webp,True,https://seif-online.com/en/product/medicine/musculo-skeletal-system/osteoporosis-arthritis-manag
Other Anti-Rheumatics,Skin Care,,1,https://masterapi.witheldokan.com/storage/seif-pharmacies/uploads/36064.webp,seif_output\images\other_anti_rheumatics_1.webp,True,https://seif-online.com/en/product/medicine/musculo-skeletal-system/other-anti-rheumatics
Other Anti-Rheumatics,Skin Care,,2,https://masterapi.witheldokan.com/storage/seif-pharmacies/uploads/17533.webp,seif_output\images\other_anti_rheumatics_2.webp,True,https://seif-online.com/en/product/medicine/musculo-skeletal-system/other-anti-rheumatics
Other Anti-Rheumatics,Skin Care,,3,https://masterapi.witheldokan.com/storage/seif-pharmacies/uploads/112818.webp,seif_output\images\other_anti_rheumatics_3.webp,True,https://seif-online.com/en/product/medicine/musculo-skeletal-system/other-anti-rheumatics
Other Anti-Rheumatics,Skin Care,,4,https://masterapi.witheldokan.com/storage/seif-pharmacies/uploads/44311.webp,seif_output\images\other_anti_rheumatics_4.webp,True,https://seif-online.com/en/product/medicine/musculo-skeletal-system/other-anti-rheumatics
Other Anti-Rheumatics,Skin Care,,5,https://masterapi.witheldokan.com/storage/seif-pharmacies/uploads/44312.webp,seif_output\images\other_anti_rheumatics_5.webp,True,https://seif-online.com/en/product/medicine/musculo-skeletal-system/other-anti-rheumatics
Other Anti-Rheumatics,Skin Care,,6,https://masterapi.witheldokan.com/storage/seif-pharmacies/uploads/393302.webp,seif_output\images\other_anti_rheumatics_6.webp,True,https://seif-online.com/en/product/medicine/musculo-skeletal-system/other-anti-rheumatics
Other Anti-Rheumatics,Skin Care,,7,https://masterapi.witheldokan.com/storage/seif-pharmacies/uploads/234260.webp,seif_output\images\other_anti_rheumatics_7.webp,True,https://seif-online.com/en/product/medicine/musculo-skeletal-system/other-anti-rheumatics
Other Anti-Rheumatics,Skin Care,,8,https://masterapi.witheldokan.com/storage/seif-pharmacies/uploads/313977.webp,seif_output\images\other_anti_rheumatics_8.webp,True,https://seif-online.com/en/product/medicine/musculo-skeletal-system/other-anti-rheumatics
Other Anti-Rheumatics,Skin Care,,9,https://cdn.supercommerce.io/seif-pharmacies/uploads/614736-1769430991.webp,seif_output\images\other_anti_rheumatics_9.webp,True,https://seif-online.com/en/product/medicine/musculo-skeletal-system/other-anti-rheumatics
Other Anti-Rheumatics,Skin Care,,10,https://masterapi.witheldokan.com/storage/seif-pharmacies/uploads/614735.webp,seif_output\images\other_anti_rheumatics_10.webp,True,https://seif-online.com/en/product/medicine/musculo-skeletal-system/other-anti-rheumatics
Other Anti-Rheumatics,Skin Care,,11,https://masterapi.witheldokan.com/storage/seif-pharmacies/uploads/58707.webp,seif_output\images\other_anti_rheumatics_11.webp,True,https://seif-online.com/en/product/medicine/musculo-skeletal-system/other-anti-rheumatics
Other Anti-Rheumatics,Skin Care,,12,https://masterapi.witheldokan.com/storage/seif-pharmacies/uploads/179117.webp,seif_output\images\other_anti_rheumatics_12.webp,True,https://seif-online.com/en/product/medicine/musculo-skeletal-system/other-anti-rheumatics
Other Anti-Rheumatics,Skin Care,,13,https://masterapi.witheldokan.com/storage/seif-pharmacies/uploads/342902.webp,seif_output\images\other_anti_rheumatics_13.webp,True,https://seif-online.com/en/product/medicine/musculo-skeletal-system/other-anti-rheumatics
Other Anti-Rheumatics,Skin Care,,14,https://masterapi.witheldokan.com/storage/seif-pharmacies/uploads/346642.webp,seif_output\images\other_anti_rheumatics_14.webp,True,https://seif-online.com/en/product/medicine/musculo-skeletal-system/other-anti-rheumatics
Respiratory System,Skin Care,,1,https://masterapi.witheldokan.com/storage/seif-pharmacies/uploads/383069.webp,seif_output\images\respiratory_system_1.webp,True,https://seif-online.com/en/product/medicine/respiratory-system
Respiratory System,Skin Care,,2,https://masterapi.witheldokan.com/storage/seif-pharmacies/uploads/63563.webp,seif_output\images\respiratory_system_2.webp,True,https://seif-online.com/en/product/medicine/respiratory-system
Respiratory System,Skin Care,,3,https://masterapi.witheldokan.com/storage/seif-pharmacies/uploads/159693-1751977251.webp,seif_output\images\respiratory_system_3.webp,True,https://seif-online.com/en/product/medicine/respiratory-system
Respiratory System,Skin Care,,4,https://masterapi.witheldokan.com/storage/seif-pharmacies/uploads/57613.webp,seif_output\images\respiratory_system_4.webp,True,https://seif-online.com/en/product/medicine/respiratory-system
Respiratory System,Skin Care,,5,https://masterapi.witheldokan.com/storage/seif-pharmacies/uploads/611288.webp,seif_output\images\respiratory_system_5.webp,True,https://seif-online.com/en/product/medicine/respiratory-system
Respiratory System,Skin Care,,6,https://masterapi.witheldokan.com/storage/seif-pharmacies/uploads/280401.webp,seif_output\images\respiratory_system_6.webp,True,https://seif-online.com/en/product/medicine/respiratory-system
Respiratory System,Skin Care,,7,https://masterapi.witheldokan.com/storage/seif-pharmacies/uploads/57612.webp,seif_output\images\respiratory_system_7.webp,True,https://seif-online.com/en/product/medicine/respiratory-system
Respiratory System,Skin Care,,8,https://masterapi.witheldokan.com/storage/seif-pharmacies/uploads/82444.webp,seif_output\images\respiratory_system_8.webp,True,https://seif-online.com/en/product/medicine/respiratory-system
Respiratory System,Skin Care,,9,https://masterapi.witheldokan.com/storage/seif-pharmacies/uploads/39227.webp,seif_output\images\respiratory_system_9.webp,True,https://seif-online.com/en/product/medicine/respiratory-system
Respiratory System,Skin Care,,10,https://masterapi.witheldokan.com/storage/seif-pharmacies/uploads/4028.webp,seif_output\images\respiratory_system_10.webp,True,https://seif-online.com/en/product/medicine/respiratory-system
Respiratory System,Skin Care,,11,https://masterapi.witheldokan.com/storage/seif-pharmacies/uploads/322760.webp,seif_output\images\respiratory_system_11.webp,True,https://seif-online.com/en/product/medicine/respiratory-system
Respiratory System,Skin Care,,12,https://masterapi.witheldokan.com/storage/seif-pharmacies/uploads/1235.webp,seif_output\images\respiratory_system_12.webp,True,https://seif-online.com/en/product/medicine/respiratory-system
Respiratory System,Skin Care,,13,https://masterapi.witheldokan.com/storage/seif-pharmacies/uploads/608693.webp,seif_output\images\respiratory_system_13.webp,True,https://seif-online.com/en/product/medicine/respiratory-system
Respiratory System,Skin Care,,14,https://masterapi.witheldokan.com/storage/seif-pharmacies/uploads/86085.webp,seif_output\images\respiratory_system_14.webp,True,https://seif-online.com/en/product/medicine/respiratory-system
Respiratory System,Skin Care,,15,https://masterapi.witheldokan.com/storage/seif-pharmacies/uploads/231530.webp,seif_output\images\respiratory_system_15.webp,True,https://seif-online.com/en/product/medicine/respiratory-system
Respiratory System,Skin Care,,16,https://masterapi.witheldokan.com/storage/seif-pharmacies/uploads/309683.webp,seif_output\images\respiratory_system_16.webp,True,https://seif-online.com/en/product/medicine/respiratory-system
Respiratory System,Skin Care,,17,https://masterapi.witheldokan.com/storage/seif-pharmacies/uploads/601469.webp,seif_output\images\respiratory_system_17.webp,True,https://seif-online.com/en/product/medicine/respiratory-system
Respiratory System,Skin Care,,18,https://masterapi.witheldokan.com/storage/seif-pharmacies/uploads/57608.webp,seif_output\images\respiratory_system_18.webp,True,https://seif-online.com/en/product/medicine/respiratory-system
Respiratory System,Skin Care,,19,https://masterapi.witheldokan.com/storage/seif-pharmacies/uploads/613387.webp,seif_output\images\respiratory_system_19.webp,True,https://seif-online.com/en/product/medicine/respiratory-system
Respiratory System,Skin Care,,20,https://masterapi.witheldokan.com/storage/seif-pharmacies/uploads/10653.webp,seif_output\images\respiratory_system_20.webp,True,https://seif-online.com/en/product/medicine/respiratory-system
Respiratory System,Skin Care,,21,https://masterapi.witheldokan.com/storage/seif-pharmacies/uploads/152169.webp,seif_output\images\respiratory_system_21.webp,True,https://seif-online.com/en/product/medicine/respiratory-system
Respiratory System,Skin Care,,22,https://masterapi.witheldokan.com/storage/seif-pharmacies/uploads/613388.webp,seif_output\images\respiratory_system_22.webp,True,https://seif-online.com/en/product/medicine/respiratory-system
Respiratory System,Skin Care,,23,https://masterapi.witheldokan.com/storage/seif-pharmacies/uploads/55648.webp,seif_output\images\respiratory_system_23.webp,True,https://seif-online.com/en/product/medicine/respiratory-system
Cough Expectorant & Sedative,Skin Care,,1,https://masterapi.witheldokan.com/storage/seif-pharmacies/uploads/159693-1751977251.webp,seif_output\images\cough_expectorant_sedative_1.webp,True,https://seif-online.com/en/product/medicine/respiratory-system/cough-expectorant-sedative
Cough Expectorant & Sedative,Skin Care,,2,https://masterapi.witheldokan.com/storage/seif-pharmacies/uploads/82444.webp,seif_output\images\cough_expectorant_sedative_2.webp,True,https://seif-online.com/en/product/medicine/respiratory-system/cough-expectorant-sedative
Cough Expectorant & Sedative,Skin Care,,3,https://masterapi.witheldokan.com/storage/seif-pharmacies/uploads/231530.webp,seif_output\images\cough_expectorant_sedative_3.webp,True,https://seif-online.com/en/product/medicine/respiratory-system/cough-expectorant-sedative
Cough Expectorant & Sedative,Skin Care,,4,https://masterapi.witheldokan.com/storage/seif-pharmacies/uploads/613387.webp,seif_output\images\cough_expectorant_sedative_4.webp,True,https://seif-online.com/en/product/medicine/respiratory-system/cough-expectorant-sedative
Cough Expectorant & Sedative,Skin Care,,5,https://masterapi.witheldokan.com/storage/seif-pharmacies/uploads/613388.webp,seif_output\images\cough_expectorant_sedative_5.webp,True,https://seif-online.com/en/product/medicine/respiratory-system/cough-expectorant-sedative
Cough Expectorant & Sedative,Skin Care,,6,https://masterapi.witheldokan.com/storage/seif-pharmacies/uploads/601589.webp,seif_output\images\cough_expectorant_sedative_6.webp,True,https://seif-online.com/en/product/medicine/respiratory-system/cough-expectorant-sedative
Cough Expectorant & Sedative,Skin Care,,7,https://masterapi.witheldokan.com/storage/seif-pharmacies/uploads/609522.webp,seif_output\images\cough_expectorant_sedative_7.webp,True,https://seif-online.com/en/product/medicine/respiratory-system/cough-expectorant-sedative
Cough Expectorant & Sedative,Skin Care,,8,https://masterapi.witheldokan.com/storage/seif-pharmacies/uploads/54833.webp,seif_output\images\cough_expectorant_sedative_8.webp,True,https://seif-online.com/en/product/medicine/respiratory-system/cough-expectorant-sedative
Cough Expectorant & Sedative,Skin Care,,9,https://masterapi.witheldokan.com/storage/seif-pharmacies/uploads/610227.webp,seif_output\images\cough_expectorant_sedative_9.webp,True,https://seif-online.com/en/product/medicine/respiratory-system/cough-expectorant-sedative
Cough Expectorant & Sedative,Skin Care,,10,https://masterapi.witheldokan.com/storage/seif-pharmacies/uploads/612435.webp,seif_output\images\cough_expectorant_sedative_10.webp,True,https://seif-online.com/en/product/medicine/respiratory-system/cough-expectorant-sedative
Cough Expectorant & Sedative,Skin Care,,11,https://masterapi.witheldokan.com/storage/seif-pharmacies/uploads/432178.webp,seif_output\images\cough_expectorant_sedative_11.webp,True,https://seif-online.com/en/product/medicine/respiratory-system/cough-expectorant-sedative
Cough Expectorant & Sedative,Skin Care,,12,https://masterapi.witheldokan.com/storage/seif-pharmacies/uploads/60971.webp,seif_output\images\cough_expectorant_sedative_12.webp,True,https://seif-online.com/en/product/medicine/respiratory-system/cough-expectorant-sedative
Cough Expectorant & Sedative,Skin Care,,13,https://masterapi.witheldokan.com/storage/seif-pharmacies/uploads/601076.webp,seif_output\images\cough_expectorant_sedative_13.webp,True,https://seif-online.com/en/product/medicine/respiratory-system/cough-expectorant-sedative
Cough Expectorant & Sedative,Skin Care,,14,https://masterapi.witheldokan.com/storage/seif-pharmacies/uploads/606645.webp,seif_output\images\cough_expectorant_sedative_14.webp,True,https://seif-online.com/en/product/medicine/respiratory-system/cough-expectorant-sedative
Cough Expectorant & Sedative,Skin Care,,15,https://masterapi.witheldokan.com/storage/seif-pharmacies/uploads/285659.webp,seif_output\images\cough_expectorant_sedative_15.webp,True,https://seif-online.com/en/product/medicine/respiratory-system/cough-expectorant-sedative
Cough Expectorant & Sedative,Skin Care,,16,https://cdn.supercommerce.io/seif-pharmacies/uploads/617333.webp,seif_output\images\cough_expectorant_sedative_16.webp,True,https://seif-online.com/en/product/medicine/respiratory-system/cough-expectorant-sedative
Cough Expectorant & Sedative,Skin Care,,17,https://masterapi.witheldokan.com/storage/seif-pharmacies/uploads/2189.webp,seif_output\images\cough_expectorant_sedative_17.webp,True,https://seif-online.com/en/product/medicine/respiratory-system/cough-expectorant-sedative
Cough Expectorant & Sedative,Skin Care,,18,https://masterapi.witheldokan.com/storage/seif-pharmacies/uploads/39602.webp,seif_output\images\cough_expectorant_sedative_18.webp,True,https://seif-online.com/en/product/medicine/respiratory-system/cough-expectorant-sedative
Bronchodilator,Skin Care,,1,https://masterapi.witheldokan.com/storage/seif-pharmacies/uploads/39227.webp,seif_output\images\bronchodilator_1.webp,True,https://seif-online.com/en/product/medicine/respiratory-system/bronchodilator
Bronchodilator,Skin Care,,2,https://masterapi.witheldokan.com/storage/seif-pharmacies/uploads/601469.webp,seif_output\images\bronchodilator_2.webp,True,https://seif-online.com/en/product/medicine/respiratory-system/bronchodilator
Bronchodilator,Skin Care,,3,https://masterapi.witheldokan.com/storage/seif-pharmacies/uploads/382808.webp,seif_output\images\bronchodilator_3.webp,True,https://seif-online.com/en/product/medicine/respiratory-system/bronchodilator
Bronchodilator,Skin Care,,4,https://masterapi.witheldokan.com/storage/seif-pharmacies/uploads/431319.webp,seif_output\images\bronchodilator_4.webp,True,https://seif-online.com/en/product/medicine/respiratory-system/bronchodilator
Bronchodilator,Skin Care,,5,https://masterapi.witheldokan.com/storage/seif-pharmacies/uploads/56943.webp,seif_output\images\bronchodilator_5.webp,True,https://seif-online.com/en/product/medicine/respiratory-system/bronchodilator
Bronchodilator,Skin Care,,6,https://masterapi.witheldokan.com/storage/seif-pharmacies/uploads/613547.webp,seif_output\images\bronchodilator_6.webp,True,https://seif-online.com/en/product/medicine/respiratory-system/bronchodilator
Bronchodilator,Skin Care,,7,https://masterapi.witheldokan.com/storage/seif-pharmacies/uploads/1502.webp,seif_output\images\bronchodilator_7.webp,True,https://seif-online.com/en/product/medicine/respiratory-system/bronchodilator
Bronchodilator,Skin Care,,8,https://masterapi.witheldokan.com/storage/seif-pharmacies/uploads/51978.webp,seif_output\images\bronchodilator_8.webp,True,https://seif-online.com/en/product/medicine/respiratory-system/bronchodilator
Bronchodilator,Skin Care,,9,https://masterapi.witheldokan.com/storage/seif-pharmacies/uploads/3429.webp,seif_output\images\bronchodilator_9.webp,True,https://seif-online.com/en/product/medicine/respiratory-system/bronchodilator
Bronchodilator,Skin Care,,10,https://masterapi.witheldokan.com/storage/seif-pharmacies/uploads/167653.webp,seif_output\images\bronchodilator_10.webp,True,https://seif-online.com/en/product/medicine/respiratory-system/bronchodilator
Bronchodilator,Skin Care,,11,https://masterapi.witheldokan.com/storage/seif-pharmacies/uploads/64562.webp,seif_output\images\bronchodilator_11.webp,True,https://seif-online.com/en/product/medicine/respiratory-system/bronchodilator
Bronchodilator,Skin Care,,12,https://masterapi.witheldokan.com/storage/seif-pharmacies/uploads/2596.webp,seif_output\images\bronchodilator_12.webp,True,https://seif-online.com/en/product/medicine/respiratory-system/bronchodilator
Bronchodilator,Skin Care,,13,https://masterapi.witheldokan.com/storage/seif-pharmacies/uploads/281031.webp,seif_output\images\bronchodilator_13.webp,True,https://seif-online.com/en/product/medicine/respiratory-system/bronchodilator
Bronchodilator,Skin Care,,14,https://masterapi.witheldokan.com/storage/seif-pharmacies/uploads/141660.webp,seif_output\images\bronchodilator_14.webp,True,https://seif-online.com/en/product/medicine/respiratory-system/bronchodilator
Bronchodilator,Skin Care,,15,https://masterapi.witheldokan.com/storage/seif-pharmacies/uploads/608748.webp,seif_output\images\bronchodilator_15.webp,True,https://seif-online.com/en/product/medicine/respiratory-system/bronchodilator
Bronchodilator,Skin Care,,16,https://masterapi.witheldokan.com/storage/seif-pharmacies/uploads/371127.webp,seif_output\images\bronchodilator_16.webp,True,https://seif-online.com/en/product/medicine/respiratory-system/bronchodilator
Bronchodilator,Skin Care,,17,https://masterapi.witheldokan.com/storage/seif-pharmacies/uploads/1859.webp,seif_output\images\bronchodilator_17.webp,True,https://seif-online.com/en/product/medicine/respiratory-system/bronchodilator
Bronchodilator,Skin Care,,18,https://masterapi.witheldokan.com/storage/seif-pharmacies/uploads/288625.webp,seif_output\images\bronchodilator_18.webp,True,https://seif-online.com/en/product/medicine/respiratory-system/bronchodilator
Bronchodilator,Skin Care,,19,https://masterapi.witheldokan.com/storage/seif-pharmacies/uploads/388692.webp,seif_output\images\bronchodilator_19.webp,True,https://seif-online.com/en/product/medicine/respiratory-system/bronchodilator
Bronchodilator,Skin Care,,20,https://masterapi.witheldokan.com/storage/seif-pharmacies/uploads/37871.webp,seif_output\images\bronchodilator_20.webp,True,https://seif-online.com/en/product/medicine/respiratory-system/bronchodilator
Bronchodilator,Skin Care,,21,https://masterapi.witheldokan.com/storage/seif-pharmacies/uploads/252403.webp,seif_output\images\bronchodilator_21.webp,True,https://seif-online.com/en/product/medicine/respiratory-system/bronchodilator
Bronchodilator,Skin Care,,22,https://masterapi.witheldokan.com/storage/seif-pharmacies/uploads/601468.webp,seif_output\images\bronchodilator_22.webp,True,https://seif-online.com/en/product/medicine/respiratory-system/bronchodilator
Bronchodilator,Skin Care,,23,https://masterapi.witheldokan.com/storage/seif-pharmacies/uploads/157663.webp,seif_output\images\bronchodilator_23.webp,True,https://seif-online.com/en/product/medicine/respiratory-system/bronchodilator
Anti-Catarrhals,Skin Care,,1,https://masterapi.witheldokan.com/storage/seif-pharmacies/uploads/383069.webp,seif_output\images\anti_catarrhals_1.webp,True,https://seif-online.com/en/product/medicine/respiratory-system/anti-catarrhals
Anti-Catarrhals,Skin Care,,2,https://masterapi.witheldokan.com/storage/seif-pharmacies/uploads/611288.webp,seif_output\images\anti_catarrhals_2.webp,True,https://seif-online.com/en/product/medicine/respiratory-system/anti-catarrhals
Anti-Catarrhals,Skin Care,,3,https://masterapi.witheldokan.com/storage/seif-pharmacies/uploads/86085.webp,seif_output\images\anti_catarrhals_3.webp,True,https://seif-online.com/en/product/medicine/respiratory-system/anti-catarrhals
Anti-Catarrhals,Skin Care,,4,https://masterapi.witheldokan.com/storage/seif-pharmacies/uploads/152169.webp,seif_output\images\anti_catarrhals_4.webp,True,https://seif-online.com/en/product/medicine/respiratory-system/anti-catarrhals
Anti-Catarrhals,Skin Care,,5,https://masterapi.witheldokan.com/storage/seif-pharmacies/uploads/221461.webp,seif_output\images\anti_catarrhals_5.webp,True,https://seif-online.com/en/product/medicine/respiratory-system/anti-catarrhals
Anti-Catarrhals,Skin Care,,6,https://masterapi.witheldokan.com/storage/seif-pharmacies/uploads/1993.webp,seif_output\images\anti_catarrhals_6.webp,True,https://seif-online.com/en/product/medicine/respiratory-system/anti-catarrhals
Anti-Catarrhals,Skin Care,,7,https://masterapi.witheldokan.com/storage/seif-pharmacies/uploads/286400.webp,seif_output\images\anti_catarrhals_7.webp,True,https://seif-online.com/en/product/medicine/respiratory-system/anti-catarrhals
Anti-Catarrhals,Skin Care,,8,https://masterapi.witheldokan.com/storage/seif-pharmacies/uploads/54090.webp,seif_output\images\anti_catarrhals_8.webp,True,https://seif-online.com/en/product/medicine/respiratory-system/anti-catarrhals
Anti-Catarrhals,Skin Care,,9,https://masterapi.witheldokan.com/storage/seif-pharmacies/uploads/25779.webp,seif_output\images\anti_catarrhals_9.webp,True,https://seif-online.com/en/product/medicine/respiratory-system/anti-catarrhals
Anti-Catarrhals,Skin Care,,10,https://masterapi.witheldokan.com/storage/seif-pharmacies/uploads/114544.webp,seif_output\images\anti_catarrhals_10.webp,True,https://seif-online.com/en/product/medicine/respiratory-system/anti-catarrhals
Anti-Catarrhals,Skin Care,,11,https://masterapi.witheldokan.com/storage/seif-pharmacies/uploads/25782.webp,seif_output\images\anti_catarrhals_11.webp,True,https://seif-online.com/en/product/medicine/respiratory-system/anti-catarrhals
Anti-Catarrhals,Skin Care,,12,https://masterapi.witheldokan.com/storage/seif-pharmacies/uploads/54174.webp,seif_output\images\anti_catarrhals_12.webp,True,https://seif-online.com/en/product/medicine/respiratory-system/anti-catarrhals
Anti-Catarrhals,Skin Care,,13,https://masterapi.witheldokan.com/storage/seif-pharmacies/uploads/34999.webp,seif_output\images\anti_catarrhals_13.webp,True,https://seif-online.com/en/product/medicine/respiratory-system/anti-catarrhals
Anti-Catarrhals,Skin Care,,14,https://masterapi.witheldokan.com/storage/seif-pharmacies/uploads/98846.webp,seif_output\images\anti_catarrhals_14.webp,True,https://seif-online.com/en/product/medicine/respiratory-system/anti-catarrhals
Anti-Catarrhals,Skin Care,,15,https://masterapi.witheldokan.com/storage/seif-pharmacies/uploads/66920.webp,seif_output\images\anti_catarrhals_15.webp,True,https://seif-online.com/en/product/medicine/respiratory-system/anti-catarrhals
Anti-Catarrhals,Skin Care,,16,https://masterapi.witheldokan.com/storage/seif-pharmacies/uploads/611916.webp,seif_output\images\anti_catarrhals_16.webp,True,https://seif-online.com/en/product/medicine/respiratory-system/anti-catarrhals
Anti-Catarrhals,Skin Care,,17,https://masterapi.witheldokan.com/storage/seif-pharmacies/uploads/2599.webp,seif_output\images\anti_catarrhals_17.webp,True,https://seif-online.com/en/product/medicine/respiratory-system/anti-catarrhals
Anti-Catarrhals,Skin Care,,18,https://masterapi.witheldokan.com/storage/seif-pharmacies/uploads/613400.webp,seif_output\images\anti_catarrhals_18.webp,True,https://seif-online.com/en/product/medicine/respiratory-system/anti-catarrhals
Anti-Catarrhals,Skin Care,,19,https://masterapi.witheldokan.com/storage/seif-pharmacies/uploads/135841.webp,seif_output\images\anti_catarrhals_19.webp,True,https://seif-online.com/en/product/medicine/respiratory-system/anti-catarrhals
Anti-Catarrhals,Skin Care,,20,https://masterapi.witheldokan.com/storage/seif-pharmacies/uploads/61003.webp,seif_output\images\anti_catarrhals_20.webp,True,https://seif-online.com/en/product/medicine/respiratory-system/anti-catarrhals
Anti-Catarrhals,Skin Care,,21,https://masterapi.witheldokan.com/storage/seif-pharmacies/uploads/369131.webp,seif_output\images\anti_catarrhals_21.webp,True,https://seif-online.com/en/product/medicine/respiratory-system/anti-catarrhals
Anti-Catarrhals,Skin Care,,22,https://masterapi.witheldokan.com/storage/seif-pharmacies/uploads/611396.webp,seif_output\images\anti_catarrhals_22.webp,True,https://seif-online.com/en/product/medicine/respiratory-system/anti-catarrhals
Anti-Catarrhals,Skin Care,,23,https://masterapi.witheldokan.com/storage/seif-pharmacies/uploads/289206.webp,seif_output\images\anti_catarrhals_23.webp,True,https://seif-online.com/en/product/medicine/respiratory-system/anti-catarrhals
Anti- Histamines&Anti-Inflam,Skin Care,,1,https://masterapi.witheldokan.com/storage/seif-pharmacies/uploads/280401.webp,seif_output\images\anti_histaminesanti_inflam_1.webp,True,https://seif-online.com/en/product/medicine/respiratory-system/anti-histaminesanti-inflam
Anti- Histamines&Anti-Inflam,Skin Care,,2,https://masterapi.witheldokan.com/storage/seif-pharmacies/uploads/57612.webp,seif_output\images\anti_histaminesanti_inflam_2.webp,True,https://seif-online.com/en/product/medicine/respiratory-system/anti-histaminesanti-inflam
Anti- Histamines&Anti-Inflam,Skin Care,,3,https://masterapi.witheldokan.com/storage/seif-pharmacies/uploads/4028.webp,seif_output\images\anti_histaminesanti_inflam_3.webp,True,https://seif-online.com/en/product/medicine/respiratory-system/anti-histaminesanti-inflam
Anti- Histamines&Anti-Inflam,Skin Care,,4,https://masterapi.witheldokan.com/storage/seif-pharmacies/uploads/322760.webp,seif_output\images\anti_histaminesanti_inflam_4.webp,True,https://seif-online.com/en/product/medicine/respiratory-system/anti-histaminesanti-inflam
Anti- Histamines&Anti-Inflam,Skin Care,,5,https://masterapi.witheldokan.com/storage/seif-pharmacies/uploads/57608.webp,seif_output\images\anti_histaminesanti_inflam_5.webp,True,https://seif-online.com/en/product/medicine/respiratory-system/anti-histaminesanti-inflam
Anti- Histamines&Anti-Inflam,Skin Care,,6,https://masterapi.witheldokan.com/storage/seif-pharmacies/uploads/10653.webp,seif_output\images\anti_histaminesanti_inflam_6.webp,True,https://seif-online.com/en/product/medicine/respiratory-system/anti-histaminesanti-inflam
Anti- Histamines&Anti-Inflam,Skin Care,,7,https://masterapi.witheldokan.com/storage/seif-pharmacies/uploads/55648.webp,seif_output\images\anti_histaminesanti_inflam_7.webp,True,https://seif-online.com/en/product/medicine/respiratory-system/anti-histaminesanti-inflam
Anti- Histamines&Anti-Inflam,Skin Care,,8,https://masterapi.witheldokan.com/storage/seif-pharmacies/uploads/147523.webp,seif_output\images\anti_histaminesanti_inflam_8.webp,True,https://seif-online.com/en/product/medicine/respiratory-system/anti-histaminesanti-inflam
Anti- Histamines&Anti-Inflam,Skin Care,,9,https://masterapi.witheldokan.com/storage/seif-pharmacies/uploads/119082.webp,seif_output\images\anti_histaminesanti_inflam_9.webp,True,https://seif-online.com/en/product/medicine/respiratory-system/anti-histaminesanti-inflam
Anti- Histamines&Anti-Inflam,Skin Care,,10,https://masterapi.witheldokan.com/storage/seif-pharmacies/uploads/265848.webp,seif_output\images\anti_histaminesanti_inflam_10.webp,True,https://seif-online.com/en/product/medicine/respiratory-system/anti-histaminesanti-inflam
Anti- Histamines&Anti-Inflam,Skin Care,,11,https://masterapi.witheldokan.com/storage/seif-pharmacies/uploads/60339.webp,seif_output\images\anti_histaminesanti_inflam_11.webp,True,https://seif-online.com/en/product/medicine/respiratory-system/anti-histaminesanti-inflam
Anti- Histamines&Anti-Inflam,Skin Care,,12,https://masterapi.witheldokan.com/storage/seif-pharmacies/uploads/611993.webp,seif_output\images\anti_histaminesanti_inflam_12.webp,True,https://seif-online.com/en/product/medicine/respiratory-system/anti-histaminesanti-inflam
Anti- Histamines&Anti-Inflam,Skin Care,,13,https://masterapi.witheldokan.com/storage/seif-pharmacies/uploads/401154.webp,seif_output\images\anti_histaminesanti_inflam_13.webp,True,https://seif-online.com/en/product/medicine/respiratory-system/anti-histaminesanti-inflam
Anti- Histamines&Anti-Inflam,Skin Care,,14,https://masterapi.witheldokan.com/storage/seif-pharmacies/uploads/841.webp,seif_output\images\anti_histaminesanti_inflam_14.webp,True,https://seif-online.com/en/product/medicine/respiratory-system/anti-histaminesanti-inflam
Anti- Histamines&Anti-Inflam,Skin Care,,15,https://masterapi.witheldokan.com/storage/seif-pharmacies/uploads/34410.webp,seif_output\images\anti_histaminesanti_inflam_15.webp,True,https://seif-online.com/en/product/medicine/respiratory-system/anti-histaminesanti-inflam
Anti- Histamines&Anti-Inflam,Skin Care,,16,https://masterapi.witheldokan.com/storage/seif-pharmacies/uploads/323745.webp,seif_output\images\anti_histaminesanti_inflam_16.webp,True,https://seif-online.com/en/product/medicine/respiratory-system/anti-histaminesanti-inflam
Anti- Histamines&Anti-Inflam,Skin Care,,17,https://masterapi.witheldokan.com/storage/seif-pharmacies/uploads/401584.webp,seif_output\images\anti_histaminesanti_inflam_17.webp,True,https://seif-online.com/en/product/medicine/respiratory-system/anti-histaminesanti-inflam
Anti- Histamines&Anti-Inflam,Skin Care,,18,https://masterapi.witheldokan.com/storage/seif-pharmacies/uploads/34413.webp,seif_output\images\anti_histaminesanti_inflam_18.webp,True,https://seif-online.com/en/product/medicine/respiratory-system/anti-histaminesanti-inflam
Anti- Histamines&Anti-Inflam,Skin Care,,19,https://masterapi.witheldokan.com/storage/seif-pharmacies/uploads/88073.webp,seif_output\images\anti_histaminesanti_inflam_19.webp,True,https://seif-online.com/en/product/medicine/respiratory-system/anti-histaminesanti-inflam
Anti- Histamines&Anti-Inflam,Skin Care,,20,https://masterapi.witheldokan.com/storage/seif-pharmacies/uploads/294882.webp,seif_output\images\anti_histaminesanti_inflam_20.webp,True,https://seif-online.com/en/product/medicine/respiratory-system/anti-histaminesanti-inflam
Anti- Histamines&Anti-Inflam,Skin Care,,21,https://masterapi.witheldokan.com/storage/seif-pharmacies/uploads/253188.webp,seif_output\images\anti_histaminesanti_inflam_21.webp,True,https://seif-online.com/en/product/medicine/respiratory-system/anti-histaminesanti-inflam
Anti- Histamines&Anti-Inflam,Skin Care,,22,https://masterapi.witheldokan.com/storage/seif-pharmacies/uploads/323513.webp,seif_output\images\anti_histaminesanti_inflam_22.webp,True,https://seif-online.com/en/product/medicine/respiratory-system/anti-histaminesanti-inflam
Nicotine Replacement Therapy,Skin Care,,1,https://masterapi.witheldokan.com/storage/seif-pharmacies/uploads/607730.webp,seif_output\images\nicotine_replacement_therapy_1.webp,True,https://seif-online.com/en/product/medicine/respiratory-system/nicotine-replacement-therapy
Mucolytic / Muco-Regulator,Skin Care,,1,https://masterapi.witheldokan.com/storage/seif-pharmacies/uploads/63563.webp,seif_output\images\mucolytic_muco_regulator_1.webp,True,https://seif-online.com/en/product/medicine/respiratory-system/mucolytic-muco-regulator
Mucolytic / Muco-Regulator,Skin Care,,2,https://masterapi.witheldokan.com/storage/seif-pharmacies/uploads/1235.webp,seif_output\images\mucolytic_muco_regulator_2.webp,True,https://seif-online.com/en/product/medicine/respiratory-system/mucolytic-muco-regulator
Mucolytic / Muco-Regulator,Skin Care,,3,https://masterapi.witheldokan.com/storage/seif-pharmacies/uploads/396737.webp,seif_output\images\mucolytic_muco_regulator_3.webp,True,https://seif-online.com/en/product/medicine/respiratory-system/mucolytic-muco-regulator
Mucolytic / Muco-Regulator,Skin Care,,4,https://masterapi.witheldokan.com/storage/seif-pharmacies/uploads/263193.webp,seif_output\images\mucolytic_muco_regulator_4.webp,True,https://seif-online.com/en/product/medicine/respiratory-system/mucolytic-muco-regulator
Mucolytic / Muco-Regulator,Skin Care,,5,https://masterapi.witheldokan.com/storage/seif-pharmacies/uploads/259042.webp,seif_output\images\mucolytic_muco_regulator_5.webp,True,https://seif-online.com/en/product/medicine/respiratory-system/mucolytic-muco-regulator
Mucolytic / Muco-Regulator,Skin Care,,6,https://masterapi.witheldokan.com/storage/seif-pharmacies/uploads/2474.webp,seif_output\images\mucolytic_muco_regulator_6.webp,True,https://seif-online.com/en/product/medicine/respiratory-system/mucolytic-muco-regulator
Mucolytic / Muco-Regulator,Skin Care,,7,https://masterapi.witheldokan.com/storage/seif-pharmacies/uploads/3335.webp,seif_output\images\mucolytic_muco_regulator_7.webp,True,https://seif-online.com/en/product/medicine/respiratory-system/mucolytic-muco-regulator
Mucolytic / Muco-Regulator,Skin Care,,8,https://masterapi.witheldokan.com/storage/seif-pharmacies/uploads/191.webp,seif_output\images\mucolytic_muco_regulator_8.webp,True,https://seif-online.com/en/product/medicine/respiratory-system/mucolytic-muco-regulator
Mucolytic / Muco-Regulator,Skin Care,,9,https://masterapi.witheldokan.com/storage/seif-pharmacies/uploads/3346.webp,seif_output\images\mucolytic_muco_regulator_9.webp,True,https://seif-online.com/en/product/medicine/respiratory-system/mucolytic-muco-regulator
Mucolytic / Muco-Regulator,Skin Care,,10,https://masterapi.witheldokan.com/storage/seif-pharmacies/uploads/350251.webp,seif_output\images\mucolytic_muco_regulator_10.webp,True,https://seif-online.com/en/product/medicine/respiratory-system/mucolytic-muco-regulator
Mucolytic / Muco-Regulator,Skin Care,,11,https://masterapi.witheldokan.com/storage/seif-pharmacies/uploads/55462.webp,seif_output\images\mucolytic_muco_regulator_11.webp,True,https://seif-online.com/en/product/medicine/respiratory-system/mucolytic-muco-regulator
Mucolytic / Muco-Regulator,Skin Care,,12,https://masterapi.witheldokan.com/storage/seif-pharmacies/uploads/2965.webp,seif_output\images\mucolytic_muco_regulator_12.webp,True,https://seif-online.com/en/product/medicine/respiratory-system/mucolytic-muco-regulator
Mucolytic / Muco-Regulator,Skin Care,,13,https://masterapi.witheldokan.com/storage/seif-pharmacies/uploads/2702.webp,seif_output\images\mucolytic_muco_regulator_13.webp,True,https://seif-online.com/en/product/medicine/respiratory-system/mucolytic-muco-regulator
Mucolytic / Muco-Regulator,Skin Care,,14,https://masterapi.witheldokan.com/storage/seif-pharmacies/uploads/611762.webp,seif_output\images\mucolytic_muco_regulator_14.webp,True,https://seif-online.com/en/product/medicine/respiratory-system/mucolytic-muco-regulator
Mucolytic / Muco-Regulator,Skin Care,,15,https://masterapi.witheldokan.com/storage/seif-pharmacies/uploads/282378.webp,seif_output\images\mucolytic_muco_regulator_15.webp,True,https://seif-online.com/en/product/medicine/respiratory-system/mucolytic-muco-regulator
Mucolytic / Muco-Regulator,Skin Care,,16,https://masterapi.witheldokan.com/storage/seif-pharmacies/uploads/3345.webp,seif_output\images\mucolytic_muco_regulator_16.webp,True,https://seif-online.com/en/product/medicine/respiratory-system/mucolytic-muco-regulator
Mucolytic / Muco-Regulator,Skin Care,,17,https://masterapi.witheldokan.com/storage/seif-pharmacies/uploads/61377.webp,seif_output\images\mucolytic_muco_regulator_17.webp,True,https://seif-online.com/en/product/medicine/respiratory-system/mucolytic-muco-regulator
Mucolytic / Muco-Regulator,Skin Care,,18,https://masterapi.witheldokan.com/storage/seif-pharmacies/uploads/322105.webp,seif_output\images\mucolytic_muco_regulator_18.webp,True,https://seif-online.com/en/product/medicine/respiratory-system/mucolytic-muco-regulator
Mucolytic / Muco-Regulator,Skin Care,,19,https://masterapi.witheldokan.com/storage/seif-pharmacies/uploads/601912.webp,seif_output\images\mucolytic_muco_regulator_19.webp,True,https://seif-online.com/en/product/medicine/respiratory-system/mucolytic-muco-regulator
Mucolytic / Muco-Regulator,Skin Care,,20,https://masterapi.witheldokan.com/storage/seif-pharmacies/uploads/611761.webp,seif_output\images\mucolytic_muco_regulator_20.webp,True,https://seif-online.com/en/product/medicine/respiratory-system/mucolytic-muco-regulator
Mucolytic / Muco-Regulator,Skin Care,,21,https://masterapi.witheldokan.com/storage/seif-pharmacies/uploads/553.webp,seif_output\images\mucolytic_muco_regulator_21.webp,True,https://seif-online.com/en/product/medicine/respiratory-system/mucolytic-muco-regulator
Mucolytic / Muco-Regulator,Skin Care,,22,https://masterapi.witheldokan.com/storage/seif-pharmacies/uploads/189.webp,seif_output\images\mucolytic_muco_regulator_22.webp,True,https://seif-online.com/en/product/medicine/respiratory-system/mucolytic-muco-regulator
Mucolytic / Muco-Regulator,Skin Care,,23,https://masterapi.witheldokan.com/storage/seif-pharmacies/uploads/61376.webp,seif_output\images\mucolytic_muco_regulator_23.webp,True,https://seif-online.com/en/product/medicine/respiratory-system/mucolytic-muco-regulator
Anti-Tussive,Skin Care,,1,https://masterapi.witheldokan.com/storage/seif-pharmacies/uploads/57613.webp,seif_output\images\anti_tussive_1.webp,True,https://seif-online.com/en/product/medicine/respiratory-system/anti-tussive
Anti-Tussive,Skin Care,,2,https://masterapi.witheldokan.com/storage/seif-pharmacies/uploads/608693.webp,seif_output\images\anti_tussive_2.webp,True,https://seif-online.com/en/product/medicine/respiratory-system/anti-tussive
Anti-Tussive,Skin Care,,3,https://masterapi.witheldokan.com/storage/seif-pharmacies/uploads/309683.webp,seif_output\images\anti_tussive_3.webp,True,https://seif-online.com/en/product/medicine/respiratory-system/anti-tussive
Anti-Tussive,Skin Care,,4,https://masterapi.witheldokan.com/storage/seif-pharmacies/uploads/612442.webp,seif_output\images\anti_tussive_4.webp,True,https://seif-online.com/en/product/medicine/respiratory-system/anti-tussive
Anti-Tussive,Skin Care,,5,https://masterapi.witheldokan.com/storage/seif-pharmacies/uploads/1211.webp,seif_output\images\anti_tussive_5.webp,True,https://seif-online.com/en/product/medicine/respiratory-system/anti-tussive
Anti-Tussive,Skin Care,,6,https://masterapi.witheldokan.com/storage/seif-pharmacies/uploads/459.webp,seif_output\images\anti_tussive_6.webp,True,https://seif-online.com/en/product/medicine/respiratory-system/anti-tussive
Anti-Tussive,Skin Care,,7,https://masterapi.witheldokan.com/storage/seif-pharmacies/uploads/404264.webp,seif_output\images\anti_tussive_7.webp,True,https://seif-online.com/en/product/medicine/respiratory-system/anti-tussive
Anti-Tussive,Skin Care,,8,https://masterapi.witheldokan.com/storage/seif-pharmacies/uploads/2712.webp,seif_output\images\anti_tussive_8.webp,True,https://seif-online.com/en/product/medicine/respiratory-system/anti-tussive
Anti-Tussive,Skin Care,,9,https://masterapi.witheldokan.com/storage/seif-pharmacies/uploads/178492.webp,seif_output\images\anti_tussive_9.webp,True,https://seif-online.com/en/product/medicine/respiratory-system/anti-tussive
Anti-Tussive,Skin Care,,10,https://masterapi.witheldokan.com/storage/seif-pharmacies/uploads/141357.webp,seif_output\images\anti_tussive_10.webp,True,https://seif-online.com/en/product/medicine/respiratory-system/anti-tussive
Anti-Tussive,Skin Care,,11,https://masterapi.witheldokan.com/storage/seif-pharmacies/uploads/67288.webp,seif_output\images\anti_tussive_11.webp,True,https://seif-online.com/en/product/medicine/respiratory-system/anti-tussive
Anti-Tussive,Skin Care,,12,https://masterapi.witheldokan.com/storage/seif-pharmacies/uploads/2129.webp,seif_output\images\anti_tussive_12.webp,True,https://seif-online.com/en/product/medicine/respiratory-system/anti-tussive
Anti-Tussive,Skin Care,,13,https://masterapi.witheldokan.com/storage/seif-pharmacies/uploads/2204.webp,seif_output\images\anti_tussive_13.webp,True,https://seif-online.com/en/product/medicine/respiratory-system/anti-tussive
Anti-Tussive,Skin Care,,14,https://masterapi.witheldokan.com/storage/seif-pharmacies/uploads/29276.webp,seif_output\images\anti_tussive_14.webp,True,https://seif-online.com/en/product/medicine/respiratory-system/anti-tussive
Anti-Tussive,Skin Care,,15,https://masterapi.witheldokan.com/storage/seif-pharmacies/uploads/109330.webp,seif_output\images\anti_tussive_15.webp,True,https://seif-online.com/en/product/medicine/respiratory-system/anti-tussive
Gastro-Intestinal Tract,Skin Care,,1,https://masterapi.witheldokan.com/storage/seif-pharmacies/uploads/10593.webp,seif_output\images\gastro_intestinal_tract_1.webp,True,https://seif-online.com/en/product/medicine/gastro-intestinal-tract
Gastro-Intestinal Tract,Skin Care,,2,https://masterapi.witheldokan.com/storage/seif-pharmacies/uploads/48796.webp,seif_output\images\gastro_intestinal_tract_2.webp,True,https://seif-online.com/en/product/medicine/gastro-intestinal-tract
Gastro-Intestinal Tract,Skin Care,,3,https://masterapi.witheldokan.com/storage/seif-pharmacies/uploads/397215.webp,seif_output\images\gastro_intestinal_tract_3.webp,True,https://seif-online.com/en/product/medicine/gastro-intestinal-tract
Gastro-Intestinal Tract,Skin Care,,4,https://masterapi.witheldokan.com/storage/seif-pharmacies/uploads/262404.webp,seif_output\images\gastro_intestinal_tract_4.webp,True,https://seif-online.com/en/product/medicine/gastro-intestinal-tract
Gastro-Intestinal Tract,Skin Care,,5,https://masterapi.witheldokan.com/storage/seif-pharmacies/uploads/75749.webp,seif_output\images\gastro_intestinal_tract_5.webp,True,https://seif-online.com/en/product/medicine/gastro-intestinal-tract
Gastro-Intestinal Tract,Skin Care,,6,https://masterapi.witheldokan.com/storage/seif-pharmacies/uploads/302248.webp,seif_output\images\gastro_intestinal_tract_6.webp,True,https://seif-online.com/en/product/medicine/gastro-intestinal-tract
Gastro-Intestinal Tract,Skin Care,,7,https://masterapi.witheldokan.com/storage/seif-pharmacies/uploads/207702.webp,seif_output\images\gastro_intestinal_tract_7.webp,True,https://seif-online.com/en/product/medicine/gastro-intestinal-tract
Gastro-Intestinal Tract,Skin Care,,8,https://masterapi.witheldokan.com/storage/seif-pharmacies/uploads/2996.webp,seif_output\images\gastro_intestinal_tract_8.webp,True,https://seif-online.com/en/product/medicine/gastro-intestinal-tract
Gastro-Intestinal Tract,Skin Care,,9,https://masterapi.witheldokan.com/storage/seif-pharmacies/uploads/3007.webp,seif_output\images\gastro_intestinal_tract_9.webp,True,https://seif-online.com/en/product/medicine/gastro-intestinal-tract
Gastro-Intestinal Tract,Skin Care,,10,https://masterapi.witheldokan.com/storage/seif-pharmacies/uploads/75233.webp,seif_output\images\gastro_intestinal_tract_10.webp,True,https://seif-online.com/en/product/medicine/gastro-intestinal-tract
Gastro-Intestinal Tract,Skin Care,,11,https://masterapi.witheldokan.com/storage/seif-pharmacies/uploads/29324.webp,seif_output\images\gastro_intestinal_tract_11.webp,True,https://seif-online.com/en/product/medicine/gastro-intestinal-tract
Gastro-Intestinal Tract,Skin Care,,12,https://masterapi.witheldokan.com/storage/seif-pharmacies/uploads/171149.webp,seif_output\images\gastro_intestinal_tract_12.webp,True,https://seif-online.com/en/product/medicine/gastro-intestinal-tract
Gastro-Intestinal Tract,Skin Care,,13,https://masterapi.witheldokan.com/storage/seif-pharmacies/uploads/169518.webp,seif_output\images\gastro_intestinal_tract_13.webp,True,https://seif-online.com/en/product/medicine/gastro-intestinal-tract
Gastro-Intestinal Tract,Skin Care,,14,https://masterapi.witheldokan.com/storage/seif-pharmacies/uploads/26563.webp,seif_output\images\gastro_intestinal_tract_14.webp,True,https://seif-online.com/en/product/medicine/gastro-intestinal-tract
Gastro-Intestinal Tract,Skin Care,,15,https://masterapi.witheldokan.com/storage/seif-pharmacies/uploads/230596.webp,seif_output\images\gastro_intestinal_tract_15.webp,True,https://seif-online.com/en/product/medicine/gastro-intestinal-tract
Gastro-Intestinal Tract,Skin Care,,16,https://masterapi.witheldokan.com/storage/seif-pharmacies/uploads/3908.webp,seif_output\images\gastro_intestinal_tract_16.webp,True,https://seif-online.com/en/product/medicine/gastro-intestinal-tract
Gastro-Intestinal Tract,Skin Care,,17,https://masterapi.witheldokan.com/storage/seif-pharmacies/uploads/196505.webp,seif_output\images\gastro_intestinal_tract_17.webp,True,https://seif-online.com/en/product/medicine/gastro-intestinal-tract
Gastro-Intestinal Tract,Skin Care,,18,https://masterapi.witheldokan.com/storage/seif-pharmacies/uploads/75401.webp,seif_output\images\gastro_intestinal_tract_18.webp,True,https://seif-online.com/en/product/medicine/gastro-intestinal-tract
Gastro-Intestinal Tract,Skin Care,,19,https://cdn.supercommerce.io/seif-pharmacies/uploads/384755.webp,seif_output\images\gastro_intestinal_tract_19.webp,True,https://seif-online.com/en/product/medicine/gastro-intestinal-tract
Gastro-Intestinal Tract,Skin Care,,20,https://masterapi.witheldokan.com/storage/seif-pharmacies/uploads/400650.webp,seif_output\images\gastro_intestinal_tract_20.webp,True,https://seif-online.com/en/product/medicine/gastro-intestinal-tract
Gastro-Intestinal Tract,Skin Care,,21,https://masterapi.witheldokan.com/storage/seif-pharmacies/uploads/2610.webp,seif_output\images\gastro_intestinal_tract_21.webp,True,https://seif-online.com/en/product/medicine/gastro-intestinal-tract
Gastro-Intestinal Tract,Skin Care,,22,https://masterapi.witheldokan.com/storage/seif-pharmacies/uploads/375244.webp,seif_output\images\gastro_intestinal_tract_22.webp,True,https://seif-online.com/en/product/medicine/gastro-intestinal-tract
Gastro-Intestinal Tract,Skin Care,,23,https://masterapi.witheldokan.com/storage/seif-pharmacies/uploads/849.webp,seif_output\images\gastro_intestinal_tract_23.webp,True,https://seif-online.com/en/product/medicine/gastro-intestinal-tract
Gastro-Intestinal Tract,Skin Care,,24,https://cdn.supercommerce.io/seif-pharmacies/uploads/618049-1769519551.webp,seif_output\images\gastro_intestinal_tract_24.webp,True,https://seif-online.com/en/product/medicine/gastro-intestinal-tract
Antacids,Skin Care,,1,https://masterapi.witheldokan.com/storage/seif-pharmacies/uploads/171149.webp,seif_output\images\antacids_1.webp,True,https://seif-online.com/en/product/medicine/gastro-intestinal-tract/antacids
Antacids,Skin Care,,2,https://masterapi.witheldokan.com/storage/seif-pharmacies/uploads/2610.webp,seif_output\images\antacids_2.webp,True,https://seif-online.com/en/product/medicine/gastro-intestinal-tract/antacids
Antacids,Skin Care,,3,https://masterapi.witheldokan.com/storage/seif-pharmacies/uploads/611904.webp,seif_output\images\antacids_3.webp,True,https://seif-online.com/en/product/medicine/gastro-intestinal-tract/antacids
Antacids,Skin Care,,4,https://masterapi.witheldokan.com/storage/seif-pharmacies/uploads/613497.webp,seif_output\images\antacids_4.webp,True,https://seif-online.com/en/product/medicine/gastro-intestinal-tract/antacids
Antacids,Skin Care,,5,https://masterapi.witheldokan.com/storage/seif-pharmacies/uploads/47260.webp,seif_output\images\antacids_5.webp,True,https://seif-online.com/en/product/medicine/gastro-intestinal-tract/antacids
Antacids,Skin Care,,6,https://masterapi.witheldokan.com/storage/seif-pharmacies/uploads/606741-1760869255.webp,seif_output\images\antacids_6.webp,True,https://seif-online.com/en/product/medicine/gastro-intestinal-tract/antacids
Antacids,Skin Care,,7,https://masterapi.witheldokan.com/storage/seif-pharmacies/uploads/606742-1760869885.webp,seif_output\images\antacids_7.webp,True,https://seif-online.com/en/product/medicine/gastro-intestinal-tract/antacids
Antacids,Skin Care,,8,https://masterapi.witheldokan.com/storage/seif-pharmacies/uploads/2217.webp,seif_output\images\antacids_8.webp,True,https://seif-online.com/en/product/medicine/gastro-intestinal-tract/antacids
Antacids,Skin Care,,9,https://masterapi.witheldokan.com/storage/seif-pharmacies/uploads/3845.webp,seif_output\images\antacids_9.webp,True,https://seif-online.com/en/product/medicine/gastro-intestinal-tract/antacids
Antacids,Skin Care,,10,https://masterapi.witheldokan.com/storage/seif-pharmacies/uploads/33.webp,seif_output\images\antacids_10.webp,True,https://seif-online.com/en/product/medicine/gastro-intestinal-tract/antacids
Antacids,Skin Care,,11,https://masterapi.witheldokan.com/storage/seif-pharmacies/uploads/318075.webp,seif_output\images\antacids_11.webp,True,https://seif-online.com/en/product/medicine/gastro-intestinal-tract/antacids
Antacids,Skin Care,,12,https://masterapi.witheldokan.com/storage/seif-pharmacies/uploads/611711.webp,seif_output\images\antacids_12.webp,True,https://seif-online.com/en/product/medicine/gastro-intestinal-tract/antacids
Antacids,Skin Care,,13,https://masterapi.witheldokan.com/storage/seif-pharmacies/uploads/307300.webp,seif_output\images\antacids_13.webp,True,https://seif-online.com/en/product/medicine/gastro-intestinal-tract/antacids
Antacids,Skin Care,,14,https://masterapi.witheldokan.com/storage/seif-pharmacies/uploads/609571.webp,seif_output\images\antacids_14.webp,True,https://seif-online.com/en/product/medicine/gastro-intestinal-tract/antacids
Antacids,Skin Care,,15,https://masterapi.witheldokan.com/storage/seif-pharmacies/uploads/50649.webp,seif_output\images\antacids_15.webp,True,https://seif-online.com/en/product/medicine/gastro-intestinal-tract/antacids
Antacids,Skin Care,,16,https://masterapi.witheldokan.com/storage/seif-pharmacies/uploads/75773.webp,seif_output\images\antacids_16.webp,True,https://seif-online.com/en/product/medicine/gastro-intestinal-tract/antacids
Antacids,Skin Care,,17,https://masterapi.witheldokan.com/storage/seif-pharmacies/uploads/93108.webp,seif_output\images\antacids_17.webp,True,https://seif-online.com/en/product/medicine/gastro-intestinal-tract/antacids
Antacids,Skin Care,,18,https://masterapi.witheldokan.com/storage/seif-pharmacies/uploads/296278.webp,seif_output\images\antacids_18.webp,True,https://seif-online.com/en/product/medicine/gastro-intestinal-tract/antacids
Antacids,Skin Care,,19,https://masterapi.witheldokan.com/storage/seif-pharmacies/uploads/317061.webp,seif_output\images\antacids_19.webp,True,https://seif-online.com/en/product/medicine/gastro-intestinal-tract/antacids
Antacids,Skin Care,,20,https://masterapi.witheldokan.com/storage/seif-pharmacies/uploads/383867.webp,seif_output\images\antacids_20.webp,True,https://seif-online.com/en/product/medicine/gastro-intestinal-tract/antacids
Antacids,Skin Care,,21,https://masterapi.witheldokan.com/storage/seif-pharmacies/uploads/390538.webp,seif_output\images\antacids_21.webp,True,https://seif-online.com/en/product/medicine/gastro-intestinal-tract/antacids
Antacids,Skin Care,,22,https://masterapi.witheldokan.com/storage/seif-pharmacies/uploads/610420.webp,seif_output\images\antacids_22.webp,True,https://seif-online.com/en/product/medicine/gastro-intestinal-tract/antacids
Cathartic/Laxative/Purgative,Skin Care,,1,https://masterapi.witheldokan.com/storage/seif-pharmacies/uploads/366055.webp,seif_output\images\catharticlaxativepurgative_1.webp,True,https://seif-online.com/en/product/medicine/gastro-intestinal-tract/cathartic-laxative-purgative
Cathartic/Laxative/Purgative,Skin Care,,2,https://masterapi.witheldokan.com/storage/seif-pharmacies/uploads/2088.webp,seif_output\images\catharticlaxativepurgative_2.webp,True,https://seif-online.com/en/product/medicine/gastro-intestinal-tract/cathartic-laxative-purgative
Cathartic/Laxative/Purgative,Skin Care,,3,https://masterapi.witheldokan.com/storage/seif-pharmacies/uploads/399574.webp,seif_output\images\catharticlaxativepurgative_3.webp,True,https://seif-online.com/en/product/medicine/gastro-intestinal-tract/cathartic-laxative-purgative
Cathartic/Laxative/Purgative,Skin Care,,4,https://masterapi.witheldokan.com/storage/seif-pharmacies/uploads/975.webp,seif_output\images\catharticlaxativepurgative_4.webp,True,https://seif-online.com/en/product/medicine/gastro-intestinal-tract/cathartic-laxative-purgative
Cathartic/Laxative/Purgative,Skin Care,,5,https://masterapi.witheldokan.com/storage/seif-pharmacies/uploads/382473.webp,seif_output\images\catharticlaxativepurgative_5.webp,True,https://seif-online.com/en/product/medicine/gastro-intestinal-tract/cathartic-laxative-purgative
Cathartic/Laxative/Purgative,Skin Care,,6,https://masterapi.witheldokan.com/storage/seif-pharmacies/uploads/30432.webp,seif_output\images\catharticlaxativepurgative_6.webp,True,https://seif-online.com/en/product/medicine/gastro-intestinal-tract/cathartic-laxative-purgative
Cathartic/Laxative/Purgative,Skin Care,,7,https://masterapi.witheldokan.com/storage/seif-pharmacies/uploads/26870.webp,seif_output\images\catharticlaxativepurgative_7.webp,True,https://seif-online.com/en/product/medicine/gastro-intestinal-tract/cathartic-laxative-purgative
Cathartic/Laxative/Purgative,Skin Care,,8,https://masterapi.witheldokan.com/storage/seif-pharmacies/uploads/2291.webp,seif_output\images\catharticlaxativepurgative_8.webp,True,https://seif-online.com/en/product/medicine/gastro-intestinal-tract/cathartic-laxative-purgative
Cathartic/Laxative/Purgative,Skin Care,,9,https://masterapi.witheldokan.com/storage/seif-pharmacies/uploads/604237.webp,seif_output\images\catharticlaxativepurgative_9.webp,True,https://seif-online.com/en/product/medicine/gastro-intestinal-tract/cathartic-laxative-purgative
Cathartic/Laxative/Purgative,Skin Care,,10,https://masterapi.witheldokan.com/storage/seif-pharmacies/uploads/382472.webp,seif_output\images\catharticlaxativepurgative_10.webp,True,https://seif-online.com/en/product/medicine/gastro-intestinal-tract/cathartic-laxative-purgative
Cathartic/Laxative/Purgative,Skin Care,,11,https://masterapi.witheldokan.com/storage/seif-pharmacies/uploads/46842.webp,seif_output\images\catharticlaxativepurgative_11.webp,True,https://seif-online.com/en/product/medicine/gastro-intestinal-tract/cathartic-laxative-purgative
Cathartic/Laxative/Purgative,Skin Care,,12,https://masterapi.witheldokan.com/storage/seif-pharmacies/uploads/375760.webp,seif_output\images\catharticlaxativepurgative_12.webp,True,https://seif-online.com/en/product/medicine/gastro-intestinal-tract/cathartic-laxative-purgative
Cathartic/Laxative/Purgative,Skin Care,,13,https://masterapi.witheldokan.com/storage/seif-pharmacies/uploads/322302.webp,seif_output\images\catharticlaxativepurgative_13.webp,True,https://seif-online.com/en/product/medicine/gastro-intestinal-tract/cathartic-laxative-purgative
Cathartic/Laxative/Purgative,Skin Care,,14,https://masterapi.witheldokan.com/storage/seif-pharmacies/uploads/431454.webp,seif_output\images\catharticlaxativepurgative_14.webp,True,https://seif-online.com/en/product/medicine/gastro-intestinal-tract/cathartic-laxative-purgative
Cathartic/Laxative/Purgative,Skin Care,,15,https://masterapi.witheldokan.com/storage/seif-pharmacies/uploads/199555.webp,seif_output\images\catharticlaxativepurgative_15.webp,True,https://seif-online.com/en/product/medicine/gastro-intestinal-tract/cathartic-laxative-purgative
Cathartic/Laxative/Purgative,Skin Care,,16,https://masterapi.witheldokan.com/storage/seif-pharmacies/uploads/309271.webp,seif_output\images\catharticlaxativepurgative_16.webp,True,https://seif-online.com/en/product/medicine/gastro-intestinal-tract/cathartic-laxative-purgative
Cathartic/Laxative/Purgative,Skin Care,,17,https://masterapi.witheldokan.com/storage/seif-pharmacies/uploads/372804.webp,seif_output\images\catharticlaxativepurgative_17.webp,True,https://seif-online.com/en/product/medicine/gastro-intestinal-tract/cathartic-laxative-purgative
Cathartic/Laxative/Purgative,Skin Care,,18,https://masterapi.witheldokan.com/storage/seif-pharmacies/uploads/2872.webp,seif_output\images\catharticlaxativepurgative_18.webp,True,https://seif-online.com/en/product/medicine/gastro-intestinal-tract/cathartic-laxative-purgative
Cathartic/Laxative/Purgative,Skin Care,,19,https://masterapi.witheldokan.com/storage/seif-pharmacies/uploads/265265.webp,seif_output\images\catharticlaxativepurgative_19.webp,True,https://seif-online.com/en/product/medicine/gastro-intestinal-tract/cathartic-laxative-purgative
Cathartic/Laxative/Purgative,Skin Care,,20,https://masterapi.witheldokan.com/storage/seif-pharmacies/uploads/44123.webp,seif_output\images\catharticlaxativepurgative_20.webp,True,https://seif-online.com/en/product/medicine/gastro-intestinal-tract/cathartic-laxative-purgative
Cathartic/Laxative/Purgative,Skin Care,,21,https://masterapi.witheldokan.com/storage/seif-pharmacies/uploads/602257.webp,seif_output\images\catharticlaxativepurgative_21.webp,True,https://seif-online.com/en/product/medicine/gastro-intestinal-tract/cathartic-laxative-purgative
Cathartic/Laxative/Purgative,Skin Care,,22,https://masterapi.witheldokan.com/storage/seif-pharmacies/uploads/606591-1760869003.webp,seif_output\images\catharticlaxativepurgative_22.webp,True,https://seif-online.com/en/product/medicine/gastro-intestinal-tract/cathartic-laxative-purgative
Cathartic/Laxative/Purgative,Skin Care,,23,https://masterapi.witheldokan.com/storage/seif-pharmacies/uploads/54009.webp,seif_output\images\catharticlaxativepurgative_23.webp,True,https://seif-online.com/en/product/medicine/gastro-intestinal-tract/cathartic-laxative-purgative
Anti-Flatulence,Skin Care,,1,https://masterapi.witheldokan.com/storage/seif-pharmacies/uploads/397215.webp,seif_output\images\anti_flatulence_1.webp,True,https://seif-online.com/en/product/medicine/gastro-intestinal-tract/anti-flatulence
Anti-Flatulence,Skin Care,,2,https://masterapi.witheldokan.com/storage/seif-pharmacies/uploads/26563.webp,seif_output\images\anti_flatulence_2.webp,True,https://seif-online.com/en/product/medicine/gastro-intestinal-tract/anti-flatulence
Anti-Flatulence,Skin Care,,3,https://masterapi.witheldokan.com/storage/seif-pharmacies/uploads/849.webp,seif_output\images\anti_flatulence_3.webp,True,https://seif-online.com/en/product/medicine/gastro-intestinal-tract/anti-flatulence
Anti-Flatulence,Skin Care,,4,https://masterapi.witheldokan.com/storage/seif-pharmacies/uploads/601898.webp,seif_output\images\anti_flatulence_4.webp,True,https://seif-online.com/en/product/medicine/gastro-intestinal-tract/anti-flatulence
Anti-Flatulence,Skin Care,,5,https://masterapi.witheldokan.com/storage/seif-pharmacies/uploads/610018.webp,seif_output\images\anti_flatulence_5.webp,True,https://seif-online.com/en/product/medicine/gastro-intestinal-tract/anti-flatulence
Anti-Flatulence,Skin Care,,6,https://masterapi.witheldokan.com/storage/seif-pharmacies/uploads/608210.webp,seif_output\images\anti_flatulence_6.webp,True,https://seif-online.com/en/product/medicine/gastro-intestinal-tract/anti-flatulence
Anti-Flatulence,Skin Care,,7,https://masterapi.witheldokan.com/storage/seif-pharmacies/uploads/613905.webp,seif_output\images\anti_flatulence_7.webp,True,https://seif-online.com/en/product/medicine/gastro-intestinal-tract/anti-flatulence
Anti-Flatulence,Skin Care,,8,https://masterapi.witheldokan.com/storage/seif-pharmacies/uploads/3411.webp,seif_output\images\anti_flatulence_8.webp,True,https://seif-online.com/en/product/medicine/gastro-intestinal-tract/anti-flatulence
Anti-Flatulence,Skin Care,,9,https://masterapi.witheldokan.com/storage/seif-pharmacies/uploads/612802.webp,seif_output\images\anti_flatulence_9.webp,True,https://seif-online.com/en/product/medicine/gastro-intestinal-tract/anti-flatulence
Anti-Flatulence,Skin Care,,10,https://masterapi.witheldokan.com/storage/seif-pharmacies/uploads/230839.webp,seif_output\images\anti_flatulence_10.webp,True,https://seif-online.com/en/product/medicine/gastro-intestinal-tract/anti-flatulence
Anti-Flatulence,Skin Care,,11,https://masterapi.witheldokan.com/storage/seif-pharmacies/uploads/612801.webp,seif_output\images\anti_flatulence_11.webp,True,https://seif-online.com/en/product/medicine/gastro-intestinal-tract/anti-flatulence
Anti-Flatulence,Skin Care,,12,https://masterapi.witheldokan.com/storage/seif-pharmacies/uploads/612803.webp,seif_output\images\anti_flatulence_12.webp,True,https://seif-online.com/en/product/medicine/gastro-intestinal-tract/anti-flatulence
Anti-Flatulence,Skin Care,,13,https://masterapi.witheldokan.com/storage/seif-pharmacies/uploads/612135.webp,seif_output\images\anti_flatulence_13.webp,True,https://seif-online.com/en/product/medicine/gastro-intestinal-tract/anti-flatulence
Anti-Flatulence,Skin Care,,14,https://masterapi.witheldokan.com/storage/seif-pharmacies/uploads/301659.webp,seif_output\images\anti_flatulence_14.webp,True,https://seif-online.com/en/product/medicine/gastro-intestinal-tract/anti-flatulence
Anti-Flatulence,Skin Care,,15,https://masterapi.witheldokan.com/storage/seif-pharmacies/uploads/613080.webp,seif_output\images\anti_flatulence_15.webp,True,https://seif-online.com/en/product/medicine/gastro-intestinal-tract/anti-flatulence
Anti-Flatulence,Skin Care,,16,https://cdn.supercommerce.io/seif-pharmacies/uploads/617339-1773216317.webp,seif_output\images\anti_flatulence_16.webp,True,https://seif-online.com/en/product/medicine/gastro-intestinal-tract/anti-flatulence
Anti-Flatulence,Skin Care,,17,https://masterapi.witheldokan.com/storage/seif-pharmacies/uploads/2731.webp,seif_output\images\anti_flatulence_17.webp,True,https://seif-online.com/en/product/medicine/gastro-intestinal-tract/anti-flatulence
Anti-Flatulence,Skin Care,,18,https://masterapi.witheldokan.com/storage/seif-pharmacies/uploads/602227.webp,seif_output\images\anti_flatulence_18.webp,True,https://seif-online.com/en/product/medicine/gastro-intestinal-tract/anti-flatulence
Anti-Flatulence,Skin Care,,19,https://masterapi.witheldokan.com/storage/seif-pharmacies/uploads/2729.webp,seif_output\images\anti_flatulence_19.webp,True,https://seif-online.com/en/product/medicine/gastro-intestinal-tract/anti-flatulence
Anti-Flatulence,Skin Care,,20,https://masterapi.witheldokan.com/storage/seif-pharmacies/uploads/2904.webp,seif_output\images\anti_flatulence_20.webp,True,https://seif-online.com/en/product/medicine/gastro-intestinal-tract/anti-flatulence
Anti-Flatulence,Skin Care,,21,https://masterapi.witheldokan.com/storage/seif-pharmacies/uploads/608661.webp,seif_output\images\anti_flatulence_21.webp,True,https://seif-online.com/en/product/medicine/gastro-intestinal-tract/anti-flatulence
Anti-Flatulence,Skin Care,,22,https://masterapi.witheldokan.com/storage/seif-pharmacies/uploads/2734.webp,seif_output\images\anti_flatulence_22.webp,True,https://seif-online.com/en/product/medicine/gastro-intestinal-tract/anti-flatulence
Anti-Flatulence,Skin Care,,23,https://masterapi.witheldokan.com/storage/seif-pharmacies/uploads/3337.webp,seif_output\images\anti_flatulence_23.webp,True,https://seif-online.com/en/product/medicine/gastro-intestinal-tract/anti-flatulence
Plasma Substituent/ Expander,Skin Care,,1,https://masterapi.witheldokan.com/storage/seif-pharmacies/uploads/607664.webp,seif_output\images\plasma_substituent_expander_1.webp,True,https://seif-online.com/en/product/medicine/gastro-intestinal-tract/plasma-substituent-expander-gastro
Plasma Substituent/ Expander,Skin Care,,2,https://masterapi.witheldokan.com/storage/seif-pharmacies/uploads/602688.webp,seif_output\images\plasma_substituent_expander_2.webp,True,https://seif-online.com/en/product/medicine/gastro-intestinal-tract/plasma-substituent-expander-gastro
Plasma Substituent/ Expander,Skin Care,,3,https://masterapi.witheldokan.com/storage/seif-pharmacies/uploads/608200.webp,seif_output\images\plasma_substituent_expander_3.webp,True,https://seif-online.com/en/product/medicine/gastro-intestinal-tract/plasma-substituent-expander-gastro
Plasma Substituent/ Expander,Skin Care,,4,https://cdn.supercommerce.io/seif-pharmacies/uploads/616013.webp,seif_output\images\plasma_substituent_expander_4.webp,True,https://seif-online.com/en/product/medicine/gastro-intestinal-tract/plasma-substituent-expander-gastro
Plasma Substituent/ Expander,Skin Care,,5,https://masterapi.witheldokan.com/storage/seif-pharmacies/uploads/608204.webp,seif_output\images\plasma_substituent_expander_5.webp,True,https://seif-online.com/en/product/medicine/gastro-intestinal-tract/plasma-substituent-expander-gastro
Plasma Substituent/ Expander,Skin Care,,6,https://masterapi.witheldokan.com/storage/seif-pharmacies/uploads/601831.webp,seif_output\images\plasma_substituent_expander_6.webp,True,https://seif-online.com/en/product/medicine/gastro-intestinal-tract/plasma-substituent-expander-gastro
Plasma Substituent/ Expander,Skin Care,,7,https://masterapi.witheldokan.com/storage/seif-pharmacies/uploads/248934.webp,seif_output\images\plasma_substituent_expander_7.webp,True,https://seif-online.com/en/product/medicine/gastro-intestinal-tract/plasma-substituent-expander-gastro
Plasma Substituent/ Expander,Skin Care,,8,https://masterapi.witheldokan.com/storage/seif-pharmacies/uploads/399802.webp,seif_output\images\plasma_substituent_expander_8.webp,True,https://seif-online.com/en/product/medicine/gastro-intestinal-tract/plasma-substituent-expander-gastro
Plasma Substituent/ Expander,Skin Care,,9,https://masterapi.witheldokan.com/storage/seif-pharmacies/uploads/274382.webp,seif_output\images\plasma_substituent_expander_9.webp,True,https://seif-online.com/en/product/medicine/gastro-intestinal-tract/plasma-substituent-expander-gastro
Plasma Substituent/ Expander,Skin Care,,10,https://masterapi.witheldokan.com/storage/seif-pharmacies/uploads/401074.webp,seif_output\images\plasma_substituent_expander_10.webp,True,https://seif-online.com/en/product/medicine/gastro-intestinal-tract/plasma-substituent-expander-gastro
Plasma Substituent/ Expander,Skin Care,,11,https://masterapi.witheldokan.com/storage/seif-pharmacies/uploads/610552.webp,seif_output\images\plasma_substituent_expander_11.webp,True,https://seif-online.com/en/product/medicine/gastro-intestinal-tract/plasma-substituent-expander-gastro
Plasma Substituent/ Expander,Skin Care,,12,https://masterapi.witheldokan.com/storage/seif-pharmacies/uploads/610553.webp,seif_output\images\plasma_substituent_expander_12.webp,True,https://seif-online.com/en/product/medicine/gastro-intestinal-tract/plasma-substituent-expander-gastro
Plasma Substituent/ Expander,Skin Care,,13,https://masterapi.witheldokan.com/storage/seif-pharmacies/uploads/610554.webp,seif_output\images\plasma_substituent_expander_13.webp,True,https://seif-online.com/en/product/medicine/gastro-intestinal-tract/plasma-substituent-expander-gastro
Plasma Substituent/ Expander,Skin Care,,14,https://masterapi.witheldokan.com/storage/seif-pharmacies/uploads/610556.webp,seif_output\images\plasma_substituent_expander_14.webp,True,https://seif-online.com/en/product/medicine/gastro-intestinal-tract/plasma-substituent-expander-gastro
Liver Disease Management,Skin Care,,1,https://masterapi.witheldokan.com/storage/seif-pharmacies/uploads/169518.webp,seif_output\images\liver_disease_management_1.webp,True,https://seif-online.com/en/product/medicine/gastro-intestinal-tract/liver-disease-management
Liver Disease Management,Skin Care,,2,https://masterapi.witheldokan.com/storage/seif-pharmacies/uploads/3908.webp,seif_output\images\liver_disease_management_2.webp,True,https://seif-online.com/en/product/medicine/gastro-intestinal-tract/liver-disease-management
Liver Disease Management,Skin Care,,3,https://masterapi.witheldokan.com/storage/seif-pharmacies/uploads/88456.webp,seif_output\images\liver_disease_management_3.webp,True,https://seif-online.com/en/product/medicine/gastro-intestinal-tract/liver-disease-management
Liver Disease Management,Skin Care,,4,https://masterapi.witheldokan.com/storage/seif-pharmacies/uploads/49355.webp,seif_output\images\liver_disease_management_4.webp,True,https://seif-online.com/en/product/medicine/gastro-intestinal-tract/liver-disease-management
Liver Disease Management,Skin Care,,5,https://masterapi.witheldokan.com/storage/seif-pharmacies/uploads/259199.webp,seif_output\images\liver_disease_management_5.webp,True,https://seif-online.com/en/product/medicine/gastro-intestinal-tract/liver-disease-management
Liver Disease Management,Skin Care,,6,https://masterapi.witheldokan.com/storage/seif-pharmacies/uploads/162342.webp,seif_output\images\liver_disease_management_6.webp,True,https://seif-online.com/en/product/medicine/gastro-intestinal-tract/liver-disease-management
Liver Disease Management,Skin Care,,7,https://masterapi.witheldokan.com/storage/seif-pharmacies/uploads/601048.webp,seif_output\images\liver_disease_management_7.webp,True,https://seif-online.com/en/product/medicine/gastro-intestinal-tract/liver-disease-management
Liver Disease Management,Skin Care,,8,https://masterapi.witheldokan.com/storage/seif-pharmacies/uploads/603502.webp,seif_output\images\liver_disease_management_8.webp,True,https://seif-online.com/en/product/medicine/gastro-intestinal-tract/liver-disease-management
Liver Disease Management,Skin Care,,9,https://masterapi.witheldokan.com/storage/seif-pharmacies/uploads/610054-1760273472.webp,seif_output\images\liver_disease_management_9.webp,True,https://seif-online.com/en/product/medicine/gastro-intestinal-tract/liver-disease-management
Liver Disease Management,Skin Care,,10,https://masterapi.witheldokan.com/storage/seif-pharmacies/uploads/2650.webp,seif_output\images\liver_disease_management_10.webp,True,https://seif-online.com/en/product/medicine/gastro-intestinal-tract/liver-disease-management
Liver Disease Management,Skin Care,,11,https://masterapi.witheldokan.com/storage/seif-pharmacies/uploads/180493.webp,seif_output\images\liver_disease_management_11.webp,True,https://seif-online.com/en/product/medicine/gastro-intestinal-tract/liver-disease-management
Liver Disease Management,Skin Care,,12,https://masterapi.witheldokan.com/storage/seif-pharmacies/uploads/51705.webp,seif_output\images\liver_disease_management_12.webp,True,https://seif-online.com/en/product/medicine/gastro-intestinal-tract/liver-disease-management
Liver Disease Management,Skin Care,,13,https://masterapi.witheldokan.com/storage/seif-pharmacies/uploads/52278.webp,seif_output\images\liver_disease_management_13.webp,True,https://seif-online.com/en/product/medicine/gastro-intestinal-tract/liver-disease-management
Liver Disease Management,Skin Care,,14,https://masterapi.witheldokan.com/storage/seif-pharmacies/uploads/61956.webp,seif_output\images\liver_disease_management_14.webp,True,https://seif-online.com/en/product/medicine/gastro-intestinal-tract/liver-disease-management
Liver Disease Management,Skin Care,,15,https://masterapi.witheldokan.com/storage/seif-pharmacies/uploads/613276.webp,seif_output\images\liver_disease_management_15.webp,True,https://seif-online.com/en/product/medicine/gastro-intestinal-tract/liver-disease-management
Liver Disease Management,Skin Care,,16,https://masterapi.witheldokan.com/storage/seif-pharmacies/uploads/42001.webp,seif_output\images\liver_disease_management_16.webp,True,https://seif-online.com/en/product/medicine/gastro-intestinal-tract/liver-disease-management
Liver Disease Management,Skin Care,,17,https://masterapi.witheldokan.com/storage/seif-pharmacies/uploads/49705.webp,seif_output\images\liver_disease_management_17.webp,True,https://seif-online.com/en/product/medicine/gastro-intestinal-tract/liver-disease-management
Liver Disease Management,Skin Care,,18,https://masterapi.witheldokan.com/storage/seif-pharmacies/uploads/51714.webp,seif_output\images\liver_disease_management_18.webp,True,https://seif-online.com/en/product/medicine/gastro-intestinal-tract/liver-disease-management
Liver Disease Management,Skin Care,,19,https://masterapi.witheldokan.com/storage/seif-pharmacies/uploads/156367.webp,seif_output\images\liver_disease_management_19.webp,True,https://seif-online.com/en/product/medicine/gastro-intestinal-tract/liver-disease-management
Liver Disease Management,Skin Care,,20,https://masterapi.witheldokan.com/storage/seif-pharmacies/uploads/612900.webp,seif_output\images\liver_disease_management_20.webp,True,https://seif-online.com/en/product/medicine/gastro-intestinal-tract/liver-disease-management
Liver Disease Management,Skin Care,,21,https://masterapi.witheldokan.com/storage/seif-pharmacies/uploads/194531.webp,seif_output\images\liver_disease_management_21.webp,True,https://seif-online.com/en/product/medicine/gastro-intestinal-tract/liver-disease-management
Liver Disease Management,Skin Care,,22,https://masterapi.witheldokan.com/storage/seif-pharmacies/uploads/57331.webp,seif_output\images\liver_disease_management_22.webp,True,https://seif-online.com/en/product/medicine/gastro-intestinal-tract/liver-disease-management
Liver Disease Management,Skin Care,,23,https://masterapi.witheldokan.com/storage/seif-pharmacies/uploads/360293.webp,seif_output\images\liver_disease_management_23.webp,True,https://seif-online.com/en/product/medicine/gastro-intestinal-tract/liver-disease-management
Anti-Spasmodic,Skin Care,,1,https://masterapi.witheldokan.com/storage/seif-pharmacies/uploads/262404.webp,seif_output\images\anti_spasmodic_1.webp,True,https://seif-online.com/en/product/medicine/gastro-intestinal-tract/anti-spasmodic
Anti-Spasmodic,Skin Care,,2,https://masterapi.witheldokan.com/storage/seif-pharmacies/uploads/207702.webp,seif_output\images\anti_spasmodic_2.webp,True,https://seif-online.com/en/product/medicine/gastro-intestinal-tract/anti-spasmodic
Anti-Spasmodic,Skin Care,,3,https://masterapi.witheldokan.com/storage/seif-pharmacies/uploads/2996.webp,seif_output\images\anti_spasmodic_3.webp,True,https://seif-online.com/en/product/medicine/gastro-intestinal-tract/anti-spasmodic
Anti-Spasmodic,Skin Care,,4,https://masterapi.witheldokan.com/storage/seif-pharmacies/uploads/75233.webp,seif_output\images\anti_spasmodic_4.webp,True,https://seif-online.com/en/product/medicine/gastro-intestinal-tract/anti-spasmodic
Anti-Spasmodic,Skin Care,,5,https://masterapi.witheldokan.com/storage/seif-pharmacies/uploads/339215.webp,seif_output\images\anti_spasmodic_5.webp,True,https://seif-online.com/en/product/medicine/gastro-intestinal-tract/anti-spasmodic
Anti-Spasmodic,Skin Care,,6,https://masterapi.witheldokan.com/storage/seif-pharmacies/uploads/53085.webp,seif_output\images\anti_spasmodic_6.webp,True,https://seif-online.com/en/product/medicine/gastro-intestinal-tract/anti-spasmodic
Anti-Spasmodic,Skin Care,,7,https://masterapi.witheldokan.com/storage/seif-pharmacies/uploads/608918-1760358097.webp,seif_output\images\anti_spasmodic_7.webp,True,https://seif-online.com/en/product/medicine/gastro-intestinal-tract/anti-spasmodic
Anti-Spasmodic,Skin Care,,8,https://masterapi.witheldokan.com/storage/seif-pharmacies/uploads/262394.webp,seif_output\images\anti_spasmodic_8.webp,True,https://seif-online.com/en/product/medicine/gastro-intestinal-tract/anti-spasmodic
Anti-Spasmodic,Skin Care,,9,https://masterapi.witheldokan.com/storage/seif-pharmacies/uploads/273451.webp,seif_output\images\anti_spasmodic_9.webp,True,https://seif-online.com/en/product/medicine/gastro-intestinal-tract/anti-spasmodic
Anti-Spasmodic,Skin Care,,10,https://masterapi.witheldokan.com/storage/seif-pharmacies/uploads/2517.webp,seif_output\images\anti_spasmodic_10.webp,True,https://seif-online.com/en/product/medicine/gastro-intestinal-tract/anti-spasmodic
Anti-Spasmodic,Skin Care,,11,https://masterapi.witheldokan.com/storage/seif-pharmacies/uploads/272836.webp,seif_output\images\anti_spasmodic_11.webp,True,https://seif-online.com/en/product/medicine/gastro-intestinal-tract/anti-spasmodic
Anti-Spasmodic,Skin Care,,12,https://masterapi.witheldokan.com/storage/seif-pharmacies/uploads/207938.webp,seif_output\images\anti_spasmodic_12.webp,True,https://seif-online.com/en/product/medicine/gastro-intestinal-tract/anti-spasmodic
Anti-Spasmodic,Skin Care,,13,https://masterapi.witheldokan.com/storage/seif-pharmacies/uploads/170801.webp,seif_output\images\anti_spasmodic_13.webp,True,https://seif-online.com/en/product/medicine/gastro-intestinal-tract/anti-spasmodic
Anti-Spasmodic,Skin Care,,14,https://masterapi.witheldokan.com/storage/seif-pharmacies/uploads/10343.webp,seif_output\images\anti_spasmodic_14.webp,True,https://seif-online.com/en/product/medicine/gastro-intestinal-tract/anti-spasmodic
Anti-Spasmodic,Skin Care,,15,https://masterapi.witheldokan.com/storage/seif-pharmacies/uploads/315526.webp,seif_output\images\anti_spasmodic_15.webp,True,https://seif-online.com/en/product/medicine/gastro-intestinal-tract/anti-spasmodic
Anti-Spasmodic,Skin Care,,16,https://masterapi.witheldokan.com/storage/seif-pharmacies/uploads/262393.webp,seif_output\images\anti_spasmodic_16.webp,True,https://seif-online.com/en/product/medicine/gastro-intestinal-tract/anti-spasmodic
Anti-Spasmodic,Skin Care,,17,https://masterapi.witheldokan.com/storage/seif-pharmacies/uploads/2518.webp,seif_output\images\anti_spasmodic_17.webp,True,https://seif-online.com/en/product/medicine/gastro-intestinal-tract/anti-spasmodic
Anti-Spasmodic,Skin Care,,18,https://masterapi.witheldokan.com/storage/seif-pharmacies/uploads/34141.webp,seif_output\images\anti_spasmodic_18.webp,True,https://seif-online.com/en/product/medicine/gastro-intestinal-tract/anti-spasmodic
Anti-Spasmodic,Skin Care,,19,https://masterapi.witheldokan.com/storage/seif-pharmacies/uploads/42049.webp,seif_output\images\anti_spasmodic_19.webp,True,https://seif-online.com/en/product/medicine/gastro-intestinal-tract/anti-spasmodic
Anti-Spasmodic,Skin Care,,20,https://masterapi.witheldokan.com/storage/seif-pharmacies/uploads/389810.webp,seif_output\images\anti_spasmodic_20.webp,True,https://seif-online.com/en/product/medicine/gastro-intestinal-tract/anti-spasmodic
Anti-Spasmodic,Skin Care,,21,https://masterapi.witheldokan.com/storage/seif-pharmacies/uploads/109522.webp,seif_output\images\anti_spasmodic_21.webp,True,https://seif-online.com/en/product/medicine/gastro-intestinal-tract/anti-spasmodic
Anti-Spasmodic,Skin Care,,22,https://masterapi.witheldokan.com/storage/seif-pharmacies/uploads/288584.webp,seif_output\images\anti_spasmodic_22.webp,True,https://seif-online.com/en/product/medicine/gastro-intestinal-tract/anti-spasmodic
Anti-Spasmodic,Skin Care,,23,https://masterapi.witheldokan.com/storage/seif-pharmacies/uploads/170805.webp,seif_output\images\anti_spasmodic_23.webp,True,https://seif-online.com/en/product/medicine/gastro-intestinal-tract/anti-spasmodic
Ulcer Treatment,Skin Care,,1,https://masterapi.witheldokan.com/storage/seif-pharmacies/uploads/10593.webp,seif_output\images\ulcer_treatment_1.webp,True,https://seif-online.com/en/product/medicine/gastro-intestinal-tract/ulcer-treatment
Ulcer Treatment,Skin Care,,2,https://masterapi.witheldokan.com/storage/seif-pharmacies/uploads/48796.webp,seif_output\images\ulcer_treatment_2.webp,True,https://seif-online.com/en/product/medicine/gastro-intestinal-tract/ulcer-treatment
Ulcer Treatment,Skin Care,,3,https://masterapi.witheldokan.com/storage/seif-pharmacies/uploads/75401.webp,seif_output\images\ulcer_treatment_3.webp,True,https://seif-online.com/en/product/medicine/gastro-intestinal-tract/ulcer-treatment
Ulcer Treatment,Skin Care,,4,https://cdn.supercommerce.io/seif-pharmacies/uploads/384755.webp,seif_output\images\ulcer_treatment_4.webp,True,https://seif-online.com/en/product/medicine/gastro-intestinal-tract/ulcer-treatment
Ulcer Treatment,Skin Care,,5,https://masterapi.witheldokan.com/storage/seif-pharmacies/uploads/400650.webp,seif_output\images\ulcer_treatment_5.webp,True,https://seif-online.com/en/product/medicine/gastro-intestinal-tract/ulcer-treatment
Ulcer Treatment,Skin Care,,6,https://cdn.supercommerce.io/seif-pharmacies/uploads/618049-1769519551.webp,seif_output\images\ulcer_treatment_6.webp,True,https://seif-online.com/en/product/medicine/gastro-intestinal-tract/ulcer-treatment
Ulcer Treatment,Skin Care,,7,https://masterapi.witheldokan.com/storage/seif-pharmacies/uploads/379466.webp,seif_output\images\ulcer_treatment_7.webp,True,https://seif-online.com/en/product/medicine/gastro-intestinal-tract/ulcer-treatment
Ulcer Treatment,Skin Care,,8,https://masterapi.witheldokan.com/storage/seif-pharmacies/uploads/2347.webp,seif_output\images\ulcer_treatment_8.webp,True,https://seif-online.com/en/product/medicine/gastro-intestinal-tract/ulcer-treatment
Ulcer Treatment,Skin Care,,9,https://masterapi.witheldokan.com/storage/seif-pharmacies/uploads/99390.webp,seif_output\images\ulcer_treatment_9.webp,True,https://seif-online.com/en/product/medicine/gastro-intestinal-tract/ulcer-treatment
Ulcer Treatment,Skin Care,,10,https://masterapi.witheldokan.com/storage/seif-pharmacies/uploads/364150.webp,seif_output\images\ulcer_treatment_10.webp,True,https://seif-online.com/en/product/medicine/gastro-intestinal-tract/ulcer-treatment
Ulcer Treatment,Skin Care,,11,https://masterapi.witheldokan.com/storage/seif-pharmacies/uploads/48797.webp,seif_output\images\ulcer_treatment_11.webp,True,https://seif-online.com/en/product/medicine/gastro-intestinal-tract/ulcer-treatment
Ulcer Treatment,Skin Care,,12,https://masterapi.witheldokan.com/storage/seif-pharmacies/uploads/613546.webp,seif_output\images\ulcer_treatment_12.webp,True,https://seif-online.com/en/product/medicine/gastro-intestinal-tract/ulcer-treatment
Ulcer Treatment,Skin Care,,13,https://masterapi.witheldokan.com/storage/seif-pharmacies/uploads/40421.webp,seif_output\images\ulcer_treatment_13.webp,True,https://seif-online.com/en/product/medicine/gastro-intestinal-tract/ulcer-treatment
Ulcer Treatment,Skin Care,,14,https://masterapi.witheldokan.com/storage/seif-pharmacies/uploads/274411.webp,seif_output\images\ulcer_treatment_14.webp,True,https://seif-online.com/en/product/medicine/gastro-intestinal-tract/ulcer-treatment
Ulcer Treatment,Skin Care,,15,https://masterapi.witheldokan.com/storage/seif-pharmacies/uploads/612880.webp,seif_output\images\ulcer_treatment_15.webp,True,https://seif-online.com/en/product/medicine/gastro-intestinal-tract/ulcer-treatment
Ulcer Treatment,Skin Care,,16,https://masterapi.witheldokan.com/storage/seif-pharmacies/uploads/105354.webp,seif_output\images\ulcer_treatment_16.webp,True,https://seif-online.com/en/product/medicine/gastro-intestinal-tract/ulcer-treatment
Ulcer Treatment,Skin Care,,17,https://masterapi.witheldokan.com/storage/seif-pharmacies/uploads/364017.webp,seif_output\images\ulcer_treatment_17.webp,True,https://seif-online.com/en/product/medicine/gastro-intestinal-tract/ulcer-treatment
Ulcer Treatment,Skin Care,,18,https://masterapi.witheldokan.com/storage/seif-pharmacies/uploads/180299.webp,seif_output\images\ulcer_treatment_18.webp,True,https://seif-online.com/en/product/medicine/gastro-intestinal-tract/ulcer-treatment
Ulcer Treatment,Skin Care,,19,https://masterapi.witheldokan.com/storage/seif-pharmacies/uploads/294757.webp,seif_output\images\ulcer_treatment_19.webp,True,https://seif-online.com/en/product/medicine/gastro-intestinal-tract/ulcer-treatment
Ulcer Treatment,Skin Care,,20,https://masterapi.witheldokan.com/storage/seif-pharmacies/uploads/379467.webp,seif_output\images\ulcer_treatment_20.webp,True,https://seif-online.com/en/product/medicine/gastro-intestinal-tract/ulcer-treatment
Ulcer Treatment,Skin Care,,21,https://masterapi.witheldokan.com/storage/seif-pharmacies/uploads/324022.webp,seif_output\images\ulcer_treatment_21.webp,True,https://seif-online.com/en/product/medicine/gastro-intestinal-tract/ulcer-treatment
Ulcer Treatment,Skin Care,,22,https://masterapi.witheldokan.com/storage/seif-pharmacies/uploads/235346.webp,seif_output\images\ulcer_treatment_22.webp,True,https://seif-online.com/en/product/medicine/gastro-intestinal-tract/ulcer-treatment
Anti-Dysenteric/Amoebic/Paras,Skin Care,,1,https://masterapi.witheldokan.com/storage/seif-pharmacies/uploads/3007.webp,seif_output\images\anti_dysentericamoebicparas_1.webp,True,https://seif-online.com/en/product/medicine/gastro-intestinal-tract/anti-dysenteric-amoebic-paras
Anti-Dysenteric/Amoebic/Paras,Skin Care,,2,https://masterapi.witheldokan.com/storage/seif-pharmacies/uploads/253828.webp,seif_output\images\anti_dysentericamoebicparas_2.webp,True,https://seif-online.com/en/product/medicine/gastro-intestinal-tract/anti-dysenteric-amoebic-paras
Anti-Dysenteric/Amoebic/Paras,Skin Care,,3,https://masterapi.witheldokan.com/storage/seif-pharmacies/uploads/3008.webp,seif_output\images\anti_dysentericamoebicparas_3.webp,True,https://seif-online.com/en/product/medicine/gastro-intestinal-tract/anti-dysenteric-amoebic-paras
Anti-Dysenteric/Amoebic/Paras,Skin Care,,4,https://masterapi.witheldokan.com/storage/seif-pharmacies/uploads/209293.webp,seif_output\images\anti_dysentericamoebicparas_4.webp,True,https://seif-online.com/en/product/medicine/gastro-intestinal-tract/anti-dysenteric-amoebic-paras
Anti-Dysenteric/Amoebic/Paras,Skin Care,,5,https://masterapi.witheldokan.com/storage/seif-pharmacies/uploads/208883.webp,seif_output\images\anti_dysentericamoebicparas_5.webp,True,https://seif-online.com/en/product/medicine/gastro-intestinal-tract/anti-dysenteric-amoebic-paras
Anti-Dysenteric/Amoebic/Paras,Skin Care,,6,https://masterapi.witheldokan.com/storage/seif-pharmacies/uploads/2445.webp,seif_output\images\anti_dysentericamoebicparas_6.webp,True,https://seif-online.com/en/product/medicine/gastro-intestinal-tract/anti-dysenteric-amoebic-paras
Anti-Dysenteric/Amoebic/Paras,Skin Care,,7,https://masterapi.witheldokan.com/storage/seif-pharmacies/uploads/139077.webp,seif_output\images\anti_dysentericamoebicparas_7.webp,True,https://seif-online.com/en/product/medicine/gastro-intestinal-tract/anti-dysenteric-amoebic-paras
Anti-Dysenteric/Amoebic/Paras,Skin Care,,8,https://masterapi.witheldokan.com/storage/seif-pharmacies/uploads/160273.webp,seif_output\images\anti_dysentericamoebicparas_8.webp,True,https://seif-online.com/en/product/medicine/gastro-intestinal-tract/anti-dysenteric-amoebic-paras
Anti-Dysenteric/Amoebic/Paras,Skin Care,,9,https://masterapi.witheldokan.com/storage/seif-pharmacies/uploads/131926.webp,seif_output\images\anti_dysentericamoebicparas_9.webp,True,https://seif-online.com/en/product/medicine/gastro-intestinal-tract/anti-dysenteric-amoebic-paras
Anti-Dysenteric/Amoebic/Paras,Skin Care,,10,https://masterapi.witheldokan.com/storage/seif-pharmacies/uploads/32785.webp,seif_output\images\anti_dysentericamoebicparas_10.webp,True,https://seif-online.com/en/product/medicine/gastro-intestinal-tract/anti-dysenteric-amoebic-paras
Anti-Dysenteric/Amoebic/Paras,Skin Care,,11,https://masterapi.witheldokan.com/storage/seif-pharmacies/uploads/284623.webp,seif_output\images\anti_dysentericamoebicparas_11.webp,True,https://seif-online.com/en/product/medicine/gastro-intestinal-tract/anti-dysenteric-amoebic-paras
Anti-Dysenteric/Amoebic/Paras,Skin Care,,12,https://masterapi.witheldokan.com/storage/seif-pharmacies/uploads/2381.webp,seif_output\images\anti_dysentericamoebicparas_12.webp,True,https://seif-online.com/en/product/medicine/gastro-intestinal-tract/anti-dysenteric-amoebic-paras
Anti-Dysenteric/Amoebic/Paras,Skin Care,,13,https://masterapi.witheldokan.com/storage/seif-pharmacies/uploads/614828.webp,seif_output\images\anti_dysentericamoebicparas_13.webp,True,https://seif-online.com/en/product/medicine/gastro-intestinal-tract/anti-dysenteric-amoebic-paras
Anti-Dysenteric/Amoebic/Paras,Skin Care,,14,https://masterapi.witheldokan.com/storage/seif-pharmacies/uploads/2444.webp,seif_output\images\anti_dysentericamoebicparas_14.webp,True,https://seif-online.com/en/product/medicine/gastro-intestinal-tract/anti-dysenteric-amoebic-paras
Anti-Dysenteric/Amoebic/Paras,Skin Care,,15,https://masterapi.witheldokan.com/storage/seif-pharmacies/uploads/105334.webp,seif_output\images\anti_dysentericamoebicparas_15.webp,True,https://seif-online.com/en/product/medicine/gastro-intestinal-tract/anti-dysenteric-amoebic-paras
Anti-Dysenteric/Amoebic/Paras,Skin Care,,16,https://masterapi.witheldokan.com/storage/seif-pharmacies/uploads/51697.webp,seif_output\images\anti_dysentericamoebicparas_16.webp,True,https://seif-online.com/en/product/medicine/gastro-intestinal-tract/anti-dysenteric-amoebic-paras
Anti-Dysenteric/Amoebic/Paras,Skin Care,,17,https://masterapi.witheldokan.com/storage/seif-pharmacies/uploads/612476.webp,seif_output\images\anti_dysentericamoebicparas_17.webp,True,https://seif-online.com/en/product/medicine/gastro-intestinal-tract/anti-dysenteric-amoebic-paras
Anti-Dysenteric/Amoebic/Paras,Skin Care,,18,https://masterapi.witheldokan.com/storage/seif-pharmacies/uploads/121638.webp,seif_output\images\anti_dysentericamoebicparas_18.webp,True,https://seif-online.com/en/product/medicine/gastro-intestinal-tract/anti-dysenteric-amoebic-paras
Anti-Dysenteric/Amoebic/Paras,Skin Care,,19,https://masterapi.witheldokan.com/storage/seif-pharmacies/uploads/2174.webp,seif_output\images\anti_dysentericamoebicparas_19.webp,True,https://seif-online.com/en/product/medicine/gastro-intestinal-tract/anti-dysenteric-amoebic-paras
Anti-Dysenteric/Amoebic/Paras,Skin Care,,20,https://masterapi.witheldokan.com/storage/seif-pharmacies/uploads/245570.webp,seif_output\images\anti_dysentericamoebicparas_20.webp,True,https://seif-online.com/en/product/medicine/gastro-intestinal-tract/anti-dysenteric-amoebic-paras
Anti-Dysenteric/Amoebic/Paras,Skin Care,,21,https://masterapi.witheldokan.com/storage/seif-pharmacies/uploads/37931.webp,seif_output\images\anti_dysentericamoebicparas_21.webp,True,https://seif-online.com/en/product/medicine/gastro-intestinal-tract/anti-dysenteric-amoebic-paras
Anti-Dysenteric/Amoebic/Paras,Skin Care,,22,https://masterapi.witheldokan.com/storage/seif-pharmacies/uploads/113080.webp,seif_output\images\anti_dysentericamoebicparas_22.webp,True,https://seif-online.com/en/product/medicine/gastro-intestinal-tract/anti-dysenteric-amoebic-paras
Anti-Dysenteric/Amoebic/Paras,Skin Care,,23,https://masterapi.witheldokan.com/storage/seif-pharmacies/uploads/397024.webp,seif_output\images\anti_dysentericamoebicparas_23.webp,True,https://seif-online.com/en/product/medicine/gastro-intestinal-tract/anti-dysenteric-amoebic-paras
Anti-Dysenteric/Amoebic/Paras,Skin Care,,24,https://masterapi.witheldokan.com/storage/seif-pharmacies/uploads/608092-1760359149.webp,seif_output\images\anti_dysentericamoebicparas_24.webp,True,https://seif-online.com/en/product/medicine/gastro-intestinal-tract/anti-dysenteric-amoebic-paras
Anti-Diarrhoeal,Skin Care,,1,https://masterapi.witheldokan.com/storage/seif-pharmacies/uploads/196505.webp,seif_output\images\anti_diarrhoeal_1.webp,True,https://seif-online.com/en/product/medicine/gastro-intestinal-tract/anti-diarrhoeal
Anti-Diarrhoeal,Skin Care,,2,https://masterapi.witheldokan.com/storage/seif-pharmacies/uploads/2966.webp,seif_output\images\anti_diarrhoeal_2.webp,True,https://seif-online.com/en/product/medicine/gastro-intestinal-tract/anti-diarrhoeal
Anti-Diarrhoeal,Skin Care,,3,https://masterapi.witheldokan.com/storage/seif-pharmacies/uploads/2975.webp,seif_output\images\anti_diarrhoeal_3.webp,True,https://seif-online.com/en/product/medicine/gastro-intestinal-tract/anti-diarrhoeal
Anti-Diarrhoeal,Skin Care,,4,https://masterapi.witheldokan.com/storage/seif-pharmacies/uploads/608952.webp,seif_output\images\anti_diarrhoeal_4.webp,True,https://seif-online.com/en/product/medicine/gastro-intestinal-tract/anti-diarrhoeal
Anti-Diarrhoeal,Skin Care,,5,https://masterapi.witheldokan.com/storage/seif-pharmacies/uploads/14035.webp,seif_output\images\anti_diarrhoeal_5.webp,True,https://seif-online.com/en/product/medicine/gastro-intestinal-tract/anti-diarrhoeal
Anti-Diarrhoeal,Skin Care,,6,https://masterapi.witheldokan.com/storage/seif-pharmacies/uploads/609948.webp,seif_output\images\anti_diarrhoeal_6.webp,True,https://seif-online.com/en/product/medicine/gastro-intestinal-tract/anti-diarrhoeal
Anti-Diarrhoeal,Skin Care,,7,https://masterapi.witheldokan.com/storage/seif-pharmacies/uploads/152613.webp,seif_output\images\anti_diarrhoeal_7.webp,True,https://seif-online.com/en/product/medicine/gastro-intestinal-tract/anti-diarrhoeal
Anti-Diarrhoeal,Skin Care,,8,https://masterapi.witheldokan.com/storage/seif-pharmacies/uploads/609947-1760274589.webp,seif_output\images\anti_diarrhoeal_8.webp,True,https://seif-online.com/en/product/medicine/gastro-intestinal-tract/anti-diarrhoeal
Anti-Diarrhoeal,Skin Care,,9,https://masterapi.witheldokan.com/storage/seif-pharmacies/uploads/395942.webp,seif_output\images\anti_diarrhoeal_9.webp,True,https://seif-online.com/en/product/medicine/gastro-intestinal-tract/anti-diarrhoeal
Anti-Diarrhoeal,Skin Care,,10,https://masterapi.witheldokan.com/storage/seif-pharmacies/uploads/53148.webp,seif_output\images\anti_diarrhoeal_10.webp,True,https://seif-online.com/en/product/medicine/gastro-intestinal-tract/anti-diarrhoeal
Anti-Diarrhoeal,Skin Care,,11,https://cdn.supercommerce.io/seif-pharmacies/uploads/617951-1769509768.webp,seif_output\images\anti_diarrhoeal_11.webp,True,https://seif-online.com/en/product/medicine/gastro-intestinal-tract/anti-diarrhoeal
Anti-Diarrhoeal,Skin Care,,12,https://masterapi.witheldokan.com/storage/seif-pharmacies/uploads/608909.webp,seif_output\images\anti_diarrhoeal_12.webp,True,https://seif-online.com/en/product/medicine/gastro-intestinal-tract/anti-diarrhoeal
Anti-Diarrhoeal,Skin Care,,13,https://masterapi.witheldokan.com/storage/seif-pharmacies/uploads/602110.webp,seif_output\images\anti_diarrhoeal_13.webp,True,https://seif-online.com/en/product/medicine/gastro-intestinal-tract/anti-diarrhoeal
Anti-Diarrhoeal,Skin Care,,14,https://masterapi.witheldokan.com/storage/seif-pharmacies/uploads/362103.webp,seif_output\images\anti_diarrhoeal_14.webp,True,https://seif-online.com/en/product/medicine/gastro-intestinal-tract/anti-diarrhoeal
Anti-Diarrhoeal,Skin Care,,15,https://cdn.supercommerce.io/seif-pharmacies/uploads/617993-1769498341.webp,seif_output\images\anti_diarrhoeal_15.webp,True,https://seif-online.com/en/product/medicine/gastro-intestinal-tract/anti-diarrhoeal
Anti-Diarrhoeal,Skin Care,,16,https://masterapi.witheldokan.com/storage/seif-pharmacies/uploads/608681.webp,seif_output\images\anti_diarrhoeal_16.webp,True,https://seif-online.com/en/product/medicine/gastro-intestinal-tract/anti-diarrhoeal
Anti-Diarrhoeal,Skin Care,,17,https://masterapi.witheldokan.com/storage/seif-pharmacies/uploads/615029.webp,seif_output\images\anti_diarrhoeal_17.webp,True,https://seif-online.com/en/product/medicine/gastro-intestinal-tract/anti-diarrhoeal
Anti-Diarrhoeal,Skin Care,,18,https://masterapi.witheldokan.com/storage/seif-pharmacies/uploads/66409.webp,seif_output\images\anti_diarrhoeal_18.webp,True,https://seif-online.com/en/product/medicine/gastro-intestinal-tract/anti-diarrhoeal
Anti-Emetic,Skin Care,,1,https://masterapi.witheldokan.com/storage/seif-pharmacies/uploads/75749.webp,seif_output\images\anti_emetic_1.webp,True,https://seif-online.com/en/product/medicine/gastro-intestinal-tract/anti-emetic
Anti-Emetic,Skin Care,,2,https://masterapi.witheldokan.com/storage/seif-pharmacies/uploads/230596.webp,seif_output\images\anti_emetic_2.webp,True,https://seif-online.com/en/product/medicine/gastro-intestinal-tract/anti-emetic
Anti-Emetic,Skin Care,,3,https://masterapi.witheldokan.com/storage/seif-pharmacies/uploads/375244.webp,seif_output\images\anti_emetic_3.webp,True,https://seif-online.com/en/product/medicine/gastro-intestinal-tract/anti-emetic
Anti-Emetic,Skin Care,,4,https://masterapi.witheldokan.com/storage/seif-pharmacies/uploads/382179.webp,seif_output\images\anti_emetic_4.webp,True,https://seif-online.com/en/product/medicine/gastro-intestinal-tract/anti-emetic
Anti-Emetic,Skin Care,,5,https://masterapi.witheldokan.com/storage/seif-pharmacies/uploads/172093.webp,seif_output\images\anti_emetic_5.webp,True,https://seif-online.com/en/product/medicine/gastro-intestinal-tract/anti-emetic
Anti-Emetic,Skin Care,,6,https://masterapi.witheldokan.com/storage/seif-pharmacies/uploads/161892.webp,seif_output\images\anti_emetic_6.webp,True,https://seif-online.com/en/product/medicine/gastro-intestinal-tract/anti-emetic
Anti-Emetic,Skin Care,,7,https://masterapi.witheldokan.com/storage/seif-pharmacies/uploads/323277.webp,seif_output\images\anti_emetic_7.webp,True,https://seif-online.com/en/product/medicine/gastro-intestinal-tract/anti-emetic
Anti-Emetic,Skin Care,,8,https://masterapi.witheldokan.com/storage/seif-pharmacies/uploads/160004.webp,seif_output\images\anti_emetic_8.webp,True,https://seif-online.com/en/product/medicine/gastro-intestinal-tract/anti-emetic
Anti-Emetic,Skin Care,,9,https://masterapi.witheldokan.com/storage/seif-pharmacies/uploads/178196.webp,seif_output\images\anti_emetic_9.webp,True,https://seif-online.com/en/product/medicine/gastro-intestinal-tract/anti-emetic
Anti-Emetic,Skin Care,,10,https://masterapi.witheldokan.com/storage/seif-pharmacies/uploads/30262.webp,seif_output\images\anti_emetic_10.webp,True,https://seif-online.com/en/product/medicine/gastro-intestinal-tract/anti-emetic
Anti-Emetic,Skin Care,,11,https://masterapi.witheldokan.com/storage/seif-pharmacies/uploads/2359.webp,seif_output\images\anti_emetic_11.webp,True,https://seif-online.com/en/product/medicine/gastro-intestinal-tract/anti-emetic
Anti-Emetic,Skin Care,,12,https://masterapi.witheldokan.com/storage/seif-pharmacies/uploads/286404.webp,seif_output\images\anti_emetic_12.webp,True,https://seif-online.com/en/product/medicine/gastro-intestinal-tract/anti-emetic
Anti-Emetic,Skin Care,,13,https://masterapi.witheldokan.com/storage/seif-pharmacies/uploads/322650.webp,seif_output\images\anti_emetic_13.webp,True,https://seif-online.com/en/product/medicine/gastro-intestinal-tract/anti-emetic
Anti-Emetic,Skin Care,,14,https://masterapi.witheldokan.com/storage/seif-pharmacies/uploads/148889.webp,seif_output\images\anti_emetic_14.webp,True,https://seif-online.com/en/product/medicine/gastro-intestinal-tract/anti-emetic
Anti-Emetic,Skin Care,,15,https://masterapi.witheldokan.com/storage/seif-pharmacies/uploads/323159.webp,seif_output\images\anti_emetic_15.webp,True,https://seif-online.com/en/product/medicine/gastro-intestinal-tract/anti-emetic
Anti-Emetic,Skin Care,,16,https://masterapi.witheldokan.com/storage/seif-pharmacies/uploads/277688.webp,seif_output\images\anti_emetic_16.webp,True,https://seif-online.com/en/product/medicine/gastro-intestinal-tract/anti-emetic
Anti-Emetic,Skin Care,,17,https://masterapi.witheldokan.com/storage/seif-pharmacies/uploads/286410.webp,seif_output\images\anti_emetic_17.webp,True,https://seif-online.com/en/product/medicine/gastro-intestinal-tract/anti-emetic
Anti-Emetic,Skin Care,,18,https://masterapi.witheldokan.com/storage/seif-pharmacies/uploads/606621-1760868935.webp,seif_output\images\anti_emetic_18.webp,True,https://seif-online.com/en/product/medicine/gastro-intestinal-tract/anti-emetic
Anti-Emetic,Skin Care,,19,https://masterapi.witheldokan.com/storage/seif-pharmacies/uploads/55456.webp,seif_output\images\anti_emetic_19.webp,True,https://seif-online.com/en/product/medicine/gastro-intestinal-tract/anti-emetic
Anti-Emetic,Skin Care,,20,https://masterapi.witheldokan.com/storage/seif-pharmacies/uploads/265240.webp,seif_output\images\anti_emetic_20.webp,True,https://seif-online.com/en/product/medicine/gastro-intestinal-tract/anti-emetic
Anti-Emetic,Skin Care,,21,https://masterapi.witheldokan.com/storage/seif-pharmacies/uploads/390874.webp,seif_output\images\anti_emetic_21.webp,True,https://seif-online.com/en/product/medicine/gastro-intestinal-tract/anti-emetic
Anti-Emetic,Skin Care,,22,https://masterapi.witheldokan.com/storage/seif-pharmacies/uploads/88496.webp,seif_output\images\anti_emetic_22.webp,True,https://seif-online.com/en/product/medicine/gastro-intestinal-tract/anti-emetic
Anti-Emetic,Skin Care,,23,https://masterapi.witheldokan.com/storage/seif-pharmacies/uploads/609832.webp,seif_output\images\anti_emetic_23.webp,True,https://seif-online.com/en/product/medicine/gastro-intestinal-tract/anti-emetic
Anti-Emetic,Skin Care,,24,https://masterapi.witheldokan.com/storage/seif-pharmacies/uploads/206350.webp,seif_output\images\anti_emetic_24.webp,True,https://seif-online.com/en/product/medicine/gastro-intestinal-tract/anti-emetic
Digestive,Skin Care,,1,https://masterapi.witheldokan.com/storage/seif-pharmacies/uploads/302248.webp,seif_output\images\digestive_1.webp,True,https://seif-online.com/en/product/medicine/gastro-intestinal-tract/digestive
Digestive,Skin Care,,2,https://masterapi.witheldokan.com/storage/seif-pharmacies/uploads/29324.webp,seif_output\images\digestive_2.webp,True,https://seif-online.com/en/product/medicine/gastro-intestinal-tract/digestive
Digestive,Skin Care,,3,https://masterapi.witheldokan.com/storage/seif-pharmacies/uploads/2655.webp,seif_output\images\digestive_3.webp,True,https://seif-online.com/en/product/medicine/gastro-intestinal-tract/digestive
Digestive,Skin Care,,4,https://cdn.supercommerce.io/seif-pharmacies/uploads/616687-1773233270.webp,seif_output\images\digestive_4.webp,True,https://seif-online.com/en/product/medicine/gastro-intestinal-tract/digestive
Digestive,Skin Care,,5,https://masterapi.witheldokan.com/storage/seif-pharmacies/uploads/613152.webp,seif_output\images\digestive_5.webp,True,https://seif-online.com/en/product/medicine/gastro-intestinal-tract/digestive
Digestive,Skin Care,,6,https://masterapi.witheldokan.com/storage/seif-pharmacies/uploads/614720.webp,seif_output\images\digestive_6.webp,True,https://seif-online.com/en/product/medicine/gastro-intestinal-tract/digestive
Digestive,Skin Care,,7,https://masterapi.witheldokan.com/storage/seif-pharmacies/uploads/617114-1759839860.jpg,seif_output\images\digestive_7.jpg,True,https://seif-online.com/en/product/medicine/gastro-intestinal-tract/digestive
Digestive,Skin Care,,8,https://cdn.supercommerce.io/seif-pharmacies/uploads/616688-1773233347.webp,seif_output\images\digestive_8.webp,True,https://seif-online.com/en/product/medicine/gastro-intestinal-tract/digestive
Digestive,Skin Care,,9,https://cdn.supercommerce.io/seif-pharmacies/uploads/618362-1772346214.webp,seif_output\images\digestive_9.webp,True,https://seif-online.com/en/product/medicine/gastro-intestinal-tract/digestive
Digestive,Skin Care,,10,https://masterapi.witheldokan.com/storage/seif-pharmacies/uploads/612397.webp,seif_output\images\digestive_10.webp,True,https://seif-online.com/en/product/medicine/gastro-intestinal-tract/digestive
Digestive,Skin Care,,11,https://masterapi.witheldokan.com/storage/seif-pharmacies/uploads/399728.webp,seif_output\images\digestive_11.webp,True,https://seif-online.com/en/product/medicine/gastro-intestinal-tract/digestive
Digestive,Skin Care,,12,https://masterapi.witheldokan.com/storage/seif-pharmacies/uploads/266244.webp,seif_output\images\digestive_12.webp,True,https://seif-online.com/en/product/medicine/gastro-intestinal-tract/digestive
Digestive,Skin Care,,13,https://masterapi.witheldokan.com/storage/seif-pharmacies/uploads/617338-1762262512.webp,seif_output\images\digestive_13.webp,True,https://seif-online.com/en/product/medicine/gastro-intestinal-tract/digestive
Digestive,Skin Care,,14,https://masterapi.witheldokan.com/storage/seif-pharmacies/uploads/613583.webp,seif_output\images\digestive_14.webp,True,https://seif-online.com/en/product/medicine/gastro-intestinal-tract/digestive
Digestive,Skin Care,,15,https://masterapi.witheldokan.com/storage/seif-pharmacies/uploads/612279.webp,seif_output\images\digestive_15.webp,True,https://seif-online.com/en/product/medicine/gastro-intestinal-tract/digestive
Digestive,Skin Care,,16,https://masterapi.witheldokan.com/storage/seif-pharmacies/uploads/606373.webp,seif_output\images\digestive_16.webp,True,https://seif-online.com/en/product/medicine/gastro-intestinal-tract/digestive
Digestive,Skin Care,,17,https://masterapi.witheldokan.com/storage/seif-pharmacies/uploads/613758.webp,seif_output\images\digestive_17.webp,True,https://seif-online.com/en/product/medicine/gastro-intestinal-tract/digestive
Digestive,Skin Care,,18,https://masterapi.witheldokan.com/storage/seif-pharmacies/uploads/397437.webp,seif_output\images\digestive_18.webp,True,https://seif-online.com/en/product/medicine/gastro-intestinal-tract/digestive
Digestive,Skin Care,,19,https://masterapi.witheldokan.com/storage/seif-pharmacies/uploads/612954.webp,seif_output\images\digestive_19.webp,True,https://seif-online.com/en/product/medicine/gastro-intestinal-tract/digestive
Digestive,Skin Care,,20,https://masterapi.witheldokan.com/storage/seif-pharmacies/uploads/180554.webp,seif_output\images\digestive_20.webp,True,https://seif-online.com/en/product/medicine/gastro-intestinal-tract/digestive
Digestive,Skin Care,,21,https://masterapi.witheldokan.com/storage/seif-pharmacies/uploads/609881.webp,seif_output\images\digestive_21.webp,True,https://seif-online.com/en/product/medicine/gastro-intestinal-tract/digestive
Digestive,Skin Care,,22,https://masterapi.witheldokan.com/storage/seif-pharmacies/uploads/612014.webp,seif_output\images\digestive_22.webp,True,https://seif-online.com/en/product/medicine/gastro-intestinal-tract/digestive
Lipids Regulation.,Skin Care,,1,https://masterapi.witheldokan.com/storage/seif-pharmacies/uploads/179790.webp,seif_output\images\lipids_regulation_1.webp,True,https://seif-online.com/en/product/medicine/gastro-intestinal-tract/lipids-regulation-gastro
Lipids Regulation.,Skin Care,,2,https://masterapi.witheldokan.com/storage/seif-pharmacies/uploads/132132.webp,seif_output\images\lipids_regulation_2.webp,True,https://seif-online.com/en/product/medicine/gastro-intestinal-tract/lipids-regulation-gastro
Lipids Regulation.,Skin Care,,3,https://masterapi.witheldokan.com/storage/seif-pharmacies/uploads/179789.webp,seif_output\images\lipids_regulation_3.webp,True,https://seif-online.com/en/product/medicine/gastro-intestinal-tract/lipids-regulation-gastro
Gynaecology&Urinary Tract Dis,Skin Care,,1,https://masterapi.witheldokan.com/storage/seif-pharmacies/uploads/65002.webp,seif_output\images\gynaecologyurinary_tract_dis_1.webp,True,https://seif-online.com/en/product/medicine/gynaecologyurinary-tract-dis
Gynaecology&Urinary Tract Dis,Skin Care,,2,https://masterapi.witheldokan.com/storage/seif-pharmacies/uploads/83610.webp,seif_output\images\gynaecologyurinary_tract_dis_2.webp,True,https://seif-online.com/en/product/medicine/gynaecologyurinary-tract-dis
Gynaecology&Urinary Tract Dis,Skin Care,,3,https://masterapi.witheldokan.com/storage/seif-pharmacies/uploads/376123.webp,seif_output\images\gynaecologyurinary_tract_dis_3.webp,True,https://seif-online.com/en/product/medicine/gynaecologyurinary-tract-dis
Gynaecology&Urinary Tract Dis,Skin Care,,4,https://masterapi.witheldokan.com/storage/seif-pharmacies/uploads/1347.webp,seif_output\images\gynaecologyurinary_tract_dis_4.webp,True,https://seif-online.com/en/product/medicine/gynaecologyurinary-tract-dis
Gynaecology&Urinary Tract Dis,Skin Care,,5,https://masterapi.witheldokan.com/storage/seif-pharmacies/uploads/253749.webp,seif_output\images\gynaecologyurinary_tract_dis_5.webp,True,https://seif-online.com/en/product/medicine/gynaecologyurinary-tract-dis
Gynaecology&Urinary Tract Dis,Skin Care,,6,https://masterapi.witheldokan.com/storage/seif-pharmacies/uploads/389380.webp,seif_output\images\gynaecologyurinary_tract_dis_6.webp,True,https://seif-online.com/en/product/medicine/gynaecologyurinary-tract-dis
Gynaecology&Urinary Tract Dis,Skin Care,,7,https://masterapi.witheldokan.com/storage/seif-pharmacies/uploads/216050.webp,seif_output\images\gynaecologyurinary_tract_dis_7.webp,True,https://seif-online.com/en/product/medicine/gynaecologyurinary-tract-dis
Gynaecology&Urinary Tract Dis,Skin Care,,8,https://masterapi.witheldokan.com/storage/seif-pharmacies/uploads/284935.webp,seif_output\images\gynaecologyurinary_tract_dis_8.webp,True,https://seif-online.com/en/product/medicine/gynaecologyurinary-tract-dis
Gynaecology&Urinary Tract Dis,Skin Care,,9,https://masterapi.witheldokan.com/storage/seif-pharmacies/uploads/368187.webp,seif_output\images\gynaecologyurinary_tract_dis_9.webp,True,https://seif-online.com/en/product/medicine/gynaecologyurinary-tract-dis
Gynaecology&Urinary Tract Dis,Skin Care,,10,https://masterapi.witheldokan.com/storage/seif-pharmacies/uploads/380406.webp,seif_output\images\gynaecologyurinary_tract_dis_10.webp,True,https://seif-online.com/en/product/medicine/gynaecologyurinary-tract-dis
Gynaecology&Urinary Tract Dis,Skin Care,,11,https://masterapi.witheldokan.com/storage/seif-pharmacies/uploads/132407.webp,seif_output\images\gynaecologyurinary_tract_dis_11.webp,True,https://seif-online.com/en/product/medicine/gynaecologyurinary-tract-dis
Gynaecology&Urinary Tract Dis,Skin Care,,12,https://masterapi.witheldokan.com/storage/seif-pharmacies/uploads/362147.webp,seif_output\images\gynaecologyurinary_tract_dis_12.webp,True,https://seif-online.com/en/product/medicine/gynaecologyurinary-tract-dis
Gynaecology&Urinary Tract Dis,Skin Care,,13,https://masterapi.witheldokan.com/storage/seif-pharmacies/uploads/137701.webp,seif_output\images\gynaecologyurinary_tract_dis_13.webp,True,https://seif-online.com/en/product/medicine/gynaecologyurinary-tract-dis
Gynaecology&Urinary Tract Dis,Skin Care,,14,https://masterapi.witheldokan.com/storage/seif-pharmacies/uploads/847.webp,seif_output\images\gynaecologyurinary_tract_dis_14.webp,True,https://seif-online.com/en/product/medicine/gynaecologyurinary-tract-dis
Gynaecology&Urinary Tract Dis,Skin Care,,15,https://masterapi.witheldokan.com/storage/seif-pharmacies/uploads/41702.webp,seif_output\images\gynaecologyurinary_tract_dis_15.webp,True,https://seif-online.com/en/product/medicine/gynaecologyurinary-tract-dis
Gynaecology&Urinary Tract Dis,Skin Care,,16,https://masterapi.witheldokan.com/storage/seif-pharmacies/uploads/215112.webp,seif_output\images\gynaecologyurinary_tract_dis_16.webp,True,https://seif-online.com/en/product/medicine/gynaecologyurinary-tract-dis
Gynaecology&Urinary Tract Dis,Skin Care,,17,https://masterapi.witheldokan.com/storage/seif-pharmacies/uploads/29471.webp,seif_output\images\gynaecologyurinary_tract_dis_17.webp,True,https://seif-online.com/en/product/medicine/gynaecologyurinary-tract-dis
Gynaecology&Urinary Tract Dis,Skin Care,,18,https://masterapi.witheldokan.com/storage/seif-pharmacies/uploads/2884.webp,seif_output\images\gynaecologyurinary_tract_dis_18.webp,True,https://seif-online.com/en/product/medicine/gynaecologyurinary-tract-dis
Gynaecology&Urinary Tract Dis,Skin Care,,19,https://masterapi.witheldokan.com/storage/seif-pharmacies/uploads/148508.webp,seif_output\images\gynaecologyurinary_tract_dis_19.webp,True,https://seif-online.com/en/product/medicine/gynaecologyurinary-tract-dis
Gynaecology&Urinary Tract Dis,Skin Care,,20,https://masterapi.witheldokan.com/storage/seif-pharmacies/uploads/307022.webp,seif_output\images\gynaecologyurinary_tract_dis_20.webp,True,https://seif-online.com/en/product/medicine/gynaecologyurinary-tract-dis
Gynaecology&Urinary Tract Dis,Skin Care,,21,https://masterapi.witheldokan.com/storage/seif-pharmacies/uploads/2677.webp,seif_output\images\gynaecologyurinary_tract_dis_21.webp,True,https://seif-online.com/en/product/medicine/gynaecologyurinary-tract-dis
Gynaecology&Urinary Tract Dis,Skin Care,,22,https://masterapi.witheldokan.com/storage/seif-pharmacies/uploads/221452.webp,seif_output\images\gynaecologyurinary_tract_dis_22.webp,True,https://seif-online.com/en/product/medicine/gynaecologyurinary-tract-dis
Gynaecology&Urinary Tract Dis,Skin Care,,23,https://masterapi.witheldokan.com/storage/seif-pharmacies/uploads/233287.webp,seif_output\images\gynaecologyurinary_tract_dis_23.webp,True,https://seif-online.com/en/product/medicine/gynaecologyurinary-tract-dis
Prostatic Hyperplasia,Skin Care,,1,https://masterapi.witheldokan.com/storage/seif-pharmacies/uploads/65002.webp,seif_output\images\prostatic_hyperplasia_1.webp,True,https://seif-online.com/en/product/medicine/gynaecologyurinary-tract-dis/prostatic-hyperplasia
Prostatic Hyperplasia,Skin Care,,2,https://masterapi.witheldokan.com/storage/seif-pharmacies/uploads/83610.webp,seif_output\images\prostatic_hyperplasia_2.webp,True,https://seif-online.com/en/product/medicine/gynaecologyurinary-tract-dis/prostatic-hyperplasia
Prostatic Hyperplasia,Skin Care,,3,https://masterapi.witheldokan.com/storage/seif-pharmacies/uploads/376123.webp,seif_output\images\prostatic_hyperplasia_3.webp,True,https://seif-online.com/en/product/medicine/gynaecologyurinary-tract-dis/prostatic-hyperplasia
Prostatic Hyperplasia,Skin Care,,4,https://masterapi.witheldokan.com/storage/seif-pharmacies/uploads/1347.webp,seif_output\images\prostatic_hyperplasia_4.webp,True,https://seif-online.com/en/product/medicine/gynaecologyurinary-tract-dis/prostatic-hyperplasia
Prostatic Hyperplasia,Skin Care,,5,https://masterapi.witheldokan.com/storage/seif-pharmacies/uploads/389380.webp,seif_output\images\prostatic_hyperplasia_5.webp,True,https://seif-online.com/en/product/medicine/gynaecologyurinary-tract-dis/prostatic-hyperplasia
Prostatic Hyperplasia,Skin Care,,6,https://masterapi.witheldokan.com/storage/seif-pharmacies/uploads/216050.webp,seif_output\images\prostatic_hyperplasia_6.webp,True,https://seif-online.com/en/product/medicine/gynaecologyurinary-tract-dis/prostatic-hyperplasia
Prostatic Hyperplasia,Skin Care,,7,https://masterapi.witheldokan.com/storage/seif-pharmacies/uploads/368187.webp,seif_output\images\prostatic_hyperplasia_7.webp,True,https://seif-online.com/en/product/medicine/gynaecologyurinary-tract-dis/prostatic-hyperplasia
Prostatic Hyperplasia,Skin Care,,8,https://masterapi.witheldokan.com/storage/seif-pharmacies/uploads/132407.webp,seif_output\images\prostatic_hyperplasia_8.webp,True,https://seif-online.com/en/product/medicine/gynaecologyurinary-tract-dis/prostatic-hyperplasia
Prostatic Hyperplasia,Skin Care,,9,https://masterapi.witheldokan.com/storage/seif-pharmacies/uploads/362147.webp,seif_output\images\prostatic_hyperplasia_9.webp,True,https://seif-online.com/en/product/medicine/gynaecologyurinary-tract-dis/prostatic-hyperplasia
Prostatic Hyperplasia,Skin Care,,10,https://masterapi.witheldokan.com/storage/seif-pharmacies/uploads/2884.webp,seif_output\images\prostatic_hyperplasia_10.webp,True,https://seif-online.com/en/product/medicine/gynaecologyurinary-tract-dis/prostatic-hyperplasia
Prostatic Hyperplasia,Skin Care,,11,https://masterapi.witheldokan.com/storage/seif-pharmacies/uploads/148508.webp,seif_output\images\prostatic_hyperplasia_11.webp,True,https://seif-online.com/en/product/medicine/gynaecologyurinary-tract-dis/prostatic-hyperplasia
Prostatic Hyperplasia,Skin Care,,12,https://masterapi.witheldokan.com/storage/seif-pharmacies/uploads/307022.webp,seif_output\images\prostatic_hyperplasia_12.webp,True,https://seif-online.com/en/product/medicine/gynaecologyurinary-tract-dis/prostatic-hyperplasia
Prostatic Hyperplasia,Skin Care,,13,https://masterapi.witheldokan.com/storage/seif-pharmacies/uploads/2677.webp,seif_output\images\prostatic_hyperplasia_13.webp,True,https://seif-online.com/en/product/medicine/gynaecologyurinary-tract-dis/prostatic-hyperplasia
Prostatic Hyperplasia,Skin Care,,14,https://masterapi.witheldokan.com/storage/seif-pharmacies/uploads/233287.webp,seif_output\images\prostatic_hyperplasia_14.webp,True,https://seif-online.com/en/product/medicine/gynaecologyurinary-tract-dis/prostatic-hyperplasia
Prostatic Hyperplasia,Skin Care,,15,https://masterapi.witheldokan.com/storage/seif-pharmacies/uploads/1346.webp,seif_output\images\prostatic_hyperplasia_15.webp,True,https://seif-online.com/en/product/medicine/gynaecologyurinary-tract-dis/prostatic-hyperplasia
Prostatic Hyperplasia,Skin Care,,16,https://masterapi.witheldokan.com/storage/seif-pharmacies/uploads/1967.webp,seif_output\images\prostatic_hyperplasia_16.webp,True,https://seif-online.com/en/product/medicine/gynaecologyurinary-tract-dis/prostatic-hyperplasia
Prostatic Hyperplasia,Skin Care,,17,https://masterapi.witheldokan.com/storage/seif-pharmacies/uploads/42492.webp,seif_output\images\prostatic_hyperplasia_17.webp,True,https://seif-online.com/en/product/medicine/gynaecologyurinary-tract-dis/prostatic-hyperplasia
Prostatic Hyperplasia,Skin Care,,18,https://masterapi.witheldokan.com/storage/seif-pharmacies/uploads/62522.webp,seif_output\images\prostatic_hyperplasia_18.webp,True,https://seif-online.com/en/product/medicine/gynaecologyurinary-tract-dis/prostatic-hyperplasia
Prostatic Hyperplasia,Skin Care,,19,https://masterapi.witheldokan.com/storage/seif-pharmacies/uploads/196578.webp,seif_output\images\prostatic_hyperplasia_19.webp,True,https://seif-online.com/en/product/medicine/gynaecologyurinary-tract-dis/prostatic-hyperplasia
Prostatic Hyperplasia,Skin Care,,20,https://masterapi.witheldokan.com/storage/seif-pharmacies/uploads/611725.webp,seif_output\images\prostatic_hyperplasia_20.webp,True,https://seif-online.com/en/product/medicine/gynaecologyurinary-tract-dis/prostatic-hyperplasia
Prostatic Hyperplasia,Skin Care,,21,https://masterapi.witheldokan.com/storage/seif-pharmacies/uploads/612941.webp,seif_output\images\prostatic_hyperplasia_21.webp,True,https://seif-online.com/en/product/medicine/gynaecologyurinary-tract-dis/prostatic-hyperplasia
Prostatic Hyperplasia,Skin Care,,22,https://masterapi.witheldokan.com/storage/seif-pharmacies/uploads/379156.webp,seif_output\images\prostatic_hyperplasia_22.webp,True,https://seif-online.com/en/product/medicine/gynaecologyurinary-tract-dis/prostatic-hyperplasia
Prostatic Hyperplasia,Skin Care,,23,https://masterapi.witheldokan.com/storage/seif-pharmacies/uploads/171151.webp,seif_output\images\prostatic_hyperplasia_23.webp,True,https://seif-online.com/en/product/medicine/gynaecologyurinary-tract-dis/prostatic-hyperplasia
Menopausal&Gyn. Disorders,Skin Care,,1,https://masterapi.witheldokan.com/storage/seif-pharmacies/uploads/608502.webp,seif_output\images\menopausalgyn_disorders_1.webp,True,https://seif-online.com/en/product/medicine/gynaecologyurinary-tract-dis/menopausalgyn-disorders
Menopausal&Gyn. Disorders,Skin Care,,2,https://masterapi.witheldokan.com/storage/seif-pharmacies/uploads/45215.webp,seif_output\images\menopausalgyn_disorders_2.webp,True,https://seif-online.com/en/product/medicine/gynaecologyurinary-tract-dis/menopausalgyn-disorders
Menopausal&Gyn. Disorders,Skin Care,,3,https://masterapi.witheldokan.com/storage/seif-pharmacies/uploads/614430-1759929684.webp,seif_output\images\menopausalgyn_disorders_3.webp,True,https://seif-online.com/en/product/medicine/gynaecologyurinary-tract-dis/menopausalgyn-disorders
Menopausal&Gyn. Disorders,Skin Care,,4,https://masterapi.witheldokan.com/storage/seif-pharmacies/uploads/57252.webp,seif_output\images\menopausalgyn_disorders_4.webp,True,https://seif-online.com/en/product/medicine/gynaecologyurinary-tract-dis/menopausalgyn-disorders
Menopausal&Gyn. Disorders,Skin Care,,5,https://masterapi.witheldokan.com/storage/seif-pharmacies/uploads/400192.webp,seif_output\images\menopausalgyn_disorders_5.webp,True,https://seif-online.com/en/product/medicine/gynaecologyurinary-tract-dis/menopausalgyn-disorders
Urinary Tract Antiseptic,Skin Care,,1,https://masterapi.witheldokan.com/storage/seif-pharmacies/uploads/253749.webp,seif_output\images\urinary_tract_antiseptic_1.webp,True,https://seif-online.com/en/product/medicine/gynaecologyurinary-tract-dis/urinary-tract-antiseptic
Urinary Tract Antiseptic,Skin Care,,2,https://masterapi.witheldokan.com/storage/seif-pharmacies/uploads/137701.webp,seif_output\images\urinary_tract_antiseptic_2.webp,True,https://seif-online.com/en/product/medicine/gynaecologyurinary-tract-dis/urinary-tract-antiseptic
Urinary Tract Antiseptic,Skin Care,,3,https://masterapi.witheldokan.com/storage/seif-pharmacies/uploads/847.webp,seif_output\images\urinary_tract_antiseptic_3.webp,True,https://seif-online.com/en/product/medicine/gynaecologyurinary-tract-dis/urinary-tract-antiseptic
Urinary Tract Antiseptic,Skin Care,,4,https://masterapi.witheldokan.com/storage/seif-pharmacies/uploads/41702.webp,seif_output\images\urinary_tract_antiseptic_4.webp,True,https://seif-online.com/en/product/medicine/gynaecologyurinary-tract-dis/urinary-tract-antiseptic
Urinary Tract Antiseptic,Skin Care,,5,https://masterapi.witheldokan.com/storage/seif-pharmacies/uploads/29471.webp,seif_output\images\urinary_tract_antiseptic_5.webp,True,https://seif-online.com/en/product/medicine/gynaecologyurinary-tract-dis/urinary-tract-antiseptic
Urinary Tract Antiseptic,Skin Care,,6,https://masterapi.witheldokan.com/storage/seif-pharmacies/uploads/16456.webp,seif_output\images\urinary_tract_antiseptic_6.webp,True,https://seif-online.com/en/product/medicine/gynaecologyurinary-tract-dis/urinary-tract-antiseptic
Urinary Tract Antiseptic,Skin Care,,7,https://masterapi.witheldokan.com/storage/seif-pharmacies/uploads/67344.webp,seif_output\images\urinary_tract_antiseptic_7.webp,True,https://seif-online.com/en/product/medicine/gynaecologyurinary-tract-dis/urinary-tract-antiseptic
Urinary Tract Antiseptic,Skin Care,,8,https://masterapi.witheldokan.com/storage/seif-pharmacies/uploads/52437.webp,seif_output\images\urinary_tract_antiseptic_8.webp,True,https://seif-online.com/en/product/medicine/gynaecologyurinary-tract-dis/urinary-tract-antiseptic
Urinary Tract Antiseptic,Skin Care,,9,https://masterapi.witheldokan.com/storage/seif-pharmacies/uploads/2612.webp,seif_output\images\urinary_tract_antiseptic_9.webp,True,https://seif-online.com/en/product/medicine/gynaecologyurinary-tract-dis/urinary-tract-antiseptic
Urinary Tract Antiseptic,Skin Care,,10,https://masterapi.witheldokan.com/storage/seif-pharmacies/uploads/71951.webp,seif_output\images\urinary_tract_antiseptic_10.webp,True,https://seif-online.com/en/product/medicine/gynaecologyurinary-tract-dis/urinary-tract-antiseptic
Urinary Tract Antiseptic,Skin Care,,11,https://masterapi.witheldokan.com/storage/seif-pharmacies/uploads/136262.webp,seif_output\images\urinary_tract_antiseptic_11.webp,True,https://seif-online.com/en/product/medicine/gynaecologyurinary-tract-dis/urinary-tract-antiseptic
Urinary Tract Antiseptic,Skin Care,,12,https://masterapi.witheldokan.com/storage/seif-pharmacies/uploads/610484.webp,seif_output\images\urinary_tract_antiseptic_12.webp,True,https://seif-online.com/en/product/medicine/gynaecologyurinary-tract-dis/urinary-tract-antiseptic
Urinary Tract Antiseptic,Skin Care,,13,https://masterapi.witheldokan.com/storage/seif-pharmacies/uploads/604913.webp,seif_output\images\urinary_tract_antiseptic_13.webp,True,https://seif-online.com/en/product/medicine/gynaecologyurinary-tract-dis/urinary-tract-antiseptic
Urinary Tract Antiseptic,Skin Care,,14,https://masterapi.witheldokan.com/storage/seif-pharmacies/uploads/1127.webp,seif_output\images\urinary_tract_antiseptic_14.webp,True,https://seif-online.com/en/product/medicine/gynaecologyurinary-tract-dis/urinary-tract-antiseptic
Urinary Tract Antiseptic,Skin Care,,15,https://masterapi.witheldokan.com/storage/seif-pharmacies/uploads/613865.webp,seif_output\images\urinary_tract_antiseptic_15.webp,True,https://seif-online.com/en/product/medicine/gynaecologyurinary-tract-dis/urinary-tract-antiseptic
Urinary Tract Antiseptic,Skin Care,,16,https://masterapi.witheldokan.com/storage/seif-pharmacies/uploads/2623.webp,seif_output\images\urinary_tract_antiseptic_16.webp,True,https://seif-online.com/en/product/medicine/gynaecologyurinary-tract-dis/urinary-tract-antiseptic
Urinary Tract Antiseptic,Skin Care,,17,https://cdn.supercommerce.io/seif-pharmacies/uploads/618041-1769496908.webp,seif_output\images\urinary_tract_antiseptic_17.webp,True,https://seif-online.com/en/product/medicine/gynaecologyurinary-tract-dis/urinary-tract-antiseptic
Urinary Tract Antiseptic,Skin Care,,18,https://masterapi.witheldokan.com/storage/seif-pharmacies/uploads/312.webp,seif_output\images\urinary_tract_antiseptic_18.webp,True,https://seif-online.com/en/product/medicine/gynaecologyurinary-tract-dis/urinary-tract-antiseptic
Urinary Tract Antiseptic,Skin Care,,19,https://masterapi.witheldokan.com/storage/seif-pharmacies/uploads/3389.webp,seif_output\images\urinary_tract_antiseptic_19.webp,True,https://seif-online.com/en/product/medicine/gynaecologyurinary-tract-dis/urinary-tract-antiseptic
Nocturnal Enuresis,Skin Care,,1,https://masterapi.witheldokan.com/storage/seif-pharmacies/uploads/284935.webp,seif_output\images\nocturnal_enuresis_1.webp,True,https://seif-online.com/en/product/medicine/gynaecologyurinary-tract-dis/nocturnal-enuresis
Nocturnal Enuresis,Skin Care,,2,https://masterapi.witheldokan.com/storage/seif-pharmacies/uploads/380406.webp,seif_output\images\nocturnal_enuresis_2.webp,True,https://seif-online.com/en/product/medicine/gynaecologyurinary-tract-dis/nocturnal-enuresis
Nocturnal Enuresis,Skin Care,,3,https://masterapi.witheldokan.com/storage/seif-pharmacies/uploads/215112.webp,seif_output\images\nocturnal_enuresis_3.webp,True,https://seif-online.com/en/product/medicine/gynaecologyurinary-tract-dis/nocturnal-enuresis
Nocturnal Enuresis,Skin Care,,4,https://masterapi.witheldokan.com/storage/seif-pharmacies/uploads/221452.webp,seif_output\images\nocturnal_enuresis_4.webp,True,https://seif-online.com/en/product/medicine/gynaecologyurinary-tract-dis/nocturnal-enuresis
Nocturnal Enuresis,Skin Care,,5,https://masterapi.witheldokan.com/storage/seif-pharmacies/uploads/383112.webp,seif_output\images\nocturnal_enuresis_5.webp,True,https://seif-online.com/en/product/medicine/gynaecologyurinary-tract-dis/nocturnal-enuresis
Nocturnal Enuresis,Skin Care,,6,https://masterapi.witheldokan.com/storage/seif-pharmacies/uploads/604326.webp,seif_output\images\nocturnal_enuresis_6.webp,True,https://seif-online.com/en/product/medicine/gynaecologyurinary-tract-dis/nocturnal-enuresis
Nocturnal Enuresis,Skin Care,,7,https://masterapi.witheldokan.com/storage/seif-pharmacies/uploads/323758.webp,seif_output\images\nocturnal_enuresis_7.webp,True,https://seif-online.com/en/product/medicine/gynaecologyurinary-tract-dis/nocturnal-enuresis
Nocturnal Enuresis,Skin Care,,8,https://masterapi.witheldokan.com/storage/seif-pharmacies/uploads/266099.webp,seif_output\images\nocturnal_enuresis_8.webp,True,https://seif-online.com/en/product/medicine/gynaecologyurinary-tract-dis/nocturnal-enuresis
Nocturnal Enuresis,Skin Care,,9,https://masterapi.witheldokan.com/storage/seif-pharmacies/uploads/274037.webp,seif_output\images\nocturnal_enuresis_9.webp,True,https://seif-online.com/en/product/medicine/gynaecologyurinary-tract-dis/nocturnal-enuresis
Nocturnal Enuresis,Skin Care,,10,https://masterapi.witheldokan.com/storage/seif-pharmacies/uploads/183546.webp,seif_output\images\nocturnal_enuresis_10.webp,True,https://seif-online.com/en/product/medicine/gynaecologyurinary-tract-dis/nocturnal-enuresis
Nocturnal Enuresis,Skin Care,,11,https://masterapi.witheldokan.com/storage/seif-pharmacies/uploads/383111.webp,seif_output\images\nocturnal_enuresis_11.webp,True,https://seif-online.com/en/product/medicine/gynaecologyurinary-tract-dis/nocturnal-enuresis
Nocturnal Enuresis,Skin Care,,12,https://masterapi.witheldokan.com/storage/seif-pharmacies/uploads/274038.webp,seif_output\images\nocturnal_enuresis_12.webp,True,https://seif-online.com/en/product/medicine/gynaecologyurinary-tract-dis/nocturnal-enuresis
Nocturnal Enuresis,Skin Care,,13,https://masterapi.witheldokan.com/storage/seif-pharmacies/uploads/378683.webp,seif_output\images\nocturnal_enuresis_13.webp,True,https://seif-online.com/en/product/medicine/gynaecologyurinary-tract-dis/nocturnal-enuresis
Nocturnal Enuresis,Skin Care,,14,https://masterapi.witheldokan.com/storage/seif-pharmacies/uploads/178227.webp,seif_output\images\nocturnal_enuresis_14.webp,True,https://seif-online.com/en/product/medicine/gynaecologyurinary-tract-dis/nocturnal-enuresis
Nocturnal Enuresis,Skin Care,,15,https://masterapi.witheldokan.com/storage/seif-pharmacies/uploads/603831.webp,seif_output\images\nocturnal_enuresis_15.webp,True,https://seif-online.com/en/product/medicine/gynaecologyurinary-tract-dis/nocturnal-enuresis
Nocturnal Enuresis,Skin Care,,16,https://masterapi.witheldokan.com/storage/seif-pharmacies/uploads/612974.webp,seif_output\images\nocturnal_enuresis_16.webp,True,https://seif-online.com/en/product/medicine/gynaecologyurinary-tract-dis/nocturnal-enuresis
Nocturnal Enuresis,Skin Care,,17,https://masterapi.witheldokan.com/storage/seif-pharmacies/uploads/341300.webp,seif_output\images\nocturnal_enuresis_17.webp,True,https://seif-online.com/en/product/medicine/gynaecologyurinary-tract-dis/nocturnal-enuresis
Nocturnal Enuresis,Skin Care,,18,https://masterapi.witheldokan.com/storage/seif-pharmacies/uploads/34681.webp,seif_output\images\nocturnal_enuresis_18.webp,True,https://seif-online.com/en/product/medicine/gynaecologyurinary-tract-dis/nocturnal-enuresis
Nocturnal Enuresis,Skin Care,,19,https://masterapi.witheldokan.com/storage/seif-pharmacies/uploads/375190.webp,seif_output\images\nocturnal_enuresis_19.webp,True,https://seif-online.com/en/product/medicine/gynaecologyurinary-tract-dis/nocturnal-enuresis
Infertility Treatment,Skin Care,,1,https://cdn.supercommerce.io/seif-pharmacies/uploads/615559-1770716542.webp,seif_output\images\infertility_treatment_1.webp,True,https://seif-online.com/en/product/medicine/gynaecologyurinary-tract-dis/infertility-treatment-gynaecologyurinary-tract-dis-4
Infertility Treatment,Skin Care,,2,https://masterapi.witheldokan.com/storage/seif-pharmacies/uploads/606528.webp,seif_output\images\infertility_treatment_2.webp,True,https://seif-online.com/en/product/medicine/gynaecologyurinary-tract-dis/infertility-treatment-gynaecologyurinary-tract-dis-4
Infertility Treatment,Skin Care,,3,https://masterapi.witheldokan.com/storage/seif-pharmacies/uploads/612012.webp,seif_output\images\infertility_treatment_3.webp,True,https://seif-online.com/en/product/medicine/gynaecologyurinary-tract-dis/infertility-treatment-gynaecologyurinary-tract-dis-4
Infertility Treatment,Skin Care,,4,https://cdn.supercommerce.io/seif-pharmacies/uploads/614757-1769430160.webp,seif_output\images\infertility_treatment_4.webp,True,https://seif-online.com/en/product/medicine/gynaecologyurinary-tract-dis/infertility-treatment-gynaecologyurinary-tract-dis-4
Immunological System,Skin Care,,1,https://masterapi.witheldokan.com/storage/seif-pharmacies/uploads/45547.webp,seif_output\images\immunological_system_1.webp,True,https://seif-online.com/en/product/medicine/immunological-system
Immunological System,Skin Care,,2,https://masterapi.witheldokan.com/storage/seif-pharmacies/uploads/93963.webp,seif_output\images\immunological_system_2.webp,True,https://seif-online.com/en/product/medicine/immunological-system
Immunological System,Skin Care,,3,https://masterapi.witheldokan.com/storage/seif-pharmacies/uploads/43502.webp,seif_output\images\immunological_system_3.webp,True,https://seif-online.com/en/product/medicine/immunological-system
Immunological System,Skin Care,,4,https://masterapi.witheldokan.com/storage/seif-pharmacies/uploads/1576.webp,seif_output\images\immunological_system_4.webp,True,https://seif-online.com/en/product/medicine/immunological-system
Immunological System,Skin Care,,5,https://masterapi.witheldokan.com/storage/seif-pharmacies/uploads/56507.webp,seif_output\images\immunological_system_5.webp,True,https://seif-online.com/en/product/medicine/immunological-system
Immunological System,Skin Care,,6,https://masterapi.witheldokan.com/storage/seif-pharmacies/uploads/390493.webp,seif_output\images\immunological_system_6.webp,True,https://seif-online.com/en/product/medicine/immunological-system
Immunological System,Skin Care,,7,https://cdn.supercommerce.io/seif-pharmacies/uploads/614734-1769431434.webp,seif_output\images\immunological_system_7.webp,True,https://seif-online.com/en/product/medicine/immunological-system
Immunological System,Skin Care,,8,https://masterapi.witheldokan.com/storage/seif-pharmacies/uploads/1630.webp,seif_output\images\immunological_system_8.webp,True,https://seif-online.com/en/product/medicine/immunological-system
Immunological System,Skin Care,,9,https://masterapi.witheldokan.com/storage/seif-pharmacies/uploads/1683.webp,seif_output\images\immunological_system_9.webp,True,https://seif-online.com/en/product/medicine/immunological-system
Immunological System,Skin Care,,10,https://masterapi.witheldokan.com/storage/seif-pharmacies/uploads/4001.webp,seif_output\images\immunological_system_10.webp,True,https://seif-online.com/en/product/medicine/immunological-system
Immunological System,Skin Care,,11,https://masterapi.witheldokan.com/storage/seif-pharmacies/uploads/10221.webp,seif_output\images\immunological_system_11.webp,True,https://seif-online.com/en/product/medicine/immunological-system
Immunological System,Skin Care,,12,https://masterapi.witheldokan.com/storage/seif-pharmacies/uploads/33508.webp,seif_output\images\immunological_system_12.webp,True,https://seif-online.com/en/product/medicine/immunological-system
Immunological System,Skin Care,,13,https://masterapi.witheldokan.com/storage/seif-pharmacies/uploads/111988.webp,seif_output\images\immunological_system_13.webp,True,https://seif-online.com/en/product/medicine/immunological-system
Immunological System,Skin Care,,14,https://masterapi.witheldokan.com/storage/seif-pharmacies/uploads/138225.webp,seif_output\images\immunological_system_14.webp,True,https://seif-online.com/en/product/medicine/immunological-system
Immunological System,Skin Care,,15,https://masterapi.witheldokan.com/storage/seif-pharmacies/uploads/167912.webp,seif_output\images\immunological_system_15.webp,True,https://seif-online.com/en/product/medicine/immunological-system
Immunological System,Skin Care,,16,https://masterapi.witheldokan.com/storage/seif-pharmacies/uploads/180789.webp,seif_output\images\immunological_system_16.webp,True,https://seif-online.com/en/product/medicine/immunological-system
Immunological System,Skin Care,,17,https://masterapi.witheldokan.com/storage/seif-pharmacies/uploads/182738.webp,seif_output\images\immunological_system_17.webp,True,https://seif-online.com/en/product/medicine/immunological-system
Immunological System,Skin Care,,18,https://masterapi.witheldokan.com/storage/seif-pharmacies/uploads/234541.webp,seif_output\images\immunological_system_18.webp,True,https://seif-online.com/en/product/medicine/immunological-system
Immunological System,Skin Care,,19,https://masterapi.witheldokan.com/storage/seif-pharmacies/uploads/264242.webp,seif_output\images\immunological_system_19.webp,True,https://seif-online.com/en/product/medicine/immunological-system
Interferons,Skin Care,,1,https://masterapi.witheldokan.com/storage/seif-pharmacies/uploads/45547.webp,seif_output\images\interferons_1.webp,True,https://seif-online.com/en/product/medicine/immunological-system/interferons
Interferons,Skin Care,,2,https://masterapi.witheldokan.com/storage/seif-pharmacies/uploads/56507.webp,seif_output\images\interferons_2.webp,True,https://seif-online.com/en/product/medicine/immunological-system/interferons
Interferons,Skin Care,,3,https://masterapi.witheldokan.com/storage/seif-pharmacies/uploads/180789.webp,seif_output\images\interferons_3.webp,True,https://seif-online.com/en/product/medicine/immunological-system/interferons
Immuno-Suppresives,Skin Care,,1,https://masterapi.witheldokan.com/storage/seif-pharmacies/uploads/93963.webp,seif_output\images\immuno_suppresives_1.webp,True,https://seif-online.com/en/product/medicine/immunological-system/immuno-suppresives
Immuno-Suppresives,Skin Care,,2,https://masterapi.witheldokan.com/storage/seif-pharmacies/uploads/43502.webp,seif_output\images\immuno_suppresives_2.webp,True,https://seif-online.com/en/product/medicine/immunological-system/immuno-suppresives
Immuno-Suppresives,Skin Care,,3,https://masterapi.witheldokan.com/storage/seif-pharmacies/uploads/1576.webp,seif_output\images\immuno_suppresives_3.webp,True,https://seif-online.com/en/product/medicine/immunological-system/immuno-suppresives
Immuno-Suppresives,Skin Care,,4,https://masterapi.witheldokan.com/storage/seif-pharmacies/uploads/390493.webp,seif_output\images\immuno_suppresives_4.webp,True,https://seif-online.com/en/product/medicine/immunological-system/immuno-suppresives
Immuno-Suppresives,Skin Care,,5,https://cdn.supercommerce.io/seif-pharmacies/uploads/614734-1769431434.webp,seif_output\images\immuno_suppresives_5.webp,True,https://seif-online.com/en/product/medicine/immunological-system/immuno-suppresives
Immuno-Suppresives,Skin Care,,6,https://masterapi.witheldokan.com/storage/seif-pharmacies/uploads/1630.webp,seif_output\images\immuno_suppresives_6.webp,True,https://seif-online.com/en/product/medicine/immunological-system/immuno-suppresives
Immuno-Suppresives,Skin Care,,7,https://masterapi.witheldokan.com/storage/seif-pharmacies/uploads/1683.webp,seif_output\images\immuno_suppresives_7.webp,True,https://seif-online.com/en/product/medicine/immunological-system/immuno-suppresives
Immuno-Suppresives,Skin Care,,8,https://masterapi.witheldokan.com/storage/seif-pharmacies/uploads/4001.webp,seif_output\images\immuno_suppresives_8.webp,True,https://seif-online.com/en/product/medicine/immunological-system/immuno-suppresives
Immuno-Suppresives,Skin Care,,9,https://masterapi.witheldokan.com/storage/seif-pharmacies/uploads/10221.webp,seif_output\images\immuno_suppresives_9.webp,True,https://seif-online.com/en/product/medicine/immunological-system/immuno-suppresives
Immuno-Suppresives,Skin Care,,10,https://masterapi.witheldokan.com/storage/seif-pharmacies/uploads/33508.webp,seif_output\images\immuno_suppresives_10.webp,True,https://seif-online.com/en/product/medicine/immunological-system/immuno-suppresives
Immuno-Suppresives,Skin Care,,11,https://masterapi.witheldokan.com/storage/seif-pharmacies/uploads/111988.webp,seif_output\images\immuno_suppresives_11.webp,True,https://seif-online.com/en/product/medicine/immunological-system/immuno-suppresives
Immuno-Suppresives,Skin Care,,12,https://masterapi.witheldokan.com/storage/seif-pharmacies/uploads/138225.webp,seif_output\images\immuno_suppresives_12.webp,True,https://seif-online.com/en/product/medicine/immunological-system/immuno-suppresives
Immuno-Suppresives,Skin Care,,13,https://masterapi.witheldokan.com/storage/seif-pharmacies/uploads/167912.webp,seif_output\images\immuno_suppresives_13.webp,True,https://seif-online.com/en/product/medicine/immunological-system/immuno-suppresives
Immuno-Suppresives,Skin Care,,14,https://masterapi.witheldokan.com/storage/seif-pharmacies/uploads/182738.webp,seif_output\images\immuno_suppresives_14.webp,True,https://seif-online.com/en/product/medicine/immunological-system/immuno-suppresives
Immuno-Suppresives,Skin Care,,15,https://masterapi.witheldokan.com/storage/seif-pharmacies/uploads/234541.webp,seif_output\images\immuno_suppresives_15.webp,True,https://seif-online.com/en/product/medicine/immunological-system/immuno-suppresives
Immuno-Suppresives,Skin Care,,16,https://masterapi.witheldokan.com/storage/seif-pharmacies/uploads/264242.webp,seif_output\images\immuno_suppresives_16.webp,True,https://seif-online.com/en/product/medicine/immunological-system/immuno-suppresives
Immuno-Suppresives,Skin Care,,17,https://masterapi.witheldokan.com/storage/seif-pharmacies/uploads/298495.webp,seif_output\images\immuno_suppresives_17.webp,True,https://seif-online.com/en/product/medicine/immunological-system/immuno-suppresives
Immuno-Suppresives,Skin Care,,18,https://masterapi.witheldokan.com/storage/seif-pharmacies/uploads/321743.webp,seif_output\images\immuno_suppresives_18.webp,True,https://seif-online.com/en/product/medicine/immunological-system/immuno-suppresives
Immuno-Suppresives,Skin Care,,19,https://masterapi.witheldokan.com/storage/seif-pharmacies/uploads/322103.webp,seif_output\images\immuno_suppresives_19.webp,True,https://seif-online.com/en/product/medicine/immunological-system/immuno-suppresives
Cardio-Vascular System,Skin Care,,1,https://masterapi.witheldokan.com/storage/seif-pharmacies/uploads/601827.webp,seif_output\images\cardio_vascular_system_1.webp,True,https://seif-online.com/en/product/medicine/cardio-vascular-system
Cardio-Vascular System,Skin Care,,2,https://masterapi.witheldokan.com/storage/seif-pharmacies/uploads/253569.webp,seif_output\images\cardio_vascular_system_2.webp,True,https://seif-online.com/en/product/medicine/cardio-vascular-system
Cardio-Vascular System,Skin Care,,3,https://masterapi.witheldokan.com/storage/seif-pharmacies/uploads/2331.webp,seif_output\images\cardio_vascular_system_3.webp,True,https://seif-online.com/en/product/medicine/cardio-vascular-system
Cardio-Vascular System,Skin Care,,4,https://masterapi.witheldokan.com/storage/seif-pharmacies/uploads/404343.webp,seif_output\images\cardio_vascular_system_4.webp,True,https://seif-online.com/en/product/medicine/cardio-vascular-system
Cardio-Vascular System,Skin Care,,5,https://masterapi.witheldokan.com/storage/seif-pharmacies/uploads/186939.webp,seif_output\images\cardio_vascular_system_5.webp,True,https://seif-online.com/en/product/medicine/cardio-vascular-system
Cardio-Vascular System,Skin Care,,6,https://masterapi.witheldokan.com/storage/seif-pharmacies/uploads/148001.webp,seif_output\images\cardio_vascular_system_6.webp,True,https://seif-online.com/en/product/medicine/cardio-vascular-system
Cardio-Vascular System,Skin Care,,7,https://masterapi.witheldokan.com/storage/seif-pharmacies/uploads/189209.webp,seif_output\images\cardio_vascular_system_7.webp,True,https://seif-online.com/en/product/medicine/cardio-vascular-system
Cardio-Vascular System,Skin Care,,8,https://masterapi.witheldokan.com/storage/seif-pharmacies/uploads/290181.webp,seif_output\images\cardio_vascular_system_8.webp,True,https://seif-online.com/en/product/medicine/cardio-vascular-system
Cardio-Vascular System,Skin Care,,9,https://masterapi.witheldokan.com/storage/seif-pharmacies/uploads/45751.webp,seif_output\images\cardio_vascular_system_9.webp,True,https://seif-online.com/en/product/medicine/cardio-vascular-system
Cardio-Vascular System,Skin Care,,10,https://masterapi.witheldokan.com/storage/seif-pharmacies/uploads/609961 (1)-1760274502.webp,seif_output\images\cardio_vascular_system_10.webp,True,https://seif-online.com/en/product/medicine/cardio-vascular-system
Cardio-Vascular System,Skin Care,,11,https://masterapi.witheldokan.com/storage/seif-pharmacies/uploads/87629.webp,seif_output\images\cardio_vascular_system_11.webp,True,https://seif-online.com/en/product/medicine/cardio-vascular-system
Cardio-Vascular System,Skin Care,,12,https://masterapi.witheldokan.com/storage/seif-pharmacies/uploads/183.webp,seif_output\images\cardio_vascular_system_12.webp,True,https://seif-online.com/en/product/medicine/cardio-vascular-system
Cardio-Vascular System,Skin Care,,13,https://masterapi.witheldokan.com/storage/seif-pharmacies/uploads/218323.webp,seif_output\images\cardio_vascular_system_13.webp,True,https://seif-online.com/en/product/medicine/cardio-vascular-system
Cardio-Vascular System,Skin Care,,14,https://masterapi.witheldokan.com/storage/seif-pharmacies/uploads/337001.webp,seif_output\images\cardio_vascular_system_14.webp,True,https://seif-online.com/en/product/medicine/cardio-vascular-system
Cardio-Vascular System,Skin Care,,15,https://masterapi.witheldokan.com/storage/seif-pharmacies/uploads/87630.webp,seif_output\images\cardio_vascular_system_15.webp,True,https://seif-online.com/en/product/medicine/cardio-vascular-system
Cardio-Vascular System,Skin Care,,16,https://masterapi.witheldokan.com/storage/seif-pharmacies/uploads/276824.webp,seif_output\images\cardio_vascular_system_16.webp,True,https://seif-online.com/en/product/medicine/cardio-vascular-system
Cardio-Vascular System,Skin Care,,17,https://masterapi.witheldokan.com/storage/seif-pharmacies/uploads/60090.webp,seif_output\images\cardio_vascular_system_17.webp,True,https://seif-online.com/en/product/medicine/cardio-vascular-system
Cardio-Vascular System,Skin Care,,18,https://masterapi.witheldokan.com/storage/seif-pharmacies/uploads/77680.webp,seif_output\images\cardio_vascular_system_18.webp,True,https://seif-online.com/en/product/medicine/cardio-vascular-system
Cardio-Vascular System,Skin Care,,19,https://masterapi.witheldokan.com/storage/seif-pharmacies/uploads/29648.webp,seif_output\images\cardio_vascular_system_19.webp,True,https://seif-online.com/en/product/medicine/cardio-vascular-system
Cardio-Vascular System,Skin Care,,20,https://masterapi.witheldokan.com/storage/seif-pharmacies/uploads/159695.webp,seif_output\images\cardio_vascular_system_20.webp,True,https://seif-online.com/en/product/medicine/cardio-vascular-system
Cardio-Vascular System,Skin Care,,21,https://masterapi.witheldokan.com/storage/seif-pharmacies/uploads/277600.webp,seif_output\images\cardio_vascular_system_21.webp,True,https://seif-online.com/en/product/medicine/cardio-vascular-system
Vascularitics,Skin Care,,1,https://masterapi.witheldokan.com/storage/seif-pharmacies/uploads/253569.webp,seif_output\images\vascularitics_1.webp,True,https://seif-online.com/en/product/medicine/cardio-vascular-system/vascularitics
Vascularitics,Skin Care,,2,https://masterapi.witheldokan.com/storage/seif-pharmacies/uploads/404343.webp,seif_output\images\vascularitics_2.webp,True,https://seif-online.com/en/product/medicine/cardio-vascular-system/vascularitics
Vascularitics,Skin Care,,3,https://masterapi.witheldokan.com/storage/seif-pharmacies/uploads/148001.webp,seif_output\images\vascularitics_3.webp,True,https://seif-online.com/en/product/medicine/cardio-vascular-system/vascularitics
Vascularitics,Skin Care,,4,https://masterapi.witheldokan.com/storage/seif-pharmacies/uploads/77680.webp,seif_output\images\vascularitics_4.webp,True,https://seif-online.com/en/product/medicine/cardio-vascular-system/vascularitics
Vascularitics,Skin Care,,5,https://masterapi.witheldokan.com/storage/seif-pharmacies/uploads/277600.webp,seif_output\images\vascularitics_5.webp,True,https://seif-online.com/en/product/medicine/cardio-vascular-system/vascularitics
Vascularitics,Skin Care,,6,https://masterapi.witheldokan.com/storage/seif-pharmacies/uploads/185537.webp,seif_output\images\vascularitics_6.webp,True,https://seif-online.com/en/product/medicine/cardio-vascular-system/vascularitics
Vascularitics,Skin Care,,7,https://masterapi.witheldokan.com/storage/seif-pharmacies/uploads/1050.webp,seif_output\images\vascularitics_7.webp,True,https://seif-online.com/en/product/medicine/cardio-vascular-system/vascularitics
Vascularitics,Skin Care,,8,https://masterapi.witheldokan.com/storage/seif-pharmacies/uploads/180701.webp,seif_output\images\vascularitics_8.webp,True,https://seif-online.com/en/product/medicine/cardio-vascular-system/vascularitics
Vascularitics,Skin Care,,9,https://masterapi.witheldokan.com/storage/seif-pharmacies/uploads/616445.webp,seif_output\images\vascularitics_9.webp,True,https://seif-online.com/en/product/medicine/cardio-vascular-system/vascularitics
Vascularitics,Skin Care,,10,https://masterapi.witheldokan.com/storage/seif-pharmacies/uploads/262596.webp,seif_output\images\vascularitics_10.webp,True,https://seif-online.com/en/product/medicine/cardio-vascular-system/vascularitics
Vascularitics,Skin Care,,11,https://masterapi.witheldokan.com/storage/seif-pharmacies/uploads/390907.webp,seif_output\images\vascularitics_11.webp,True,https://seif-online.com/en/product/medicine/cardio-vascular-system/vascularitics
Vascularitics,Skin Care,,12,https://masterapi.witheldokan.com/storage/seif-pharmacies/uploads/269850.webp,seif_output\images\vascularitics_12.webp,True,https://seif-online.com/en/product/medicine/cardio-vascular-system/vascularitics
Vascularitics,Skin Care,,13,https://masterapi.witheldokan.com/storage/seif-pharmacies/uploads/2296.webp,seif_output\images\vascularitics_13.webp,True,https://seif-online.com/en/product/medicine/cardio-vascular-system/vascularitics
Vascularitics,Skin Care,,14,https://masterapi.witheldokan.com/storage/seif-pharmacies/uploads/51312.webp,seif_output\images\vascularitics_14.webp,True,https://seif-online.com/en/product/medicine/cardio-vascular-system/vascularitics
Vascularitics,Skin Care,,15,https://masterapi.witheldokan.com/storage/seif-pharmacies/uploads/607987-1760362380.webp,seif_output\images\vascularitics_15.webp,True,https://seif-online.com/en/product/medicine/cardio-vascular-system/vascularitics
Vascularitics,Skin Care,,16,https://masterapi.witheldokan.com/storage/seif-pharmacies/uploads/184609.webp,seif_output\images\vascularitics_16.webp,True,https://seif-online.com/en/product/medicine/cardio-vascular-system/vascularitics
Vascularitics,Skin Care,,17,https://cdn.supercommerce.io/seif-pharmacies/uploads/615639.webp,seif_output\images\vascularitics_17.webp,True,https://seif-online.com/en/product/medicine/cardio-vascular-system/vascularitics
Vascularitics,Skin Care,,18,https://masterapi.witheldokan.com/storage/seif-pharmacies/uploads/57696.webp,seif_output\images\vascularitics_18.webp,True,https://seif-online.com/en/product/medicine/cardio-vascular-system/vascularitics
Anti-Coagulants,Skin Care,,1,https://masterapi.witheldokan.com/storage/seif-pharmacies/uploads/601827.webp,seif_output\images\anti_coagulants_1.webp,True,https://seif-online.com/en/product/medicine/cardio-vascular-system/anti-coagulants
Anti-Coagulants,Skin Care,,2,https://masterapi.witheldokan.com/storage/seif-pharmacies/uploads/186939.webp,seif_output\images\anti_coagulants_2.webp,True,https://seif-online.com/en/product/medicine/cardio-vascular-system/anti-coagulants
Anti-Coagulants,Skin Care,,3,https://masterapi.witheldokan.com/storage/seif-pharmacies/uploads/183.webp,seif_output\images\anti_coagulants_3.webp,True,https://seif-online.com/en/product/medicine/cardio-vascular-system/anti-coagulants
Anti-Coagulants,Skin Care,,4,https://masterapi.witheldokan.com/storage/seif-pharmacies/uploads/59574.webp,seif_output\images\anti_coagulants_4.webp,True,https://seif-online.com/en/product/medicine/cardio-vascular-system/anti-coagulants
Anti-Coagulants,Skin Care,,5,https://masterapi.witheldokan.com/storage/seif-pharmacies/uploads/2992.webp,seif_output\images\anti_coagulants_5.webp,True,https://seif-online.com/en/product/medicine/cardio-vascular-system/anti-coagulants
Anti-Coagulants,Skin Care,,6,https://masterapi.witheldokan.com/storage/seif-pharmacies/uploads/318081.webp,seif_output\images\anti_coagulants_6.webp,True,https://seif-online.com/en/product/medicine/cardio-vascular-system/anti-coagulants
Anti-Coagulants,Skin Care,,7,https://masterapi.witheldokan.com/storage/seif-pharmacies/uploads/318082.webp,seif_output\images\anti_coagulants_7.webp,True,https://seif-online.com/en/product/medicine/cardio-vascular-system/anti-coagulants
Anti-Coagulants,Skin Care,,8,https://masterapi.witheldokan.com/storage/seif-pharmacies/uploads/376696.webp,seif_output\images\anti_coagulants_8.webp,True,https://seif-online.com/en/product/medicine/cardio-vascular-system/anti-coagulants
Anti-Coagulants,Skin Care,,9,https://masterapi.witheldokan.com/storage/seif-pharmacies/uploads/10613.webp,seif_output\images\anti_coagulants_9.webp,True,https://seif-online.com/en/product/medicine/cardio-vascular-system/anti-coagulants
Anti-Coagulants,Skin Care,,10,https://masterapi.witheldokan.com/storage/seif-pharmacies/uploads/105891.webp,seif_output\images\anti_coagulants_10.webp,True,https://seif-online.com/en/product/medicine/cardio-vascular-system/anti-coagulants
Anti-Coagulants,Skin Care,,11,https://masterapi.witheldokan.com/storage/seif-pharmacies/uploads/317390.webp,seif_output\images\anti_coagulants_11.webp,True,https://seif-online.com/en/product/medicine/cardio-vascular-system/anti-coagulants
Anti-Coagulants,Skin Care,,12,https://masterapi.witheldokan.com/storage/seif-pharmacies/uploads/136449.webp,seif_output\images\anti_coagulants_12.webp,True,https://seif-online.com/en/product/medicine/cardio-vascular-system/anti-coagulants
Anti-Coagulants,Skin Care,,13,https://masterapi.witheldokan.com/storage/seif-pharmacies/uploads/25512.webp,seif_output\images\anti_coagulants_13.webp,True,https://seif-online.com/en/product/medicine/cardio-vascular-system/anti-coagulants
Anti-Coagulants,Skin Care,,14,https://masterapi.witheldokan.com/storage/seif-pharmacies/uploads/64746.webp,seif_output\images\anti_coagulants_14.webp,True,https://seif-online.com/en/product/medicine/cardio-vascular-system/anti-coagulants
Anti-Coagulants,Skin Care,,15,https://masterapi.witheldokan.com/storage/seif-pharmacies/uploads/93509.webp,seif_output\images\anti_coagulants_15.webp,True,https://seif-online.com/en/product/medicine/cardio-vascular-system/anti-coagulants
Anti-Coagulants,Skin Care,,16,https://masterapi.witheldokan.com/storage/seif-pharmacies/uploads/289179.webp,seif_output\images\anti_coagulants_16.webp,True,https://seif-online.com/en/product/medicine/cardio-vascular-system/anti-coagulants
Anti-Coagulants,Skin Care,,17,https://masterapi.witheldokan.com/storage/seif-pharmacies/uploads/608694.webp,seif_output\images\anti_coagulants_17.webp,True,https://seif-online.com/en/product/medicine/cardio-vascular-system/anti-coagulants
Anti-Coagulants,Skin Care,,18,https://masterapi.witheldokan.com/storage/seif-pharmacies/uploads/168634.webp,seif_output\images\anti_coagulants_18.webp,True,https://seif-online.com/en/product/medicine/cardio-vascular-system/anti-coagulants
Anti-Coagulants,Skin Care,,19,https://masterapi.witheldokan.com/storage/seif-pharmacies/uploads/321503.webp,seif_output\images\anti_coagulants_19.webp,True,https://seif-online.com/en/product/medicine/cardio-vascular-system/anti-coagulants
Anti-Coagulants,Skin Care,,20,https://masterapi.witheldokan.com/storage/seif-pharmacies/uploads/71954.webp,seif_output\images\anti_coagulants_20.webp,True,https://seif-online.com/en/product/medicine/cardio-vascular-system/anti-coagulants
Anti-Coagulants,Skin Care,,21,https://masterapi.witheldokan.com/storage/seif-pharmacies/uploads/295679.webp,seif_output\images\anti_coagulants_21.webp,True,https://seif-online.com/en/product/medicine/cardio-vascular-system/anti-coagulants
Anti-Coagulants,Skin Care,,22,https://masterapi.witheldokan.com/storage/seif-pharmacies/uploads/371048.webp,seif_output\images\anti_coagulants_22.webp,True,https://seif-online.com/en/product/medicine/cardio-vascular-system/anti-coagulants
Circulatory Disturbance Agent,Skin Care,,1,https://masterapi.witheldokan.com/storage/seif-pharmacies/uploads/365626.webp,seif_output\images\circulatory_disturbance_agent_1.webp,True,https://seif-online.com/en/product/medicine/cardio-vascular-system/circulatory-disturbance-agent
Circulatory Disturbance Agent,Skin Care,,2,https://masterapi.witheldokan.com/storage/seif-pharmacies/uploads/2185.webp,seif_output\images\circulatory_disturbance_agent_2.webp,True,https://seif-online.com/en/product/medicine/cardio-vascular-system/circulatory-disturbance-agent
Circulatory Disturbance Agent,Skin Care,,3,https://masterapi.witheldokan.com/storage/seif-pharmacies/uploads/305122.webp,seif_output\images\circulatory_disturbance_agent_3.webp,True,https://seif-online.com/en/product/medicine/cardio-vascular-system/circulatory-disturbance-agent
Circulatory Disturbance Agent,Skin Care,,4,https://masterapi.witheldokan.com/storage/seif-pharmacies/uploads/264839.webp,seif_output\images\circulatory_disturbance_agent_4.webp,True,https://seif-online.com/en/product/medicine/cardio-vascular-system/circulatory-disturbance-agent
Circulatory Disturbance Agent,Skin Care,,5,https://masterapi.witheldokan.com/storage/seif-pharmacies/uploads/80590.webp,seif_output\images\circulatory_disturbance_agent_5.webp,True,https://seif-online.com/en/product/medicine/cardio-vascular-system/circulatory-disturbance-agent
Circulatory Disturbance Agent,Skin Care,,6,https://masterapi.witheldokan.com/storage/seif-pharmacies/uploads/313238.webp,seif_output\images\circulatory_disturbance_agent_6.webp,True,https://seif-online.com/en/product/medicine/cardio-vascular-system/circulatory-disturbance-agent
Circulatory Disturbance Agent,Skin Care,,7,https://masterapi.witheldokan.com/storage/seif-pharmacies/uploads/265644.webp,seif_output\images\circulatory_disturbance_agent_7.webp,True,https://seif-online.com/en/product/medicine/cardio-vascular-system/circulatory-disturbance-agent
Circulatory Disturbance Agent,Skin Care,,8,https://masterapi.witheldokan.com/storage/seif-pharmacies/uploads/305306.webp,seif_output\images\circulatory_disturbance_agent_8.webp,True,https://seif-online.com/en/product/medicine/cardio-vascular-system/circulatory-disturbance-agent
Circulatory Disturbance Agent,Skin Care,,9,https://masterapi.witheldokan.com/storage/seif-pharmacies/uploads/613903.webp,seif_output\images\circulatory_disturbance_agent_9.webp,True,https://seif-online.com/en/product/medicine/cardio-vascular-system/circulatory-disturbance-agent
Circulatory Disturbance Agent,Skin Care,,10,https://masterapi.witheldokan.com/storage/seif-pharmacies/uploads/305165.webp,seif_output\images\circulatory_disturbance_agent_10.webp,True,https://seif-online.com/en/product/medicine/cardio-vascular-system/circulatory-disturbance-agent
Circulatory Disturbance Agent,Skin Care,,11,https://masterapi.witheldokan.com/storage/seif-pharmacies/uploads/3162.webp,seif_output\images\circulatory_disturbance_agent_11.webp,True,https://seif-online.com/en/product/medicine/cardio-vascular-system/circulatory-disturbance-agent
Circulatory Disturbance Agent,Skin Care,,12,https://masterapi.witheldokan.com/storage/seif-pharmacies/uploads/3483.webp,seif_output\images\circulatory_disturbance_agent_12.webp,True,https://seif-online.com/en/product/medicine/cardio-vascular-system/circulatory-disturbance-agent
Circulatory Disturbance Agent,Skin Care,,13,https://masterapi.witheldokan.com/storage/seif-pharmacies/uploads/144083.webp,seif_output\images\circulatory_disturbance_agent_13.webp,True,https://seif-online.com/en/product/medicine/cardio-vascular-system/circulatory-disturbance-agent
Circulatory Disturbance Agent,Skin Care,,14,https://masterapi.witheldokan.com/storage/seif-pharmacies/uploads/208820.webp,seif_output\images\circulatory_disturbance_agent_14.webp,True,https://seif-online.com/en/product/medicine/cardio-vascular-system/circulatory-disturbance-agent
Circulatory Disturbance Agent,Skin Care,,15,https://masterapi.witheldokan.com/storage/seif-pharmacies/uploads/612793.webp,seif_output\images\circulatory_disturbance_agent_15.webp,True,https://seif-online.com/en/product/medicine/cardio-vascular-system/circulatory-disturbance-agent
Circulatory Disturbance Agent,Skin Care,,16,https://masterapi.witheldokan.com/storage/seif-pharmacies/uploads/198572.webp,seif_output\images\circulatory_disturbance_agent_16.webp,True,https://seif-online.com/en/product/medicine/cardio-vascular-system/circulatory-disturbance-agent
Haemostatics/Coagulants,Skin Care,,1,https://masterapi.witheldokan.com/storage/seif-pharmacies/uploads/48595.webp,seif_output\images\haemostaticscoagulants_1.webp,True,https://seif-online.com/en/product/medicine/cardio-vascular-system/haemostatics-coagulants
Haemostatics/Coagulants,Skin Care,,2,https://masterapi.witheldokan.com/storage/seif-pharmacies/uploads/616578-1762845977.webp,seif_output\images\haemostaticscoagulants_2.webp,True,https://seif-online.com/en/product/medicine/cardio-vascular-system/haemostatics-coagulants
Haemostatics/Coagulants,Skin Care,,3,https://masterapi.witheldokan.com/storage/seif-pharmacies/uploads/2770.webp,seif_output\images\haemostaticscoagulants_3.webp,True,https://seif-online.com/en/product/medicine/cardio-vascular-system/haemostatics-coagulants
Haemostatics/Coagulants,Skin Care,,4,https://masterapi.witheldokan.com/storage/seif-pharmacies/uploads/48596.webp,seif_output\images\haemostaticscoagulants_4.webp,True,https://seif-online.com/en/product/medicine/cardio-vascular-system/haemostatics-coagulants
Haemostatics/Coagulants,Skin Care,,5,https://masterapi.witheldokan.com/storage/seif-pharmacies/uploads/766.webp,seif_output\images\haemostaticscoagulants_5.webp,True,https://seif-online.com/en/product/medicine/cardio-vascular-system/haemostatics-coagulants
Haemostatics/Coagulants,Skin Care,,6,https://masterapi.witheldokan.com/storage/seif-pharmacies/uploads/70659.webp,seif_output\images\haemostaticscoagulants_6.webp,True,https://seif-online.com/en/product/medicine/cardio-vascular-system/haemostatics-coagulants
Haemostatics/Coagulants,Skin Care,,7,https://masterapi.witheldokan.com/storage/seif-pharmacies/uploads/38285.webp,seif_output\images\haemostaticscoagulants_7.webp,True,https://seif-online.com/en/product/medicine/cardio-vascular-system/haemostatics-coagulants
Haemostatics/Coagulants,Skin Care,,8,https://masterapi.witheldokan.com/storage/seif-pharmacies/uploads/312407.webp,seif_output\images\haemostaticscoagulants_8.webp,True,https://seif-online.com/en/product/medicine/cardio-vascular-system/haemostatics-coagulants
Haemostatics/Coagulants,Skin Care,,9,https://masterapi.witheldokan.com/storage/seif-pharmacies/uploads/24620.webp,seif_output\images\haemostaticscoagulants_9.webp,True,https://seif-online.com/en/product/medicine/cardio-vascular-system/haemostatics-coagulants
Haemostatics/Coagulants,Skin Care,,10,https://masterapi.witheldokan.com/storage/seif-pharmacies/uploads/48548.webp,seif_output\images\haemostaticscoagulants_10.webp,True,https://seif-online.com/en/product/medicine/cardio-vascular-system/haemostatics-coagulants
Haemostatics/Coagulants,Skin Care,,11,https://masterapi.witheldokan.com/storage/seif-pharmacies/uploads/614827.webp,seif_output\images\haemostaticscoagulants_11.webp,True,https://seif-online.com/en/product/medicine/cardio-vascular-system/haemostatics-coagulants
Haemostatics/Coagulants,Skin Care,,12,https://cdn.supercommerce.io/seif-pharmacies/uploads/617992-1769499274.webp,seif_output\images\haemostaticscoagulants_12.webp,True,https://seif-online.com/en/product/medicine/cardio-vascular-system/haemostatics-coagulants
Haemostatics/Coagulants,Skin Care,,13,https://masterapi.witheldokan.com/storage/seif-pharmacies/uploads/1949.webp,seif_output\images\haemostaticscoagulants_13.webp,True,https://seif-online.com/en/product/medicine/cardio-vascular-system/haemostatics-coagulants
Haemostatics/Coagulants,Skin Care,,14,https://masterapi.witheldokan.com/storage/seif-pharmacies/uploads/29058.webp,seif_output\images\haemostaticscoagulants_14.webp,True,https://seif-online.com/en/product/medicine/cardio-vascular-system/haemostatics-coagulants
Haemostatics/Coagulants,Skin Care,,15,https://masterapi.witheldokan.com/storage/seif-pharmacies/uploads/55856.webp,seif_output\images\haemostaticscoagulants_15.webp,True,https://seif-online.com/en/product/medicine/cardio-vascular-system/haemostatics-coagulants
Haemostatics/Coagulants,Skin Care,,16,https://masterapi.witheldokan.com/storage/seif-pharmacies/uploads/57697.webp,seif_output\images\haemostaticscoagulants_16.webp,True,https://seif-online.com/en/product/medicine/cardio-vascular-system/haemostatics-coagulants
Haemostatics/Coagulants,Skin Care,,17,https://masterapi.witheldokan.com/storage/seif-pharmacies/uploads/71934.webp,seif_output\images\haemostaticscoagulants_17.webp,True,https://seif-online.com/en/product/medicine/cardio-vascular-system/haemostatics-coagulants
Haemostatics/Coagulants,Skin Care,,18,https://masterapi.witheldokan.com/storage/seif-pharmacies/uploads/204220.webp,seif_output\images\haemostaticscoagulants_18.webp,True,https://seif-online.com/en/product/medicine/cardio-vascular-system/haemostatics-coagulants
Haemostatics/Coagulants,Skin Care,,19,https://masterapi.witheldokan.com/storage/seif-pharmacies/uploads/288755.webp,seif_output\images\haemostaticscoagulants_19.webp,True,https://seif-online.com/en/product/medicine/cardio-vascular-system/haemostatics-coagulants
Congestive Heart Failure,Skin Care,,1,https://masterapi.witheldokan.com/storage/seif-pharmacies/uploads/347065.webp,seif_output\images\congestive_heart_failure_1.webp,True,https://seif-online.com/en/product/medicine/cardio-vascular-system/congestive-heart-failure
Congestive Heart Failure,Skin Care,,2,https://masterapi.witheldokan.com/storage/seif-pharmacies/uploads/347066.webp,seif_output\images\congestive_heart_failure_2.webp,True,https://seif-online.com/en/product/medicine/cardio-vascular-system/congestive-heart-failure
Congestive Heart Failure,Skin Care,,3,https://masterapi.witheldokan.com/storage/seif-pharmacies/uploads/355015.webp,seif_output\images\congestive_heart_failure_3.webp,True,https://seif-online.com/en/product/medicine/cardio-vascular-system/congestive-heart-failure
Congestive Heart Failure,Skin Care,,4,https://masterapi.witheldokan.com/storage/seif-pharmacies/uploads/309965-1761226409.webp,seif_output\images\congestive_heart_failure_4.webp,True,https://seif-online.com/en/product/medicine/cardio-vascular-system/congestive-heart-failure
Congestive Heart Failure,Skin Care,,5,https://masterapi.witheldokan.com/storage/seif-pharmacies/uploads/17064.webp,seif_output\images\congestive_heart_failure_5.webp,True,https://seif-online.com/en/product/medicine/cardio-vascular-system/congestive-heart-failure
Anti-Hypotension,Skin Care,,1,https://masterapi.witheldokan.com/storage/seif-pharmacies/uploads/3981.webp,seif_output\images\anti_hypotension_1.webp,True,https://seif-online.com/en/product/medicine/cardio-vascular-system/anti-hypotension
Anti-Hypotension,Skin Care,,2,https://masterapi.witheldokan.com/storage/seif-pharmacies/uploads/2370.webp,seif_output\images\anti_hypotension_2.webp,True,https://seif-online.com/en/product/medicine/cardio-vascular-system/anti-hypotension
Anti-Hypotension,Skin Care,,3,https://masterapi.witheldokan.com/storage/seif-pharmacies/uploads/35845.webp,seif_output\images\anti_hypotension_3.webp,True,https://seif-online.com/en/product/medicine/cardio-vascular-system/anti-hypotension
Anti-Hypotension,Skin Care,,4,https://masterapi.witheldokan.com/storage/seif-pharmacies/uploads/35825.webp,seif_output\images\anti_hypotension_4.webp,True,https://seif-online.com/en/product/medicine/cardio-vascular-system/anti-hypotension
Anti-Hypertensives,Skin Care,,1,https://masterapi.witheldokan.com/storage/seif-pharmacies/uploads/2331.webp,seif_output\images\anti_hypertensives_1.webp,True,https://seif-online.com/en/product/medicine/cardio-vascular-system/anti-hypertensives
Anti-Hypertensives,Skin Care,,2,https://masterapi.witheldokan.com/storage/seif-pharmacies/uploads/290181.webp,seif_output\images\anti_hypertensives_2.webp,True,https://seif-online.com/en/product/medicine/cardio-vascular-system/anti-hypertensives
Anti-Hypertensives,Skin Care,,3,https://masterapi.witheldokan.com/storage/seif-pharmacies/uploads/218323.webp,seif_output\images\anti_hypertensives_3.webp,True,https://seif-online.com/en/product/medicine/cardio-vascular-system/anti-hypertensives
Anti-Hypertensives,Skin Care,,4,https://masterapi.witheldokan.com/storage/seif-pharmacies/uploads/60090.webp,seif_output\images\anti_hypertensives_4.webp,True,https://seif-online.com/en/product/medicine/cardio-vascular-system/anti-hypertensives
Anti-Hypertensives,Skin Care,,5,https://masterapi.witheldokan.com/storage/seif-pharmacies/uploads/29648.webp,seif_output\images\anti_hypertensives_5.webp,True,https://seif-online.com/en/product/medicine/cardio-vascular-system/anti-hypertensives
Anti-Hypertensives,Skin Care,,6,https://masterapi.witheldokan.com/storage/seif-pharmacies/uploads/159695.webp,seif_output\images\anti_hypertensives_6.webp,True,https://seif-online.com/en/product/medicine/cardio-vascular-system/anti-hypertensives
Anti-Hypertensives,Skin Care,,7,https://masterapi.witheldokan.com/storage/seif-pharmacies/uploads/35853.webp,seif_output\images\anti_hypertensives_7.webp,True,https://seif-online.com/en/product/medicine/cardio-vascular-system/anti-hypertensives
Anti-Hypertensives,Skin Care,,8,https://masterapi.witheldokan.com/storage/seif-pharmacies/uploads/252724.webp,seif_output\images\anti_hypertensives_8.webp,True,https://seif-online.com/en/product/medicine/cardio-vascular-system/anti-hypertensives
Anti-Hypertensives,Skin Care,,9,https://masterapi.witheldokan.com/storage/seif-pharmacies/uploads/29647.webp,seif_output\images\anti_hypertensives_9.webp,True,https://seif-online.com/en/product/medicine/cardio-vascular-system/anti-hypertensives
Anti-Hypertensives,Skin Care,,10,https://masterapi.witheldokan.com/storage/seif-pharmacies/uploads/208821.webp,seif_output\images\anti_hypertensives_10.webp,True,https://seif-online.com/en/product/medicine/cardio-vascular-system/anti-hypertensives
Anti-Hypertensives,Skin Care,,11,https://masterapi.witheldokan.com/storage/seif-pharmacies/uploads/208858.webp,seif_output\images\anti_hypertensives_11.webp,True,https://seif-online.com/en/product/medicine/cardio-vascular-system/anti-hypertensives
Anti-Hypertensives,Skin Care,,12,https://masterapi.witheldokan.com/storage/seif-pharmacies/uploads/159696.webp,seif_output\images\anti_hypertensives_12.webp,True,https://seif-online.com/en/product/medicine/cardio-vascular-system/anti-hypertensives
Anti-Hypertensives,Skin Care,,13,https://masterapi.witheldokan.com/storage/seif-pharmacies/uploads/81982.webp,seif_output\images\anti_hypertensives_13.webp,True,https://seif-online.com/en/product/medicine/cardio-vascular-system/anti-hypertensives
Anti-Hypertensives,Skin Care,,14,https://masterapi.witheldokan.com/storage/seif-pharmacies/uploads/60868.webp,seif_output\images\anti_hypertensives_14.webp,True,https://seif-online.com/en/product/medicine/cardio-vascular-system/anti-hypertensives
Anti-Hypertensives,Skin Care,,15,https://masterapi.witheldokan.com/storage/seif-pharmacies/uploads/49226.webp,seif_output\images\anti_hypertensives_15.webp,True,https://seif-online.com/en/product/medicine/cardio-vascular-system/anti-hypertensives
Anti-Hypertensives,Skin Care,,16,https://masterapi.witheldokan.com/storage/seif-pharmacies/uploads/139585.webp,seif_output\images\anti_hypertensives_16.webp,True,https://seif-online.com/en/product/medicine/cardio-vascular-system/anti-hypertensives
Anti-Hypertensives,Skin Care,,17,https://masterapi.witheldokan.com/storage/seif-pharmacies/uploads/154976.webp,seif_output\images\anti_hypertensives_17.webp,True,https://seif-online.com/en/product/medicine/cardio-vascular-system/anti-hypertensives
Anti-Hypertensives,Skin Care,,18,https://masterapi.witheldokan.com/storage/seif-pharmacies/uploads/699.webp,seif_output\images\anti_hypertensives_18.webp,True,https://seif-online.com/en/product/medicine/cardio-vascular-system/anti-hypertensives
Anti-Hypertensives,Skin Care,,19,https://masterapi.witheldokan.com/storage/seif-pharmacies/uploads/134496.webp,seif_output\images\anti_hypertensives_19.webp,True,https://seif-online.com/en/product/medicine/cardio-vascular-system/anti-hypertensives
Anti-Hypertensives,Skin Care,,20,https://masterapi.witheldokan.com/storage/seif-pharmacies/uploads/80057.webp,seif_output\images\anti_hypertensives_20.webp,True,https://seif-online.com/en/product/medicine/cardio-vascular-system/anti-hypertensives
Anti-Hypertensives,Skin Care,,21,https://masterapi.witheldokan.com/storage/seif-pharmacies/uploads/326141.webp,seif_output\images\anti_hypertensives_21.webp,True,https://seif-online.com/en/product/medicine/cardio-vascular-system/anti-hypertensives
Anti-Hypertensives,Skin Care,,22,https://masterapi.witheldokan.com/storage/seif-pharmacies/uploads/143036.webp,seif_output\images\anti_hypertensives_22.webp,True,https://seif-online.com/en/product/medicine/cardio-vascular-system/anti-hypertensives
Lipids Regulation,Skin Care,,1,https://masterapi.witheldokan.com/storage/seif-pharmacies/uploads/189209.webp,seif_output\images\lipids_regulation_1.webp,True,https://seif-online.com/en/product/medicine/cardio-vascular-system/lipids-regulation
Lipids Regulation,Skin Care,,2,https://masterapi.witheldokan.com/storage/seif-pharmacies/uploads/45751.webp,seif_output\images\lipids_regulation_2.webp,True,https://seif-online.com/en/product/medicine/cardio-vascular-system/lipids-regulation
Lipids Regulation,Skin Care,,3,https://masterapi.witheldokan.com/storage/seif-pharmacies/uploads/609961 (1)-1760274502.webp,seif_output\images\lipids_regulation_3.webp,True,https://seif-online.com/en/product/medicine/cardio-vascular-system/lipids-regulation
Lipids Regulation,Skin Care,,4,https://masterapi.witheldokan.com/storage/seif-pharmacies/uploads/87629.webp,seif_output\images\lipids_regulation_4.webp,True,https://seif-online.com/en/product/medicine/cardio-vascular-system/lipids-regulation
Lipids Regulation,Skin Care,,5,https://masterapi.witheldokan.com/storage/seif-pharmacies/uploads/337001.webp,seif_output\images\lipids_regulation_5.webp,True,https://seif-online.com/en/product/medicine/cardio-vascular-system/lipids-regulation
Lipids Regulation,Skin Care,,6,https://masterapi.witheldokan.com/storage/seif-pharmacies/uploads/87630.webp,seif_output\images\lipids_regulation_6.webp,True,https://seif-online.com/en/product/medicine/cardio-vascular-system/lipids-regulation
Lipids Regulation,Skin Care,,7,https://masterapi.witheldokan.com/storage/seif-pharmacies/uploads/276824.webp,seif_output\images\lipids_regulation_7.webp,True,https://seif-online.com/en/product/medicine/cardio-vascular-system/lipids-regulation
Lipids Regulation,Skin Care,,8,https://masterapi.witheldokan.com/storage/seif-pharmacies/uploads/604631.webp,seif_output\images\lipids_regulation_8.webp,True,https://seif-online.com/en/product/medicine/cardio-vascular-system/lipids-regulation
Lipids Regulation,Skin Care,,9,https://masterapi.witheldokan.com/storage/seif-pharmacies/uploads/264674.webp,seif_output\images\lipids_regulation_9.webp,True,https://seif-online.com/en/product/medicine/cardio-vascular-system/lipids-regulation
Lipids Regulation,Skin Care,,10,https://masterapi.witheldokan.com/storage/seif-pharmacies/uploads/346668.webp,seif_output\images\lipids_regulation_10.webp,True,https://seif-online.com/en/product/medicine/cardio-vascular-system/lipids-regulation
Lipids Regulation,Skin Care,,11,https://masterapi.witheldokan.com/storage/seif-pharmacies/uploads/302520.webp,seif_output\images\lipids_regulation_11.webp,True,https://seif-online.com/en/product/medicine/cardio-vascular-system/lipids-regulation
Lipids Regulation,Skin Care,,12,https://masterapi.witheldokan.com/storage/seif-pharmacies/uploads/343629.webp,seif_output\images\lipids_regulation_12.webp,True,https://seif-online.com/en/product/medicine/cardio-vascular-system/lipids-regulation
Lipids Regulation,Skin Care,,13,https://masterapi.witheldokan.com/storage/seif-pharmacies/uploads/604630.webp,seif_output\images\lipids_regulation_13.webp,True,https://seif-online.com/en/product/medicine/cardio-vascular-system/lipids-regulation
Lipids Regulation,Skin Care,,14,https://masterapi.witheldokan.com/storage/seif-pharmacies/uploads/124803.webp,seif_output\images\lipids_regulation_14.webp,True,https://seif-online.com/en/product/medicine/cardio-vascular-system/lipids-regulation
Lipids Regulation,Skin Care,,15,https://masterapi.witheldokan.com/storage/seif-pharmacies/uploads/311870.webp,seif_output\images\lipids_regulation_15.webp,True,https://seif-online.com/en/product/medicine/cardio-vascular-system/lipids-regulation
Lipids Regulation,Skin Care,,16,https://masterapi.witheldokan.com/storage/seif-pharmacies/uploads/358065.webp,seif_output\images\lipids_regulation_16.webp,True,https://seif-online.com/en/product/medicine/cardio-vascular-system/lipids-regulation
Lipids Regulation,Skin Care,,17,https://masterapi.witheldokan.com/storage/seif-pharmacies/uploads/366447.webp,seif_output\images\lipids_regulation_17.webp,True,https://seif-online.com/en/product/medicine/cardio-vascular-system/lipids-regulation
Lipids Regulation,Skin Care,,18,https://masterapi.witheldokan.com/storage/seif-pharmacies/uploads/609767-1760275271.webp,seif_output\images\lipids_regulation_18.webp,True,https://seif-online.com/en/product/medicine/cardio-vascular-system/lipids-regulation
Lipids Regulation,Skin Care,,19,https://masterapi.witheldokan.com/storage/seif-pharmacies/uploads/389953.webp,seif_output\images\lipids_regulation_19.webp,True,https://seif-online.com/en/product/medicine/cardio-vascular-system/lipids-regulation
Lipids Regulation,Skin Care,,20,https://masterapi.witheldokan.com/storage/seif-pharmacies/uploads/403448.webp,seif_output\images\lipids_regulation_20.webp,True,https://seif-online.com/en/product/medicine/cardio-vascular-system/lipids-regulation
Anti-Arrhythmics,Skin Care,,1,https://masterapi.witheldokan.com/storage/seif-pharmacies/uploads/43880.webp,seif_output\images\anti_arrhythmics_1.webp,True,https://seif-online.com/en/product/medicine/cardio-vascular-system/anti-arrhythmics
Anti-Arrhythmics,Skin Care,,2,https://masterapi.witheldokan.com/storage/seif-pharmacies/uploads/276559.webp,seif_output\images\anti_arrhythmics_2.webp,True,https://seif-online.com/en/product/medicine/cardio-vascular-system/anti-arrhythmics
Anti-Arrhythmics,Skin Care,,3,https://masterapi.witheldokan.com/storage/seif-pharmacies/uploads/3075.webp,seif_output\images\anti_arrhythmics_3.webp,True,https://seif-online.com/en/product/medicine/cardio-vascular-system/anti-arrhythmics
Angina Treatment,Skin Care,,1,https://masterapi.witheldokan.com/storage/seif-pharmacies/uploads/134498.webp,seif_output\images\angina_treatment_1.webp,True,https://seif-online.com/en/product/medicine/cardio-vascular-system/angina-treatment
Angina Treatment,Skin Care,,2,https://masterapi.witheldokan.com/storage/seif-pharmacies/uploads/2664.webp,seif_output\images\angina_treatment_2.webp,True,https://seif-online.com/en/product/medicine/cardio-vascular-system/angina-treatment
Angina Treatment,Skin Care,,3,https://masterapi.witheldokan.com/storage/seif-pharmacies/uploads/10334.webp,seif_output\images\angina_treatment_3.webp,True,https://seif-online.com/en/product/medicine/cardio-vascular-system/angina-treatment
Angina Treatment,Skin Care,,4,https://masterapi.witheldokan.com/storage/seif-pharmacies/uploads/267146.webp,seif_output\images\angina_treatment_4.webp,True,https://seif-online.com/en/product/medicine/cardio-vascular-system/angina-treatment
Angina Treatment,Skin Care,,5,https://masterapi.witheldokan.com/storage/seif-pharmacies/uploads/134497.webp,seif_output\images\angina_treatment_5.webp,True,https://seif-online.com/en/product/medicine/cardio-vascular-system/angina-treatment
Angina Treatment,Skin Care,,6,https://masterapi.witheldokan.com/storage/seif-pharmacies/uploads/383865.webp,seif_output\images\angina_treatment_6.webp,True,https://seif-online.com/en/product/medicine/cardio-vascular-system/angina-treatment
Angina Treatment,Skin Care,,7,https://masterapi.witheldokan.com/storage/seif-pharmacies/uploads/382527.webp,seif_output\images\angina_treatment_7.webp,True,https://seif-online.com/en/product/medicine/cardio-vascular-system/angina-treatment
Angina Treatment,Skin Care,,8,https://masterapi.witheldokan.com/storage/seif-pharmacies/uploads/308736.webp,seif_output\images\angina_treatment_8.webp,True,https://seif-online.com/en/product/medicine/cardio-vascular-system/angina-treatment
Angina Treatment,Skin Care,,9,https://masterapi.witheldokan.com/storage/seif-pharmacies/uploads/178376.webp,seif_output\images\angina_treatment_9.webp,True,https://seif-online.com/en/product/medicine/cardio-vascular-system/angina-treatment
Angina Treatment,Skin Care,,10,https://masterapi.witheldokan.com/storage/seif-pharmacies/uploads/2686.webp,seif_output\images\angina_treatment_10.webp,True,https://seif-online.com/en/product/medicine/cardio-vascular-system/angina-treatment
Angina Treatment,Skin Care,,11,https://masterapi.witheldokan.com/storage/seif-pharmacies/uploads/284104.webp,seif_output\images\angina_treatment_11.webp,True,https://seif-online.com/en/product/medicine/cardio-vascular-system/angina-treatment
Angina Treatment,Skin Care,,12,https://masterapi.witheldokan.com/storage/seif-pharmacies/uploads/181401.webp,seif_output\images\angina_treatment_12.webp,True,https://seif-online.com/en/product/medicine/cardio-vascular-system/angina-treatment
Angina Treatment,Skin Care,,13,https://masterapi.witheldokan.com/storage/seif-pharmacies/uploads/2687.webp,seif_output\images\angina_treatment_13.webp,True,https://seif-online.com/en/product/medicine/cardio-vascular-system/angina-treatment
Angina Treatment,Skin Care,,14,https://masterapi.witheldokan.com/storage/seif-pharmacies/uploads/383898.webp,seif_output\images\angina_treatment_14.webp,True,https://seif-online.com/en/product/medicine/cardio-vascular-system/angina-treatment
Angina Treatment,Skin Care,,15,https://masterapi.witheldokan.com/storage/seif-pharmacies/uploads/314496.webp,seif_output\images\angina_treatment_15.webp,True,https://seif-online.com/en/product/medicine/cardio-vascular-system/angina-treatment
Angina Treatment,Skin Care,,16,https://masterapi.witheldokan.com/storage/seif-pharmacies/uploads/284098.webp,seif_output\images\angina_treatment_16.webp,True,https://seif-online.com/en/product/medicine/cardio-vascular-system/angina-treatment
Angina Treatment,Skin Care,,17,https://masterapi.witheldokan.com/storage/seif-pharmacies/uploads/605588.webp,seif_output\images\angina_treatment_17.webp,True,https://seif-online.com/en/product/medicine/cardio-vascular-system/angina-treatment
Angina Treatment,Skin Care,,18,https://masterapi.witheldokan.com/storage/seif-pharmacies/uploads/601962.webp,seif_output\images\angina_treatment_18.webp,True,https://seif-online.com/en/product/medicine/cardio-vascular-system/angina-treatment
Angina Treatment,Skin Care,,19,https://masterapi.witheldokan.com/storage/seif-pharmacies/uploads/2665.webp,seif_output\images\angina_treatment_19.webp,True,https://seif-online.com/en/product/medicine/cardio-vascular-system/angina-treatment
Angina Treatment,Skin Care,,20,https://masterapi.witheldokan.com/storage/seif-pharmacies/uploads/601964.webp,seif_output\images\angina_treatment_20.webp,True,https://seif-online.com/en/product/medicine/cardio-vascular-system/angina-treatment
Cancer Therapy,Skin Care,,1,https://masterapi.witheldokan.com/storage/seif-pharmacies/uploads/2478.webp,seif_output\images\cancer_therapy_1.webp,True,https://seif-online.com/en/product/medicine/cancer-therapy
Cancer Therapy,Skin Care,,2,https://masterapi.witheldokan.com/storage/seif-pharmacies/uploads/17474.webp,seif_output\images\cancer_therapy_2.webp,True,https://seif-online.com/en/product/medicine/cancer-therapy
Cancer Therapy,Skin Care,,3,https://masterapi.witheldokan.com/storage/seif-pharmacies/uploads/208231.webp,seif_output\images\cancer_therapy_3.webp,True,https://seif-online.com/en/product/medicine/cancer-therapy
Cancer Therapy,Skin Care,,4,https://masterapi.witheldokan.com/storage/seif-pharmacies/uploads/53437.webp,seif_output\images\cancer_therapy_4.webp,True,https://seif-online.com/en/product/medicine/cancer-therapy
Cancer Therapy,Skin Care,,5,https://masterapi.witheldokan.com/storage/seif-pharmacies/uploads/55793.webp,seif_output\images\cancer_therapy_5.webp,True,https://seif-online.com/en/product/medicine/cancer-therapy
Cancer Therapy,Skin Care,,6,https://masterapi.witheldokan.com/storage/seif-pharmacies/uploads/299357.webp,seif_output\images\cancer_therapy_6.webp,True,https://seif-online.com/en/product/medicine/cancer-therapy
Cancer Therapy,Skin Care,,7,https://masterapi.witheldokan.com/storage/seif-pharmacies/uploads/53168.webp,seif_output\images\cancer_therapy_7.webp,True,https://seif-online.com/en/product/medicine/cancer-therapy
Cancer Therapy,Skin Care,,8,https://masterapi.witheldokan.com/storage/seif-pharmacies/uploads/299355.webp,seif_output\images\cancer_therapy_8.webp,True,https://seif-online.com/en/product/medicine/cancer-therapy
Cancer Therapy,Skin Care,,9,https://masterapi.witheldokan.com/storage/seif-pharmacies/uploads/367659.webp,seif_output\images\cancer_therapy_9.webp,True,https://seif-online.com/en/product/medicine/cancer-therapy
Cancer Therapy,Skin Care,,10,https://masterapi.witheldokan.com/storage/seif-pharmacies/uploads/197572.webp,seif_output\images\cancer_therapy_10.webp,True,https://seif-online.com/en/product/medicine/cancer-therapy
Cancer Therapy,Skin Care,,11,https://masterapi.witheldokan.com/storage/seif-pharmacies/uploads/357930.webp,seif_output\images\cancer_therapy_11.webp,True,https://seif-online.com/en/product/medicine/cancer-therapy
Alkylating Agent,Skin Care,,1,https://masterapi.witheldokan.com/storage/seif-pharmacies/uploads/1714.webp,seif_output\images\alkylating_agent_1.webp,True,https://seif-online.com/en/product/medicine/cancer-therapy/alkylating-agent
Alkylating Agent,Skin Care,,2,https://masterapi.witheldokan.com/storage/seif-pharmacies/uploads/48885.webp,seif_output\images\alkylating_agent_2.webp,True,https://seif-online.com/en/product/medicine/cancer-therapy/alkylating-agent
Alkylating Agent,Skin Care,,3,https://masterapi.witheldokan.com/storage/seif-pharmacies/uploads/51168.webp,seif_output\images\alkylating_agent_3.webp,True,https://seif-online.com/en/product/medicine/cancer-therapy/alkylating-agent
Alkylating Agent,Skin Care,,4,https://masterapi.witheldokan.com/storage/seif-pharmacies/uploads/220251.webp,seif_output\images\alkylating_agent_4.webp,True,https://seif-online.com/en/product/medicine/cancer-therapy/alkylating-agent
Alkylating Agent,Skin Care,,5,https://masterapi.witheldokan.com/storage/seif-pharmacies/uploads/322222.webp,seif_output\images\alkylating_agent_5.webp,True,https://seif-online.com/en/product/medicine/cancer-therapy/alkylating-agent
Alkylating Agent,Skin Care,,6,https://masterapi.witheldokan.com/storage/seif-pharmacies/uploads/381432.webp,seif_output\images\alkylating_agent_6.webp,True,https://seif-online.com/en/product/medicine/cancer-therapy/alkylating-agent
Monoclonal Antibodies,Skin Care,,1,https://masterapi.witheldokan.com/storage/seif-pharmacies/uploads/357930.webp,seif_output\images\monoclonal_antibodies_1.webp,True,https://seif-online.com/en/product/medicine/cancer-therapy/monoclonal-antibodies
Monoclonal Antibodies,Skin Care,,2,https://masterapi.witheldokan.com/storage/seif-pharmacies/uploads/289294.webp,seif_output\images\monoclonal_antibodies_2.webp,True,https://seif-online.com/en/product/medicine/cancer-therapy/monoclonal-antibodies
Monoclonal Antibodies,Skin Care,,3,https://masterapi.witheldokan.com/storage/seif-pharmacies/uploads/358272.webp,seif_output\images\monoclonal_antibodies_3.webp,True,https://seif-online.com/en/product/medicine/cancer-therapy/monoclonal-antibodies
Cytostatic Anti-Androgen,Skin Care,,1,https://masterapi.witheldokan.com/storage/seif-pharmacies/uploads/53437.webp,seif_output\images\cytostatic_anti_androgen_1.webp,True,https://seif-online.com/en/product/medicine/cancer-therapy/cytostatic-anti-androgen
Cytostatic Anti-Androgen,Skin Care,,2,https://masterapi.witheldokan.com/storage/seif-pharmacies/uploads/349404.webp,seif_output\images\cytostatic_anti_androgen_2.webp,True,https://seif-online.com/en/product/medicine/cancer-therapy/cytostatic-anti-androgen
Cytostatic Anti-Androgen,Skin Care,,3,https://masterapi.witheldokan.com/storage/seif-pharmacies/uploads/300239.webp,seif_output\images\cytostatic_anti_androgen_3.webp,True,https://seif-online.com/en/product/medicine/cancer-therapy/cytostatic-anti-androgen
Cytostatic ElGonadtropin Analogu,Skin Care,,1,https://masterapi.witheldokan.com/storage/seif-pharmacies/uploads/208231.webp,seif_output\images\cytostatic_elgonadtropin_analogu_1.webp,True,https://seif-online.com/en/product/medicine/cancer-therapy/cytostatic-elgonadtropin-analogu
Cytostatic ElGonadtropin Analogu,Skin Care,,2,https://masterapi.witheldokan.com/storage/seif-pharmacies/uploads/75670.webp,seif_output\images\cytostatic_elgonadtropin_analogu_2.webp,True,https://seif-online.com/en/product/medicine/cancer-therapy/cytostatic-elgonadtropin-analogu
Enzyme Inhibitor,Skin Care,,1,https://masterapi.witheldokan.com/storage/seif-pharmacies/uploads/17474.webp,seif_output\images\enzyme_inhibitor_1.webp,True,https://seif-online.com/en/product/medicine/cancer-therapy/enzyme-inhibitor
Enzyme Inhibitor,Skin Care,,2,https://masterapi.witheldokan.com/storage/seif-pharmacies/uploads/55793.webp,seif_output\images\enzyme_inhibitor_2.webp,True,https://seif-online.com/en/product/medicine/cancer-therapy/enzyme-inhibitor
Enzyme Inhibitor,Skin Care,,3,https://masterapi.witheldokan.com/storage/seif-pharmacies/uploads/299357.webp,seif_output\images\enzyme_inhibitor_3.webp,True,https://seif-online.com/en/product/medicine/cancer-therapy/enzyme-inhibitor
Enzyme Inhibitor,Skin Care,,4,https://masterapi.witheldokan.com/storage/seif-pharmacies/uploads/53168.webp,seif_output\images\enzyme_inhibitor_4.webp,True,https://seif-online.com/en/product/medicine/cancer-therapy/enzyme-inhibitor
Enzyme Inhibitor,Skin Care,,5,https://masterapi.witheldokan.com/storage/seif-pharmacies/uploads/299355.webp,seif_output\images\enzyme_inhibitor_5.webp,True,https://seif-online.com/en/product/medicine/cancer-therapy/enzyme-inhibitor
Enzyme Inhibitor,Skin Care,,6,https://masterapi.witheldokan.com/storage/seif-pharmacies/uploads/197572.webp,seif_output\images\enzyme_inhibitor_6.webp,True,https://seif-online.com/en/product/medicine/cancer-therapy/enzyme-inhibitor
Enzyme Inhibitor,Skin Care,,7,https://masterapi.witheldokan.com/storage/seif-pharmacies/uploads/149008.webp,seif_output\images\enzyme_inhibitor_7.webp,True,https://seif-online.com/en/product/medicine/cancer-therapy/enzyme-inhibitor
Enzyme Inhibitor,Skin Care,,8,https://masterapi.witheldokan.com/storage/seif-pharmacies/uploads/376479.webp,seif_output\images\enzyme_inhibitor_8.webp,True,https://seif-online.com/en/product/medicine/cancer-therapy/enzyme-inhibitor
Enzyme Inhibitor,Skin Care,,9,https://masterapi.witheldokan.com/storage/seif-pharmacies/uploads/46136.webp,seif_output\images\enzyme_inhibitor_9.webp,True,https://seif-online.com/en/product/medicine/cancer-therapy/enzyme-inhibitor
Enzyme Inhibitor,Skin Care,,10,https://masterapi.witheldokan.com/storage/seif-pharmacies/uploads/84450.webp,seif_output\images\enzyme_inhibitor_10.webp,True,https://seif-online.com/en/product/medicine/cancer-therapy/enzyme-inhibitor
Cytostatic Anti-Oestrogen,Skin Care,,1,https://masterapi.witheldokan.com/storage/seif-pharmacies/uploads/2478.webp,seif_output\images\cytostatic_anti_oestrogen_1.webp,True,https://seif-online.com/en/product/medicine/cancer-therapy/cytostatic-anti-oestrogen
Cytostatic Anti-Oestrogen,Skin Care,,2,https://masterapi.witheldokan.com/storage/seif-pharmacies/uploads/49937.webp,seif_output\images\cytostatic_anti_oestrogen_2.webp,True,https://seif-online.com/en/product/medicine/cancer-therapy/cytostatic-anti-oestrogen
Anti-Metabolites,Skin Care,,1,https://cdn.supercommerce.io/seif-pharmacies/uploads/231278-1769521234.webp,seif_output\images\anti_metabolites_1.webp,True,https://seif-online.com/en/product/medicine/cancer-therapy/anti-metabolites
Anti-Metabolites,Skin Care,,2,https://masterapi.witheldokan.com/storage/seif-pharmacies/uploads/32118.webp,seif_output\images\anti_metabolites_2.webp,True,https://seif-online.com/en/product/medicine/cancer-therapy/anti-metabolites
Neutropenia,Skin Care,,1,https://masterapi.witheldokan.com/storage/seif-pharmacies/uploads/1790.webp,seif_output\images\neutropenia_1.webp,True,https://seif-online.com/en/product/medicine/cancer-therapy/neutropenia
Immunomodulator,Skin Care,,1,https://masterapi.witheldokan.com/storage/seif-pharmacies/uploads/367659.webp,seif_output\images\immunomodulator_1.webp,True,https://seif-online.com/en/product/medicine/cancer-therapy/immunomodulator-system
Immunomodulator,Skin Care,,2,https://masterapi.witheldokan.com/storage/seif-pharmacies/uploads/365893.webp,seif_output\images\immunomodulator_2.webp,True,https://seif-online.com/en/product/medicine/cancer-therapy/immunomodulator-system
Nutrients&Blood Electrolytes,Skin Care,,1,https://masterapi.witheldokan.com/storage/seif-pharmacies/uploads/607540-1760869503.webp,seif_output\images\nutrientsblood_electrolytes_1.webp,True,https://seif-online.com/en/product/medicine/nutrientsblood-electrolytes
Nutrients&Blood Electrolytes,Skin Care,,2,https://masterapi.witheldokan.com/storage/seif-pharmacies/uploads/322442.webp,seif_output\images\nutrientsblood_electrolytes_2.webp,True,https://seif-online.com/en/product/medicine/nutrientsblood-electrolytes
Nutrients&Blood Electrolytes,Skin Care,,3,https://masterapi.witheldokan.com/storage/seif-pharmacies/uploads/607541-1760869476.webp,seif_output\images\nutrientsblood_electrolytes_3.webp,True,https://seif-online.com/en/product/medicine/nutrientsblood-electrolytes
Nutrients&Blood Electrolytes,Skin Care,,4,https://cdn.supercommerce.io/seif-pharmacies/uploads/615313-1773215346.webp,seif_output\images\nutrientsblood_electrolytes_4.webp,True,https://seif-online.com/en/product/medicine/nutrientsblood-electrolytes
Nutrients&Blood Electrolytes,Skin Care,,5,https://masterapi.witheldokan.com/storage/seif-pharmacies/uploads/78783.webp,seif_output\images\nutrientsblood_electrolytes_5.webp,True,https://seif-online.com/en/product/medicine/nutrientsblood-electrolytes
Nutrients&Blood Electrolytes,Skin Care,,6,https://masterapi.witheldokan.com/storage/seif-pharmacies/uploads/322446.webp,seif_output\images\nutrientsblood_electrolytes_6.webp,True,https://seif-online.com/en/product/medicine/nutrientsblood-electrolytes
Plasma Substituent/Expander,Skin Care,,1,https://masterapi.witheldokan.com/storage/seif-pharmacies/uploads/607540-1760869503.webp,seif_output\images\plasma_substituentexpander_1.webp,True,https://seif-online.com/en/product/medicine/nutrientsblood-electrolytes/plasma-substituent-expander
Plasma Substituent/Expander,Skin Care,,2,https://masterapi.witheldokan.com/storage/seif-pharmacies/uploads/322442.webp,seif_output\images\plasma_substituentexpander_2.webp,True,https://seif-online.com/en/product/medicine/nutrientsblood-electrolytes/plasma-substituent-expander
Plasma Substituent/Expander,Skin Care,,3,https://masterapi.witheldokan.com/storage/seif-pharmacies/uploads/607541-1760869476.webp,seif_output\images\plasma_substituentexpander_3.webp,True,https://seif-online.com/en/product/medicine/nutrientsblood-electrolytes/plasma-substituent-expander
Plasma Substituent/Expander,Skin Care,,4,https://cdn.supercommerce.io/seif-pharmacies/uploads/615313-1773215346.webp,seif_output\images\plasma_substituentexpander_4.webp,True,https://seif-online.com/en/product/medicine/nutrientsblood-electrolytes/plasma-substituent-expander
Plasma Substituent/Expander,Skin Care,,5,https://masterapi.witheldokan.com/storage/seif-pharmacies/uploads/78783.webp,seif_output\images\plasma_substituentexpander_5.webp,True,https://seif-online.com/en/product/medicine/nutrientsblood-electrolytes/plasma-substituent-expander
Plasma Substituent/Expander,Skin Care,,6,https://masterapi.witheldokan.com/storage/seif-pharmacies/uploads/322446.webp,seif_output\images\plasma_substituentexpander_6.webp,True,https://seif-online.com/en/product/medicine/nutrientsblood-electrolytes/plasma-substituent-expander
Endocrine System,Skin Care,,1,https://masterapi.witheldokan.com/storage/seif-pharmacies/uploads/87122.webp,seif_output\images\endocrine_system_1.webp,True,https://seif-online.com/en/product/medicine/endocrine-system
Endocrine System,Skin Care,,2,https://masterapi.witheldokan.com/storage/seif-pharmacies/uploads/293898.webp,seif_output\images\endocrine_system_2.webp,True,https://seif-online.com/en/product/medicine/endocrine-system
Endocrine System,Skin Care,,3,https://masterapi.witheldokan.com/storage/seif-pharmacies/uploads/396069.webp,seif_output\images\endocrine_system_3.webp,True,https://seif-online.com/en/product/medicine/endocrine-system
Endocrine System,Skin Care,,4,https://masterapi.witheldokan.com/storage/seif-pharmacies/uploads/39321.webp,seif_output\images\endocrine_system_4.webp,True,https://seif-online.com/en/product/medicine/endocrine-system
Endocrine System,Skin Care,,5,https://masterapi.witheldokan.com/storage/seif-pharmacies/uploads/322008.webp,seif_output\images\endocrine_system_5.webp,True,https://seif-online.com/en/product/medicine/endocrine-system
Endocrine System,Skin Care,,6,https://masterapi.witheldokan.com/storage/seif-pharmacies/uploads/324468.webp,seif_output\images\endocrine_system_6.webp,True,https://seif-online.com/en/product/medicine/endocrine-system
Endocrine System,Skin Care,,7,https://masterapi.witheldokan.com/storage/seif-pharmacies/uploads/1446.webp,seif_output\images\endocrine_system_7.webp,True,https://seif-online.com/en/product/medicine/endocrine-system
Endocrine System,Skin Care,,8,https://masterapi.witheldokan.com/storage/seif-pharmacies/uploads/48904.webp,seif_output\images\endocrine_system_8.webp,True,https://seif-online.com/en/product/medicine/endocrine-system
Endocrine System,Skin Care,,9,https://masterapi.witheldokan.com/storage/seif-pharmacies/uploads/295595.webp,seif_output\images\endocrine_system_9.webp,True,https://seif-online.com/en/product/medicine/endocrine-system
Endocrine System,Skin Care,,10,https://masterapi.witheldokan.com/storage/seif-pharmacies/uploads/127899.webp,seif_output\images\endocrine_system_10.webp,True,https://seif-online.com/en/product/medicine/endocrine-system
Endocrine System,Skin Care,,11,https://masterapi.witheldokan.com/storage/seif-pharmacies/uploads/182805.webp,seif_output\images\endocrine_system_11.webp,True,https://seif-online.com/en/product/medicine/endocrine-system
Endocrine System,Skin Care,,12,https://masterapi.witheldokan.com/storage/seif-pharmacies/uploads/385702.webp,seif_output\images\endocrine_system_12.webp,True,https://seif-online.com/en/product/medicine/endocrine-system
Endocrine System,Skin Care,,13,https://masterapi.witheldokan.com/storage/seif-pharmacies/uploads/2377.webp,seif_output\images\endocrine_system_13.webp,True,https://seif-online.com/en/product/medicine/endocrine-system
Endocrine System,Skin Care,,14,https://masterapi.witheldokan.com/storage/seif-pharmacies/uploads/431005.webp,seif_output\images\endocrine_system_14.webp,True,https://seif-online.com/en/product/medicine/endocrine-system
Endocrine System,Skin Care,,15,https://masterapi.witheldokan.com/storage/seif-pharmacies/uploads/2346.webp,seif_output\images\endocrine_system_15.webp,True,https://seif-online.com/en/product/medicine/endocrine-system
Endocrine System,Skin Care,,16,https://masterapi.witheldokan.com/storage/seif-pharmacies/uploads/1842.webp,seif_output\images\endocrine_system_16.webp,True,https://seif-online.com/en/product/medicine/endocrine-system
Endocrine System,Skin Care,,17,https://masterapi.witheldokan.com/storage/seif-pharmacies/uploads/383854.webp,seif_output\images\endocrine_system_17.webp,True,https://seif-online.com/en/product/medicine/endocrine-system
Endocrine System,Skin Care,,18,https://masterapi.witheldokan.com/storage/seif-pharmacies/uploads/614427-1759928718.webp,seif_output\images\endocrine_system_18.webp,True,https://seif-online.com/en/product/medicine/endocrine-system
Endocrine System,Skin Care,,19,https://masterapi.witheldokan.com/storage/seif-pharmacies/uploads/389819.webp,seif_output\images\endocrine_system_19.webp,True,https://seif-online.com/en/product/medicine/endocrine-system
Endocrine System,Skin Care,,20,https://masterapi.witheldokan.com/storage/seif-pharmacies/uploads/396947.webp,seif_output\images\endocrine_system_20.webp,True,https://seif-online.com/en/product/medicine/endocrine-system
Anti-Hyper Thyroidism,Skin Care,,1,https://masterapi.witheldokan.com/storage/seif-pharmacies/uploads/320.webp,seif_output\images\anti_hyper_thyroidism_1.webp,True,https://seif-online.com/en/product/medicine/endocrine-system/anti-hyper-thyroidism
Anti-Hyper Thyroidism,Skin Care,,2,https://masterapi.witheldokan.com/storage/seif-pharmacies/uploads/45895.webp,seif_output\images\anti_hyper_thyroidism_2.webp,True,https://seif-online.com/en/product/medicine/endocrine-system/anti-hyper-thyroidism
Anti-Hyper Thyroidism,Skin Care,,3,https://masterapi.witheldokan.com/storage/seif-pharmacies/uploads/602033.webp,seif_output\images\anti_hyper_thyroidism_3.webp,True,https://seif-online.com/en/product/medicine/endocrine-system/anti-hyper-thyroidism
Hypo-Glycaemics / Antidiabetic,Skin Care,,1,https://masterapi.witheldokan.com/storage/seif-pharmacies/uploads/87122.webp,seif_output\images\hypo_glycaemics_antidiabetic_1.webp,True,https://seif-online.com/en/product/medicine/endocrine-system/hypo-glycaemics-antidiabetic
Hypo-Glycaemics / Antidiabetic,Skin Care,,2,https://masterapi.witheldokan.com/storage/seif-pharmacies/uploads/293898.webp,seif_output\images\hypo_glycaemics_antidiabetic_2.webp,True,https://seif-online.com/en/product/medicine/endocrine-system/hypo-glycaemics-antidiabetic
Hypo-Glycaemics / Antidiabetic,Skin Care,,3,https://masterapi.witheldokan.com/storage/seif-pharmacies/uploads/39321.webp,seif_output\images\hypo_glycaemics_antidiabetic_3.webp,True,https://seif-online.com/en/product/medicine/endocrine-system/hypo-glycaemics-antidiabetic
Hypo-Glycaemics / Antidiabetic,Skin Care,,4,https://masterapi.witheldokan.com/storage/seif-pharmacies/uploads/324468.webp,seif_output\images\hypo_glycaemics_antidiabetic_4.webp,True,https://seif-online.com/en/product/medicine/endocrine-system/hypo-glycaemics-antidiabetic
Hypo-Glycaemics / Antidiabetic,Skin Care,,5,https://masterapi.witheldokan.com/storage/seif-pharmacies/uploads/295595.webp,seif_output\images\hypo_glycaemics_antidiabetic_5.webp,True,https://seif-online.com/en/product/medicine/endocrine-system/hypo-glycaemics-antidiabetic
Hypo-Glycaemics / Antidiabetic,Skin Care,,6,https://masterapi.witheldokan.com/storage/seif-pharmacies/uploads/182805.webp,seif_output\images\hypo_glycaemics_antidiabetic_6.webp,True,https://seif-online.com/en/product/medicine/endocrine-system/hypo-glycaemics-antidiabetic
Hypo-Glycaemics / Antidiabetic,Skin Care,,7,https://masterapi.witheldokan.com/storage/seif-pharmacies/uploads/389819.webp,seif_output\images\hypo_glycaemics_antidiabetic_7.webp,True,https://seif-online.com/en/product/medicine/endocrine-system/hypo-glycaemics-antidiabetic
Hypo-Glycaemics / Antidiabetic,Skin Care,,8,https://masterapi.witheldokan.com/storage/seif-pharmacies/uploads/396947.webp,seif_output\images\hypo_glycaemics_antidiabetic_8.webp,True,https://seif-online.com/en/product/medicine/endocrine-system/hypo-glycaemics-antidiabetic
Hypo-Glycaemics / Antidiabetic,Skin Care,,9,https://masterapi.witheldokan.com/storage/seif-pharmacies/uploads/382889.webp,seif_output\images\hypo_glycaemics_antidiabetic_9.webp,True,https://seif-online.com/en/product/medicine/endocrine-system/hypo-glycaemics-antidiabetic
Hypo-Glycaemics / Antidiabetic,Skin Care,,10,https://masterapi.witheldokan.com/storage/seif-pharmacies/uploads/259945.webp,seif_output\images\hypo_glycaemics_antidiabetic_10.webp,True,https://seif-online.com/en/product/medicine/endocrine-system/hypo-glycaemics-antidiabetic
Hypo-Glycaemics / Antidiabetic,Skin Care,,11,https://masterapi.witheldokan.com/storage/seif-pharmacies/uploads/259044.webp,seif_output\images\hypo_glycaemics_antidiabetic_11.webp,True,https://seif-online.com/en/product/medicine/endocrine-system/hypo-glycaemics-antidiabetic
Hypo-Glycaemics / Antidiabetic,Skin Care,,12,https://masterapi.witheldokan.com/storage/seif-pharmacies/uploads/397239.webp,seif_output\images\hypo_glycaemics_antidiabetic_12.webp,True,https://seif-online.com/en/product/medicine/endocrine-system/hypo-glycaemics-antidiabetic
Hypo-Glycaemics / Antidiabetic,Skin Care,,13,https://masterapi.witheldokan.com/storage/seif-pharmacies/uploads/193656.webp,seif_output\images\hypo_glycaemics_antidiabetic_13.webp,True,https://seif-online.com/en/product/medicine/endocrine-system/hypo-glycaemics-antidiabetic
Hypo-Glycaemics / Antidiabetic,Skin Care,,14,https://cdn.supercommerce.io/seif-pharmacies/uploads/369783.webp,seif_output\images\hypo_glycaemics_antidiabetic_14.webp,True,https://seif-online.com/en/product/medicine/endocrine-system/hypo-glycaemics-antidiabetic
Hypo-Glycaemics / Antidiabetic,Skin Care,,15,https://masterapi.witheldokan.com/storage/seif-pharmacies/uploads/58536.webp,seif_output\images\hypo_glycaemics_antidiabetic_15.webp,True,https://seif-online.com/en/product/medicine/endocrine-system/hypo-glycaemics-antidiabetic
Hypo-Glycaemics / Antidiabetic,Skin Care,,16,https://masterapi.witheldokan.com/storage/seif-pharmacies/uploads/313807.webp,seif_output\images\hypo_glycaemics_antidiabetic_16.webp,True,https://seif-online.com/en/product/medicine/endocrine-system/hypo-glycaemics-antidiabetic
Hypo-Glycaemics / Antidiabetic,Skin Care,,17,https://masterapi.witheldokan.com/storage/seif-pharmacies/uploads/169.webp,seif_output\images\hypo_glycaemics_antidiabetic_17.webp,True,https://seif-online.com/en/product/medicine/endocrine-system/hypo-glycaemics-antidiabetic
Hypo-Glycaemics / Antidiabetic,Skin Care,,18,https://cdn.supercommerce.io/seif-pharmacies/uploads/617967-1769418124.webp,seif_output\images\hypo_glycaemics_antidiabetic_18.webp,True,https://seif-online.com/en/product/medicine/endocrine-system/hypo-glycaemics-antidiabetic
Hypo-Glycaemics / Antidiabetic,Skin Care,,19,https://masterapi.witheldokan.com/storage/seif-pharmacies/uploads/358529.webp,seif_output\images\hypo_glycaemics_antidiabetic_19.webp,True,https://seif-online.com/en/product/medicine/endocrine-system/hypo-glycaemics-antidiabetic
Hypo-Glycaemics / Antidiabetic,Skin Care,,20,https://masterapi.witheldokan.com/storage/seif-pharmacies/uploads/389470.webp,seif_output\images\hypo_glycaemics_antidiabetic_20.webp,True,https://seif-online.com/en/product/medicine/endocrine-system/hypo-glycaemics-antidiabetic
Hypo-Glycaemics / Antidiabetic,Skin Care,,21,https://masterapi.witheldokan.com/storage/seif-pharmacies/uploads/604765.webp,seif_output\images\hypo_glycaemics_antidiabetic_21.webp,True,https://seif-online.com/en/product/medicine/endocrine-system/hypo-glycaemics-antidiabetic
Hypo-Glycaemics / Antidiabetic,Skin Care,,22,https://masterapi.witheldokan.com/storage/seif-pharmacies/uploads/605641.webp,seif_output\images\hypo_glycaemics_antidiabetic_22.webp,True,https://seif-online.com/en/product/medicine/endocrine-system/hypo-glycaemics-antidiabetic
Hypo-Glycaemics / Antidiabetic,Skin Care,,23,https://masterapi.witheldokan.com/storage/seif-pharmacies/uploads/612053.webp,seif_output\images\hypo_glycaemics_antidiabetic_23.webp,True,https://seif-online.com/en/product/medicine/endocrine-system/hypo-glycaemics-antidiabetic
Hypo-Glycaemics / Antidiabetic,Skin Care,,24,https://masterapi.witheldokan.com/storage/seif-pharmacies/uploads/390925.webp,seif_output\images\hypo_glycaemics_antidiabetic_24.webp,True,https://seif-online.com/en/product/medicine/endocrine-system/hypo-glycaemics-antidiabetic
Gluco-Corticoid,Skin Care,,1,https://masterapi.witheldokan.com/storage/seif-pharmacies/uploads/396069.webp,seif_output\images\gluco_corticoid_1.webp,True,https://seif-online.com/en/product/medicine/endocrine-system/gluco-corticoid
Gluco-Corticoid,Skin Care,,2,https://masterapi.witheldokan.com/storage/seif-pharmacies/uploads/2377.webp,seif_output\images\gluco_corticoid_2.webp,True,https://seif-online.com/en/product/medicine/endocrine-system/gluco-corticoid
Gluco-Corticoid,Skin Care,,3,https://masterapi.witheldokan.com/storage/seif-pharmacies/uploads/431005.webp,seif_output\images\gluco_corticoid_3.webp,True,https://seif-online.com/en/product/medicine/endocrine-system/gluco-corticoid
Gluco-Corticoid,Skin Care,,4,https://masterapi.witheldokan.com/storage/seif-pharmacies/uploads/2346.webp,seif_output\images\gluco_corticoid_4.webp,True,https://seif-online.com/en/product/medicine/endocrine-system/gluco-corticoid
Gluco-Corticoid,Skin Care,,5,https://masterapi.witheldokan.com/storage/seif-pharmacies/uploads/602082.webp,seif_output\images\gluco_corticoid_5.webp,True,https://seif-online.com/en/product/medicine/endocrine-system/gluco-corticoid
Gluco-Corticoid,Skin Care,,6,https://masterapi.witheldokan.com/storage/seif-pharmacies/uploads/76184.webp,seif_output\images\gluco_corticoid_6.webp,True,https://seif-online.com/en/product/medicine/endocrine-system/gluco-corticoid
Gluco-Corticoid,Skin Care,,7,https://masterapi.witheldokan.com/storage/seif-pharmacies/uploads/181440.webp,seif_output\images\gluco_corticoid_7.webp,True,https://seif-online.com/en/product/medicine/endocrine-system/gluco-corticoid
Gluco-Corticoid,Skin Care,,8,https://masterapi.witheldokan.com/storage/seif-pharmacies/uploads/76183.webp,seif_output\images\gluco_corticoid_8.webp,True,https://seif-online.com/en/product/medicine/endocrine-system/gluco-corticoid
Gluco-Corticoid,Skin Care,,9,https://masterapi.witheldokan.com/storage/seif-pharmacies/uploads/179700.webp,seif_output\images\gluco_corticoid_9.webp,True,https://seif-online.com/en/product/medicine/endocrine-system/gluco-corticoid
Gluco-Corticoid,Skin Care,,10,https://masterapi.witheldokan.com/storage/seif-pharmacies/uploads/383368.webp,seif_output\images\gluco_corticoid_10.webp,True,https://seif-online.com/en/product/medicine/endocrine-system/gluco-corticoid
Gluco-Corticoid,Skin Care,,11,https://masterapi.witheldokan.com/storage/seif-pharmacies/uploads/393826.webp,seif_output\images\gluco_corticoid_11.webp,True,https://seif-online.com/en/product/medicine/endocrine-system/gluco-corticoid
Gluco-Corticoid,Skin Care,,12,https://masterapi.witheldokan.com/storage/seif-pharmacies/uploads/369982.webp,seif_output\images\gluco_corticoid_12.webp,True,https://seif-online.com/en/product/medicine/endocrine-system/gluco-corticoid
Gluco-Corticoid,Skin Care,,13,https://masterapi.witheldokan.com/storage/seif-pharmacies/uploads/601194.webp,seif_output\images\gluco_corticoid_13.webp,True,https://seif-online.com/en/product/medicine/endocrine-system/gluco-corticoid
Gluco-Corticoid,Skin Care,,14,https://masterapi.witheldokan.com/storage/seif-pharmacies/uploads/336415.webp,seif_output\images\gluco_corticoid_14.webp,True,https://seif-online.com/en/product/medicine/endocrine-system/gluco-corticoid
Gluco-Corticoid,Skin Care,,15,https://masterapi.witheldokan.com/storage/seif-pharmacies/uploads/188572.webp,seif_output\images\gluco_corticoid_15.webp,True,https://seif-online.com/en/product/medicine/endocrine-system/gluco-corticoid
Gluco-Corticoid,Skin Care,,16,https://masterapi.witheldokan.com/storage/seif-pharmacies/uploads/336729.webp,seif_output\images\gluco_corticoid_16.webp,True,https://seif-online.com/en/product/medicine/endocrine-system/gluco-corticoid
Gluco-Corticoid,Skin Care,,17,https://masterapi.witheldokan.com/storage/seif-pharmacies/uploads/604192.webp,seif_output\images\gluco_corticoid_17.webp,True,https://seif-online.com/en/product/medicine/endocrine-system/gluco-corticoid
Gluco-Corticoid,Skin Care,,18,https://masterapi.witheldokan.com/storage/seif-pharmacies/uploads/1511.webp,seif_output\images\gluco_corticoid_18.webp,True,https://seif-online.com/en/product/medicine/endocrine-system/gluco-corticoid
Gluco-Corticoid,Skin Care,,19,https://masterapi.witheldokan.com/storage/seif-pharmacies/uploads/76358.webp,seif_output\images\gluco_corticoid_19.webp,True,https://seif-online.com/en/product/medicine/endocrine-system/gluco-corticoid
Gluco-Corticoid,Skin Care,,20,https://masterapi.witheldokan.com/storage/seif-pharmacies/uploads/606078.webp,seif_output\images\gluco_corticoid_20.webp,True,https://seif-online.com/en/product/medicine/endocrine-system/gluco-corticoid
Gluco-Corticoid,Skin Care,,21,https://cdn.supercommerce.io/seif-pharmacies/uploads/9544.webp,seif_output\images\gluco_corticoid_21.webp,True,https://seif-online.com/en/product/medicine/endocrine-system/gluco-corticoid
Gluco-Corticoid,Skin Care,,22,https://masterapi.witheldokan.com/storage/seif-pharmacies/uploads/80519.webp,seif_output\images\gluco_corticoid_22.webp,True,https://seif-online.com/en/product/medicine/endocrine-system/gluco-corticoid
Gluco-Corticoid,Skin Care,,23,https://masterapi.witheldokan.com/storage/seif-pharmacies/uploads/308862.webp,seif_output\images\gluco_corticoid_23.webp,True,https://seif-online.com/en/product/medicine/endocrine-system/gluco-corticoid
Gluco-Corticoid,Skin Care,,24,https://masterapi.witheldokan.com/storage/seif-pharmacies/uploads/401675.webp,seif_output\images\gluco_corticoid_24.webp,True,https://seif-online.com/en/product/medicine/endocrine-system/gluco-corticoid
Anti-Hypo Thyroidism,Skin Care,,1,https://masterapi.witheldokan.com/storage/seif-pharmacies/uploads/2005.webp,seif_output\images\anti_hypo_thyroidism_1.webp,True,https://seif-online.com/en/product/medicine/endocrine-system/anti-hypo-thyroidism
Anti-Hypo Thyroidism,Skin Care,,2,https://masterapi.witheldokan.com/storage/seif-pharmacies/uploads/2007.webp,seif_output\images\anti_hypo_thyroidism_2.webp,True,https://seif-online.com/en/product/medicine/endocrine-system/anti-hypo-thyroidism
Anti-Hypo Thyroidism,Skin Care,,3,https://masterapi.witheldokan.com/storage/seif-pharmacies/uploads/99512.webp,seif_output\images\anti_hypo_thyroidism_3.webp,True,https://seif-online.com/en/product/medicine/endocrine-system/anti-hypo-thyroidism
Anti-Hypo Thyroidism,Skin Care,,4,https://masterapi.witheldokan.com/storage/seif-pharmacies/uploads/99513.webp,seif_output\images\anti_hypo_thyroidism_4.webp,True,https://seif-online.com/en/product/medicine/endocrine-system/anti-hypo-thyroidism
Anti-Hypo Thyroidism,Skin Care,,5,https://masterapi.witheldokan.com/storage/seif-pharmacies/uploads/317471.webp,seif_output\images\anti_hypo_thyroidism_5.webp,True,https://seif-online.com/en/product/medicine/endocrine-system/anti-hypo-thyroidism
Anti-Hypo Thyroidism,Skin Care,,6,https://masterapi.witheldokan.com/storage/seif-pharmacies/uploads/385776.webp,seif_output\images\anti_hypo_thyroidism_6.webp,True,https://seif-online.com/en/product/medicine/endocrine-system/anti-hypo-thyroidism
Anti-Hypo Thyroidism,Skin Care,,7,https://masterapi.witheldokan.com/storage/seif-pharmacies/uploads/385784.webp,seif_output\images\anti_hypo_thyroidism_7.webp,True,https://seif-online.com/en/product/medicine/endocrine-system/anti-hypo-thyroidism
Anti-Hypo Thyroidism,Skin Care,,8,https://masterapi.witheldokan.com/storage/seif-pharmacies/uploads/389306.webp,seif_output\images\anti_hypo_thyroidism_8.webp,True,https://seif-online.com/en/product/medicine/endocrine-system/anti-hypo-thyroidism
Anti-Hypo Thyroidism,Skin Care,,9,https://masterapi.witheldokan.com/storage/seif-pharmacies/uploads/609519.webp,seif_output\images\anti_hypo_thyroidism_9.webp,True,https://seif-online.com/en/product/medicine/endocrine-system/anti-hypo-thyroidism
Anti-Hypo Thyroidism,Skin Care,,10,https://masterapi.witheldokan.com/storage/seif-pharmacies/uploads/609520.webp,seif_output\images\anti_hypo_thyroidism_10.webp,True,https://seif-online.com/en/product/medicine/endocrine-system/anti-hypo-thyroidism
Anti-Hypo Thyroidism,Skin Care,,11,https://masterapi.witheldokan.com/storage/seif-pharmacies/uploads/609521.webp,seif_output\images\anti_hypo_thyroidism_11.webp,True,https://seif-online.com/en/product/medicine/endocrine-system/anti-hypo-thyroidism
Anti-Hypo Thyroidism,Skin Care,,12,https://masterapi.witheldokan.com/storage/seif-pharmacies/uploads/609576.webp,seif_output\images\anti_hypo_thyroidism_12.webp,True,https://seif-online.com/en/product/medicine/endocrine-system/anti-hypo-thyroidism
Anti-Galactorrhoea,Skin Care,,1,https://masterapi.witheldokan.com/storage/seif-pharmacies/uploads/33117.webp,seif_output\images\anti_galactorrhoea_1.webp,True,https://seif-online.com/en/product/medicine/endocrine-system/anti-galactorrhoea
Anti-Galactorrhoea,Skin Care,,2,https://masterapi.witheldokan.com/storage/seif-pharmacies/uploads/2306.webp,seif_output\images\anti_galactorrhoea_2.webp,True,https://seif-online.com/en/product/medicine/endocrine-system/anti-galactorrhoea
Anti-Galactorrhoea,Skin Care,,3,https://masterapi.witheldokan.com/storage/seif-pharmacies/uploads/285075.webp,seif_output\images\anti_galactorrhoea_3.webp,True,https://seif-online.com/en/product/medicine/endocrine-system/anti-galactorrhoea
Anti-Galactorrhoea,Skin Care,,4,https://masterapi.witheldokan.com/storage/seif-pharmacies/uploads/382674.webp,seif_output\images\anti_galactorrhoea_4.webp,True,https://seif-online.com/en/product/medicine/endocrine-system/anti-galactorrhoea
Anti-Galactorrhoea,Skin Care,,5,https://masterapi.witheldokan.com/storage/seif-pharmacies/uploads/276933.webp,seif_output\images\anti_galactorrhoea_5.webp,True,https://seif-online.com/en/product/medicine/endocrine-system/anti-galactorrhoea
Anti-Galactorrhoea,Skin Care,,6,https://masterapi.witheldokan.com/storage/seif-pharmacies/uploads/400613-1760963580.webp,seif_output\images\anti_galactorrhoea_6.webp,True,https://seif-online.com/en/product/medicine/endocrine-system/anti-galactorrhoea
Anti-Galactorrhoea,Skin Care,,7,https://masterapi.witheldokan.com/storage/seif-pharmacies/uploads/610237-1760272705.webp,seif_output\images\anti_galactorrhoea_7.webp,True,https://seif-online.com/en/product/medicine/endocrine-system/anti-galactorrhoea
Osteoporosis/ Arthritis Manag,Skin Care,,1,https://masterapi.witheldokan.com/storage/seif-pharmacies/uploads/241579.webp,seif_output\images\osteoporosis_arthritis_manag_1.webp,True,https://seif-online.com/en/product/medicine/endocrine-system/osteoporosis-arthritis-manag-endocrine
Osteoporosis/ Arthritis Manag,Skin Care,,2,https://masterapi.witheldokan.com/storage/seif-pharmacies/uploads/69382.webp,seif_output\images\osteoporosis_arthritis_manag_2.webp,True,https://seif-online.com/en/product/medicine/endocrine-system/osteoporosis-arthritis-manag-endocrine
Osteoporosis/ Arthritis Manag,Skin Care,,3,https://masterapi.witheldokan.com/storage/seif-pharmacies/uploads/605367.webp,seif_output\images\osteoporosis_arthritis_manag_3.webp,True,https://seif-online.com/en/product/medicine/endocrine-system/osteoporosis-arthritis-manag-endocrine
Osteoporosis/ Arthritis Manag,Skin Care,,4,https://masterapi.witheldokan.com/storage/seif-pharmacies/uploads/1477.webp,seif_output\images\osteoporosis_arthritis_manag_4.webp,True,https://seif-online.com/en/product/medicine/endocrine-system/osteoporosis-arthritis-manag-endocrine
Osteoporosis/ Arthritis Manag,Skin Care,,5,https://masterapi.witheldokan.com/storage/seif-pharmacies/uploads/177399.webp,seif_output\images\osteoporosis_arthritis_manag_5.webp,True,https://seif-online.com/en/product/medicine/endocrine-system/osteoporosis-arthritis-manag-endocrine
Osteoporosis/ Arthritis Manag,Skin Care,,6,https://masterapi.witheldokan.com/storage/seif-pharmacies/uploads/88703.webp,seif_output\images\osteoporosis_arthritis_manag_6.webp,True,https://seif-online.com/en/product/medicine/endocrine-system/osteoporosis-arthritis-manag-endocrine
Osteoporosis/ Arthritis Manag,Skin Care,,7,https://masterapi.witheldokan.com/storage/seif-pharmacies/uploads/376514.webp,seif_output\images\osteoporosis_arthritis_manag_7.webp,True,https://seif-online.com/en/product/medicine/endocrine-system/osteoporosis-arthritis-manag-endocrine
Osteoporosis/ Arthritis Manag,Skin Care,,8,https://masterapi.witheldokan.com/storage/seif-pharmacies/uploads/48283.webp,seif_output\images\osteoporosis_arthritis_manag_8.webp,True,https://seif-online.com/en/product/medicine/endocrine-system/osteoporosis-arthritis-manag-endocrine
Osteoporosis/ Arthritis Manag,Skin Care,,9,https://masterapi.witheldokan.com/storage/seif-pharmacies/uploads/50722.webp,seif_output\images\osteoporosis_arthritis_manag_9.webp,True,https://seif-online.com/en/product/medicine/endocrine-system/osteoporosis-arthritis-manag-endocrine
Osteoporosis/ Arthritis Manag,Skin Care,,10,https://masterapi.witheldokan.com/storage/seif-pharmacies/uploads/118366.webp,seif_output\images\osteoporosis_arthritis_manag_10.webp,True,https://seif-online.com/en/product/medicine/endocrine-system/osteoporosis-arthritis-manag-endocrine
Female Sex Hormones,Skin Care,,1,https://masterapi.witheldokan.com/storage/seif-pharmacies/uploads/58751.webp,seif_output\images\female_sex_hormones_1.webp,True,https://seif-online.com/en/product/medicine/endocrine-system/female-sex-hormones
Female Sex Hormones,Skin Care,,2,https://masterapi.witheldokan.com/storage/seif-pharmacies/uploads/179019.webp,seif_output\images\female_sex_hormones_2.webp,True,https://seif-online.com/en/product/medicine/endocrine-system/female-sex-hormones
Female Sex Hormones,Skin Care,,3,https://masterapi.witheldokan.com/storage/seif-pharmacies/uploads/293153.webp,seif_output\images\female_sex_hormones_3.webp,True,https://seif-online.com/en/product/medicine/endocrine-system/female-sex-hormones
Female Sex Hormones,Skin Care,,4,https://masterapi.witheldokan.com/storage/seif-pharmacies/uploads/609336.webp,seif_output\images\female_sex_hormones_4.webp,True,https://seif-online.com/en/product/medicine/endocrine-system/female-sex-hormones
Female Sex Hormones,Skin Care,,5,https://masterapi.witheldokan.com/storage/seif-pharmacies/uploads/78134.webp,seif_output\images\female_sex_hormones_5.webp,True,https://seif-online.com/en/product/medicine/endocrine-system/female-sex-hormones
Female Sex Hormones,Skin Care,,6,https://masterapi.witheldokan.com/storage/seif-pharmacies/uploads/1971.webp,seif_output\images\female_sex_hormones_6.webp,True,https://seif-online.com/en/product/medicine/endocrine-system/female-sex-hormones
Female Sex Hormones,Skin Care,,7,https://masterapi.witheldokan.com/storage/seif-pharmacies/uploads/614481-1759929642.webp,seif_output\images\female_sex_hormones_7.webp,True,https://seif-online.com/en/product/medicine/endocrine-system/female-sex-hormones
Female Sex Hormones,Skin Care,,8,https://cdn.supercommerce.io/seif-pharmacies/uploads/617973-1769414114.webp,seif_output\images\female_sex_hormones_8.webp,True,https://seif-online.com/en/product/medicine/endocrine-system/female-sex-hormones
Female Sex Hormones,Skin Care,,9,https://masterapi.witheldokan.com/storage/seif-pharmacies/uploads/614482-1759929017.webp,seif_output\images\female_sex_hormones_9.webp,True,https://seif-online.com/en/product/medicine/endocrine-system/female-sex-hormones
Female Sex Hormones,Skin Care,,10,https://masterapi.witheldokan.com/storage/seif-pharmacies/uploads/400298.webp,seif_output\images\female_sex_hormones_10.webp,True,https://seif-online.com/en/product/medicine/endocrine-system/female-sex-hormones
Female Sex Hormones,Skin Care,,11,https://masterapi.witheldokan.com/storage/seif-pharmacies/uploads/614480-1759929062.webp,seif_output\images\female_sex_hormones_11.webp,True,https://seif-online.com/en/product/medicine/endocrine-system/female-sex-hormones
Female Sex Hormones,Skin Care,,12,https://masterapi.witheldokan.com/storage/seif-pharmacies/uploads/125980.webp,seif_output\images\female_sex_hormones_12.webp,True,https://seif-online.com/en/product/medicine/endocrine-system/female-sex-hormones
Female Sex Hormones,Skin Care,,13,https://masterapi.witheldokan.com/storage/seif-pharmacies/uploads/613883.webp,seif_output\images\female_sex_hormones_13.webp,True,https://seif-online.com/en/product/medicine/endocrine-system/female-sex-hormones
Female Sex Hormones,Skin Care,,14,https://masterapi.witheldokan.com/storage/seif-pharmacies/uploads/337185.webp,seif_output\images\female_sex_hormones_14.webp,True,https://seif-online.com/en/product/medicine/endocrine-system/female-sex-hormones
Female Sex Hormones,Skin Care,,15,https://masterapi.witheldokan.com/storage/seif-pharmacies/uploads/131087.webp,seif_output\images\female_sex_hormones_15.webp,True,https://seif-online.com/en/product/medicine/endocrine-system/female-sex-hormones
Female Sex Hormones,Skin Care,,16,https://masterapi.witheldokan.com/storage/seif-pharmacies/uploads/288621.webp,seif_output\images\female_sex_hormones_16.webp,True,https://seif-online.com/en/product/medicine/endocrine-system/female-sex-hormones
Female Sex Hormones,Skin Care,,17,https://masterapi.witheldokan.com/storage/seif-pharmacies/uploads/1160.webp,seif_output\images\female_sex_hormones_17.webp,True,https://seif-online.com/en/product/medicine/endocrine-system/female-sex-hormones
Female Sex Hormones,Skin Care,,18,https://masterapi.witheldokan.com/storage/seif-pharmacies/uploads/82457.webp,seif_output\images\female_sex_hormones_18.webp,True,https://seif-online.com/en/product/medicine/endocrine-system/female-sex-hormones
Female Sex Hormones,Skin Care,,19,https://masterapi.witheldokan.com/storage/seif-pharmacies/uploads/167742.webp,seif_output\images\female_sex_hormones_19.webp,True,https://seif-online.com/en/product/medicine/endocrine-system/female-sex-hormones
Female Sex Hormones,Skin Care,,20,https://masterapi.witheldokan.com/storage/seif-pharmacies/uploads/278745.webp,seif_output\images\female_sex_hormones_20.webp,True,https://seif-online.com/en/product/medicine/endocrine-system/female-sex-hormones
Female Sex Hormones,Skin Care,,21,https://masterapi.witheldokan.com/storage/seif-pharmacies/uploads/383617.webp,seif_output\images\female_sex_hormones_21.webp,True,https://seif-online.com/en/product/medicine/endocrine-system/female-sex-hormones
Female Sex Hormones,Skin Care,,22,https://masterapi.witheldokan.com/storage/seif-pharmacies/uploads/393862.webp,seif_output\images\female_sex_hormones_22.webp,True,https://seif-online.com/en/product/medicine/endocrine-system/female-sex-hormones
Female Sex Hormones,Skin Care,,23,https://masterapi.witheldokan.com/storage/seif-pharmacies/uploads/395971.webp,seif_output\images\female_sex_hormones_23.webp,True,https://seif-online.com/en/product/medicine/endocrine-system/female-sex-hormones
Male Sex Horm / Androgens,Skin Care,,1,https://masterapi.witheldokan.com/storage/seif-pharmacies/uploads/265.webp,seif_output\images\male_sex_horm_androgens_1.webp,True,https://seif-online.com/en/product/medicine/endocrine-system/male-sex-horm-androgens
Male Sex Horm / Androgens,Skin Care,,2,https://masterapi.witheldokan.com/storage/seif-pharmacies/uploads/251069.webp,seif_output\images\male_sex_horm_androgens_2.webp,True,https://seif-online.com/en/product/medicine/endocrine-system/male-sex-horm-androgens
Male Sex Horm / Androgens,Skin Care,,3,https://masterapi.witheldokan.com/storage/seif-pharmacies/uploads/301975.webp,seif_output\images\male_sex_horm_androgens_3.webp,True,https://seif-online.com/en/product/medicine/endocrine-system/male-sex-horm-androgens
Insulins,Skin Care,,1,https://masterapi.witheldokan.com/storage/seif-pharmacies/uploads/322008.webp,seif_output\images\insulins_1.webp,True,https://seif-online.com/en/product/medicine/endocrine-system/insulins
Insulins,Skin Care,,2,https://masterapi.witheldokan.com/storage/seif-pharmacies/uploads/48904.webp,seif_output\images\insulins_2.webp,True,https://seif-online.com/en/product/medicine/endocrine-system/insulins
Insulins,Skin Care,,3,https://masterapi.witheldokan.com/storage/seif-pharmacies/uploads/1842.webp,seif_output\images\insulins_3.webp,True,https://seif-online.com/en/product/medicine/endocrine-system/insulins
Insulins,Skin Care,,4,https://masterapi.witheldokan.com/storage/seif-pharmacies/uploads/383854.webp,seif_output\images\insulins_4.webp,True,https://seif-online.com/en/product/medicine/endocrine-system/insulins
Insulins,Skin Care,,5,https://masterapi.witheldokan.com/storage/seif-pharmacies/uploads/1792.webp,seif_output\images\insulins_5.webp,True,https://seif-online.com/en/product/medicine/endocrine-system/insulins
Insulins,Skin Care,,6,https://masterapi.witheldokan.com/storage/seif-pharmacies/uploads/1844.webp,seif_output\images\insulins_6.webp,True,https://seif-online.com/en/product/medicine/endocrine-system/insulins
Insulins,Skin Care,,7,https://masterapi.witheldokan.com/storage/seif-pharmacies/uploads/357514.webp,seif_output\images\insulins_7.webp,True,https://seif-online.com/en/product/medicine/endocrine-system/insulins
Insulins,Skin Care,,8,https://masterapi.witheldokan.com/storage/seif-pharmacies/uploads/65422.webp,seif_output\images\insulins_8.webp,True,https://seif-online.com/en/product/medicine/endocrine-system/insulins
Insulins,Skin Care,,9,https://masterapi.witheldokan.com/storage/seif-pharmacies/uploads/1795.webp,seif_output\images\insulins_9.webp,True,https://seif-online.com/en/product/medicine/endocrine-system/insulins
Insulins,Skin Care,,10,https://masterapi.witheldokan.com/storage/seif-pharmacies/uploads/58847.webp,seif_output\images\insulins_10.webp,True,https://seif-online.com/en/product/medicine/endocrine-system/insulins
Insulins,Skin Care,,11,https://masterapi.witheldokan.com/storage/seif-pharmacies/uploads/150725.webp,seif_output\images\insulins_11.webp,True,https://seif-online.com/en/product/medicine/endocrine-system/insulins
Insulins,Skin Care,,12,https://masterapi.witheldokan.com/storage/seif-pharmacies/uploads/390496.webp,seif_output\images\insulins_12.webp,True,https://seif-online.com/en/product/medicine/endocrine-system/insulins
Insulins,Skin Care,,13,https://masterapi.witheldokan.com/storage/seif-pharmacies/uploads/48886.webp,seif_output\images\insulins_13.webp,True,https://seif-online.com/en/product/medicine/endocrine-system/insulins
Insulins,Skin Care,,14,https://masterapi.witheldokan.com/storage/seif-pharmacies/uploads/390497.webp,seif_output\images\insulins_14.webp,True,https://seif-online.com/en/product/medicine/endocrine-system/insulins
Insulins,Skin Care,,15,https://masterapi.witheldokan.com/storage/seif-pharmacies/uploads/1843.webp,seif_output\images\insulins_15.webp,True,https://seif-online.com/en/product/medicine/endocrine-system/insulins
Insulins,Skin Care,,16,https://masterapi.witheldokan.com/storage/seif-pharmacies/uploads/313293.webp,seif_output\images\insulins_16.webp,True,https://seif-online.com/en/product/medicine/endocrine-system/insulins
Insulins,Skin Care,,17,https://masterapi.witheldokan.com/storage/seif-pharmacies/uploads/215460.webp,seif_output\images\insulins_17.webp,True,https://seif-online.com/en/product/medicine/endocrine-system/insulins
Insulins,Skin Care,,18,https://masterapi.witheldokan.com/storage/seif-pharmacies/uploads/1736.webp,seif_output\images\insulins_18.webp,True,https://seif-online.com/en/product/medicine/endocrine-system/insulins
Insulins,Skin Care,,19,https://masterapi.witheldokan.com/storage/seif-pharmacies/uploads/35214.webp,seif_output\images\insulins_19.webp,True,https://seif-online.com/en/product/medicine/endocrine-system/insulins
Insulins,Skin Care,,20,https://masterapi.witheldokan.com/storage/seif-pharmacies/uploads/313292.webp,seif_output\images\insulins_20.webp,True,https://seif-online.com/en/product/medicine/endocrine-system/insulins
Insulins,Skin Care,,21,https://masterapi.witheldokan.com/storage/seif-pharmacies/uploads/42293.webp,seif_output\images\insulins_21.webp,True,https://seif-online.com/en/product/medicine/endocrine-system/insulins
Insulins,Skin Care,,22,https://masterapi.witheldokan.com/storage/seif-pharmacies/uploads/192262.webp,seif_output\images\insulins_22.webp,True,https://seif-online.com/en/product/medicine/endocrine-system/insulins
Insulins,Skin Care,,23,https://masterapi.witheldokan.com/storage/seif-pharmacies/uploads/35215.webp,seif_output\images\insulins_23.webp,True,https://seif-online.com/en/product/medicine/endocrine-system/insulins
Infertility Treatment.,Skin Care,,1,https://masterapi.witheldokan.com/storage/seif-pharmacies/uploads/159844.webp,seif_output\images\infertility_treatment_1.webp,True,https://seif-online.com/en/product/medicine/endocrine-system/infertility-treatment
Infertility Treatment.,Skin Care,,2,https://masterapi.witheldokan.com/storage/seif-pharmacies/uploads/606446.webp,seif_output\images\infertility_treatment_2.webp,True,https://seif-online.com/en/product/medicine/endocrine-system/infertility-treatment
Infertility Treatment.,Skin Care,,3,https://masterapi.witheldokan.com/storage/seif-pharmacies/uploads/161498.webp,seif_output\images\infertility_treatment_3.webp,True,https://seif-online.com/en/product/medicine/endocrine-system/infertility-treatment
Infertility Treatment.,Skin Care,,4,https://masterapi.witheldokan.com/storage/seif-pharmacies/uploads/609743.webp,seif_output\images\infertility_treatment_4.webp,True,https://seif-online.com/en/product/medicine/endocrine-system/infertility-treatment
Infertility Treatment.,Skin Care,,5,https://masterapi.witheldokan.com/storage/seif-pharmacies/uploads/359335.webp,seif_output\images\infertility_treatment_5.webp,True,https://seif-online.com/en/product/medicine/endocrine-system/infertility-treatment
Infertility Treatment.,Skin Care,,6,https://masterapi.witheldokan.com/storage/seif-pharmacies/uploads/607925.webp,seif_output\images\infertility_treatment_6.webp,True,https://seif-online.com/en/product/medicine/endocrine-system/infertility-treatment
Infertility Treatment.,Skin Care,,7,https://masterapi.witheldokan.com/storage/seif-pharmacies/uploads/395935.webp,seif_output\images\infertility_treatment_7.webp,True,https://seif-online.com/en/product/medicine/endocrine-system/infertility-treatment
Infertility Treatment.,Skin Care,,8,https://masterapi.witheldokan.com/storage/seif-pharmacies/uploads/88817.webp,seif_output\images\infertility_treatment_8.webp,True,https://seif-online.com/en/product/medicine/endocrine-system/infertility-treatment
Infertility Treatment.,Skin Care,,9,https://masterapi.witheldokan.com/storage/seif-pharmacies/uploads/384734.webp,seif_output\images\infertility_treatment_9.webp,True,https://seif-online.com/en/product/medicine/endocrine-system/infertility-treatment
Infertility Treatment.,Skin Care,,10,https://masterapi.witheldokan.com/storage/seif-pharmacies/uploads/311494.webp,seif_output\images\infertility_treatment_10.webp,True,https://seif-online.com/en/product/medicine/endocrine-system/infertility-treatment
Infertility Treatment.,Skin Care,,11,https://masterapi.witheldokan.com/storage/seif-pharmacies/uploads/18711.webp,seif_output\images\infertility_treatment_11.webp,True,https://seif-online.com/en/product/medicine/endocrine-system/infertility-treatment
Infertility Treatment.,Skin Care,,12,https://masterapi.witheldokan.com/storage/seif-pharmacies/uploads/68126.webp,seif_output\images\infertility_treatment_12.webp,True,https://seif-online.com/en/product/medicine/endocrine-system/infertility-treatment
Infertility Treatment.,Skin Care,,13,https://masterapi.witheldokan.com/storage/seif-pharmacies/uploads/175030.webp,seif_output\images\infertility_treatment_13.webp,True,https://seif-online.com/en/product/medicine/endocrine-system/infertility-treatment
Infertility Treatment.,Skin Care,,14,https://masterapi.witheldokan.com/storage/seif-pharmacies/uploads/277929.webp,seif_output\images\infertility_treatment_14.webp,True,https://seif-online.com/en/product/medicine/endocrine-system/infertility-treatment
Growth Hormone,Skin Care,,1,https://masterapi.witheldokan.com/storage/seif-pharmacies/uploads/606633.webp,seif_output\images\growth_hormone_1.webp,True,https://seif-online.com/en/product/medicine/endocrine-system/growth-hormone
Growth Hormone,Skin Care,,2,https://masterapi.witheldokan.com/storage/seif-pharmacies/uploads/606870.webp,seif_output\images\growth_hormone_2.webp,True,https://seif-online.com/en/product/medicine/endocrine-system/growth-hormone
Growth Hormone,Skin Care,,3,https://cdn.supercommerce.io/seif-pharmacies/uploads/614782-1769435101.webp,seif_output\images\growth_hormone_3.webp,True,https://seif-online.com/en/product/medicine/endocrine-system/growth-hormone
Growth Hormone,Skin Care,,4,https://masterapi.witheldokan.com/storage/seif-pharmacies/uploads/614785.webp,seif_output\images\growth_hormone_4.webp,True,https://seif-online.com/en/product/medicine/endocrine-system/growth-hormone
Growth Hormone,Skin Care,,5,https://masterapi.witheldokan.com/storage/seif-pharmacies/uploads/80667.webp,seif_output\images\growth_hormone_5.webp,True,https://seif-online.com/en/product/medicine/endocrine-system/growth-hormone
Growth Hormone,Skin Care,,6,https://masterapi.witheldokan.com/storage/seif-pharmacies/uploads/356128.webp,seif_output\images\growth_hormone_6.webp,True,https://seif-online.com/en/product/medicine/endocrine-system/growth-hormone
Growth Hormone,Skin Care,,7,https://masterapi.witheldokan.com/storage/seif-pharmacies/uploads/607941-1760362454.webp,seif_output\images\growth_hormone_7.webp,True,https://seif-online.com/en/product/medicine/endocrine-system/growth-hormone
Growth Hormone,Skin Care,,8,https://masterapi.witheldokan.com/storage/seif-pharmacies/uploads/607942-1760362547.webp,seif_output\images\growth_hormone_8.webp,True,https://seif-online.com/en/product/medicine/endocrine-system/growth-hormone
Make Up,Skin Care,,1,https://masterapi.witheldokan.com/storage/seif-pharmacies/uploads/614742.webp,seif_output\images\make_up_1.webp,True,https://seif-online.com/en/product/cosmetics/make-up
Make Up,Skin Care,,2,https://masterapi.witheldokan.com/storage/seif-pharmacies/uploads/601043.webp,seif_output\images\make_up_2.webp,True,https://seif-online.com/en/product/cosmetics/make-up
Make Up,Skin Care,,3,https://masterapi.witheldokan.com/storage/seif-pharmacies/uploads/601041.webp,seif_output\images\make_up_3.webp,True,https://seif-online.com/en/product/cosmetics/make-up
Make Up,Skin Care,,4,https://masterapi.witheldokan.com/storage/seif-pharmacies/uploads/601042.webp,seif_output\images\make_up_4.webp,True,https://seif-online.com/en/product/cosmetics/make-up
Make Up,Skin Care,,5,https://masterapi.witheldokan.com/storage/seif-pharmacies/uploads/601040.webp,seif_output\images\make_up_5.webp,True,https://seif-online.com/en/product/cosmetics/make-up
Make Up,Skin Care,,6,https://masterapi.witheldokan.com/storage/seif-pharmacies/uploads/613302.webp,seif_output\images\make_up_6.webp,True,https://seif-online.com/en/product/cosmetics/make-up
Make Up,Skin Care,,7,https://masterapi.witheldokan.com/storage/seif-pharmacies/uploads/610488.webp,seif_output\images\make_up_7.webp,True,https://seif-online.com/en/product/cosmetics/make-up
Make Up,Skin Care,,8,https://masterapi.witheldokan.com/storage/seif-pharmacies/uploads/610485.webp,seif_output\images\make_up_8.webp,True,https://seif-online.com/en/product/cosmetics/make-up
Make Up,Skin Care,,9,https://masterapi.witheldokan.com/storage/seif-pharmacies/uploads/610414.webp,seif_output\images\make_up_9.webp,True,https://seif-online.com/en/product/cosmetics/make-up
Make Up,Skin Care,,10,https://masterapi.witheldokan.com/storage/seif-pharmacies/uploads/613129.webp,seif_output\images\make_up_10.webp,True,https://seif-online.com/en/product/cosmetics/make-up
Make Up,Skin Care,,11,https://masterapi.witheldokan.com/storage/seif-pharmacies/uploads/610487.webp,seif_output\images\make_up_11.webp,True,https://seif-online.com/en/product/cosmetics/make-up
Make Up,Skin Care,,12,https://masterapi.witheldokan.com/storage/seif-pharmacies/uploads/383673.webp,seif_output\images\make_up_12.webp,True,https://seif-online.com/en/product/cosmetics/make-up
Make Up,Skin Care,,13,https://masterapi.witheldokan.com/storage/seif-pharmacies/uploads/610415.webp,seif_output\images\make_up_13.webp,True,https://seif-online.com/en/product/cosmetics/make-up
Make Up,Skin Care,,14,https://masterapi.witheldokan.com/storage/seif-pharmacies/uploads/586178.webp,seif_output\images\make_up_14.webp,True,https://seif-online.com/en/product/cosmetics/make-up
Make Up,Skin Care,,15,https://masterapi.witheldokan.com/storage/seif-pharmacies/uploads/613131.webp,seif_output\images\make_up_15.webp,True,https://seif-online.com/en/product/cosmetics/make-up
Make Up,Skin Care,,16,https://masterapi.witheldokan.com/storage/seif-pharmacies/uploads/589223.webp,seif_output\images\make_up_16.webp,True,https://seif-online.com/en/product/cosmetics/make-up
Make Up,Skin Care,,17,https://masterapi.witheldokan.com/storage/seif-pharmacies/uploads/601008.webp,seif_output\images\make_up_17.webp,True,https://seif-online.com/en/product/cosmetics/make-up
Make Up,Skin Care,,18,https://masterapi.witheldokan.com/storage/seif-pharmacies/uploads/601025.webp,seif_output\images\make_up_18.webp,True,https://seif-online.com/en/product/cosmetics/make-up
Make Up,Skin Care,,19,https://cdn.supercommerce.io/seif-pharmacies/uploads/618233-1769412353.webp,seif_output\images\make_up_19.webp,True,https://seif-online.com/en/product/cosmetics/make-up
Make Up,Skin Care,,20,https://masterapi.witheldokan.com/storage/seif-pharmacies/uploads/601007.webp,seif_output\images\make_up_20.webp,True,https://seif-online.com/en/product/cosmetics/make-up
Make Up,Skin Care,,21,https://masterapi.witheldokan.com/storage/seif-pharmacies/uploads/586187.webp,seif_output\images\make_up_21.webp,True,https://seif-online.com/en/product/cosmetics/make-up
Make Up,Skin Care,,22,https://masterapi.witheldokan.com/storage/seif-pharmacies/uploads/601032.webp,seif_output\images\make_up_22.webp,True,https://seif-online.com/en/product/cosmetics/make-up
Make Up,Skin Care,,23,https://masterapi.witheldokan.com/storage/seif-pharmacies/uploads/609397.webp,seif_output\images\make_up_23.webp,True,https://seif-online.com/en/product/cosmetics/make-up
Make Up,Skin Care,,24,https://masterapi.witheldokan.com/storage/seif-pharmacies/uploads/613137.webp,seif_output\images\make_up_24.webp,True,https://seif-online.com/en/product/cosmetics/make-up
Face,Skin Care,,1,https://masterapi.witheldokan.com/storage/seif-pharmacies/uploads/610414.webp,seif_output\images\face_1.webp,True,https://seif-online.com/en/product/cosmetics/make-up/face
Face,Skin Care,,2,https://masterapi.witheldokan.com/storage/seif-pharmacies/uploads/613129.webp,seif_output\images\face_2.webp,True,https://seif-online.com/en/product/cosmetics/make-up/face
Face,Skin Care,,3,https://masterapi.witheldokan.com/storage/seif-pharmacies/uploads/610415.webp,seif_output\images\face_3.webp,True,https://seif-online.com/en/product/cosmetics/make-up/face
Face,Skin Care,,4,https://masterapi.witheldokan.com/storage/seif-pharmacies/uploads/613137.webp,seif_output\images\face_4.webp,True,https://seif-online.com/en/product/cosmetics/make-up/face
Face,Skin Care,,5,https://masterapi.witheldokan.com/storage/seif-pharmacies/uploads/613128.webp,seif_output\images\face_5.webp,True,https://seif-online.com/en/product/cosmetics/make-up/face
Face,Skin Care,,6,https://masterapi.witheldokan.com/storage/seif-pharmacies/uploads/613136.webp,seif_output\images\face_6.webp,True,https://seif-online.com/en/product/cosmetics/make-up/face
Face,Skin Care,,7,https://masterapi.witheldokan.com/storage/seif-pharmacies/uploads/610416.webp,seif_output\images\face_7.webp,True,https://seif-online.com/en/product/cosmetics/make-up/face
Face,Skin Care,,8,https://masterapi.witheldokan.com/storage/seif-pharmacies/uploads/616628-1756039110.webp,seif_output\images\face_8.webp,True,https://seif-online.com/en/product/cosmetics/make-up/face
Face,Skin Care,,9,https://masterapi.witheldokan.com/storage/seif-pharmacies/uploads/616630-1756039066.webp,seif_output\images\face_9.webp,True,https://seif-online.com/en/product/cosmetics/make-up/face
Face,Skin Care,,10,https://masterapi.witheldokan.com/storage/seif-pharmacies/uploads/380742.webp,seif_output\images\face_10.webp,True,https://seif-online.com/en/product/cosmetics/make-up/face
Face,Skin Care,,11,https://masterapi.witheldokan.com/storage/seif-pharmacies/uploads/380750.webp,seif_output\images\face_11.webp,True,https://seif-online.com/en/product/cosmetics/make-up/face
Face,Skin Care,,12,https://masterapi.witheldokan.com/storage/seif-pharmacies/uploads/380741.webp,seif_output\images\face_12.webp,True,https://seif-online.com/en/product/cosmetics/make-up/face
Face,Skin Care,,13,https://masterapi.witheldokan.com/storage/seif-pharmacies/uploads/380769.webp,seif_output\images\face_13.webp,True,https://seif-online.com/en/product/cosmetics/make-up/face
Face,Skin Care,,14,https://masterapi.witheldokan.com/storage/seif-pharmacies/uploads/380756.webp,seif_output\images\face_14.webp,True,https://seif-online.com/en/product/cosmetics/make-up/face
Face,Skin Care,,15,https://masterapi.witheldokan.com/storage/seif-pharmacies/uploads/613900.webp,seif_output\images\face_15.webp,True,https://seif-online.com/en/product/cosmetics/make-up/face
Face,Skin Care,,16,https://masterapi.witheldokan.com/storage/seif-pharmacies/uploads/380738.webp,seif_output\images\face_16.webp,True,https://seif-online.com/en/product/cosmetics/make-up/face
Face,Skin Care,,17,https://masterapi.witheldokan.com/storage/seif-pharmacies/uploads/380753.webp,seif_output\images\face_17.webp,True,https://seif-online.com/en/product/cosmetics/make-up/face
Face,Skin Care,,18,https://masterapi.witheldokan.com/storage/seif-pharmacies/uploads/390392.webp,seif_output\images\face_18.webp,True,https://seif-online.com/en/product/cosmetics/make-up/face
Face,Skin Care,,19,https://masterapi.witheldokan.com/storage/seif-pharmacies/uploads/390372.webp,seif_output\images\face_19.webp,True,https://seif-online.com/en/product/cosmetics/make-up/face
Nail,Skin Care,,1,https://masterapi.witheldokan.com/storage/seif-pharmacies/uploads/614742.webp,seif_output\images\nail_1.webp,True,https://seif-online.com/en/product/cosmetics/make-up/nail
Nail,Skin Care,,2,https://masterapi.witheldokan.com/storage/seif-pharmacies/uploads/601043.webp,seif_output\images\nail_2.webp,True,https://seif-online.com/en/product/cosmetics/make-up/nail
Nail,Skin Care,,3,https://masterapi.witheldokan.com/storage/seif-pharmacies/uploads/601041.webp,seif_output\images\nail_3.webp,True,https://seif-online.com/en/product/cosmetics/make-up/nail
Nail,Skin Care,,4,https://masterapi.witheldokan.com/storage/seif-pharmacies/uploads/601042.webp,seif_output\images\nail_4.webp,True,https://seif-online.com/en/product/cosmetics/make-up/nail
Nail,Skin Care,,5,https://masterapi.witheldokan.com/storage/seif-pharmacies/uploads/601040.webp,seif_output\images\nail_5.webp,True,https://seif-online.com/en/product/cosmetics/make-up/nail
Nail,Skin Care,,6,https://masterapi.witheldokan.com/storage/seif-pharmacies/uploads/610488.webp,seif_output\images\nail_6.webp,True,https://seif-online.com/en/product/cosmetics/make-up/nail
Nail,Skin Care,,7,https://masterapi.witheldokan.com/storage/seif-pharmacies/uploads/610485.webp,seif_output\images\nail_7.webp,True,https://seif-online.com/en/product/cosmetics/make-up/nail
Nail,Skin Care,,8,https://masterapi.witheldokan.com/storage/seif-pharmacies/uploads/610487.webp,seif_output\images\nail_8.webp,True,https://seif-online.com/en/product/cosmetics/make-up/nail
Nail,Skin Care,,9,https://masterapi.witheldokan.com/storage/seif-pharmacies/uploads/383673.webp,seif_output\images\nail_9.webp,True,https://seif-online.com/en/product/cosmetics/make-up/nail
Nail,Skin Care,,10,https://masterapi.witheldokan.com/storage/seif-pharmacies/uploads/586178.webp,seif_output\images\nail_10.webp,True,https://seif-online.com/en/product/cosmetics/make-up/nail
Nail,Skin Care,,11,https://masterapi.witheldokan.com/storage/seif-pharmacies/uploads/589223.webp,seif_output\images\nail_11.webp,True,https://seif-online.com/en/product/cosmetics/make-up/nail
Nail,Skin Care,,12,https://masterapi.witheldokan.com/storage/seif-pharmacies/uploads/601008.webp,seif_output\images\nail_12.webp,True,https://seif-online.com/en/product/cosmetics/make-up/nail
Nail,Skin Care,,13,https://masterapi.witheldokan.com/storage/seif-pharmacies/uploads/601025.webp,seif_output\images\nail_13.webp,True,https://seif-online.com/en/product/cosmetics/make-up/nail
Nail,Skin Care,,14,https://masterapi.witheldokan.com/storage/seif-pharmacies/uploads/601007.webp,seif_output\images\nail_14.webp,True,https://seif-online.com/en/product/cosmetics/make-up/nail
Nail,Skin Care,,15,https://masterapi.witheldokan.com/storage/seif-pharmacies/uploads/586187.webp,seif_output\images\nail_15.webp,True,https://seif-online.com/en/product/cosmetics/make-up/nail
Nail,Skin Care,,16,https://masterapi.witheldokan.com/storage/seif-pharmacies/uploads/601032.webp,seif_output\images\nail_16.webp,True,https://seif-online.com/en/product/cosmetics/make-up/nail
Nail,Skin Care,,17,https://masterapi.witheldokan.com/storage/seif-pharmacies/uploads/589221.webp,seif_output\images\nail_17.webp,True,https://seif-online.com/en/product/cosmetics/make-up/nail
Nail,Skin Care,,18,https://masterapi.witheldokan.com/storage/seif-pharmacies/uploads/600911.webp,seif_output\images\nail_18.webp,True,https://seif-online.com/en/product/cosmetics/make-up/nail
Nail,Skin Care,,19,https://masterapi.witheldokan.com/storage/seif-pharmacies/uploads/586186.webp,seif_output\images\nail_19.webp,True,https://seif-online.com/en/product/cosmetics/make-up/nail
Nail,Skin Care,,20,https://masterapi.witheldokan.com/storage/seif-pharmacies/uploads/586204.webp,seif_output\images\nail_20.webp,True,https://seif-online.com/en/product/cosmetics/make-up/nail
Nail,Skin Care,,21,https://masterapi.witheldokan.com/storage/seif-pharmacies/uploads/601010.webp,seif_output\images\nail_21.webp,True,https://seif-online.com/en/product/cosmetics/make-up/nail
Nail,Skin Care,,22,https://masterapi.witheldokan.com/storage/seif-pharmacies/uploads/601024.webp,seif_output\images\nail_22.webp,True,https://seif-online.com/en/product/cosmetics/make-up/nail
Nail,Skin Care,,23,https://masterapi.witheldokan.com/storage/seif-pharmacies/uploads/586200.webp,seif_output\images\nail_23.webp,True,https://seif-online.com/en/product/cosmetics/make-up/nail
Nail,Skin Care,,24,https://masterapi.witheldokan.com/storage/seif-pharmacies/uploads/601027.webp,seif_output\images\nail_24.webp,True,https://seif-online.com/en/product/cosmetics/make-up/nail
Eye,Skin Care,,1,https://masterapi.witheldokan.com/storage/seif-pharmacies/uploads/613302.webp,seif_output\images\eye_1.webp,True,https://seif-online.com/en/product/cosmetics/make-up/eye-makeup
Eye,Skin Care,,2,https://masterapi.witheldokan.com/storage/seif-pharmacies/uploads/613131.webp,seif_output\images\eye_2.webp,True,https://seif-online.com/en/product/cosmetics/make-up/eye-makeup
Eye,Skin Care,,3,https://cdn.supercommerce.io/seif-pharmacies/uploads/618233-1769412353.webp,seif_output\images\eye_3.webp,True,https://seif-online.com/en/product/cosmetics/make-up/eye-makeup
Eye,Skin Care,,4,https://masterapi.witheldokan.com/storage/seif-pharmacies/uploads/609397.webp,seif_output\images\eye_4.webp,True,https://seif-online.com/en/product/cosmetics/make-up/eye-makeup
Eye,Skin Care,,5,https://masterapi.witheldokan.com/storage/seif-pharmacies/uploads/613130.webp,seif_output\images\eye_5.webp,True,https://seif-online.com/en/product/cosmetics/make-up/eye-makeup
Eye,Skin Care,,6,https://masterapi.witheldokan.com/storage/seif-pharmacies/uploads/380787.webp,seif_output\images\eye_6.webp,True,https://seif-online.com/en/product/cosmetics/make-up/eye-makeup
Eye,Skin Care,,7,https://masterapi.witheldokan.com/storage/seif-pharmacies/uploads/354295.webp,seif_output\images\eye_7.webp,True,https://seif-online.com/en/product/cosmetics/make-up/eye-makeup
Eye,Skin Care,,8,https://masterapi.witheldokan.com/storage/seif-pharmacies/uploads/354293.webp,seif_output\images\eye_8.webp,True,https://seif-online.com/en/product/cosmetics/make-up/eye-makeup
Eye,Skin Care,,9,https://masterapi.witheldokan.com/storage/seif-pharmacies/uploads/354298.webp,seif_output\images\eye_9.webp,True,https://seif-online.com/en/product/cosmetics/make-up/eye-makeup
Eye,Skin Care,,10,https://masterapi.witheldokan.com/storage/seif-pharmacies/uploads/380788.webp,seif_output\images\eye_10.webp,True,https://seif-online.com/en/product/cosmetics/make-up/eye-makeup
Eye,Skin Care,,11,https://masterapi.witheldokan.com/storage/seif-pharmacies/uploads/380780.webp,seif_output\images\eye_11.webp,True,https://seif-online.com/en/product/cosmetics/make-up/eye-makeup
Eye,Skin Care,,12,https://masterapi.witheldokan.com/storage/seif-pharmacies/uploads/380793.webp,seif_output\images\eye_12.webp,True,https://seif-online.com/en/product/cosmetics/make-up/eye-makeup
Eye,Skin Care,,13,https://masterapi.witheldokan.com/storage/seif-pharmacies/uploads/380776.webp,seif_output\images\eye_13.webp,True,https://seif-online.com/en/product/cosmetics/make-up/eye-makeup
Eye,Skin Care,,14,https://masterapi.witheldokan.com/storage/seif-pharmacies/uploads/390327.webp,seif_output\images\eye_14.webp,True,https://seif-online.com/en/product/cosmetics/make-up/eye-makeup
Eye,Skin Care,,15,https://masterapi.witheldokan.com/storage/seif-pharmacies/uploads/354301.webp,seif_output\images\eye_15.webp,True,https://seif-online.com/en/product/cosmetics/make-up/eye-makeup
Eye,Skin Care,,16,https://masterapi.witheldokan.com/storage/seif-pharmacies/uploads/354297.webp,seif_output\images\eye_16.webp,True,https://seif-online.com/en/product/cosmetics/make-up/eye-makeup
Eye,Skin Care,,17,https://masterapi.witheldokan.com/storage/seif-pharmacies/uploads/380801.webp,seif_output\images\eye_17.webp,True,https://seif-online.com/en/product/cosmetics/make-up/eye-makeup
Eye,Skin Care,,18,https://masterapi.witheldokan.com/storage/seif-pharmacies/uploads/380802.webp,seif_output\images\eye_18.webp,True,https://seif-online.com/en/product/cosmetics/make-up/eye-makeup
Eye,Skin Care,,19,https://masterapi.witheldokan.com/storage/seif-pharmacies/uploads/616230-1759399921.webp,seif_output\images\eye_19.webp,True,https://seif-online.com/en/product/cosmetics/make-up/eye-makeup
Eye,Skin Care,,20,https://masterapi.witheldokan.com/storage/seif-pharmacies/uploads/616601-1762328342.webp,seif_output\images\eye_20.webp,True,https://seif-online.com/en/product/cosmetics/make-up/eye-makeup
Eye,Skin Care,,21,https://masterapi.witheldokan.com/storage/seif-pharmacies/uploads/380773-1761054157.webp,seif_output\images\eye_21.webp,True,https://seif-online.com/en/product/cosmetics/make-up/eye-makeup
Eye,Skin Care,,22,https://masterapi.witheldokan.com/storage/seif-pharmacies/uploads/390321.webp,seif_output\images\eye_22.webp,True,https://seif-online.com/en/product/cosmetics/make-up/eye-makeup
Eye,Skin Care,,23,https://masterapi.witheldokan.com/storage/seif-pharmacies/uploads/390326.webp,seif_output\images\eye_23.webp,True,https://seif-online.com/en/product/cosmetics/make-up/eye-makeup
Lip,Skin Care,,1,https://masterapi.witheldokan.com/storage/seif-pharmacies/uploads/606209-1760875816.webp,seif_output\images\lip_1.webp,True,https://seif-online.com/en/product/cosmetics/make-up/lip
Lip,Skin Care,,2,https://masterapi.witheldokan.com/storage/seif-pharmacies/uploads/616232-1759399792.webp,seif_output\images\lip_2.webp,True,https://seif-online.com/en/product/cosmetics/make-up/lip
Lip,Skin Care,,3,https://masterapi.witheldokan.com/storage/seif-pharmacies/uploads/616234-1759399886.webp,seif_output\images\lip_3.webp,True,https://seif-online.com/en/product/cosmetics/make-up/lip
Lip,Skin Care,,4,https://masterapi.witheldokan.com/storage/seif-pharmacies/uploads/616235-1759394975.webp,seif_output\images\lip_4.webp,True,https://seif-online.com/en/product/cosmetics/make-up/lip
Lip,Skin Care,,5,https://masterapi.witheldokan.com/storage/seif-pharmacies/uploads/342830.webp,seif_output\images\lip_5.webp,True,https://seif-online.com/en/product/cosmetics/make-up/lip
Lip,Skin Care,,6,https://masterapi.witheldokan.com/storage/seif-pharmacies/uploads/399921.webp,seif_output\images\lip_6.webp,True,https://seif-online.com/en/product/cosmetics/make-up/lip
Lip,Skin Care,,7,https://masterapi.witheldokan.com/storage/seif-pharmacies/uploads/608651.webp,seif_output\images\lip_7.webp,True,https://seif-online.com/en/product/cosmetics/make-up/lip
Lip,Skin Care,,8,https://masterapi.witheldokan.com/storage/seif-pharmacies/uploads/604143-1760878140.webp,seif_output\images\lip_8.webp,True,https://seif-online.com/en/product/cosmetics/make-up/lip
Lip,Skin Care,,9,https://masterapi.witheldokan.com/storage/seif-pharmacies/uploads/393823.webp,seif_output\images\lip_9.webp,True,https://seif-online.com/en/product/cosmetics/make-up/lip
Lip,Skin Care,,10,https://masterapi.witheldokan.com/storage/seif-pharmacies/uploads/380805.webp,seif_output\images\lip_10.webp,True,https://seif-online.com/en/product/cosmetics/make-up/lip
Lip,Skin Care,,11,https://masterapi.witheldokan.com/storage/seif-pharmacies/uploads/608652.webp,seif_output\images\lip_11.webp,True,https://seif-online.com/en/product/cosmetics/make-up/lip
Lip,Skin Care,,12,https://masterapi.witheldokan.com/storage/seif-pharmacies/uploads/606211-1760876532.webp,seif_output\images\lip_12.webp,True,https://seif-online.com/en/product/cosmetics/make-up/lip
Lip,Skin Care,,13,https://masterapi.witheldokan.com/storage/seif-pharmacies/uploads/606212-1760876423.webp,seif_output\images\lip_13.webp,True,https://seif-online.com/en/product/cosmetics/make-up/lip
Lip,Skin Care,,14,https://masterapi.witheldokan.com/storage/seif-pharmacies/uploads/380827.webp,seif_output\images\lip_14.webp,True,https://seif-online.com/en/product/cosmetics/make-up/lip
Lip,Skin Care,,15,https://masterapi.witheldokan.com/storage/seif-pharmacies/uploads/390295.webp,seif_output\images\lip_15.webp,True,https://seif-online.com/en/product/cosmetics/make-up/lip
Lip,Skin Care,,16,https://masterapi.witheldokan.com/storage/seif-pharmacies/uploads/380815.webp,seif_output\images\lip_16.webp,True,https://seif-online.com/en/product/cosmetics/make-up/lip
Lip,Skin Care,,17,https://masterapi.witheldokan.com/storage/seif-pharmacies/uploads/382413.webp,seif_output\images\lip_17.webp,True,https://seif-online.com/en/product/cosmetics/make-up/lip
Lip,Skin Care,,18,https://masterapi.witheldokan.com/storage/seif-pharmacies/uploads/380807.webp,seif_output\images\lip_18.webp,True,https://seif-online.com/en/product/cosmetics/make-up/lip
Lip,Skin Care,,19,https://masterapi.witheldokan.com/storage/seif-pharmacies/uploads/380808.webp,seif_output\images\lip_19.webp,True,https://seif-online.com/en/product/cosmetics/make-up/lip
Lip,Skin Care,,20,https://masterapi.witheldokan.com/storage/seif-pharmacies/uploads/380863.webp,seif_output\images\lip_20.webp,True,https://seif-online.com/en/product/cosmetics/make-up/lip
Lip,Skin Care,,21,https://masterapi.witheldokan.com/storage/seif-pharmacies/uploads/380864.webp,seif_output\images\lip_21.webp,True,https://seif-online.com/en/product/cosmetics/make-up/lip
Lip,Skin Care,,22,https://masterapi.witheldokan.com/storage/seif-pharmacies/uploads/390296.webp,seif_output\images\lip_22.webp,True,https://seif-online.com/en/product/cosmetics/make-up/lip
Lip,Skin Care,,23,https://masterapi.witheldokan.com/storage/seif-pharmacies/uploads/390299.webp,seif_output\images\lip_23.webp,True,https://seif-online.com/en/product/cosmetics/make-up/lip
Lip,Skin Care,,24,https://masterapi.witheldokan.com/storage/seif-pharmacies/uploads/390385.webp,seif_output\images\lip_24.webp,True,https://seif-online.com/en/product/cosmetics/make-up/lip
Mom & Baby,Skin Care,,1,https://masterapi.witheldokan.com/storage/seif-pharmacies/uploads/11.webp,seif_output\images\mom_baby_1.webp,True,https://seif-online.com/en/product/mom-baby
Mom & Baby,Skin Care,,2,https://masterapi.witheldokan.com/storage/seif-pharmacies/uploads/609535.webp,seif_output\images\mom_baby_2.webp,True,https://seif-online.com/en/product/mom-baby
Mom & Baby,Skin Care,,3,https://masterapi.witheldokan.com/storage/seif-pharmacies/uploads/608322.webp,seif_output\images\mom_baby_3.webp,True,https://seif-online.com/en/product/mom-baby
Mom & Baby,Skin Care,,4,https://masterapi.witheldokan.com/storage/seif-pharmacies/uploads/374038.webp,seif_output\images\mom_baby_4.webp,True,https://seif-online.com/en/product/mom-baby
Mom & Baby,Skin Care,,5,https://masterapi.witheldokan.com/storage/seif-pharmacies/uploads/601858.webp,seif_output\images\mom_baby_5.webp,True,https://seif-online.com/en/product/mom-baby
Mom & Baby,Skin Care,,6,https://masterapi.witheldokan.com/storage/seif-pharmacies/uploads/403302.webp,seif_output\images\mom_baby_6.webp,True,https://seif-online.com/en/product/mom-baby
Mom & Baby,Skin Care,,7,https://masterapi.witheldokan.com/storage/seif-pharmacies/uploads/310791.webp,seif_output\images\mom_baby_7.webp,True,https://seif-online.com/en/product/mom-baby
Mom & Baby,Skin Care,,8,https://masterapi.witheldokan.com/storage/seif-pharmacies/uploads/310788.webp,seif_output\images\mom_baby_8.webp,True,https://seif-online.com/en/product/mom-baby
Mom & Baby,Skin Care,,9,https://masterapi.witheldokan.com/storage/seif-pharmacies/uploads/347024.webp,seif_output\images\mom_baby_9.webp,True,https://seif-online.com/en/product/mom-baby
Mom & Baby,Skin Care,,10,https://masterapi.witheldokan.com/storage/seif-pharmacies/uploads/2749.webp,seif_output\images\mom_baby_10.webp,True,https://seif-online.com/en/product/mom-baby
Mom & Baby,Skin Care,,11,https://cdn.supercommerce.io/seif-pharmacies/uploads/615697-1768470260.webp,seif_output\images\mom_baby_11.webp,True,https://seif-online.com/en/product/mom-baby
Mom & Baby,Skin Care,,12,https://masterapi.witheldokan.com/storage/seif-pharmacies/uploads/389787.webp,seif_output\images\mom_baby_12.webp,True,https://seif-online.com/en/product/mom-baby
Mom & Baby,Skin Care,,13,https://masterapi.witheldokan.com/storage/seif-pharmacies/uploads/4534.webp,seif_output\images\mom_baby_13.webp,True,https://seif-online.com/en/product/mom-baby
Mom & Baby,Skin Care,,14,https://cdn.supercommerce.io/seif-pharmacies/uploads/615693-1768469618.webp,seif_output\images\mom_baby_14.webp,True,https://seif-online.com/en/product/mom-baby
Mom & Baby,Skin Care,,15,https://masterapi.witheldokan.com/storage/seif-pharmacies/uploads/4116.webp,seif_output\images\mom_baby_15.webp,True,https://seif-online.com/en/product/mom-baby
Mom & Baby,Skin Care,,16,https://masterapi.witheldokan.com/storage/seif-pharmacies/uploads/606084.webp,seif_output\images\mom_baby_16.webp,True,https://seif-online.com/en/product/mom-baby
Mom & Baby,Skin Care,,17,https://masterapi.witheldokan.com/storage/seif-pharmacies/uploads/611266.webp,seif_output\images\mom_baby_17.webp,True,https://seif-online.com/en/product/mom-baby
Mom & Baby,Skin Care,,18,https://masterapi.witheldokan.com/storage/seif-pharmacies/uploads/613033.webp,seif_output\images\mom_baby_18.webp,True,https://seif-online.com/en/product/mom-baby
Mom & Baby,Skin Care,,19,https://masterapi.witheldokan.com/storage/seif-pharmacies/uploads/400385.webp,seif_output\images\mom_baby_19.webp,True,https://seif-online.com/en/product/mom-baby
Mom & Baby,Skin Care,,20,https://masterapi.witheldokan.com/storage/seif-pharmacies/uploads/608955.webp,seif_output\images\mom_baby_20.webp,True,https://seif-online.com/en/product/mom-baby
Mom & Baby,Skin Care,,21,https://masterapi.witheldokan.com/storage/seif-pharmacies/uploads/613453.webp,seif_output\images\mom_baby_21.webp,True,https://seif-online.com/en/product/mom-baby
Mom & Baby,Skin Care,,22,https://cdn.supercommerce.io/seif-pharmacies/uploads/615692-1768469494.webp,seif_output\images\mom_baby_22.webp,True,https://seif-online.com/en/product/mom-baby
Mom & Baby,Skin Care,,23,https://masterapi.witheldokan.com/storage/seif-pharmacies/uploads/376630.webp,seif_output\images\mom_baby_23.webp,True,https://seif-online.com/en/product/mom-baby
Lenses,Skin Care,,1,https://masterapi.witheldokan.com/storage/seif-pharmacies/uploads/48305.webp,seif_output\images\lenses_1.webp,True,https://seif-online.com/en/product/cosmetics/general/lenses
Lenses,Skin Care,,2,https://cdn.supercommerce.io/seif-pharmacies/uploads/615283.jpg,seif_output\images\lenses_2.jpg,True,https://seif-online.com/en/product/cosmetics/general/lenses
Lenses,Skin Care,,3,https://cdn.supercommerce.io/seif-pharmacies/uploads/615282.jpg,seif_output\images\lenses_3.jpg,True,https://seif-online.com/en/product/cosmetics/general/lenses
Lenses,Skin Care,,4,https://cdn.supercommerce.io/seif-pharmacies/uploads/615286.webp,seif_output\images\lenses_4.webp,True,https://seif-online.com/en/product/cosmetics/general/lenses
Lenses,Skin Care,,5,https://cdn.supercommerce.io/seif-pharmacies/uploads/615284.webp,seif_output\images\lenses_5.webp,True,https://seif-online.com/en/product/cosmetics/general/lenses
Lenses,Skin Care,,6,https://cdn.supercommerce.io/seif-pharmacies/uploads/615285.webp,seif_output\images\lenses_6.webp,True,https://seif-online.com/en/product/cosmetics/general/lenses
Lenses,Skin Care,,7,https://cdn.supercommerce.io/seif-pharmacies/uploads/615281.jpg,seif_output\images\lenses_7.jpg,True,https://seif-online.com/en/product/cosmetics/general/lenses
Lenses,Skin Care,,8,https://cdn.supercommerce.io/seif-pharmacies/uploads/607681-1773054127.webp,seif_output\images\lenses_8.webp,True,https://seif-online.com/en/product/cosmetics/general/lenses
Lenses,Skin Care,,9,https://cdn.supercommerce.io/seif-pharmacies/uploads/607687-1773054664.webp,seif_output\images\lenses_9.webp,True,https://seif-online.com/en/product/cosmetics/general/lenses
Lenses,Skin Care,,10,https://masterapi.witheldokan.com/storage/seif-pharmacies/uploads/614628-1759928174.webp,seif_output\images\lenses_10.webp,True,https://seif-online.com/en/product/cosmetics/general/lenses
Lenses,Skin Care,,11,https://cdn.supercommerce.io/seif-pharmacies/uploads/614634-1773057270.webp,seif_output\images\lenses_11.webp,True,https://seif-online.com/en/product/cosmetics/general/lenses
Lenses,Skin Care,,12,https://cdn.supercommerce.io/seif-pharmacies/uploads/607685-1773054450.webp,seif_output\images\lenses_12.webp,True,https://seif-online.com/en/product/cosmetics/general/lenses
Lenses,Skin Care,,13,https://cdn.supercommerce.io/seif-pharmacies/uploads/614629-1773056571.webp,seif_output\images\lenses_13.webp,True,https://seif-online.com/en/product/cosmetics/general/lenses
Lenses,Skin Care,,14,https://cdn.supercommerce.io/seif-pharmacies/uploads/614635-1773057370.webp,seif_output\images\lenses_14.webp,True,https://seif-online.com/en/product/cosmetics/general/lenses
Lenses,Skin Care,,15,https://cdn.supercommerce.io/seif-pharmacies/uploads/614636-1773057449.webp,seif_output\images\lenses_15.webp,True,https://seif-online.com/en/product/cosmetics/general/lenses
Lenses,Skin Care,,16,https://cdn.supercommerce.io/seif-pharmacies/uploads/614627-1773056471.webp,seif_output\images\lenses_16.webp,True,https://seif-online.com/en/product/cosmetics/general/lenses
Lenses,Skin Care,,17,https://cdn.supercommerce.io/seif-pharmacies/uploads/607682-1773054199.webp,seif_output\images\lenses_17.webp,True,https://seif-online.com/en/product/cosmetics/general/lenses
Lenses,Skin Care,,18,https://cdn.supercommerce.io/seif-pharmacies/uploads/614625-1773056153.webp,seif_output\images\lenses_18.webp,True,https://seif-online.com/en/product/cosmetics/general/lenses
Lenses,Skin Care,,19,https://cdn.supercommerce.io/seif-pharmacies/uploads/614626-1773056339.webp,seif_output\images\lenses_19.webp,True,https://seif-online.com/en/product/cosmetics/general/lenses
Lenses,Skin Care,,20,https://cdn.supercommerce.io/seif-pharmacies/uploads/618597-1773143977.webp,seif_output\images\lenses_20.webp,True,https://seif-online.com/en/product/cosmetics/general/lenses
Lenses,Skin Care,,21,https://cdn.supercommerce.io/seif-pharmacies/uploads/614623-1773056001.webp,seif_output\images\lenses_21.webp,True,https://seif-online.com/en/product/cosmetics/general/lenses
Lenses,Skin Care,,22,https://cdn.supercommerce.io/seif-pharmacies/uploads/618593-1773143684.webp,seif_output\images\lenses_22.webp,True,https://seif-online.com/en/product/cosmetics/general/lenses
Lenses,Skin Care,,23,https://cdn.supercommerce.io/seif-pharmacies/uploads/607683-1773054522.webp,seif_output\images\lenses_23.webp,True,https://seif-online.com/en/product/cosmetics/general/lenses
Beauty Accessories,Skin Care,,1,https://masterapi.witheldokan.com/storage/seif-pharmacies/uploads/403750.webp,seif_output\images\beauty_accessories_1.webp,True,https://seif-online.com/en/product/cosmetics/general/beauty-accessories
Beauty Accessories,Skin Care,,2,https://masterapi.witheldokan.com/storage/seif-pharmacies/uploads/403749.webp,seif_output\images\beauty_accessories_2.webp,True,https://seif-online.com/en/product/cosmetics/general/beauty-accessories
Beauty Accessories,Skin Care,,3,https://masterapi.witheldokan.com/storage/seif-pharmacies/uploads/610316.webp,seif_output\images\beauty_accessories_3.webp,True,https://seif-online.com/en/product/cosmetics/general/beauty-accessories
Beauty Accessories,Skin Care,,4,https://masterapi.witheldokan.com/storage/seif-pharmacies/uploads/610314.webp,seif_output\images\beauty_accessories_4.webp,True,https://seif-online.com/en/product/cosmetics/general/beauty-accessories
Beauty Accessories,Skin Care,,5,https://masterapi.witheldokan.com/storage/seif-pharmacies/uploads/610317.webp,seif_output\images\beauty_accessories_5.webp,True,https://seif-online.com/en/product/cosmetics/general/beauty-accessories
Beauty Accessories,Skin Care,,6,https://masterapi.witheldokan.com/storage/seif-pharmacies/uploads/608685.webp,seif_output\images\beauty_accessories_6.webp,True,https://seif-online.com/en/product/cosmetics/general/beauty-accessories
Beauty Accessories,Skin Care,,7,https://masterapi.witheldokan.com/storage/seif-pharmacies/uploads/610312.webp,seif_output\images\beauty_accessories_7.webp,True,https://seif-online.com/en/product/cosmetics/general/beauty-accessories
Beauty Accessories,Skin Care,,8,https://masterapi.witheldokan.com/storage/seif-pharmacies/uploads/610315.webp,seif_output\images\beauty_accessories_8.webp,True,https://seif-online.com/en/product/cosmetics/general/beauty-accessories
Beauty Accessories,Skin Care,,9,https://cdn.supercommerce.io/seif-pharmacies/uploads/613337-1771144172.webp,seif_output\images\beauty_accessories_9.webp,True,https://seif-online.com/en/product/cosmetics/general/beauty-accessories
Beauty Accessories,Skin Care,,10,https://masterapi.witheldokan.com/storage/seif-pharmacies/uploads/610313.webp,seif_output\images\beauty_accessories_10.webp,True,https://seif-online.com/en/product/cosmetics/general/beauty-accessories
Beauty Accessories,Skin Care,,11,https://cdn.supercommerce.io/seif-pharmacies/uploads/615696-1768470011.webp,seif_output\images\beauty_accessories_11.webp,True,https://seif-online.com/en/product/cosmetics/general/beauty-accessories
Beauty Accessories,Skin Care,,12,https://masterapi.witheldokan.com/storage/seif-pharmacies/uploads/403745.webp,seif_output\images\beauty_accessories_12.webp,True,https://seif-online.com/en/product/cosmetics/general/beauty-accessories
Beauty Accessories,Skin Care,,13,https://masterapi.witheldokan.com/storage/seif-pharmacies/uploads/316051.webp,seif_output\images\beauty_accessories_13.webp,True,https://seif-online.com/en/product/cosmetics/general/beauty-accessories
Beauty Accessories,Skin Care,,14,https://masterapi.witheldokan.com/storage/seif-pharmacies/uploads/316052.webp,seif_output\images\beauty_accessories_14.webp,True,https://seif-online.com/en/product/cosmetics/general/beauty-accessories
Beauty Accessories,Skin Care,,15,https://masterapi.witheldokan.com/storage/seif-pharmacies/uploads/403744.webp,seif_output\images\beauty_accessories_15.webp,True,https://seif-online.com/en/product/cosmetics/general/beauty-accessories
Beauty Accessories,Skin Care,,16,https://masterapi.witheldokan.com/storage/seif-pharmacies/uploads/614733.webp,seif_output\images\beauty_accessories_16.webp,True,https://seif-online.com/en/product/cosmetics/general/beauty-accessories
Beauty Accessories,Skin Care,,17,https://masterapi.witheldokan.com/storage/seif-pharmacies/uploads/613253.webp,seif_output\images\beauty_accessories_17.webp,True,https://seif-online.com/en/product/cosmetics/general/beauty-accessories
Perfume,Skin Care,,1,https://masterapi.witheldokan.com/storage/seif-pharmacies/uploads/295989.webp,seif_output\images\perfume_1.webp,True,https://seif-online.com/en/product/cosmetics/general/perfume
Perfume,Skin Care,,2,https://masterapi.witheldokan.com/storage/seif-pharmacies/uploads/315978.webp,seif_output\images\perfume_2.webp,True,https://seif-online.com/en/product/cosmetics/general/perfume
Perfume,Skin Care,,3,https://masterapi.witheldokan.com/storage/seif-pharmacies/uploads/286407.webp,seif_output\images\perfume_3.webp,True,https://seif-online.com/en/product/cosmetics/general/perfume
Perfume,Skin Care,,4,https://masterapi.witheldokan.com/storage/seif-pharmacies/uploads/276048.webp,seif_output\images\perfume_4.webp,True,https://seif-online.com/en/product/cosmetics/general/perfume
Perfume,Skin Care,,5,https://masterapi.witheldokan.com/storage/seif-pharmacies/uploads/165272.webp,seif_output\images\perfume_5.webp,True,https://seif-online.com/en/product/cosmetics/general/perfume
Perfume,Skin Care,,6,https://masterapi.witheldokan.com/storage/seif-pharmacies/uploads/315975.webp,seif_output\images\perfume_6.webp,True,https://seif-online.com/en/product/cosmetics/general/perfume
Perfume,Skin Care,,7,https://masterapi.witheldokan.com/storage/seif-pharmacies/uploads/383586.webp,seif_output\images\perfume_7.webp,True,https://seif-online.com/en/product/cosmetics/general/perfume
Perfume,Skin Care,,8,https://masterapi.witheldokan.com/storage/seif-pharmacies/uploads/389830.webp,seif_output\images\perfume_8.webp,True,https://seif-online.com/en/product/cosmetics/general/perfume
Perfume,Skin Care,,9,https://masterapi.witheldokan.com/storage/seif-pharmacies/uploads/382585.webp,seif_output\images\perfume_9.webp,True,https://seif-online.com/en/product/cosmetics/general/perfume
Perfume,Skin Care,,10,https://masterapi.witheldokan.com/storage/seif-pharmacies/uploads/389821.webp,seif_output\images\perfume_10.webp,True,https://seif-online.com/en/product/cosmetics/general/perfume
Perfume,Skin Care,,11,https://masterapi.witheldokan.com/storage/seif-pharmacies/uploads/383598.webp,seif_output\images\perfume_11.webp,True,https://seif-online.com/en/product/cosmetics/general/perfume
Perfume,Skin Care,,12,https://masterapi.witheldokan.com/storage/seif-pharmacies/uploads/253109.webp,seif_output\images\perfume_12.webp,True,https://seif-online.com/en/product/cosmetics/general/perfume
Perfume,Skin Care,,13,https://masterapi.witheldokan.com/storage/seif-pharmacies/uploads/383585.webp,seif_output\images\perfume_13.webp,True,https://seif-online.com/en/product/cosmetics/general/perfume
Perfume,Skin Care,,14,https://masterapi.witheldokan.com/storage/seif-pharmacies/uploads/207414.webp,seif_output\images\perfume_14.webp,True,https://seif-online.com/en/product/cosmetics/general/perfume
Perfume,Skin Care,,15,https://masterapi.witheldokan.com/storage/seif-pharmacies/uploads/318603.webp,seif_output\images\perfume_15.webp,True,https://seif-online.com/en/product/cosmetics/general/perfume
Perfume,Skin Care,,16,https://masterapi.witheldokan.com/storage/seif-pharmacies/uploads/382764.webp,seif_output\images\perfume_16.webp,True,https://seif-online.com/en/product/cosmetics/general/perfume
Perfume,Skin Care,,17,https://masterapi.witheldokan.com/storage/seif-pharmacies/uploads/148182.webp,seif_output\images\perfume_17.webp,True,https://seif-online.com/en/product/cosmetics/general/perfume
Perfume,Skin Care,,18,https://masterapi.witheldokan.com/storage/seif-pharmacies/uploads/389824.webp,seif_output\images\perfume_18.webp,True,https://seif-online.com/en/product/cosmetics/general/perfume
Perfume,Skin Care,,19,https://masterapi.witheldokan.com/storage/seif-pharmacies/uploads/383599.webp,seif_output\images\perfume_19.webp,True,https://seif-online.com/en/product/cosmetics/general/perfume
Perfume,Skin Care,,20,https://masterapi.witheldokan.com/storage/seif-pharmacies/uploads/148102.webp,seif_output\images\perfume_20.webp,True,https://seif-online.com/en/product/cosmetics/general/perfume
Perfume,Skin Care,,21,https://masterapi.witheldokan.com/storage/seif-pharmacies/uploads/207415.webp,seif_output\images\perfume_21.webp,True,https://seif-online.com/en/product/cosmetics/general/perfume
Perfume,Skin Care,,22,https://masterapi.witheldokan.com/storage/seif-pharmacies/uploads/300402.webp,seif_output\images\perfume_22.webp,True,https://seif-online.com/en/product/cosmetics/general/perfume
Perfume,Skin Care,,23,https://masterapi.witheldokan.com/storage/seif-pharmacies/uploads/300363.webp,seif_output\images\perfume_23.webp,True,https://seif-online.com/en/product/cosmetics/general/perfume
Perfume,Skin Care,,24,https://masterapi.witheldokan.com/storage/seif-pharmacies/uploads/318595.webp,seif_output\images\perfume_24.webp,True,https://seif-online.com/en/product/cosmetics/general/perfume
GLasses,Skin Care,,1,https://masterapi.witheldokan.com/storage/seif-pharmacies/uploads/605985.webp,seif_output\images\glasses_1.webp,True,https://seif-online.com/en/product/cosmetics/general/glasses
GLasses,Skin Care,,2,https://masterapi.witheldokan.com/storage/seif-pharmacies/uploads/605990.webp,seif_output\images\glasses_2.webp,True,https://seif-online.com/en/product/cosmetics/general/glasses
GLasses,Skin Care,,3,https://masterapi.witheldokan.com/storage/seif-pharmacies/uploads/605989.webp,seif_output\images\glasses_3.webp,True,https://seif-online.com/en/product/cosmetics/general/glasses
GLasses,Skin Care,,4,https://masterapi.witheldokan.com/storage/seif-pharmacies/uploads/605991.webp,seif_output\images\glasses_4.webp,True,https://seif-online.com/en/product/cosmetics/general/glasses
GLasses,Skin Care,,5,https://masterapi.witheldokan.com/storage/seif-pharmacies/uploads/605987.webp,seif_output\images\glasses_5.webp,True,https://seif-online.com/en/product/cosmetics/general/glasses
GLasses,Skin Care,,6,https://masterapi.witheldokan.com/storage/seif-pharmacies/uploads/605988.webp,seif_output\images\glasses_6.webp,True,https://seif-online.com/en/product/cosmetics/general/glasses
GLasses,Skin Care,,7,https://cdn.supercommerce.io/seif-pharmacies/uploads/605986-1769615183.webp,seif_output\images\glasses_7.webp,True,https://seif-online.com/en/product/cosmetics/general/glasses
GLasses,Skin Care,,8,https://masterapi.witheldokan.com/storage/seif-pharmacies/uploads/608037.webp,seif_output\images\glasses_8.webp,True,https://seif-online.com/en/product/cosmetics/general/glasses
GLasses,Skin Care,,9,https://masterapi.witheldokan.com/storage/seif-pharmacies/uploads/608038.webp,seif_output\images\glasses_9.webp,True,https://seif-online.com/en/product/cosmetics/general/glasses
Eye Lasher Accessories,Skin Care,,1,https://masterapi.witheldokan.com/storage/seif-pharmacies/uploads/612874.webp,seif_output\images\eye_lasher_accessories_1.webp,True,https://seif-online.com/en/product/cosmetics/general/eye-lasher-accessories
Eye Lasher Accessories,Skin Care,,2,https://masterapi.witheldokan.com/storage/seif-pharmacies/uploads/199249.webp,seif_output\images\eye_lasher_accessories_2.webp,True,https://seif-online.com/en/product/cosmetics/general/eye-lasher-accessories
Eye Lasher Accessories,Skin Care,,3,https://masterapi.witheldokan.com/storage/seif-pharmacies/uploads/609708.webp,seif_output\images\eye_lasher_accessories_3.webp,True,https://seif-online.com/en/product/cosmetics/general/eye-lasher-accessories
Eye Lasher Accessories,Skin Care,,4,https://masterapi.witheldokan.com/storage/seif-pharmacies/uploads/199255.webp,seif_output\images\eye_lasher_accessories_4.webp,True,https://seif-online.com/en/product/cosmetics/general/eye-lasher-accessories
Eye Lasher Accessories,Skin Care,,5,https://masterapi.witheldokan.com/storage/seif-pharmacies/uploads/403194.webp,seif_output\images\eye_lasher_accessories_5.webp,True,https://seif-online.com/en/product/cosmetics/general/eye-lasher-accessories
Eye Lasher Accessories,Skin Care,,6,https://masterapi.witheldokan.com/storage/seif-pharmacies/uploads/366049.webp,seif_output\images\eye_lasher_accessories_6.webp,True,https://seif-online.com/en/product/cosmetics/general/eye-lasher-accessories
Eye Lasher Accessories,Skin Care,,7,https://masterapi.witheldokan.com/storage/seif-pharmacies/uploads/403190.webp,seif_output\images\eye_lasher_accessories_7.webp,True,https://seif-online.com/en/product/cosmetics/general/eye-lasher-accessories
Eye Lasher Accessories,Skin Care,,8,https://masterapi.witheldokan.com/storage/seif-pharmacies/uploads/197180.webp,seif_output\images\eye_lasher_accessories_8.webp,True,https://seif-online.com/en/product/cosmetics/general/eye-lasher-accessories
Eye Lasher Accessories,Skin Care,,9,https://masterapi.witheldokan.com/storage/seif-pharmacies/uploads/403192.webp,seif_output\images\eye_lasher_accessories_9.webp,True,https://seif-online.com/en/product/cosmetics/general/eye-lasher-accessories
Eye Lasher Accessories,Skin Care,,10,https://masterapi.witheldokan.com/storage/seif-pharmacies/uploads/199251.webp,seif_output\images\eye_lasher_accessories_10.webp,True,https://seif-online.com/en/product/cosmetics/general/eye-lasher-accessories
Eye Lasher Accessories,Skin Care,,11,https://masterapi.witheldokan.com/storage/seif-pharmacies/uploads/324361.webp,seif_output\images\eye_lasher_accessories_11.webp,True,https://seif-online.com/en/product/cosmetics/general/eye-lasher-accessories
Eye Lasher Accessories,Skin Care,,12,https://masterapi.witheldokan.com/storage/seif-pharmacies/uploads/609690.webp,seif_output\images\eye_lasher_accessories_12.webp,True,https://seif-online.com/en/product/cosmetics/general/eye-lasher-accessories
Eye Lasher Accessories,Skin Care,,13,https://masterapi.witheldokan.com/storage/seif-pharmacies/uploads/401058-1760963423.webp,seif_output\images\eye_lasher_accessories_13.webp,True,https://seif-online.com/en/product/cosmetics/general/eye-lasher-accessories
Eye Lasher Accessories,Skin Care,,14,https://masterapi.witheldokan.com/storage/seif-pharmacies/uploads/400115.webp,seif_output\images\eye_lasher_accessories_14.webp,True,https://seif-online.com/en/product/cosmetics/general/eye-lasher-accessories
Eye Lasher Accessories,Skin Care,,15,https://masterapi.witheldokan.com/storage/seif-pharmacies/uploads/401055.webp,seif_output\images\eye_lasher_accessories_15.webp,True,https://seif-online.com/en/product/cosmetics/general/eye-lasher-accessories
Eye Lasher Accessories,Skin Care,,16,https://masterapi.witheldokan.com/storage/seif-pharmacies/uploads/197166.webp,seif_output\images\eye_lasher_accessories_16.webp,True,https://seif-online.com/en/product/cosmetics/general/eye-lasher-accessories
Eye Lasher Accessories,Skin Care,,17,https://masterapi.witheldokan.com/storage/seif-pharmacies/uploads/197175.webp,seif_output\images\eye_lasher_accessories_17.webp,True,https://seif-online.com/en/product/cosmetics/general/eye-lasher-accessories
Eye Lasher Accessories,Skin Care,,18,https://masterapi.witheldokan.com/storage/seif-pharmacies/uploads/609722.webp,seif_output\images\eye_lasher_accessories_18.webp,True,https://seif-online.com/en/product/cosmetics/general/eye-lasher-accessories
Eye Lasher Accessories,Skin Care,,19,https://masterapi.witheldokan.com/storage/seif-pharmacies/uploads/199250.webp,seif_output\images\eye_lasher_accessories_19.webp,True,https://seif-online.com/en/product/cosmetics/general/eye-lasher-accessories
Eye Lasher Accessories,Skin Care,,20,https://masterapi.witheldokan.com/storage/seif-pharmacies/uploads/199253.webp,seif_output\images\eye_lasher_accessories_20.webp,True,https://seif-online.com/en/product/cosmetics/general/eye-lasher-accessories
Eye Lasher Accessories,Skin Care,,21,https://masterapi.witheldokan.com/storage/seif-pharmacies/uploads/609725.webp,seif_output\images\eye_lasher_accessories_21.webp,True,https://seif-online.com/en/product/cosmetics/general/eye-lasher-accessories
Nails Beauty,Skin Care,,1,https://masterapi.witheldokan.com/storage/seif-pharmacies/uploads/356493.webp,seif_output\images\nails_beauty_1.webp,True,https://seif-online.com/en/product/cosmetics/general/nails-beauty
Nails Beauty,Skin Care,,2,https://masterapi.witheldokan.com/storage/seif-pharmacies/uploads/606197.webp,seif_output\images\nails_beauty_2.webp,True,https://seif-online.com/en/product/cosmetics/general/nails-beauty
Nails Beauty,Skin Care,,3,https://cdn.supercommerce.io/seif-pharmacies/uploads/618234-1769412523.webp,seif_output\images\nails_beauty_3.webp,True,https://seif-online.com/en/product/cosmetics/general/nails-beauty
Nails Beauty,Skin Care,,4,https://masterapi.witheldokan.com/storage/seif-pharmacies/uploads/402971.webp,seif_output\images\nails_beauty_4.webp,True,https://seif-online.com/en/product/cosmetics/general/nails-beauty
Nails Beauty,Skin Care,,5,https://masterapi.witheldokan.com/storage/seif-pharmacies/uploads/401618.webp,seif_output\images\nails_beauty_5.webp,True,https://seif-online.com/en/product/cosmetics/general/nails-beauty
Nails Beauty,Skin Care,,6,https://masterapi.witheldokan.com/storage/seif-pharmacies/uploads/608996.webp,seif_output\images\nails_beauty_6.webp,True,https://seif-online.com/en/product/cosmetics/general/nails-beauty
Nails Beauty,Skin Care,,7,https://masterapi.witheldokan.com/storage/seif-pharmacies/uploads/432436.webp,seif_output\images\nails_beauty_7.webp,True,https://seif-online.com/en/product/cosmetics/general/nails-beauty
Nails Beauty,Skin Care,,8,https://masterapi.witheldokan.com/storage/seif-pharmacies/uploads/403294.webp,seif_output\images\nails_beauty_8.webp,True,https://seif-online.com/en/product/cosmetics/general/nails-beauty
Nails Beauty,Skin Care,,9,https://masterapi.witheldokan.com/storage/seif-pharmacies/uploads/609191.webp,seif_output\images\nails_beauty_9.webp,True,https://seif-online.com/en/product/cosmetics/general/nails-beauty
Nails Beauty,Skin Care,,10,https://masterapi.witheldokan.com/storage/seif-pharmacies/uploads/610797.webp,seif_output\images\nails_beauty_10.webp,True,https://seif-online.com/en/product/cosmetics/general/nails-beauty
Nails Beauty,Skin Care,,11,https://masterapi.witheldokan.com/storage/seif-pharmacies/uploads/607591.webp,seif_output\images\nails_beauty_11.webp,True,https://seif-online.com/en/product/cosmetics/general/nails-beauty
Nails Beauty,Skin Care,,12,https://masterapi.witheldokan.com/storage/seif-pharmacies/uploads/402968.webp,seif_output\images\nails_beauty_12.webp,True,https://seif-online.com/en/product/cosmetics/general/nails-beauty
Nails Beauty,Skin Care,,13,https://masterapi.witheldokan.com/storage/seif-pharmacies/uploads/401657.webp,seif_output\images\nails_beauty_13.webp,True,https://seif-online.com/en/product/cosmetics/general/nails-beauty
Nails Beauty,Skin Care,,14,https://masterapi.witheldokan.com/storage/seif-pharmacies/uploads/401649.webp,seif_output\images\nails_beauty_14.webp,True,https://seif-online.com/en/product/cosmetics/general/nails-beauty
Nails Beauty,Skin Care,,15,https://masterapi.witheldokan.com/storage/seif-pharmacies/uploads/401650.webp,seif_output\images\nails_beauty_15.webp,True,https://seif-online.com/en/product/cosmetics/general/nails-beauty
Nails Beauty,Skin Care,,16,https://masterapi.witheldokan.com/storage/seif-pharmacies/uploads/401639.webp,seif_output\images\nails_beauty_16.webp,True,https://seif-online.com/en/product/cosmetics/general/nails-beauty
Nails Beauty,Skin Care,,17,https://masterapi.witheldokan.com/storage/seif-pharmacies/uploads/401651.webp,seif_output\images\nails_beauty_17.webp,True,https://seif-online.com/en/product/cosmetics/general/nails-beauty
Nails Beauty,Skin Care,,18,https://masterapi.witheldokan.com/storage/seif-pharmacies/uploads/402973.webp,seif_output\images\nails_beauty_18.webp,True,https://seif-online.com/en/product/cosmetics/general/nails-beauty
Nails Beauty,Skin Care,,19,https://masterapi.witheldokan.com/storage/seif-pharmacies/uploads/611772.webp,seif_output\images\nails_beauty_19.webp,True,https://seif-online.com/en/product/cosmetics/general/nails-beauty
Nails Beauty,Skin Care,,20,https://masterapi.witheldokan.com/storage/seif-pharmacies/uploads/613251.webp,seif_output\images\nails_beauty_20.webp,True,https://seif-online.com/en/product/cosmetics/general/nails-beauty
Nails Beauty,Skin Care,,21,https://masterapi.witheldokan.com/storage/seif-pharmacies/uploads/401644.webp,seif_output\images\nails_beauty_21.webp,True,https://seif-online.com/en/product/cosmetics/general/nails-beauty
Nails Beauty,Skin Care,,22,https://masterapi.witheldokan.com/storage/seif-pharmacies/uploads/401654.webp,seif_output\images\nails_beauty_22.webp,True,https://seif-online.com/en/product/cosmetics/general/nails-beauty
Nails Beauty,Skin Care,,23,https://masterapi.witheldokan.com/storage/seif-pharmacies/uploads/401658.webp,seif_output\images\nails_beauty_23.webp,True,https://seif-online.com/en/product/cosmetics/general/nails-beauty
Oral Care,Skin Care,,1,https://masterapi.witheldokan.com/storage/seif-pharmacies/uploads/300842.webp,seif_output\images\oral_care_1.webp,True,https://seif-online.com/en/product/every-day-essentials/oral-care
Oral Care,Skin Care,,2,https://cdn.supercommerce.io/seif-pharmacies/uploads/253823-1772021548.webp,seif_output\images\oral_care_2.webp,True,https://seif-online.com/en/product/every-day-essentials/oral-care
Oral Care,Skin Care,,3,https://masterapi.witheldokan.com/storage/seif-pharmacies/uploads/300833.webp,seif_output\images\oral_care_3.webp,True,https://seif-online.com/en/product/every-day-essentials/oral-care
Oral Care,Skin Care,,4,https://masterapi.witheldokan.com/storage/seif-pharmacies/uploads/300838.webp,seif_output\images\oral_care_4.webp,True,https://seif-online.com/en/product/every-day-essentials/oral-care
Oral Care,Skin Care,,5,https://masterapi.witheldokan.com/storage/seif-pharmacies/uploads/606439.webp,seif_output\images\oral_care_5.webp,True,https://seif-online.com/en/product/every-day-essentials/oral-care
Oral Care,Skin Care,,6,https://masterapi.witheldokan.com/storage/seif-pharmacies/uploads/44178.webp,seif_output\images\oral_care_6.webp,True,https://seif-online.com/en/product/every-day-essentials/oral-care
Oral Care,Skin Care,,7,https://masterapi.witheldokan.com/storage/seif-pharmacies/uploads/610756.webp,seif_output\images\oral_care_7.webp,True,https://seif-online.com/en/product/every-day-essentials/oral-care
Oral Care,Skin Care,,8,https://masterapi.witheldokan.com/storage/seif-pharmacies/uploads/614446-1759929234.webp,seif_output\images\oral_care_8.webp,True,https://seif-online.com/en/product/every-day-essentials/oral-care
Oral Care,Skin Care,,9,https://masterapi.witheldokan.com/storage/seif-pharmacies/uploads/28986.webp,seif_output\images\oral_care_9.webp,True,https://seif-online.com/en/product/every-day-essentials/oral-care
Oral Care,Skin Care,,10,https://masterapi.witheldokan.com/storage/seif-pharmacies/uploads/71994.webp,seif_output\images\oral_care_10.webp,True,https://seif-online.com/en/product/every-day-essentials/oral-care
Oral Care,Skin Care,,11,https://masterapi.witheldokan.com/storage/seif-pharmacies/uploads/91500.webp,seif_output\images\oral_care_11.webp,True,https://seif-online.com/en/product/every-day-essentials/oral-care
Oral Care,Skin Care,,12,https://masterapi.witheldokan.com/storage/seif-pharmacies/uploads/263595.webp,seif_output\images\oral_care_12.webp,True,https://seif-online.com/en/product/every-day-essentials/oral-care
Oral Care,Skin Care,,13,https://masterapi.witheldokan.com/storage/seif-pharmacies/uploads/281710.webp,seif_output\images\oral_care_13.webp,True,https://seif-online.com/en/product/every-day-essentials/oral-care
Oral Care,Skin Care,,14,https://masterapi.witheldokan.com/storage/seif-pharmacies/uploads/394618.webp,seif_output\images\oral_care_14.webp,True,https://seif-online.com/en/product/every-day-essentials/oral-care
Oral Care,Skin Care,,15,https://masterapi.witheldokan.com/storage/seif-pharmacies/uploads/71995.webp,seif_output\images\oral_care_15.webp,True,https://seif-online.com/en/product/every-day-essentials/oral-care
Oral Care,Skin Care,,16,https://masterapi.witheldokan.com/storage/seif-pharmacies/uploads/263596.webp,seif_output\images\oral_care_16.webp,True,https://seif-online.com/en/product/every-day-essentials/oral-care
Oral Care,Skin Care,,17,https://masterapi.witheldokan.com/storage/seif-pharmacies/uploads/285820.webp,seif_output\images\oral_care_17.webp,True,https://seif-online.com/en/product/every-day-essentials/oral-care
Dental Care,Skin Care,,1,https://masterapi.witheldokan.com/storage/seif-pharmacies/uploads/285820.webp,seif_output\images\dental_care_1.webp,True,https://seif-online.com/en/product/every-day-essentials/oral-care/dental-care
Dental Care,Skin Care,,2,https://masterapi.witheldokan.com/storage/seif-pharmacies/uploads/287159.webp,seif_output\images\dental_care_2.webp,True,https://seif-online.com/en/product/every-day-essentials/oral-care/dental-care
Dental Care,Skin Care,,3,https://masterapi.witheldokan.com/storage/seif-pharmacies/uploads/385374.webp,seif_output\images\dental_care_3.webp,True,https://seif-online.com/en/product/every-day-essentials/oral-care/dental-care
Dental Care,Skin Care,,4,https://masterapi.witheldokan.com/storage/seif-pharmacies/uploads/312494.webp,seif_output\images\dental_care_4.webp,True,https://seif-online.com/en/product/every-day-essentials/oral-care/dental-care
Dental Care,Skin Care,,5,https://masterapi.witheldokan.com/storage/seif-pharmacies/uploads/614454.webp,seif_output\images\dental_care_5.webp,True,https://seif-online.com/en/product/every-day-essentials/oral-care/dental-care
Dental Care,Skin Care,,6,https://masterapi.witheldokan.com/storage/seif-pharmacies/uploads/607351.webp,seif_output\images\dental_care_6.webp,True,https://seif-online.com/en/product/every-day-essentials/oral-care/dental-care
Dental Care,Skin Care,,7,https://masterapi.witheldokan.com/storage/seif-pharmacies/uploads/614455.webp,seif_output\images\dental_care_7.webp,True,https://seif-online.com/en/product/every-day-essentials/oral-care/dental-care
Breath Fresheners,Skin Care,,1,https://masterapi.witheldokan.com/storage/seif-pharmacies/uploads/610756.webp,seif_output\images\breath_fresheners_1.webp,True,https://seif-online.com/en/product/every-day-essentials/oral-care/breath-fresheners
Breath Fresheners,Skin Care,,2,https://masterapi.witheldokan.com/storage/seif-pharmacies/uploads/66990.webp,seif_output\images\breath_fresheners_2.webp,True,https://seif-online.com/en/product/every-day-essentials/oral-care/breath-fresheners
Breath Fresheners,Skin Care,,3,https://masterapi.witheldokan.com/storage/seif-pharmacies/uploads/604619.webp,seif_output\images\breath_fresheners_3.webp,True,https://seif-online.com/en/product/every-day-essentials/oral-care/breath-fresheners
Breath Fresheners,Skin Care,,4,https://masterapi.witheldokan.com/storage/seif-pharmacies/uploads/614799-1759931423.webp,seif_output\images\breath_fresheners_4.webp,True,https://seif-online.com/en/product/every-day-essentials/oral-care/breath-fresheners
Breath Fresheners,Skin Care,,5,https://masterapi.witheldokan.com/storage/seif-pharmacies/uploads/614798-1759931376.webp,seif_output\images\breath_fresheners_5.webp,True,https://seif-online.com/en/product/every-day-essentials/oral-care/breath-fresheners
Breath Fresheners,Skin Care,,6,https://masterapi.witheldokan.com/storage/seif-pharmacies/uploads/614784.webp,seif_output\images\breath_fresheners_6.webp,True,https://seif-online.com/en/product/every-day-essentials/oral-care/breath-fresheners
Breath Fresheners,Skin Care,,7,https://masterapi.witheldokan.com/storage/seif-pharmacies/uploads/604618.webp,seif_output\images\breath_fresheners_7.webp,True,https://seif-online.com/en/product/every-day-essentials/oral-care/breath-fresheners
Breath Fresheners,Skin Care,,8,https://masterapi.witheldokan.com/storage/seif-pharmacies/uploads/608851-1760358492.webp,seif_output\images\breath_fresheners_8.webp,True,https://seif-online.com/en/product/every-day-essentials/oral-care/breath-fresheners
Breath Fresheners,Skin Care,,9,https://masterapi.witheldokan.com/storage/seif-pharmacies/uploads/299911.webp,seif_output\images\breath_fresheners_9.webp,True,https://seif-online.com/en/product/every-day-essentials/oral-care/breath-fresheners
Breath Fresheners,Skin Care,,10,https://masterapi.witheldokan.com/storage/seif-pharmacies/uploads/432221-1760962789.webp,seif_output\images\breath_fresheners_10.webp,True,https://seif-online.com/en/product/every-day-essentials/oral-care/breath-fresheners
Teeth Whitening,Skin Care,,1,https://masterapi.witheldokan.com/storage/seif-pharmacies/uploads/7938.webp,seif_output\images\teeth_whitening_1.webp,True,https://seif-online.com/en/product/every-day-essentials/oral-care/teeth-whitening
Teeth Whitening,Skin Care,,2,https://masterapi.witheldokan.com/storage/seif-pharmacies/uploads/7937.webp,seif_output\images\teeth_whitening_2.webp,True,https://seif-online.com/en/product/every-day-essentials/oral-care/teeth-whitening
Teeth Whitening,Skin Care,,3,https://masterapi.witheldokan.com/storage/seif-pharmacies/uploads/7939.webp,seif_output\images\teeth_whitening_3.webp,True,https://seif-online.com/en/product/every-day-essentials/oral-care/teeth-whitening
Teeth Whitening,Skin Care,,4,https://cdn.supercommerce.io/seif-pharmacies/uploads/609530-1770887910.webp,seif_output\images\teeth_whitening_4.webp,True,https://seif-online.com/en/product/every-day-essentials/oral-care/teeth-whitening
Teeth Whitening,Skin Care,,5,https://masterapi.witheldokan.com/storage/seif-pharmacies/uploads/7940.webp,seif_output\images\teeth_whitening_5.webp,True,https://seif-online.com/en/product/every-day-essentials/oral-care/teeth-whitening
Teeth Whitening,Skin Care,,6,https://cdn.supercommerce.io/seif-pharmacies/uploads/617356-1771234261.webp,seif_output\images\teeth_whitening_6.webp,True,https://seif-online.com/en/product/every-day-essentials/oral-care/teeth-whitening
Teeth Whitening,Skin Care,,7,https://masterapi.witheldokan.com/storage/seif-pharmacies/uploads/605729.webp,seif_output\images\teeth_whitening_7.webp,True,https://seif-online.com/en/product/every-day-essentials/oral-care/teeth-whitening
Teeth Whitening,Skin Care,,8,https://masterapi.witheldokan.com/storage/seif-pharmacies/uploads/608153.webp,seif_output\images\teeth_whitening_8.webp,True,https://seif-online.com/en/product/every-day-essentials/oral-care/teeth-whitening
Toothbrush,Skin Care,,1,https://masterapi.witheldokan.com/storage/seif-pharmacies/uploads/300842.webp,seif_output\images\toothbrush_1.webp,True,https://seif-online.com/en/product/every-day-essentials/oral-care/toothbrush
Toothbrush,Skin Care,,2,https://masterapi.witheldokan.com/storage/seif-pharmacies/uploads/300833.webp,seif_output\images\toothbrush_2.webp,True,https://seif-online.com/en/product/every-day-essentials/oral-care/toothbrush
Toothbrush,Skin Care,,3,https://masterapi.witheldokan.com/storage/seif-pharmacies/uploads/300838.webp,seif_output\images\toothbrush_3.webp,True,https://seif-online.com/en/product/every-day-essentials/oral-care/toothbrush
Toothbrush,Skin Care,,4,https://masterapi.witheldokan.com/storage/seif-pharmacies/uploads/614438-1759929965.webp,seif_output\images\toothbrush_4.webp,True,https://seif-online.com/en/product/every-day-essentials/oral-care/toothbrush
Toothbrush,Skin Care,,5,https://masterapi.witheldokan.com/storage/seif-pharmacies/uploads/614443-1759929911.webp,seif_output\images\toothbrush_5.webp,True,https://seif-online.com/en/product/every-day-essentials/oral-care/toothbrush
Toothbrush,Skin Care,,6,https://masterapi.witheldokan.com/storage/seif-pharmacies/uploads/614444-1759929734.webp,seif_output\images\toothbrush_6.webp,True,https://seif-online.com/en/product/every-day-essentials/oral-care/toothbrush
Toothbrush,Skin Care,,7,https://masterapi.witheldokan.com/storage/seif-pharmacies/uploads/614445-1759928907.webp,seif_output\images\toothbrush_7.webp,True,https://seif-online.com/en/product/every-day-essentials/oral-care/toothbrush
Toothbrush,Skin Care,,8,https://cdn.supercommerce.io/seif-pharmacies/uploads/612825-1773396324.webp,seif_output\images\toothbrush_8.webp,True,https://seif-online.com/en/product/every-day-essentials/oral-care/toothbrush
Toothbrush,Skin Care,,9,https://cdn.supercommerce.io/seif-pharmacies/uploads/612828-1768469037.webp,seif_output\images\toothbrush_9.webp,True,https://seif-online.com/en/product/every-day-essentials/oral-care/toothbrush
Toothbrush,Skin Care,,10,https://masterapi.witheldokan.com/storage/seif-pharmacies/uploads/347143.webp,seif_output\images\toothbrush_10.webp,True,https://seif-online.com/en/product/every-day-essentials/oral-care/toothbrush
Toothbrush,Skin Care,,11,https://masterapi.witheldokan.com/storage/seif-pharmacies/uploads/614442-1759929712.webp,seif_output\images\toothbrush_11.webp,True,https://seif-online.com/en/product/every-day-essentials/oral-care/toothbrush
Toothbrush,Skin Care,,12,https://masterapi.witheldokan.com/storage/seif-pharmacies/uploads/612831.webp,seif_output\images\toothbrush_12.webp,True,https://seif-online.com/en/product/every-day-essentials/oral-care/toothbrush
Toothbrush,Skin Care,,13,https://masterapi.witheldokan.com/storage/seif-pharmacies/uploads/614437-1759929818.webp,seif_output\images\toothbrush_13.webp,True,https://seif-online.com/en/product/every-day-essentials/oral-care/toothbrush
Toothbrush,Skin Care,,14,https://cdn.supercommerce.io/seif-pharmacies/uploads/612826-1768468905.webp,seif_output\images\toothbrush_14.webp,True,https://seif-online.com/en/product/every-day-essentials/oral-care/toothbrush
Toothbrush,Skin Care,,15,https://masterapi.witheldokan.com/storage/seif-pharmacies/uploads/614440-1759929989.webp,seif_output\images\toothbrush_15.webp,True,https://seif-online.com/en/product/every-day-essentials/oral-care/toothbrush
Toothbrush,Skin Care,,16,https://masterapi.witheldokan.com/storage/seif-pharmacies/uploads/614441-1759929939.webp,seif_output\images\toothbrush_16.webp,True,https://seif-online.com/en/product/every-day-essentials/oral-care/toothbrush
Toothbrush,Skin Care,,17,https://masterapi.witheldokan.com/storage/seif-pharmacies/uploads/614436-1759930012.webp,seif_output\images\toothbrush_17.webp,True,https://seif-online.com/en/product/every-day-essentials/oral-care/toothbrush
Toothbrush,Skin Care,,18,https://masterapi.witheldokan.com/storage/seif-pharmacies/uploads/235047.webp,seif_output\images\toothbrush_18.webp,True,https://seif-online.com/en/product/every-day-essentials/oral-care/toothbrush
Toothbrush,Skin Care,,19,https://masterapi.witheldokan.com/storage/seif-pharmacies/uploads/606108.webp,seif_output\images\toothbrush_19.webp,True,https://seif-online.com/en/product/every-day-essentials/oral-care/toothbrush
Mouthwash & Gargle,Skin Care,,1,https://masterapi.witheldokan.com/storage/seif-pharmacies/uploads/25.webp,seif_output\images\mouthwash_gargle_1.webp,True,https://seif-online.com/en/product/every-day-essentials/oral-care/mouthwash-gargle-oral-care
Mouthwash & Gargle,Skin Care,,2,https://masterapi.witheldokan.com/storage/seif-pharmacies/uploads/322991.webp,seif_output\images\mouthwash_gargle_2.webp,True,https://seif-online.com/en/product/every-day-essentials/oral-care/mouthwash-gargle-oral-care
Mouthwash & Gargle,Skin Care,,3,https://masterapi.witheldokan.com/storage/seif-pharmacies/uploads/58755.webp,seif_output\images\mouthwash_gargle_3.webp,True,https://seif-online.com/en/product/every-day-essentials/oral-care/mouthwash-gargle-oral-care
Mouthwash & Gargle,Skin Care,,4,https://masterapi.witheldokan.com/storage/seif-pharmacies/uploads/615218-1754482369.webp,seif_output\images\mouthwash_gargle_4.webp,True,https://seif-online.com/en/product/every-day-essentials/oral-care/mouthwash-gargle-oral-care
Mouthwash & Gargle,Skin Care,,5,https://masterapi.witheldokan.com/storage/seif-pharmacies/uploads/323271.webp,seif_output\images\mouthwash_gargle_5.webp,True,https://seif-online.com/en/product/every-day-essentials/oral-care/mouthwash-gargle-oral-care
Mouthwash & Gargle,Skin Care,,6,https://masterapi.witheldokan.com/storage/seif-pharmacies/uploads/317972.webp,seif_output\images\mouthwash_gargle_6.webp,True,https://seif-online.com/en/product/every-day-essentials/oral-care/mouthwash-gargle-oral-care
Mouthwash & Gargle,Skin Care,,7,https://cdn.supercommerce.io/seif-pharmacies/uploads/202447-1768734236.webp,seif_output\images\mouthwash_gargle_7.webp,True,https://seif-online.com/en/product/every-day-essentials/oral-care/mouthwash-gargle-oral-care
Mouthwash & Gargle,Skin Care,,8,https://masterapi.witheldokan.com/storage/seif-pharmacies/uploads/382667.webp,seif_output\images\mouthwash_gargle_8.webp,True,https://seif-online.com/en/product/every-day-essentials/oral-care/mouthwash-gargle-oral-care
Mouthwash & Gargle,Skin Care,,9,https://masterapi.witheldokan.com/storage/seif-pharmacies/uploads/377416.webp,seif_output\images\mouthwash_gargle_9.webp,True,https://seif-online.com/en/product/every-day-essentials/oral-care/mouthwash-gargle-oral-care
Mouthwash & Gargle,Skin Care,,10,https://cdn.supercommerce.io/seif-pharmacies/uploads/616779-1773226188.webp,seif_output\images\mouthwash_gargle_10.webp,True,https://seif-online.com/en/product/every-day-essentials/oral-care/mouthwash-gargle-oral-care
Mouthwash & Gargle,Skin Care,,11,https://cdn.supercommerce.io/seif-pharmacies/uploads/616780-1773226275.webp,seif_output\images\mouthwash_gargle_11.webp,True,https://seif-online.com/en/product/every-day-essentials/oral-care/mouthwash-gargle-oral-care
Mouthwash & Gargle,Skin Care,,12,https://cdn.supercommerce.io/seif-pharmacies/uploads/617572-1773226701.webp,seif_output\images\mouthwash_gargle_12.webp,True,https://seif-online.com/en/product/every-day-essentials/oral-care/mouthwash-gargle-oral-care
Mouthwash & Gargle,Skin Care,,13,https://masterapi.witheldokan.com/storage/seif-pharmacies/uploads/58756.webp,seif_output\images\mouthwash_gargle_13.webp,True,https://seif-online.com/en/product/every-day-essentials/oral-care/mouthwash-gargle-oral-care
Mouthwash & Gargle,Skin Care,,14,https://cdn.supercommerce.io/seif-pharmacies/uploads/617571-1773226598.webp,seif_output\images\mouthwash_gargle_14.webp,True,https://seif-online.com/en/product/every-day-essentials/oral-care/mouthwash-gargle-oral-care
Mouthwash & Gargle,Skin Care,,15,https://cdn.supercommerce.io/seif-pharmacies/uploads/617570-1773226446.webp,seif_output\images\mouthwash_gargle_15.webp,True,https://seif-online.com/en/product/every-day-essentials/oral-care/mouthwash-gargle-oral-care
Mouthwash & Gargle,Skin Care,,16,https://cdn.supercommerce.io/seif-pharmacies/uploads/616781-1773226371.webp,seif_output\images\mouthwash_gargle_16.webp,True,https://seif-online.com/en/product/every-day-essentials/oral-care/mouthwash-gargle-oral-care
Mouthwash & Gargle,Skin Care,,17,https://masterapi.witheldokan.com/storage/seif-pharmacies/uploads/322992.webp,seif_output\images\mouthwash_gargle_17.webp,True,https://seif-online.com/en/product/every-day-essentials/oral-care/mouthwash-gargle-oral-care
Mouthwash & Gargle,Skin Care,,18,https://masterapi.witheldokan.com/storage/seif-pharmacies/uploads/602534.webp,seif_output\images\mouthwash_gargle_18.webp,True,https://seif-online.com/en/product/every-day-essentials/oral-care/mouthwash-gargle-oral-care
Mouthwash & Gargle,Skin Care,,19,https://masterapi.witheldokan.com/storage/seif-pharmacies/uploads/611258-1761048004.webp,seif_output\images\mouthwash_gargle_19.webp,True,https://seif-online.com/en/product/every-day-essentials/oral-care/mouthwash-gargle-oral-care
Mouthwash & Gargle,Skin Care,,20,https://masterapi.witheldokan.com/storage/seif-pharmacies/uploads/614672-1760535985.webp,seif_output\images\mouthwash_gargle_20.webp,True,https://seif-online.com/en/product/every-day-essentials/oral-care/mouthwash-gargle-oral-care
Dental Floss,Skin Care,,1,https://masterapi.witheldokan.com/storage/seif-pharmacies/uploads/614446-1759929234.webp,seif_output\images\dental_floss_1.webp,True,https://seif-online.com/en/product/every-day-essentials/oral-care/dental-floss
Dental Floss,Skin Care,,2,https://cdn.supercommerce.io/seif-pharmacies/uploads/616797.webp,seif_output\images\dental_floss_2.webp,True,https://seif-online.com/en/product/every-day-essentials/oral-care/dental-floss
Dental Floss,Skin Care,,3,https://masterapi.witheldokan.com/storage/seif-pharmacies/uploads/430924-1760962987.webp,seif_output\images\dental_floss_3.webp,True,https://seif-online.com/en/product/every-day-essentials/oral-care/dental-floss
Dental Floss,Skin Care,,4,https://masterapi.witheldokan.com/storage/seif-pharmacies/uploads/616504-1759152837.webp,seif_output\images\dental_floss_4.webp,True,https://seif-online.com/en/product/every-day-essentials/oral-care/dental-floss
Dental Floss,Skin Care,,5,https://masterapi.witheldokan.com/storage/seif-pharmacies/uploads/616503-1759152803.webp,seif_output\images\dental_floss_5.webp,True,https://seif-online.com/en/product/every-day-essentials/oral-care/dental-floss
Dental Floss,Skin Care,,6,https://masterapi.witheldokan.com/storage/seif-pharmacies/uploads/601175.webp,seif_output\images\dental_floss_6.webp,True,https://seif-online.com/en/product/every-day-essentials/oral-care/dental-floss
Dental Floss,Skin Care,,7,https://masterapi.witheldokan.com/storage/seif-pharmacies/uploads/54080.webp,seif_output\images\dental_floss_7.webp,True,https://seif-online.com/en/product/every-day-essentials/oral-care/dental-floss
Dental Floss,Skin Care,,8,https://masterapi.witheldokan.com/storage/seif-pharmacies/uploads/54081.webp,seif_output\images\dental_floss_8.webp,True,https://seif-online.com/en/product/every-day-essentials/oral-care/dental-floss
Dental Floss,Skin Care,,9,https://masterapi.witheldokan.com/storage/seif-pharmacies/uploads/54082.webp,seif_output\images\dental_floss_9.webp,True,https://seif-online.com/en/product/every-day-essentials/oral-care/dental-floss
Toothpaste,Skin Care,,1,https://cdn.supercommerce.io/seif-pharmacies/uploads/253823-1772021548.webp,seif_output\images\toothpaste_1.webp,True,https://seif-online.com/en/product/every-day-essentials/oral-care/toothpaste
Toothpaste,Skin Care,,2,https://masterapi.witheldokan.com/storage/seif-pharmacies/uploads/606439.webp,seif_output\images\toothpaste_2.webp,True,https://seif-online.com/en/product/every-day-essentials/oral-care/toothpaste
Toothpaste,Skin Care,,3,https://masterapi.witheldokan.com/storage/seif-pharmacies/uploads/44178.webp,seif_output\images\toothpaste_3.webp,True,https://seif-online.com/en/product/every-day-essentials/oral-care/toothpaste
Toothpaste,Skin Care,,4,https://masterapi.witheldokan.com/storage/seif-pharmacies/uploads/28986.webp,seif_output\images\toothpaste_4.webp,True,https://seif-online.com/en/product/every-day-essentials/oral-care/toothpaste
Toothpaste,Skin Care,,5,https://masterapi.witheldokan.com/storage/seif-pharmacies/uploads/71994.webp,seif_output\images\toothpaste_5.webp,True,https://seif-online.com/en/product/every-day-essentials/oral-care/toothpaste
Toothpaste,Skin Care,,6,https://masterapi.witheldokan.com/storage/seif-pharmacies/uploads/91500.webp,seif_output\images\toothpaste_6.webp,True,https://seif-online.com/en/product/every-day-essentials/oral-care/toothpaste
Toothpaste,Skin Care,,7,https://masterapi.witheldokan.com/storage/seif-pharmacies/uploads/263595.webp,seif_output\images\toothpaste_7.webp,True,https://seif-online.com/en/product/every-day-essentials/oral-care/toothpaste
Toothpaste,Skin Care,,8,https://masterapi.witheldokan.com/storage/seif-pharmacies/uploads/281710.webp,seif_output\images\toothpaste_8.webp,True,https://seif-online.com/en/product/every-day-essentials/oral-care/toothpaste
Toothpaste,Skin Care,,9,https://masterapi.witheldokan.com/storage/seif-pharmacies/uploads/394618.webp,seif_output\images\toothpaste_9.webp,True,https://seif-online.com/en/product/every-day-essentials/oral-care/toothpaste
Toothpaste,Skin Care,,10,https://masterapi.witheldokan.com/storage/seif-pharmacies/uploads/71995.webp,seif_output\images\toothpaste_10.webp,True,https://seif-online.com/en/product/every-day-essentials/oral-care/toothpaste
Toothpaste,Skin Care,,11,https://masterapi.witheldokan.com/storage/seif-pharmacies/uploads/263596.webp,seif_output\images\toothpaste_11.webp,True,https://seif-online.com/en/product/every-day-essentials/oral-care/toothpaste
Toothpaste,Skin Care,,12,https://masterapi.witheldokan.com/storage/seif-pharmacies/uploads/60808.webp,seif_output\images\toothpaste_12.webp,True,https://seif-online.com/en/product/every-day-essentials/oral-care/toothpaste
Toothpaste,Skin Care,,13,https://masterapi.witheldokan.com/storage/seif-pharmacies/uploads/208873.webp,seif_output\images\toothpaste_13.webp,True,https://seif-online.com/en/product/every-day-essentials/oral-care/toothpaste
Toothpaste,Skin Care,,14,https://masterapi.witheldokan.com/storage/seif-pharmacies/uploads/605014.webp,seif_output\images\toothpaste_14.webp,True,https://seif-online.com/en/product/every-day-essentials/oral-care/toothpaste
Toothpaste,Skin Care,,15,https://masterapi.witheldokan.com/storage/seif-pharmacies/uploads/111928.webp,seif_output\images\toothpaste_15.webp,True,https://seif-online.com/en/product/every-day-essentials/oral-care/toothpaste
Toothpaste,Skin Care,,16,https://cdn.supercommerce.io/seif-pharmacies/uploads/615525.webp,seif_output\images\toothpaste_16.webp,True,https://seif-online.com/en/product/every-day-essentials/oral-care/toothpaste
Toothpaste,Skin Care,,17,https://cdn.supercommerce.io/seif-pharmacies/uploads/614535.webp,seif_output\images\toothpaste_17.webp,True,https://seif-online.com/en/product/every-day-essentials/oral-care/toothpaste
Toothpaste,Skin Care,,18,https://masterapi.witheldokan.com/storage/seif-pharmacies/uploads/616520-1759152701.webp,seif_output\images\toothpaste_18.webp,True,https://seif-online.com/en/product/every-day-essentials/oral-care/toothpaste
Women Care,Skin Care,,1,https://masterapi.witheldokan.com/storage/seif-pharmacies/uploads/382939.webp,seif_output\images\women_care_1.webp,True,https://seif-online.com/en/product/every-day-essentials/women-care
Women Care,Skin Care,,2,https://masterapi.witheldokan.com/storage/seif-pharmacies/uploads/604094.webp,seif_output\images\women_care_2.webp,True,https://seif-online.com/en/product/every-day-essentials/women-care
Women Care,Skin Care,,3,https://cdn.supercommerce.io/seif-pharmacies/uploads/616749-1768722188.webp,seif_output\images\women_care_3.webp,True,https://seif-online.com/en/product/every-day-essentials/women-care
Women Care,Skin Care,,4,https://masterapi.witheldokan.com/storage/seif-pharmacies/uploads/606856.webp,seif_output\images\women_care_4.webp,True,https://seif-online.com/en/product/every-day-essentials/women-care
Women Care,Skin Care,,5,https://masterapi.witheldokan.com/storage/seif-pharmacies/uploads/150864.webp,seif_output\images\women_care_5.webp,True,https://seif-online.com/en/product/every-day-essentials/women-care
Women Care,Skin Care,,6,https://masterapi.witheldokan.com/storage/seif-pharmacies/uploads/2555.webp,seif_output\images\women_care_6.webp,True,https://seif-online.com/en/product/every-day-essentials/women-care
Women Care,Skin Care,,7,https://masterapi.witheldokan.com/storage/seif-pharmacies/uploads/51146.webp,seif_output\images\women_care_7.webp,True,https://seif-online.com/en/product/every-day-essentials/women-care
Women Care,Skin Care,,8,https://masterapi.witheldokan.com/storage/seif-pharmacies/uploads/88162.webp,seif_output\images\women_care_8.webp,True,https://seif-online.com/en/product/every-day-essentials/women-care
Women Care,Skin Care,,9,https://masterapi.witheldokan.com/storage/seif-pharmacies/uploads/80522.webp,seif_output\images\women_care_9.webp,True,https://seif-online.com/en/product/every-day-essentials/women-care
Women Care,Skin Care,,10,https://masterapi.witheldokan.com/storage/seif-pharmacies/uploads/369283.webp,seif_output\images\women_care_10.webp,True,https://seif-online.com/en/product/every-day-essentials/women-care
Women Care,Skin Care,,11,https://cdn.supercommerce.io/seif-pharmacies/uploads/616748.webp,seif_output\images\women_care_11.webp,True,https://seif-online.com/en/product/every-day-essentials/women-care
Women Care,Skin Care,,12,https://masterapi.witheldokan.com/storage/seif-pharmacies/uploads/358730.webp,seif_output\images\women_care_12.webp,True,https://seif-online.com/en/product/every-day-essentials/women-care
Women Care,Skin Care,,13,https://masterapi.witheldokan.com/storage/seif-pharmacies/uploads/608373.webp,seif_output\images\women_care_13.webp,True,https://seif-online.com/en/product/every-day-essentials/women-care
Women Care,Skin Care,,14,https://masterapi.witheldokan.com/storage/seif-pharmacies/uploads/345403.webp,seif_output\images\women_care_14.webp,True,https://seif-online.com/en/product/every-day-essentials/women-care
Women Care,Skin Care,,15,https://masterapi.witheldokan.com/storage/seif-pharmacies/uploads/233088.webp,seif_output\images\women_care_15.webp,True,https://seif-online.com/en/product/every-day-essentials/women-care
Women Care,Skin Care,,16,https://masterapi.witheldokan.com/storage/seif-pharmacies/uploads/382832.webp,seif_output\images\women_care_16.webp,True,https://seif-online.com/en/product/every-day-essentials/women-care
Women Care,Skin Care,,17,https://masterapi.witheldokan.com/storage/seif-pharmacies/uploads/279789.webp,seif_output\images\women_care_17.webp,True,https://seif-online.com/en/product/every-day-essentials/women-care
Women Care,Skin Care,,18,https://masterapi.witheldokan.com/storage/seif-pharmacies/uploads/284684.webp,seif_output\images\women_care_18.webp,True,https://seif-online.com/en/product/every-day-essentials/women-care
Women Care,Skin Care,,19,https://masterapi.witheldokan.com/storage/seif-pharmacies/uploads/610676.webp,seif_output\images\women_care_19.webp,True,https://seif-online.com/en/product/every-day-essentials/women-care
Women Care,Skin Care,,20,https://masterapi.witheldokan.com/storage/seif-pharmacies/uploads/604629.webp,seif_output\images\women_care_20.webp,True,https://seif-online.com/en/product/every-day-essentials/women-care
Hair Styling Electronics,Skin Care,,1,https://masterapi.witheldokan.com/storage/seif-pharmacies/uploads/616265-1759399562.webp,seif_output\images\hair_styling_electronics_1.webp,True,https://seif-online.com/en/product/every-day-essentials/women-care/hair-styling-electronics
Hair Styling Electronics,Skin Care,,2,https://masterapi.witheldokan.com/storage/seif-pharmacies/uploads/611381.webp,seif_output\images\hair_styling_electronics_2.webp,True,https://seif-online.com/en/product/every-day-essentials/women-care/hair-styling-electronics
Hair Styling Electronics,Skin Care,,3,https://masterapi.witheldokan.com/storage/seif-pharmacies/uploads/383302.webp,seif_output\images\hair_styling_electronics_3.webp,True,https://seif-online.com/en/product/every-day-essentials/women-care/hair-styling-electronics
Hair Styling Electronics,Skin Care,,4,https://masterapi.witheldokan.com/storage/seif-pharmacies/uploads/384395.webp,seif_output\images\hair_styling_electronics_4.webp,True,https://seif-online.com/en/product/every-day-essentials/women-care/hair-styling-electronics
Hair Styling Electronics,Skin Care,,5,https://masterapi.witheldokan.com/storage/seif-pharmacies/uploads/605791.webp,seif_output\images\hair_styling_electronics_5.webp,True,https://seif-online.com/en/product/every-day-essentials/women-care/hair-styling-electronics
Hair Styling Electronics,Skin Care,,6,https://masterapi.witheldokan.com/storage/seif-pharmacies/uploads/608131.webp,seif_output\images\hair_styling_electronics_6.webp,True,https://seif-online.com/en/product/every-day-essentials/women-care/hair-styling-electronics
Hair Styling Electronics,Skin Care,,7,https://masterapi.witheldokan.com/storage/seif-pharmacies/uploads/608136.webp,seif_output\images\hair_styling_electronics_7.webp,True,https://seif-online.com/en/product/every-day-essentials/women-care/hair-styling-electronics
Hair Styling Electronics,Skin Care,,8,https://masterapi.witheldokan.com/storage/seif-pharmacies/uploads/616243-1759399594.webp,seif_output\images\hair_styling_electronics_8.webp,True,https://seif-online.com/en/product/every-day-essentials/women-care/hair-styling-electronics
Hair Removal Products,Skin Care,,1,https://masterapi.witheldokan.com/storage/seif-pharmacies/uploads/382939.webp,seif_output\images\hair_removal_products_1.webp,True,https://seif-online.com/en/product/every-day-essentials/women-care/hair-removal-products
Hair Removal Products,Skin Care,,2,https://masterapi.witheldokan.com/storage/seif-pharmacies/uploads/604094.webp,seif_output\images\hair_removal_products_2.webp,True,https://seif-online.com/en/product/every-day-essentials/women-care/hair-removal-products
Hair Removal Products,Skin Care,,3,https://masterapi.witheldokan.com/storage/seif-pharmacies/uploads/150864.webp,seif_output\images\hair_removal_products_3.webp,True,https://seif-online.com/en/product/every-day-essentials/women-care/hair-removal-products
Hair Removal Products,Skin Care,,4,https://masterapi.witheldokan.com/storage/seif-pharmacies/uploads/358730.webp,seif_output\images\hair_removal_products_4.webp,True,https://seif-online.com/en/product/every-day-essentials/women-care/hair-removal-products
Hair Removal Products,Skin Care,,5,https://masterapi.witheldokan.com/storage/seif-pharmacies/uploads/608373.webp,seif_output\images\hair_removal_products_5.webp,True,https://seif-online.com/en/product/every-day-essentials/women-care/hair-removal-products
Hair Removal Products,Skin Care,,6,https://masterapi.witheldokan.com/storage/seif-pharmacies/uploads/389511.webp,seif_output\images\hair_removal_products_6.webp,True,https://seif-online.com/en/product/every-day-essentials/women-care/hair-removal-products
Hair Removal Products,Skin Care,,7,https://masterapi.witheldokan.com/storage/seif-pharmacies/uploads/50208.webp,seif_output\images\hair_removal_products_7.webp,True,https://seif-online.com/en/product/every-day-essentials/women-care/hair-removal-products
Hair Removal Products,Skin Care,,8,https://masterapi.witheldokan.com/storage/seif-pharmacies/uploads/431476.webp,seif_output\images\hair_removal_products_8.webp,True,https://seif-online.com/en/product/every-day-essentials/women-care/hair-removal-products
Hair Removal Products,Skin Care,,9,https://masterapi.witheldokan.com/storage/seif-pharmacies/uploads/50207.webp,seif_output\images\hair_removal_products_9.webp,True,https://seif-online.com/en/product/every-day-essentials/women-care/hair-removal-products
Hair Removal Products,Skin Care,,10,https://masterapi.witheldokan.com/storage/seif-pharmacies/uploads/608372.webp,seif_output\images\hair_removal_products_10.webp,True,https://seif-online.com/en/product/every-day-essentials/women-care/hair-removal-products
Hair Removal Products,Skin Care,,11,https://masterapi.witheldokan.com/storage/seif-pharmacies/uploads/290401.webp,seif_output\images\hair_removal_products_11.webp,True,https://seif-online.com/en/product/every-day-essentials/women-care/hair-removal-products
Hair Removal Products,Skin Care,,12,https://masterapi.witheldokan.com/storage/seif-pharmacies/uploads/616388-1759230781.webp,seif_output\images\hair_removal_products_12.webp,True,https://seif-online.com/en/product/every-day-essentials/women-care/hair-removal-products
Hair Removal Products,Skin Care,,13,https://masterapi.witheldokan.com/storage/seif-pharmacies/uploads/369784.webp,seif_output\images\hair_removal_products_13.webp,True,https://seif-online.com/en/product/every-day-essentials/women-care/hair-removal-products
Hair Removal Products,Skin Care,,14,https://masterapi.witheldokan.com/storage/seif-pharmacies/uploads/616385-1759230915.webp,seif_output\images\hair_removal_products_14.webp,True,https://seif-online.com/en/product/every-day-essentials/women-care/hair-removal-products
Hair Removal Products,Skin Care,,15,https://masterapi.witheldokan.com/storage/seif-pharmacies/uploads/616381-1759231016.webp,seif_output\images\hair_removal_products_15.webp,True,https://seif-online.com/en/product/every-day-essentials/women-care/hair-removal-products
Hair Removal Products,Skin Care,,16,https://masterapi.witheldokan.com/storage/seif-pharmacies/uploads/616384-1759230886.webp,seif_output\images\hair_removal_products_16.webp,True,https://seif-online.com/en/product/every-day-essentials/women-care/hair-removal-products
Hair Removal Products,Skin Care,,17,https://masterapi.witheldokan.com/storage/seif-pharmacies/uploads/616386-1759230852.webp,seif_output\images\hair_removal_products_17.webp,True,https://seif-online.com/en/product/every-day-essentials/women-care/hair-removal-products
Hair Removal Products,Skin Care,,18,https://masterapi.witheldokan.com/storage/seif-pharmacies/uploads/369789.webp,seif_output\images\hair_removal_products_18.webp,True,https://seif-online.com/en/product/every-day-essentials/women-care/hair-removal-products
Hair Removal Products,Skin Care,,19,https://cdn.supercommerce.io/seif-pharmacies/uploads/384541-1768729966.webp,seif_output\images\hair_removal_products_19.webp,True,https://seif-online.com/en/product/every-day-essentials/women-care/hair-removal-products
Hair Removal Products,Skin Care,,20,https://cdn.supercommerce.io/seif-pharmacies/uploads/616389-1768736290.webp,seif_output\images\hair_removal_products_20.webp,True,https://seif-online.com/en/product/every-day-essentials/women-care/hair-removal-products
Hair Removal Products,Skin Care,,21,https://masterapi.witheldokan.com/storage/seif-pharmacies/uploads/167847.webp,seif_output\images\hair_removal_products_21.webp,True,https://seif-online.com/en/product/every-day-essentials/women-care/hair-removal-products
Hair Removal Products,Skin Care,,22,https://masterapi.witheldokan.com/storage/seif-pharmacies/uploads/208572.webp,seif_output\images\hair_removal_products_22.webp,True,https://seif-online.com/en/product/every-day-essentials/women-care/hair-removal-products
Women Sanitary Care,Skin Care,,1,https://masterapi.witheldokan.com/storage/seif-pharmacies/uploads/2555.webp,seif_output\images\women_sanitary_care_1.webp,True,https://seif-online.com/en/product/every-day-essentials/women-care/women-sanitary-care
Women Sanitary Care,Skin Care,,2,https://masterapi.witheldokan.com/storage/seif-pharmacies/uploads/129714.webp,seif_output\images\women_sanitary_care_2.webp,True,https://seif-online.com/en/product/every-day-essentials/women-care/women-sanitary-care
Women Sanitary Care,Skin Care,,3,https://masterapi.witheldokan.com/storage/seif-pharmacies/uploads/1961.webp,seif_output\images\women_sanitary_care_3.webp,True,https://seif-online.com/en/product/every-day-essentials/women-care/women-sanitary-care
Women Sanitary Care,Skin Care,,4,https://masterapi.witheldokan.com/storage/seif-pharmacies/uploads/608710.webp,seif_output\images\women_sanitary_care_4.webp,True,https://seif-online.com/en/product/every-day-essentials/women-care/women-sanitary-care
Women Sanitary Care,Skin Care,,5,https://masterapi.witheldokan.com/storage/seif-pharmacies/uploads/616710-1759143083.webp,seif_output\images\women_sanitary_care_5.webp,True,https://seif-online.com/en/product/every-day-essentials/women-care/women-sanitary-care
Women Sanitary Care,Skin Care,,6,https://masterapi.witheldokan.com/storage/seif-pharmacies/uploads/160384.webp,seif_output\images\women_sanitary_care_6.webp,True,https://seif-online.com/en/product/every-day-essentials/women-care/women-sanitary-care
Women Sanitary Care,Skin Care,,7,https://masterapi.witheldokan.com/storage/seif-pharmacies/uploads/608716.webp,seif_output\images\women_sanitary_care_7.webp,True,https://seif-online.com/en/product/every-day-essentials/women-care/women-sanitary-care
Women Sanitary Care,Skin Care,,8,https://masterapi.witheldokan.com/storage/seif-pharmacies/uploads/2663.webp,seif_output\images\women_sanitary_care_8.webp,True,https://seif-online.com/en/product/every-day-essentials/women-care/women-sanitary-care
Women Sanitary Care,Skin Care,,9,https://masterapi.witheldokan.com/storage/seif-pharmacies/uploads/129713.webp,seif_output\images\women_sanitary_care_9.webp,True,https://seif-online.com/en/product/every-day-essentials/women-care/women-sanitary-care
Women Sanitary Care,Skin Care,,10,https://masterapi.witheldokan.com/storage/seif-pharmacies/uploads/611844-1757579485.webp,seif_output\images\women_sanitary_care_10.webp,True,https://seif-online.com/en/product/every-day-essentials/women-care/women-sanitary-care
Women Sanitary Care,Skin Care,,11,https://masterapi.witheldokan.com/storage/seif-pharmacies/uploads/321988.webp,seif_output\images\women_sanitary_care_11.webp,True,https://seif-online.com/en/product/every-day-essentials/women-care/women-sanitary-care
Women Sanitary Care,Skin Care,,12,https://masterapi.witheldokan.com/storage/seif-pharmacies/uploads/281686.webp,seif_output\images\women_sanitary_care_12.webp,True,https://seif-online.com/en/product/every-day-essentials/women-care/women-sanitary-care
Women Sanitary Care,Skin Care,,13,https://masterapi.witheldokan.com/storage/seif-pharmacies/uploads/616078-1757840195.webp,seif_output\images\women_sanitary_care_13.webp,True,https://seif-online.com/en/product/every-day-essentials/women-care/women-sanitary-care
Women Sanitary Care,Skin Care,,14,https://cdn.supercommerce.io/seif-pharmacies/uploads/607053.webp,seif_output\images\women_sanitary_care_14.webp,True,https://seif-online.com/en/product/every-day-essentials/women-care/women-sanitary-care
Women Sanitary Care,Skin Care,,15,https://masterapi.witheldokan.com/storage/seif-pharmacies/uploads/616452-1757569639.webp,seif_output\images\women_sanitary_care_15.webp,True,https://seif-online.com/en/product/every-day-essentials/women-care/women-sanitary-care
Women Sanitary Care,Skin Care,,16,https://masterapi.witheldokan.com/storage/seif-pharmacies/uploads/356936.webp,seif_output\images\women_sanitary_care_16.webp,True,https://seif-online.com/en/product/every-day-essentials/women-care/women-sanitary-care
Women Sanitary Care,Skin Care,,17,https://masterapi.witheldokan.com/storage/seif-pharmacies/uploads/2656.webp,seif_output\images\women_sanitary_care_17.webp,True,https://seif-online.com/en/product/every-day-essentials/women-care/women-sanitary-care
Women Sanitary Care,Skin Care,,18,https://masterapi.witheldokan.com/storage/seif-pharmacies/uploads/385401.webp,seif_output\images\women_sanitary_care_18.webp,True,https://seif-online.com/en/product/every-day-essentials/women-care/women-sanitary-care
Women Sanitary Care,Skin Care,,19,https://masterapi.witheldokan.com/storage/seif-pharmacies/uploads/2446.webp,seif_output\images\women_sanitary_care_19.webp,True,https://seif-online.com/en/product/every-day-essentials/women-care/women-sanitary-care
Women Sanitary Care,Skin Care,,20,https://cdn.supercommerce.io/seif-pharmacies/uploads/618235-1773820016.webp,seif_output\images\women_sanitary_care_20.webp,True,https://seif-online.com/en/product/every-day-essentials/women-care/women-sanitary-care
Women Sanitary Care,Skin Care,,21,https://masterapi.witheldokan.com/storage/seif-pharmacies/uploads/334788.webp,seif_output\images\women_sanitary_care_21.webp,True,https://seif-online.com/en/product/every-day-essentials/women-care/women-sanitary-care
Women Sanitary Care,Skin Care,,22,https://masterapi.witheldokan.com/storage/seif-pharmacies/uploads/614767.webp,seif_output\images\women_sanitary_care_22.webp,True,https://seif-online.com/en/product/every-day-essentials/women-care/women-sanitary-care
Women Sanitary Care,Skin Care,,23,https://masterapi.witheldokan.com/storage/seif-pharmacies/uploads/161922.webp,seif_output\images\women_sanitary_care_23.webp,True,https://seif-online.com/en/product/every-day-essentials/women-care/women-sanitary-care
Electric Hair Removal Machines,Skin Care,,1,https://masterapi.witheldokan.com/storage/seif-pharmacies/uploads/349825.webp,seif_output\images\electric_hair_removal_machines_1.webp,True,https://seif-online.com/en/product/every-day-essentials/women-care/electric-hair-removal-machines
Electric Hair Removal Machines,Skin Care,,2,https://masterapi.witheldokan.com/storage/seif-pharmacies/uploads/338092.webp,seif_output\images\electric_hair_removal_machines_2.webp,True,https://seif-online.com/en/product/every-day-essentials/women-care/electric-hair-removal-machines
Electric Hair Removal Machines,Skin Care,,3,https://masterapi.witheldokan.com/storage/seif-pharmacies/uploads/605880.webp,seif_output\images\electric_hair_removal_machines_3.webp,True,https://seif-online.com/en/product/every-day-essentials/women-care/electric-hair-removal-machines
Electric Hair Removal Machines,Skin Care,,4,https://masterapi.witheldokan.com/storage/seif-pharmacies/uploads/614332.webp,seif_output\images\electric_hair_removal_machines_4.webp,True,https://seif-online.com/en/product/every-day-essentials/women-care/electric-hair-removal-machines
Electric Hair Removal Machines,Skin Care,,5,https://masterapi.witheldokan.com/storage/seif-pharmacies/uploads/354533.webp,seif_output\images\electric_hair_removal_machines_5.webp,True,https://seif-online.com/en/product/every-day-essentials/women-care/electric-hair-removal-machines
Electric Hair Removal Machines,Skin Care,,6,https://masterapi.witheldokan.com/storage/seif-pharmacies/uploads/603928.webp,seif_output\images\electric_hair_removal_machines_6.webp,True,https://seif-online.com/en/product/every-day-essentials/women-care/electric-hair-removal-machines
Electric Hair Removal Machines,Skin Care,,7,https://masterapi.witheldokan.com/storage/seif-pharmacies/uploads/614330.webp,seif_output\images\electric_hair_removal_machines_7.webp,True,https://seif-online.com/en/product/every-day-essentials/women-care/electric-hair-removal-machines
Sanitary Napkins,Skin Care,,1,https://cdn.supercommerce.io/seif-pharmacies/uploads/616749-1768722188.webp,seif_output\images\sanitary_napkins_1.webp,True,https://seif-online.com/en/product/every-day-essentials/women-care/sanitary-napkins
Sanitary Napkins,Skin Care,,2,https://masterapi.witheldokan.com/storage/seif-pharmacies/uploads/606856.webp,seif_output\images\sanitary_napkins_2.webp,True,https://seif-online.com/en/product/every-day-essentials/women-care/sanitary-napkins
Sanitary Napkins,Skin Care,,3,https://masterapi.witheldokan.com/storage/seif-pharmacies/uploads/51146.webp,seif_output\images\sanitary_napkins_3.webp,True,https://seif-online.com/en/product/every-day-essentials/women-care/sanitary-napkins
Sanitary Napkins,Skin Care,,4,https://masterapi.witheldokan.com/storage/seif-pharmacies/uploads/88162.webp,seif_output\images\sanitary_napkins_4.webp,True,https://seif-online.com/en/product/every-day-essentials/women-care/sanitary-napkins
Sanitary Napkins,Skin Care,,5,https://masterapi.witheldokan.com/storage/seif-pharmacies/uploads/80522.webp,seif_output\images\sanitary_napkins_5.webp,True,https://seif-online.com/en/product/every-day-essentials/women-care/sanitary-napkins
Sanitary Napkins,Skin Care,,6,https://masterapi.witheldokan.com/storage/seif-pharmacies/uploads/369283.webp,seif_output\images\sanitary_napkins_6.webp,True,https://seif-online.com/en/product/every-day-essentials/women-care/sanitary-napkins
Sanitary Napkins,Skin Care,,7,https://cdn.supercommerce.io/seif-pharmacies/uploads/616748.webp,seif_output\images\sanitary_napkins_7.webp,True,https://seif-online.com/en/product/every-day-essentials/women-care/sanitary-napkins
Sanitary Napkins,Skin Care,,8,https://masterapi.witheldokan.com/storage/seif-pharmacies/uploads/345403.webp,seif_output\images\sanitary_napkins_8.webp,True,https://seif-online.com/en/product/every-day-essentials/women-care/sanitary-napkins
Sanitary Napkins,Skin Care,,9,https://masterapi.witheldokan.com/storage/seif-pharmacies/uploads/233088.webp,seif_output\images\sanitary_napkins_9.webp,True,https://seif-online.com/en/product/every-day-essentials/women-care/sanitary-napkins
Sanitary Napkins,Skin Care,,10,https://masterapi.witheldokan.com/storage/seif-pharmacies/uploads/382832.webp,seif_output\images\sanitary_napkins_10.webp,True,https://seif-online.com/en/product/every-day-essentials/women-care/sanitary-napkins
Sanitary Napkins,Skin Care,,11,https://masterapi.witheldokan.com/storage/seif-pharmacies/uploads/279789.webp,seif_output\images\sanitary_napkins_11.webp,True,https://seif-online.com/en/product/every-day-essentials/women-care/sanitary-napkins
Sanitary Napkins,Skin Care,,12,https://masterapi.witheldokan.com/storage/seif-pharmacies/uploads/284684.webp,seif_output\images\sanitary_napkins_12.webp,True,https://seif-online.com/en/product/every-day-essentials/women-care/sanitary-napkins
Sanitary Napkins,Skin Care,,13,https://masterapi.witheldokan.com/storage/seif-pharmacies/uploads/610676.webp,seif_output\images\sanitary_napkins_13.webp,True,https://seif-online.com/en/product/every-day-essentials/women-care/sanitary-napkins
Sanitary Napkins,Skin Care,,14,https://masterapi.witheldokan.com/storage/seif-pharmacies/uploads/604629.webp,seif_output\images\sanitary_napkins_14.webp,True,https://seif-online.com/en/product/every-day-essentials/women-care/sanitary-napkins
Sanitary Napkins,Skin Care,,15,https://cdn.supercommerce.io/seif-pharmacies/uploads/281543.webp,seif_output\images\sanitary_napkins_15.webp,True,https://seif-online.com/en/product/every-day-essentials/women-care/sanitary-napkins
Sanitary Napkins,Skin Care,,16,https://masterapi.witheldokan.com/storage/seif-pharmacies/uploads/51145.webp,seif_output\images\sanitary_napkins_16.webp,True,https://seif-online.com/en/product/every-day-essentials/women-care/sanitary-napkins
Sanitary Napkins,Skin Care,,17,https://masterapi.witheldokan.com/storage/seif-pharmacies/uploads/80406.webp,seif_output\images\sanitary_napkins_17.webp,True,https://seif-online.com/en/product/every-day-essentials/women-care/sanitary-napkins
Sanitary Napkins,Skin Care,,18,https://masterapi.witheldokan.com/storage/seif-pharmacies/uploads/610678.webp,seif_output\images\sanitary_napkins_18.webp,True,https://seif-online.com/en/product/every-day-essentials/women-care/sanitary-napkins
Sanitary Napkins,Skin Care,,19,https://masterapi.witheldokan.com/storage/seif-pharmacies/uploads/253557.webp,seif_output\images\sanitary_napkins_19.webp,True,https://seif-online.com/en/product/every-day-essentials/women-care/sanitary-napkins
Sanitary Napkins,Skin Care,,20,https://masterapi.witheldokan.com/storage/seif-pharmacies/uploads/608106.webp,seif_output\images\sanitary_napkins_20.webp,True,https://seif-online.com/en/product/every-day-essentials/women-care/sanitary-napkins
Bath & Body,Skin Care,,1,https://cdn.supercommerce.io/seif-pharmacies/uploads/615736.webp,seif_output\images\bath_body_1.webp,True,https://seif-online.com/en/product/every-day-essentials/bath-body
Bath & Body,Skin Care,,2,https://masterapi.witheldokan.com/storage/seif-pharmacies/uploads/615736- WNP-1754217384.webp,seif_output\images\bath_body_2.webp,True,https://seif-online.com/en/product/every-day-essentials/bath-body
Bath & Body,Skin Care,,3,https://cdn.supercommerce.io/seif-pharmacies/uploads/615737.webp,seif_output\images\bath_body_3.webp,True,https://seif-online.com/en/product/every-day-essentials/bath-body
Bath & Body,Skin Care,,4,https://masterapi.witheldokan.com/storage/seif-pharmacies/uploads/615737-wnp-1754285268.webp,seif_output\images\bath_body_4.webp,True,https://seif-online.com/en/product/every-day-essentials/bath-body
Bath & Body,Skin Care,,5,https://cdn.supercommerce.io/seif-pharmacies/uploads/615734.webp,seif_output\images\bath_body_5.webp,True,https://seif-online.com/en/product/every-day-essentials/bath-body
Bath & Body,Skin Care,,6,https://masterapi.witheldokan.com/storage/seif-pharmacies/uploads/615734-WNP-1754216838.webp,seif_output\images\bath_body_6.webp,True,https://seif-online.com/en/product/every-day-essentials/bath-body
Bath & Body,Skin Care,,7,https://cdn.supercommerce.io/seif-pharmacies/uploads/615738.webp,seif_output\images\bath_body_7.webp,True,https://seif-online.com/en/product/every-day-essentials/bath-body
Bath & Body,Skin Care,,8,https://masterapi.witheldokan.com/storage/seif-pharmacies/uploads/615738- WNP-1754217583.webp,seif_output\images\bath_body_8.webp,True,https://seif-online.com/en/product/every-day-essentials/bath-body
Bath & Body,Skin Care,,9,https://cdn.supercommerce.io/seif-pharmacies/uploads/615735.webp,seif_output\images\bath_body_9.webp,True,https://seif-online.com/en/product/every-day-essentials/bath-body
Bath & Body,Skin Care,,10,https://masterapi.witheldokan.com/storage/seif-pharmacies/uploads/615735- wnp-1754285056.webp,seif_output\images\bath_body_10.webp,True,https://seif-online.com/en/product/every-day-essentials/bath-body
Bath & Body,Skin Care,,11,https://masterapi.witheldokan.com/storage/seif-pharmacies/uploads/386699.webp,seif_output\images\bath_body_11.webp,True,https://seif-online.com/en/product/every-day-essentials/bath-body
Bath & Body,Skin Care,,12,https://masterapi.witheldokan.com/storage/seif-pharmacies/uploads/386698.webp,seif_output\images\bath_body_12.webp,True,https://seif-online.com/en/product/every-day-essentials/bath-body
Bath & Body,Skin Care,,13,https://masterapi.witheldokan.com/storage/seif-pharmacies/uploads/614591-1759928245.webp,seif_output\images\bath_body_13.webp,True,https://seif-online.com/en/product/every-day-essentials/bath-body
Bath & Body,Skin Care,,14,https://cdn.supercommerce.io/seif-pharmacies/uploads/613823-1771232292.webp,seif_output\images\bath_body_14.webp,True,https://seif-online.com/en/product/every-day-essentials/bath-body
Bath & Body,Skin Care,,15,https://masterapi.witheldokan.com/storage/seif-pharmacies/uploads/616975-1759825565.webp,seif_output\images\bath_body_15.webp,True,https://seif-online.com/en/product/every-day-essentials/bath-body
Bath & Body,Skin Care,,16,https://masterapi.witheldokan.com/storage/seif-pharmacies/uploads/616402-1759312040.webp,seif_output\images\bath_body_16.webp,True,https://seif-online.com/en/product/every-day-essentials/bath-body
Bath & Body,Skin Care,,17,https://masterapi.witheldokan.com/storage/seif-pharmacies/uploads/607054.webp,seif_output\images\bath_body_17.webp,True,https://seif-online.com/en/product/every-day-essentials/bath-body
Bath & Body,Skin Care,,18,https://masterapi.witheldokan.com/storage/seif-pharmacies/uploads/613475.webp,seif_output\images\bath_body_18.webp,True,https://seif-online.com/en/product/every-day-essentials/bath-body
Bath & Body,Skin Care,,19,https://masterapi.witheldokan.com/storage/seif-pharmacies/uploads/602118.webp,seif_output\images\bath_body_19.webp,True,https://seif-online.com/en/product/every-day-essentials/bath-body
Bath & Body,Skin Care,,20,https://masterapi.witheldokan.com/storage/seif-pharmacies/uploads/602120.webp,seif_output\images\bath_body_20.webp,True,https://seif-online.com/en/product/every-day-essentials/bath-body
Bath Loof,Skin Care,,1,https://masterapi.witheldokan.com/storage/seif-pharmacies/uploads/604162.webp,seif_output\images\bath_loof_1.webp,True,https://seif-online.com/en/product/every-day-essentials/bath-body/bath-loof
Bath Loof,Skin Care,,2,https://masterapi.witheldokan.com/storage/seif-pharmacies/uploads/604253.webp,seif_output\images\bath_loof_2.webp,True,https://seif-online.com/en/product/every-day-essentials/bath-body/bath-loof
Bath Loof,Skin Care,,3,https://masterapi.witheldokan.com/storage/seif-pharmacies/uploads/604249.webp,seif_output\images\bath_loof_3.webp,True,https://seif-online.com/en/product/every-day-essentials/bath-body/bath-loof
Bath Loof,Skin Care,,4,https://masterapi.witheldokan.com/storage/seif-pharmacies/uploads/604262.webp,seif_output\images\bath_loof_4.webp,True,https://seif-online.com/en/product/every-day-essentials/bath-body/bath-loof
Bath Loof,Skin Care,,5,https://masterapi.witheldokan.com/storage/seif-pharmacies/uploads/604254.webp,seif_output\images\bath_loof_5.webp,True,https://seif-online.com/en/product/every-day-essentials/bath-body/bath-loof
Bath Loof,Skin Care,,6,https://masterapi.witheldokan.com/storage/seif-pharmacies/uploads/604259.webp,seif_output\images\bath_loof_6.webp,True,https://seif-online.com/en/product/every-day-essentials/bath-body/bath-loof
Bath Loof,Skin Care,,7,https://masterapi.witheldokan.com/storage/seif-pharmacies/uploads/604257.webp,seif_output\images\bath_loof_7.webp,True,https://seif-online.com/en/product/every-day-essentials/bath-body/bath-loof
Bath Loof,Skin Care,,8,https://masterapi.witheldokan.com/storage/seif-pharmacies/uploads/604252.webp,seif_output\images\bath_loof_8.webp,True,https://seif-online.com/en/product/every-day-essentials/bath-body/bath-loof
Bath Loof,Skin Care,,9,https://masterapi.witheldokan.com/storage/seif-pharmacies/uploads/604256.webp,seif_output\images\bath_loof_9.webp,True,https://seif-online.com/en/product/every-day-essentials/bath-body/bath-loof
Hand Wash,Skin Care,,1,https://masterapi.witheldokan.com/storage/seif-pharmacies/uploads/386699.webp,seif_output\images\hand_wash_1.webp,True,https://seif-online.com/en/product/every-day-essentials/bath-body/hand-wash
Hand Wash,Skin Care,,2,https://masterapi.witheldokan.com/storage/seif-pharmacies/uploads/386698.webp,seif_output\images\hand_wash_2.webp,True,https://seif-online.com/en/product/every-day-essentials/bath-body/hand-wash
Hand Wash,Skin Care,,3,https://masterapi.witheldokan.com/storage/seif-pharmacies/uploads/614591-1759928245.webp,seif_output\images\hand_wash_3.webp,True,https://seif-online.com/en/product/every-day-essentials/bath-body/hand-wash
Hand Wash,Skin Care,,4,https://cdn.supercommerce.io/seif-pharmacies/uploads/613823-1771232292.webp,seif_output\images\hand_wash_4.webp,True,https://seif-online.com/en/product/every-day-essentials/bath-body/hand-wash
Hand Wash,Skin Care,,5,https://masterapi.witheldokan.com/storage/seif-pharmacies/uploads/613475.webp,seif_output\images\hand_wash_5.webp,True,https://seif-online.com/en/product/every-day-essentials/bath-body/hand-wash
Hand Wash,Skin Care,,6,https://masterapi.witheldokan.com/storage/seif-pharmacies/uploads/606438.webp,seif_output\images\hand_wash_6.webp,True,https://seif-online.com/en/product/every-day-essentials/bath-body/hand-wash
Hand Wash,Skin Care,,7,https://masterapi.witheldokan.com/storage/seif-pharmacies/uploads/395884.webp,seif_output\images\hand_wash_7.webp,True,https://seif-online.com/en/product/every-day-essentials/bath-body/hand-wash
Hand Wash,Skin Care,,8,https://cdn.supercommerce.io/seif-pharmacies/uploads/613822-1771232115.webp,seif_output\images\hand_wash_8.webp,True,https://seif-online.com/en/product/every-day-essentials/bath-body/hand-wash
Hand Wash,Skin Care,,9,https://masterapi.witheldokan.com/storage/seif-pharmacies/uploads/614590-1759928278.webp,seif_output\images\hand_wash_9.webp,True,https://seif-online.com/en/product/every-day-essentials/bath-body/hand-wash
Hand Wash,Skin Care,,10,https://masterapi.witheldokan.com/storage/seif-pharmacies/uploads/167480.webp,seif_output\images\hand_wash_10.webp,True,https://seif-online.com/en/product/every-day-essentials/bath-body/hand-wash
Hand Wash,Skin Care,,11,https://cdn.supercommerce.io/seif-pharmacies/uploads/613825-1771232469.webp,seif_output\images\hand_wash_11.webp,True,https://seif-online.com/en/product/every-day-essentials/bath-body/hand-wash
Body Wash,Skin Care,,1,https://cdn.supercommerce.io/seif-pharmacies/uploads/615736.webp,seif_output\images\body_wash_1.webp,True,https://seif-online.com/en/product/every-day-essentials/bath-body/body-wash
Body Wash,Skin Care,,2,https://masterapi.witheldokan.com/storage/seif-pharmacies/uploads/615736- WNP-1754217384.webp,seif_output\images\body_wash_2.webp,True,https://seif-online.com/en/product/every-day-essentials/bath-body/body-wash
Body Wash,Skin Care,,3,https://cdn.supercommerce.io/seif-pharmacies/uploads/615737.webp,seif_output\images\body_wash_3.webp,True,https://seif-online.com/en/product/every-day-essentials/bath-body/body-wash
Body Wash,Skin Care,,4,https://masterapi.witheldokan.com/storage/seif-pharmacies/uploads/615737-wnp-1754285268.webp,seif_output\images\body_wash_4.webp,True,https://seif-online.com/en/product/every-day-essentials/bath-body/body-wash
Body Wash,Skin Care,,5,https://cdn.supercommerce.io/seif-pharmacies/uploads/615734.webp,seif_output\images\body_wash_5.webp,True,https://seif-online.com/en/product/every-day-essentials/bath-body/body-wash
Body Wash,Skin Care,,6,https://masterapi.witheldokan.com/storage/seif-pharmacies/uploads/615734-WNP-1754216838.webp,seif_output\images\body_wash_6.webp,True,https://seif-online.com/en/product/every-day-essentials/bath-body/body-wash
Body Wash,Skin Care,,7,https://cdn.supercommerce.io/seif-pharmacies/uploads/615738.webp,seif_output\images\body_wash_7.webp,True,https://seif-online.com/en/product/every-day-essentials/bath-body/body-wash
Body Wash,Skin Care,,8,https://masterapi.witheldokan.com/storage/seif-pharmacies/uploads/615738- WNP-1754217583.webp,seif_output\images\body_wash_8.webp,True,https://seif-online.com/en/product/every-day-essentials/bath-body/body-wash
Body Wash,Skin Care,,9,https://cdn.supercommerce.io/seif-pharmacies/uploads/615735.webp,seif_output\images\body_wash_9.webp,True,https://seif-online.com/en/product/every-day-essentials/bath-body/body-wash
Body Wash,Skin Care,,10,https://masterapi.witheldokan.com/storage/seif-pharmacies/uploads/615735- wnp-1754285056.webp,seif_output\images\body_wash_10.webp,True,https://seif-online.com/en/product/every-day-essentials/bath-body/body-wash
Body Wash,Skin Care,,11,https://masterapi.witheldokan.com/storage/seif-pharmacies/uploads/616975-1759825565.webp,seif_output\images\body_wash_11.webp,True,https://seif-online.com/en/product/every-day-essentials/bath-body/body-wash
Body Wash,Skin Care,,12,https://masterapi.witheldokan.com/storage/seif-pharmacies/uploads/616402-1759312040.webp,seif_output\images\body_wash_12.webp,True,https://seif-online.com/en/product/every-day-essentials/bath-body/body-wash
Body Wash,Skin Care,,13,https://masterapi.witheldokan.com/storage/seif-pharmacies/uploads/607054.webp,seif_output\images\body_wash_13.webp,True,https://seif-online.com/en/product/every-day-essentials/bath-body/body-wash
Body Wash,Skin Care,,14,https://masterapi.witheldokan.com/storage/seif-pharmacies/uploads/602118.webp,seif_output\images\body_wash_14.webp,True,https://seif-online.com/en/product/every-day-essentials/bath-body/body-wash
Body Wash,Skin Care,,15,https://masterapi.witheldokan.com/storage/seif-pharmacies/uploads/602120.webp,seif_output\images\body_wash_15.webp,True,https://seif-online.com/en/product/every-day-essentials/bath-body/body-wash
Body Wash,Skin Care,,16,https://masterapi.witheldokan.com/storage/seif-pharmacies/uploads/602116.webp,seif_output\images\body_wash_16.webp,True,https://seif-online.com/en/product/every-day-essentials/bath-body/body-wash
Body Wash,Skin Care,,17,https://masterapi.witheldokan.com/storage/seif-pharmacies/uploads/602117.webp,seif_output\images\body_wash_17.webp,True,https://seif-online.com/en/product/every-day-essentials/bath-body/body-wash
Body Wash,Skin Care,,18,https://masterapi.witheldokan.com/storage/seif-pharmacies/uploads/617536.webp,seif_output\images\body_wash_18.webp,True,https://seif-online.com/en/product/every-day-essentials/bath-body/body-wash
Body Wash,Skin Care,,19,https://masterapi.witheldokan.com/storage/seif-pharmacies/uploads/611958-1757572205.webp,seif_output\images\body_wash_19.webp,True,https://seif-online.com/en/product/every-day-essentials/bath-body/body-wash
Body Wash,Skin Care,,20,https://masterapi.witheldokan.com/storage/seif-pharmacies/uploads/617535-(1).webp,seif_output\images\body_wash_20.webp,True,https://seif-online.com/en/product/every-day-essentials/bath-body/body-wash
Body Wash,Skin Care,,21,https://masterapi.witheldokan.com/storage/seif-pharmacies/uploads/602119.webp,seif_output\images\body_wash_21.webp,True,https://seif-online.com/en/product/every-day-essentials/bath-body/body-wash
Body Wash,Skin Care,,22,https://masterapi.witheldokan.com/storage/seif-pharmacies/uploads/606848.webp,seif_output\images\body_wash_22.webp,True,https://seif-online.com/en/product/every-day-essentials/bath-body/body-wash
Body Wash,Skin Care,,23,https://cdn.supercommerce.io/seif-pharmacies/uploads/606846-1768724143.webp,seif_output\images\body_wash_23.webp,True,https://seif-online.com/en/product/every-day-essentials/bath-body/body-wash
Body Wash,Skin Care,,24,https://masterapi.witheldokan.com/storage/seif-pharmacies/uploads/606847-1761048985.webp,seif_output\images\body_wash_24.webp,True,https://seif-online.com/en/product/every-day-essentials/bath-body/body-wash
Body Wash,Skin Care,,25,https://cdn.supercommerce.io/seif-pharmacies/uploads/613523-1774336433.webp,seif_output\images\body_wash_25.webp,True,https://seif-online.com/en/product/every-day-essentials/bath-body/body-wash
Body Wash,Skin Care,,26,https://cdn.supercommerce.io/seif-pharmacies/uploads/608976-1768725983.webp,seif_output\images\body_wash_26.webp,True,https://seif-online.com/en/product/every-day-essentials/bath-body/body-wash
Body Wash,Skin Care,,27,https://cdn.supercommerce.io/seif-pharmacies/uploads/614370-1773402304.webp,seif_output\images\body_wash_27.webp,True,https://seif-online.com/en/product/every-day-essentials/bath-body/body-wash
Body Fresheners,Skin Care,,1,https://cdn.supercommerce.io/seif-pharmacies/uploads/615768.webp,seif_output\images\body_fresheners_1.webp,True,https://seif-online.com/en/product/every-day-essentials/body-fresheners
Body Fresheners,Skin Care,,2,https://masterapi.witheldokan.com/storage/seif-pharmacies/uploads/615768--1753883301.webp,seif_output\images\body_fresheners_2.webp,True,https://seif-online.com/en/product/every-day-essentials/body-fresheners
Body Fresheners,Skin Care,,3,https://cdn.supercommerce.io/seif-pharmacies/uploads/615770.webp,seif_output\images\body_fresheners_3.webp,True,https://seif-online.com/en/product/every-day-essentials/body-fresheners
Body Fresheners,Skin Care,,4,https://cdn.supercommerce.io/seif-pharmacies/uploads/615773.webp,seif_output\images\body_fresheners_4.webp,True,https://seif-online.com/en/product/every-day-essentials/body-fresheners
Body Fresheners,Skin Care,,5,https://cdn.supercommerce.io/seif-pharmacies/uploads/615772.webp,seif_output\images\body_fresheners_5.webp,True,https://seif-online.com/en/product/every-day-essentials/body-fresheners
Body Fresheners,Skin Care,,6,https://cdn.supercommerce.io/seif-pharmacies/uploads/615767.webp,seif_output\images\body_fresheners_6.webp,True,https://seif-online.com/en/product/every-day-essentials/body-fresheners
Body Fresheners,Skin Care,,7,https://cdn.supercommerce.io/seif-pharmacies/uploads/615771.webp,seif_output\images\body_fresheners_7.webp,True,https://seif-online.com/en/product/every-day-essentials/body-fresheners
Body Fresheners,Skin Care,,8,https://cdn.supercommerce.io/seif-pharmacies/uploads/615931-1768726598.webp,seif_output\images\body_fresheners_8.webp,True,https://seif-online.com/en/product/every-day-essentials/body-fresheners
Body Fresheners,Skin Care,,9,https://cdn.supercommerce.io/seif-pharmacies/uploads/615769.webp,seif_output\images\body_fresheners_9.webp,True,https://seif-online.com/en/product/every-day-essentials/body-fresheners
Body Fresheners,Skin Care,,10,https://masterapi.witheldokan.com/storage/seif-pharmacies/uploads/615769--1753883117.webp,seif_output\images\body_fresheners_10.webp,True,https://seif-online.com/en/product/every-day-essentials/body-fresheners
Body Fresheners,Skin Care,,11,https://masterapi.witheldokan.com/storage/seif-pharmacies/uploads/604586.webp,seif_output\images\body_fresheners_11.webp,True,https://seif-online.com/en/product/every-day-essentials/body-fresheners
Body Fresheners,Skin Care,,12,https://masterapi.witheldokan.com/storage/seif-pharmacies/uploads/613856.webp,seif_output\images\body_fresheners_12.webp,True,https://seif-online.com/en/product/every-day-essentials/body-fresheners
Body Fresheners,Skin Care,,13,https://masterapi.witheldokan.com/storage/seif-pharmacies/uploads/382595.webp,seif_output\images\body_fresheners_13.webp,True,https://seif-online.com/en/product/every-day-essentials/body-fresheners
Body Fresheners,Skin Care,,14,https://masterapi.witheldokan.com/storage/seif-pharmacies/uploads/382594.webp,seif_output\images\body_fresheners_14.webp,True,https://seif-online.com/en/product/every-day-essentials/body-fresheners
Body Fresheners,Skin Care,,15,https://masterapi.witheldokan.com/storage/seif-pharmacies/uploads/399407.webp,seif_output\images\body_fresheners_15.webp,True,https://seif-online.com/en/product/every-day-essentials/body-fresheners
Body Fresheners,Skin Care,,16,https://masterapi.witheldokan.com/storage/seif-pharmacies/uploads/382591.webp,seif_output\images\body_fresheners_16.webp,True,https://seif-online.com/en/product/every-day-essentials/body-fresheners
Body Fresheners,Skin Care,,17,https://masterapi.witheldokan.com/storage/seif-pharmacies/uploads/378268.webp,seif_output\images\body_fresheners_17.webp,True,https://seif-online.com/en/product/every-day-essentials/body-fresheners
Body Fresheners,Skin Care,,18,https://cdn.supercommerce.io/seif-pharmacies/uploads/615078.webp,seif_output\images\body_fresheners_18.webp,True,https://seif-online.com/en/product/every-day-essentials/body-fresheners
Body Fresheners,Skin Care,,19,https://masterapi.witheldokan.com/storage/seif-pharmacies/uploads/5725.webp,seif_output\images\body_fresheners_19.webp,True,https://seif-online.com/en/product/every-day-essentials/body-fresheners
Body Fresheners,Skin Care,,20,https://masterapi.witheldokan.com/storage/seif-pharmacies/uploads/614773webp-1753950065.webp,seif_output\images\body_fresheners_20.webp,True,https://seif-online.com/en/product/every-day-essentials/body-fresheners
Body Fresheners,Skin Care,,21,https://masterapi.witheldokan.com/storage/seif-pharmacies/uploads/5713.webp,seif_output\images\body_fresheners_21.webp,True,https://seif-online.com/en/product/every-day-essentials/body-fresheners
Body Fresheners,Skin Care,,22,https://masterapi.witheldokan.com/storage/seif-pharmacies/uploads/613858.webp,seif_output\images\body_fresheners_22.webp,True,https://seif-online.com/en/product/every-day-essentials/body-fresheners
Body Fresheners,Skin Care,,23,https://cdn.supercommerce.io/seif-pharmacies/uploads/615079-1768735784.webp,seif_output\images\body_fresheners_23.webp,True,https://seif-online.com/en/product/every-day-essentials/body-fresheners
Body Fresheners,Skin Care,,24,https://cdn.supercommerce.io/seif-pharmacies/uploads/615700.webp,seif_output\images\body_fresheners_24.webp,True,https://seif-online.com/en/product/every-day-essentials/body-fresheners
Body Fresheners,Skin Care,,25,https://masterapi.witheldokan.com/storage/seif-pharmacies/uploads/5712.webp,seif_output\images\body_fresheners_25.webp,True,https://seif-online.com/en/product/every-day-essentials/body-fresheners
Body Fresheners,Skin Care,,26,https://masterapi.witheldokan.com/storage/seif-pharmacies/uploads/607052.webp,seif_output\images\body_fresheners_26.webp,True,https://seif-online.com/en/product/every-day-essentials/body-fresheners
Deodrant Cream,Skin Care,,1,https://masterapi.witheldokan.com/storage/seif-pharmacies/uploads/4617.webp,seif_output\images\deodrant_cream_1.webp,True,https://seif-online.com/en/product/every-day-essentials/body-fresheners/deodrant-cream
Deodrant Cream,Skin Care,,2,https://masterapi.witheldokan.com/storage/seif-pharmacies/uploads/65627.webp,seif_output\images\deodrant_cream_2.webp,True,https://seif-online.com/en/product/every-day-essentials/body-fresheners/deodrant-cream
Deodrant Cream,Skin Care,,3,https://masterapi.witheldokan.com/storage/seif-pharmacies/uploads/65628.webp,seif_output\images\deodrant_cream_3.webp,True,https://seif-online.com/en/product/every-day-essentials/body-fresheners/deodrant-cream
Deodrant Cream,Skin Care,,4,https://cdn.supercommerce.io/seif-pharmacies/uploads/607989.webp,seif_output\images\deodrant_cream_4.webp,True,https://seif-online.com/en/product/every-day-essentials/body-fresheners/deodrant-cream
Deodrant Cream,Skin Care,,5,https://masterapi.witheldokan.com/storage/seif-pharmacies/uploads/606365.webp,seif_output\images\deodrant_cream_5.webp,True,https://seif-online.com/en/product/every-day-essentials/body-fresheners/deodrant-cream
Deodrant Cream,Skin Care,,6,https://cdn.supercommerce.io/seif-pharmacies/uploads/607002.webp,seif_output\images\deodrant_cream_6.webp,True,https://seif-online.com/en/product/every-day-essentials/body-fresheners/deodrant-cream
Deodrant Cream,Skin Care,,7,https://cdn.supercommerce.io/seif-pharmacies/uploads/607988.webp,seif_output\images\deodrant_cream_7.webp,True,https://seif-online.com/en/product/every-day-essentials/body-fresheners/deodrant-cream
Deodrant Cream,Skin Care,,8,https://masterapi.witheldokan.com/storage/seif-pharmacies/uploads/327296.webp,seif_output\images\deodrant_cream_8.webp,True,https://seif-online.com/en/product/every-day-essentials/body-fresheners/deodrant-cream
Deodrant Cream,Skin Care,,9,https://masterapi.witheldokan.com/storage/seif-pharmacies/uploads/227998.webp,seif_output\images\deodrant_cream_9.webp,True,https://seif-online.com/en/product/every-day-essentials/body-fresheners/deodrant-cream
Deodrant Cream,Skin Care,,10,https://masterapi.witheldokan.com/storage/seif-pharmacies/uploads/228016.webp,seif_output\images\deodrant_cream_10.webp,True,https://seif-online.com/en/product/every-day-essentials/body-fresheners/deodrant-cream
Deodrant Cream,Skin Care,,11,https://masterapi.witheldokan.com/storage/seif-pharmacies/uploads/228015.webp,seif_output\images\deodrant_cream_11.webp,True,https://seif-online.com/en/product/every-day-essentials/body-fresheners/deodrant-cream
Deodrant Cream,Skin Care,,12,https://masterapi.witheldokan.com/storage/seif-pharmacies/uploads/354866.webp,seif_output\images\deodrant_cream_12.webp,True,https://seif-online.com/en/product/every-day-essentials/body-fresheners/deodrant-cream
Deodrant Cream,Skin Care,,13,https://cdn.supercommerce.io/seif-pharmacies/uploads/607001.webp,seif_output\images\deodrant_cream_13.webp,True,https://seif-online.com/en/product/every-day-essentials/body-fresheners/deodrant-cream
Deodrant Cream,Skin Care,,14,https://cdn.supercommerce.io/seif-pharmacies/uploads/607990.webp,seif_output\images\deodrant_cream_14.webp,True,https://seif-online.com/en/product/every-day-essentials/body-fresheners/deodrant-cream
Deodrant Cream,Skin Care,,15,https://masterapi.witheldokan.com/storage/seif-pharmacies/uploads/4618.webp,seif_output\images\deodrant_cream_15.webp,True,https://seif-online.com/en/product/every-day-essentials/body-fresheners/deodrant-cream
Deodrant Cream,Skin Care,,16,https://masterapi.witheldokan.com/storage/seif-pharmacies/uploads/338087.webp,seif_output\images\deodrant_cream_16.webp,True,https://seif-online.com/en/product/every-day-essentials/body-fresheners/deodrant-cream
Body Mist,Skin Care,,1,https://masterapi.witheldokan.com/storage/seif-pharmacies/uploads/5713.webp,seif_output\images\body_mist_1.webp,True,https://seif-online.com/en/product/every-day-essentials/body-fresheners/body-mist
Body Mist,Skin Care,,2,https://masterapi.witheldokan.com/storage/seif-pharmacies/uploads/610570.webp,seif_output\images\body_mist_2.webp,True,https://seif-online.com/en/product/every-day-essentials/body-fresheners/body-mist
Body Mist,Skin Care,,3,https://masterapi.witheldokan.com/storage/seif-pharmacies/uploads/610569.webp,seif_output\images\body_mist_3.webp,True,https://seif-online.com/en/product/every-day-essentials/body-fresheners/body-mist
Body Mist,Skin Care,,4,https://masterapi.witheldokan.com/storage/seif-pharmacies/uploads/608796.webp,seif_output\images\body_mist_4.webp,True,https://seif-online.com/en/product/every-day-essentials/body-fresheners/body-mist
Body Mist,Skin Care,,5,https://masterapi.witheldokan.com/storage/seif-pharmacies/uploads/613446-1757573851.webp,seif_output\images\body_mist_5.webp,True,https://seif-online.com/en/product/every-day-essentials/body-fresheners/body-mist
Body Mist,Skin Care,,6,https://masterapi.witheldokan.com/storage/seif-pharmacies/uploads/602122.webp,seif_output\images\body_mist_6.webp,True,https://seif-online.com/en/product/every-day-essentials/body-fresheners/body-mist
Body Mist,Skin Care,,7,https://masterapi.witheldokan.com/storage/seif-pharmacies/uploads/602141.webp,seif_output\images\body_mist_7.webp,True,https://seif-online.com/en/product/every-day-essentials/body-fresheners/body-mist
Body Mist,Skin Care,,8,https://masterapi.witheldokan.com/storage/seif-pharmacies/uploads/611934-1758717741.webp,seif_output\images\body_mist_8.webp,True,https://seif-online.com/en/product/every-day-essentials/body-fresheners/body-mist
Body Mist,Skin Care,,9,https://masterapi.witheldokan.com/storage/seif-pharmacies/uploads/602125.webp,seif_output\images\body_mist_9.webp,True,https://seif-online.com/en/product/every-day-essentials/body-fresheners/body-mist
Body Mist,Skin Care,,10,https://masterapi.witheldokan.com/storage/seif-pharmacies/uploads/608793-1758717641.webp,seif_output\images\body_mist_10.webp,True,https://seif-online.com/en/product/every-day-essentials/body-fresheners/body-mist
Body Mist,Skin Care,,11,https://masterapi.witheldokan.com/storage/seif-pharmacies/uploads/613444-1757573455.webp,seif_output\images\body_mist_11.webp,True,https://seif-online.com/en/product/every-day-essentials/body-fresheners/body-mist
Body Mist,Skin Care,,12,https://masterapi.witheldokan.com/storage/seif-pharmacies/uploads/613445-1757573817.webp,seif_output\images\body_mist_12.webp,True,https://seif-online.com/en/product/every-day-essentials/body-fresheners/body-mist
Body Mist,Skin Care,,13,https://masterapi.witheldokan.com/storage/seif-pharmacies/uploads/602138.webp,seif_output\images\body_mist_13.webp,True,https://seif-online.com/en/product/every-day-essentials/body-fresheners/body-mist
Body Mist,Skin Care,,14,https://masterapi.witheldokan.com/storage/seif-pharmacies/uploads/613442-1757573246.webp,seif_output\images\body_mist_14.webp,True,https://seif-online.com/en/product/every-day-essentials/body-fresheners/body-mist
Body Mist,Skin Care,,15,https://masterapi.witheldokan.com/storage/seif-pharmacies/uploads/372411-1758717492.webp,seif_output\images\body_mist_15.webp,True,https://seif-online.com/en/product/every-day-essentials/body-fresheners/body-mist
Body Mist,Skin Care,,16,https://masterapi.witheldokan.com/storage/seif-pharmacies/uploads/372419-1758717994.webp,seif_output\images\body_mist_16.webp,True,https://seif-online.com/en/product/every-day-essentials/body-fresheners/body-mist
Body Mist,Skin Care,,17,https://masterapi.witheldokan.com/storage/seif-pharmacies/uploads/611932-1758717669.webp,seif_output\images\body_mist_17.webp,True,https://seif-online.com/en/product/every-day-essentials/body-fresheners/body-mist
Body Mist,Skin Care,,18,https://masterapi.witheldokan.com/storage/seif-pharmacies/uploads/611936-1758717810.webp,seif_output\images\body_mist_18.webp,True,https://seif-online.com/en/product/every-day-essentials/body-fresheners/body-mist
Body Mist,Skin Care,,19,https://masterapi.witheldokan.com/storage/seif-pharmacies/uploads/372406-1758717427.webp,seif_output\images\body_mist_19.webp,True,https://seif-online.com/en/product/every-day-essentials/body-fresheners/body-mist
Body Mist,Skin Care,,20,https://masterapi.witheldokan.com/storage/seif-pharmacies/uploads/611935-1758717782.webp,seif_output\images\body_mist_20.webp,True,https://seif-online.com/en/product/every-day-essentials/body-fresheners/body-mist
Body Mist,Skin Care,,21,https://masterapi.witheldokan.com/storage/seif-pharmacies/uploads/608794.webp,seif_output\images\body_mist_21.webp,True,https://seif-online.com/en/product/every-day-essentials/body-fresheners/body-mist
Body Mist,Skin Care,,22,https://masterapi.witheldokan.com/storage/seif-pharmacies/uploads/611937-1758717849.webp,seif_output\images\body_mist_22.webp,True,https://seif-online.com/en/product/every-day-essentials/body-fresheners/body-mist
Body Mist,Skin Care,,23,https://masterapi.witheldokan.com/storage/seif-pharmacies/uploads/613443-1757573345.webp,seif_output\images\body_mist_23.webp,True,https://seif-online.com/en/product/every-day-essentials/body-fresheners/body-mist
Body Cologne,Skin Care,,1,https://masterapi.witheldokan.com/storage/seif-pharmacies/uploads/5725.webp,seif_output\images\body_cologne_1.webp,True,https://seif-online.com/en/product/every-day-essentials/body-fresheners/body-cologne
Body Cologne,Skin Care,,2,https://masterapi.witheldokan.com/storage/seif-pharmacies/uploads/5712.webp,seif_output\images\body_cologne_2.webp,True,https://seif-online.com/en/product/every-day-essentials/body-fresheners/body-cologne
Body Cologne,Skin Care,,3,https://masterapi.witheldokan.com/storage/seif-pharmacies/uploads/8950.webp,seif_output\images\body_cologne_3.webp,True,https://seif-online.com/en/product/every-day-essentials/body-fresheners/body-cologne
Body Cologne,Skin Care,,4,https://masterapi.witheldokan.com/storage/seif-pharmacies/uploads/5710.webp,seif_output\images\body_cologne_4.webp,True,https://seif-online.com/en/product/every-day-essentials/body-fresheners/body-cologne
Body Cologne,Skin Care,,5,https://masterapi.witheldokan.com/storage/seif-pharmacies/uploads/386342.webp,seif_output\images\body_cologne_5.webp,True,https://seif-online.com/en/product/every-day-essentials/body-fresheners/body-cologne
Body Cologne,Skin Care,,6,https://masterapi.witheldokan.com/storage/seif-pharmacies/uploads/173491.webp,seif_output\images\body_cologne_6.webp,True,https://seif-online.com/en/product/every-day-essentials/body-fresheners/body-cologne
Body Cologne,Skin Care,,7,https://masterapi.witheldokan.com/storage/seif-pharmacies/uploads/5717.webp,seif_output\images\body_cologne_7.webp,True,https://seif-online.com/en/product/every-day-essentials/body-fresheners/body-cologne
Body Cologne,Skin Care,,8,https://masterapi.witheldokan.com/storage/seif-pharmacies/uploads/5722.webp,seif_output\images\body_cologne_8.webp,True,https://seif-online.com/en/product/every-day-essentials/body-fresheners/body-cologne
Body Cologne,Skin Care,,9,https://masterapi.witheldokan.com/storage/seif-pharmacies/uploads/5726.webp,seif_output\images\body_cologne_9.webp,True,https://seif-online.com/en/product/every-day-essentials/body-fresheners/body-cologne
Body Cologne,Skin Care,,10,https://masterapi.witheldokan.com/storage/seif-pharmacies/uploads/386339.webp,seif_output\images\body_cologne_10.webp,True,https://seif-online.com/en/product/every-day-essentials/body-fresheners/body-cologne
Body Cologne,Skin Care,,11,https://masterapi.witheldokan.com/storage/seif-pharmacies/uploads/47904.webp,seif_output\images\body_cologne_11.webp,True,https://seif-online.com/en/product/every-day-essentials/body-fresheners/body-cologne
Body Cologne,Skin Care,,12,https://masterapi.witheldokan.com/storage/seif-pharmacies/uploads/5708.webp,seif_output\images\body_cologne_12.webp,True,https://seif-online.com/en/product/every-day-essentials/body-fresheners/body-cologne
Body Cologne,Skin Care,,13,https://masterapi.witheldokan.com/storage/seif-pharmacies/uploads/386343.webp,seif_output\images\body_cologne_13.webp,True,https://seif-online.com/en/product/every-day-essentials/body-fresheners/body-cologne
Body Cologne,Skin Care,,14,https://masterapi.witheldokan.com/storage/seif-pharmacies/uploads/5714.webp,seif_output\images\body_cologne_14.webp,True,https://seif-online.com/en/product/every-day-essentials/body-fresheners/body-cologne
Body Cologne,Skin Care,,15,https://masterapi.witheldokan.com/storage/seif-pharmacies/uploads/165396.webp,seif_output\images\body_cologne_15.webp,True,https://seif-online.com/en/product/every-day-essentials/body-fresheners/body-cologne
Body Cologne,Skin Care,,16,https://masterapi.witheldokan.com/storage/seif-pharmacies/uploads/386340.webp,seif_output\images\body_cologne_16.webp,True,https://seif-online.com/en/product/every-day-essentials/body-fresheners/body-cologne
Body Cologne,Skin Care,,17,https://masterapi.witheldokan.com/storage/seif-pharmacies/uploads/386345.webp,seif_output\images\body_cologne_17.webp,True,https://seif-online.com/en/product/every-day-essentials/body-fresheners/body-cologne
Body Cologne,Skin Care,,18,https://masterapi.witheldokan.com/storage/seif-pharmacies/uploads/386341.webp,seif_output\images\body_cologne_18.webp,True,https://seif-online.com/en/product/every-day-essentials/body-fresheners/body-cologne
Body Cologne,Skin Care,,19,https://masterapi.witheldokan.com/storage/seif-pharmacies/uploads/5709.webp,seif_output\images\body_cologne_19.webp,True,https://seif-online.com/en/product/every-day-essentials/body-fresheners/body-cologne
Deodrant Stick,Skin Care,,1,https://masterapi.witheldokan.com/storage/seif-pharmacies/uploads/614773webp-1753950065.webp,seif_output\images\deodrant_stick_1.webp,True,https://seif-online.com/en/product/every-day-essentials/body-fresheners/deodrant-stick
Deodrant Stick,Skin Care,,2,https://masterapi.witheldokan.com/storage/seif-pharmacies/uploads/614775-1756213855.webp,seif_output\images\deodrant_stick_2.webp,True,https://seif-online.com/en/product/every-day-essentials/body-fresheners/deodrant-stick
Deodrant Stick,Skin Care,,3,https://masterapi.witheldokan.com/storage/seif-pharmacies/uploads/609212.webp,seif_output\images\deodrant_stick_3.webp,True,https://seif-online.com/en/product/every-day-essentials/body-fresheners/deodrant-stick
Deodrant Stick,Skin Care,,4,https://masterapi.witheldokan.com/storage/seif-pharmacies/uploads/614774.webp,seif_output\images\deodrant_stick_4.webp,True,https://seif-online.com/en/product/every-day-essentials/body-fresheners/deodrant-stick
Deodrant Stick,Skin Care,,5,https://masterapi.witheldokan.com/storage/seif-pharmacies/uploads/608761.webp,seif_output\images\deodrant_stick_5.webp,True,https://seif-online.com/en/product/every-day-essentials/body-fresheners/deodrant-stick
Deodrant Stick,Skin Care,,6,https://masterapi.witheldokan.com/storage/seif-pharmacies/uploads/616851.webp,seif_output\images\deodrant_stick_6.webp,True,https://seif-online.com/en/product/every-day-essentials/body-fresheners/deodrant-stick
Deodrant Stick,Skin Care,,7,https://cdn.supercommerce.io/seif-pharmacies/uploads/616852-1770898145.webp,seif_output\images\deodrant_stick_7.webp,True,https://seif-online.com/en/product/every-day-essentials/body-fresheners/deodrant-stick
Deodrant Stick,Skin Care,,8,https://masterapi.witheldokan.com/storage/seif-pharmacies/uploads/608758.webp,seif_output\images\deodrant_stick_8.webp,True,https://seif-online.com/en/product/every-day-essentials/body-fresheners/deodrant-stick
Deodrant Stick,Skin Care,,9,https://masterapi.witheldokan.com/storage/seif-pharmacies/uploads/608686.webp,seif_output\images\deodrant_stick_9.webp,True,https://seif-online.com/en/product/every-day-essentials/body-fresheners/deodrant-stick
Deodrant Stick,Skin Care,,10,https://cdn.supercommerce.io/seif-pharmacies/uploads/616849-1770897012.webp,seif_output\images\deodrant_stick_10.webp,True,https://seif-online.com/en/product/every-day-essentials/body-fresheners/deodrant-stick
Deodrant Stick,Skin Care,,11,https://masterapi.witheldokan.com/storage/seif-pharmacies/uploads/606969.webp,seif_output\images\deodrant_stick_11.webp,True,https://seif-online.com/en/product/every-day-essentials/body-fresheners/deodrant-stick
Deodrant Stick,Skin Care,,12,https://masterapi.witheldokan.com/storage/seif-pharmacies/uploads/264919.webp,seif_output\images\deodrant_stick_12.webp,True,https://seif-online.com/en/product/every-day-essentials/body-fresheners/deodrant-stick
Body Spray,Skin Care,,1,https://masterapi.witheldokan.com/storage/seif-pharmacies/uploads/382595.webp,seif_output\images\body_spray_1.webp,True,https://seif-online.com/en/product/every-day-essentials/body-fresheners/body-spray
Body Spray,Skin Care,,2,https://masterapi.witheldokan.com/storage/seif-pharmacies/uploads/382594.webp,seif_output\images\body_spray_2.webp,True,https://seif-online.com/en/product/every-day-essentials/body-fresheners/body-spray
Body Spray,Skin Care,,3,https://masterapi.witheldokan.com/storage/seif-pharmacies/uploads/382591.webp,seif_output\images\body_spray_3.webp,True,https://seif-online.com/en/product/every-day-essentials/body-fresheners/body-spray
Body Spray,Skin Care,,4,https://cdn.supercommerce.io/seif-pharmacies/uploads/615078.webp,seif_output\images\body_spray_4.webp,True,https://seif-online.com/en/product/every-day-essentials/body-fresheners/body-spray
Body Spray,Skin Care,,5,https://cdn.supercommerce.io/seif-pharmacies/uploads/615079-1768735784.webp,seif_output\images\body_spray_5.webp,True,https://seif-online.com/en/product/every-day-essentials/body-fresheners/body-spray
Body Spray,Skin Care,,6,https://cdn.supercommerce.io/seif-pharmacies/uploads/615700.webp,seif_output\images\body_spray_6.webp,True,https://seif-online.com/en/product/every-day-essentials/body-fresheners/body-spray
Body Spray,Skin Care,,7,https://masterapi.witheldokan.com/storage/seif-pharmacies/uploads/165111.webp,seif_output\images\body_spray_7.webp,True,https://seif-online.com/en/product/every-day-essentials/body-fresheners/body-spray
Body Spray,Skin Care,,8,https://masterapi.witheldokan.com/storage/seif-pharmacies/uploads/382593.webp,seif_output\images\body_spray_8.webp,True,https://seif-online.com/en/product/every-day-essentials/body-fresheners/body-spray
Body Spray,Skin Care,,9,https://masterapi.witheldokan.com/storage/seif-pharmacies/uploads/616164-1759394336.webp,seif_output\images\body_spray_9.webp,True,https://seif-online.com/en/product/every-day-essentials/body-fresheners/body-spray
Body Spray,Skin Care,,10,https://masterapi.witheldokan.com/storage/seif-pharmacies/uploads/609458.webp,seif_output\images\body_spray_10.webp,True,https://seif-online.com/en/product/every-day-essentials/body-fresheners/body-spray
Body Spray,Skin Care,,11,https://cdn.supercommerce.io/seif-pharmacies/uploads/615180.webp,seif_output\images\body_spray_11.webp,True,https://seif-online.com/en/product/every-day-essentials/body-fresheners/body-spray
Body Spray,Skin Care,,12,https://masterapi.witheldokan.com/storage/seif-pharmacies/uploads/609678.webp,seif_output\images\body_spray_12.webp,True,https://seif-online.com/en/product/every-day-essentials/body-fresheners/body-spray
Body Spray,Skin Care,,13,https://masterapi.witheldokan.com/storage/seif-pharmacies/uploads/320400.webp,seif_output\images\body_spray_13.webp,True,https://seif-online.com/en/product/every-day-essentials/body-fresheners/body-spray
Body Spray,Skin Care,,14,https://cdn.supercommerce.io/seif-pharmacies/uploads/614498-1770290553.webp,seif_output\images\body_spray_14.webp,True,https://seif-online.com/en/product/every-day-essentials/body-fresheners/body-spray
Body Spray,Skin Care,,15,https://masterapi.witheldokan.com/storage/seif-pharmacies/uploads/372416.webp,seif_output\images\body_spray_15.webp,True,https://seif-online.com/en/product/every-day-essentials/body-fresheners/body-spray
Body Spray,Skin Care,,16,https://cdn.supercommerce.io/seif-pharmacies/uploads/614496-1770290307.webp,seif_output\images\body_spray_16.webp,True,https://seif-online.com/en/product/every-day-essentials/body-fresheners/body-spray
Body Spray,Skin Care,,17,https://masterapi.witheldokan.com/storage/seif-pharmacies/uploads/608197.webp,seif_output\images\body_spray_17.webp,True,https://seif-online.com/en/product/every-day-essentials/body-fresheners/body-spray
Body Spray,Skin Care,,18,https://cdn.supercommerce.io/seif-pharmacies/uploads/618580-1775464653.webp,seif_output\images\body_spray_18.webp,True,https://seif-online.com/en/product/every-day-essentials/body-fresheners/body-spray
Body Spray,Skin Care,,19,https://masterapi.witheldokan.com/storage/seif-pharmacies/uploads/403570.webp,seif_output\images\body_spray_19.webp,True,https://seif-online.com/en/product/every-day-essentials/body-fresheners/body-spray
Body Spray,Skin Care,,20,https://masterapi.witheldokan.com/storage/seif-pharmacies/uploads/616678..jfif-1756213357.webp,seif_output\images\body_spray_20.webp,True,https://seif-online.com/en/product/every-day-essentials/body-fresheners/body-spray
Body Spray,Skin Care,,21,https://cdn.supercommerce.io/seif-pharmacies/uploads/618581-1775464822.webp,seif_output\images\body_spray_21.webp,True,https://seif-online.com/en/product/every-day-essentials/body-fresheners/body-spray
Deodrant Roll On,Skin Care,,1,https://cdn.supercommerce.io/seif-pharmacies/uploads/615768.webp,seif_output\images\deodrant_roll_on_1.webp,True,https://seif-online.com/en/product/every-day-essentials/body-fresheners/deodrant-roll-on
Deodrant Roll On,Skin Care,,2,https://masterapi.witheldokan.com/storage/seif-pharmacies/uploads/615768--1753883301.webp,seif_output\images\deodrant_roll_on_2.webp,True,https://seif-online.com/en/product/every-day-essentials/body-fresheners/deodrant-roll-on
Deodrant Roll On,Skin Care,,3,https://cdn.supercommerce.io/seif-pharmacies/uploads/615770.webp,seif_output\images\deodrant_roll_on_3.webp,True,https://seif-online.com/en/product/every-day-essentials/body-fresheners/deodrant-roll-on
Deodrant Roll On,Skin Care,,4,https://cdn.supercommerce.io/seif-pharmacies/uploads/615773.webp,seif_output\images\deodrant_roll_on_4.webp,True,https://seif-online.com/en/product/every-day-essentials/body-fresheners/deodrant-roll-on
Deodrant Roll On,Skin Care,,5,https://cdn.supercommerce.io/seif-pharmacies/uploads/615772.webp,seif_output\images\deodrant_roll_on_5.webp,True,https://seif-online.com/en/product/every-day-essentials/body-fresheners/deodrant-roll-on
Deodrant Roll On,Skin Care,,6,https://cdn.supercommerce.io/seif-pharmacies/uploads/615767.webp,seif_output\images\deodrant_roll_on_6.webp,True,https://seif-online.com/en/product/every-day-essentials/body-fresheners/deodrant-roll-on
Deodrant Roll On,Skin Care,,7,https://cdn.supercommerce.io/seif-pharmacies/uploads/615771.webp,seif_output\images\deodrant_roll_on_7.webp,True,https://seif-online.com/en/product/every-day-essentials/body-fresheners/deodrant-roll-on
Deodrant Roll On,Skin Care,,8,https://cdn.supercommerce.io/seif-pharmacies/uploads/615931-1768726598.webp,seif_output\images\deodrant_roll_on_8.webp,True,https://seif-online.com/en/product/every-day-essentials/body-fresheners/deodrant-roll-on
Deodrant Roll On,Skin Care,,9,https://cdn.supercommerce.io/seif-pharmacies/uploads/615769.webp,seif_output\images\deodrant_roll_on_9.webp,True,https://seif-online.com/en/product/every-day-essentials/body-fresheners/deodrant-roll-on
Deodrant Roll On,Skin Care,,10,https://masterapi.witheldokan.com/storage/seif-pharmacies/uploads/615769--1753883117.webp,seif_output\images\deodrant_roll_on_10.webp,True,https://seif-online.com/en/product/every-day-essentials/body-fresheners/deodrant-roll-on
Deodrant Roll On,Skin Care,,11,https://masterapi.witheldokan.com/storage/seif-pharmacies/uploads/604586.webp,seif_output\images\deodrant_roll_on_11.webp,True,https://seif-online.com/en/product/every-day-essentials/body-fresheners/deodrant-roll-on
Deodrant Roll On,Skin Care,,12,https://masterapi.witheldokan.com/storage/seif-pharmacies/uploads/613856.webp,seif_output\images\deodrant_roll_on_12.webp,True,https://seif-online.com/en/product/every-day-essentials/body-fresheners/deodrant-roll-on
Deodrant Roll On,Skin Care,,13,https://masterapi.witheldokan.com/storage/seif-pharmacies/uploads/399407.webp,seif_output\images\deodrant_roll_on_13.webp,True,https://seif-online.com/en/product/every-day-essentials/body-fresheners/deodrant-roll-on
Deodrant Roll On,Skin Care,,14,https://masterapi.witheldokan.com/storage/seif-pharmacies/uploads/378268.webp,seif_output\images\deodrant_roll_on_14.webp,True,https://seif-online.com/en/product/every-day-essentials/body-fresheners/deodrant-roll-on
Deodrant Roll On,Skin Care,,15,https://masterapi.witheldokan.com/storage/seif-pharmacies/uploads/613858.webp,seif_output\images\deodrant_roll_on_15.webp,True,https://seif-online.com/en/product/every-day-essentials/body-fresheners/deodrant-roll-on
Deodrant Roll On,Skin Care,,16,https://masterapi.witheldokan.com/storage/seif-pharmacies/uploads/607052.webp,seif_output\images\deodrant_roll_on_16.webp,True,https://seif-online.com/en/product/every-day-essentials/body-fresheners/deodrant-roll-on
Deodrant Roll On,Skin Care,,17,https://masterapi.witheldokan.com/storage/seif-pharmacies/uploads/613359-1761482194.webp,seif_output\images\deodrant_roll_on_17.webp,True,https://seif-online.com/en/product/every-day-essentials/body-fresheners/deodrant-roll-on
Deodrant Roll On,Skin Care,,18,https://masterapi.witheldokan.com/storage/seif-pharmacies/uploads/612298.webp,seif_output\images\deodrant_roll_on_18.webp,True,https://seif-online.com/en/product/every-day-essentials/body-fresheners/deodrant-roll-on
Deodrant Roll On,Skin Care,,19,https://masterapi.witheldokan.com/storage/seif-pharmacies/uploads/608718.webp,seif_output\images\deodrant_roll_on_19.webp,True,https://seif-online.com/en/product/every-day-essentials/body-fresheners/deodrant-roll-on
Deodrant Roll On,Skin Care,,20,https://masterapi.witheldokan.com/storage/seif-pharmacies/uploads/613360-1761482217.webp,seif_output\images\deodrant_roll_on_20.webp,True,https://seif-online.com/en/product/every-day-essentials/body-fresheners/deodrant-roll-on
Deodrant Roll On,Skin Care,,21,https://masterapi.witheldokan.com/storage/seif-pharmacies/uploads/613358-1761482173.webp,seif_output\images\deodrant_roll_on_21.webp,True,https://seif-online.com/en/product/every-day-essentials/body-fresheners/deodrant-roll-on
Deodrant Roll On,Skin Care,,22,https://masterapi.witheldokan.com/storage/seif-pharmacies/uploads/615682webp-1753969117.webp,seif_output\images\deodrant_roll_on_22.webp,True,https://seif-online.com/en/product/every-day-essentials/body-fresheners/deodrant-roll-on
Deodrant Roll On,Skin Care,,23,https://masterapi.witheldokan.com/storage/seif-pharmacies/uploads/608946.webp,seif_output\images\deodrant_roll_on_23.webp,True,https://seif-online.com/en/product/every-day-essentials/body-fresheners/deodrant-roll-on
Deodrant Roll On,Skin Care,,24,https://masterapi.witheldokan.com/storage/seif-pharmacies/uploads/608719.webp,seif_output\images\deodrant_roll_on_24.webp,True,https://seif-online.com/en/product/every-day-essentials/body-fresheners/deodrant-roll-on
Deodrant Roll On,Skin Care,,25,https://masterapi.witheldokan.com/storage/seif-pharmacies/uploads/401370.webp,seif_output\images\deodrant_roll_on_25.webp,True,https://seif-online.com/en/product/every-day-essentials/body-fresheners/deodrant-roll-on
Deodrant Roll On,Skin Care,,26,https://masterapi.witheldokan.com/storage/seif-pharmacies/uploads/613448-1757573934.webp,seif_output\images\deodrant_roll_on_26.webp,True,https://seif-online.com/en/product/every-day-essentials/body-fresheners/deodrant-roll-on
Man Care,Skin Care,,1,https://masterapi.witheldokan.com/storage/seif-pharmacies/uploads/43864.webp,seif_output\images\man_care_1.webp,True,https://seif-online.com/en/product/every-day-essentials/man-care
Man Care,Skin Care,,2,https://masterapi.witheldokan.com/storage/seif-pharmacies/uploads/280240.webp,seif_output\images\man_care_2.webp,True,https://seif-online.com/en/product/every-day-essentials/man-care
Man Care,Skin Care,,3,https://masterapi.witheldokan.com/storage/seif-pharmacies/uploads/207925.webp,seif_output\images\man_care_3.webp,True,https://seif-online.com/en/product/every-day-essentials/man-care
Man Care,Skin Care,,4,https://masterapi.witheldokan.com/storage/seif-pharmacies/uploads/88652.webp,seif_output\images\man_care_4.webp,True,https://seif-online.com/en/product/every-day-essentials/man-care
Man Care,Skin Care,,5,https://masterapi.witheldokan.com/storage/seif-pharmacies/uploads/370693.webp,seif_output\images\man_care_5.webp,True,https://seif-online.com/en/product/every-day-essentials/man-care
Man Care,Skin Care,,6,https://masterapi.witheldokan.com/storage/seif-pharmacies/uploads/616403-1759230559.webp,seif_output\images\man_care_6.webp,True,https://seif-online.com/en/product/every-day-essentials/man-care
Man Care,Skin Care,,7,https://masterapi.witheldokan.com/storage/seif-pharmacies/uploads/616405-1759230493.webp,seif_output\images\man_care_7.webp,True,https://seif-online.com/en/product/every-day-essentials/man-care
Man Care,Skin Care,,8,https://masterapi.witheldokan.com/storage/seif-pharmacies/uploads/137598.webp,seif_output\images\man_care_8.webp,True,https://seif-online.com/en/product/every-day-essentials/man-care
Man Care,Skin Care,,9,https://masterapi.witheldokan.com/storage/seif-pharmacies/uploads/370691.webp,seif_output\images\man_care_9.webp,True,https://seif-online.com/en/product/every-day-essentials/man-care
Man Care,Skin Care,,10,https://masterapi.witheldokan.com/storage/seif-pharmacies/uploads/370689.webp,seif_output\images\man_care_10.webp,True,https://seif-online.com/en/product/every-day-essentials/man-care
Man Care,Skin Care,,11,https://masterapi.witheldokan.com/storage/seif-pharmacies/uploads/606819.webp,seif_output\images\man_care_11.webp,True,https://seif-online.com/en/product/every-day-essentials/man-care
Man Care,Skin Care,,12,https://masterapi.witheldokan.com/storage/seif-pharmacies/uploads/608683.webp,seif_output\images\man_care_12.webp,True,https://seif-online.com/en/product/every-day-essentials/man-care
Man Care,Skin Care,,13,https://masterapi.witheldokan.com/storage/seif-pharmacies/uploads/385665.webp,seif_output\images\man_care_13.webp,True,https://seif-online.com/en/product/every-day-essentials/man-care
Man Care,Skin Care,,14,https://masterapi.witheldokan.com/storage/seif-pharmacies/uploads/30951.webp,seif_output\images\man_care_14.webp,True,https://seif-online.com/en/product/every-day-essentials/man-care
Man Care,Skin Care,,15,https://masterapi.witheldokan.com/storage/seif-pharmacies/uploads/605801.webp,seif_output\images\man_care_15.webp,True,https://seif-online.com/en/product/every-day-essentials/man-care
Man Care,Skin Care,,16,https://masterapi.witheldokan.com/storage/seif-pharmacies/uploads/616404-1759230588.webp,seif_output\images\man_care_16.webp,True,https://seif-online.com/en/product/every-day-essentials/man-care
Man Care,Skin Care,,17,https://masterapi.witheldokan.com/storage/seif-pharmacies/uploads/348747.webp,seif_output\images\man_care_17.webp,True,https://seif-online.com/en/product/every-day-essentials/man-care
Man Care,Skin Care,,18,https://masterapi.witheldokan.com/storage/seif-pharmacies/uploads/369774.webp,seif_output\images\man_care_18.webp,True,https://seif-online.com/en/product/every-day-essentials/man-care
Man Care,Skin Care,,19,https://masterapi.witheldokan.com/storage/seif-pharmacies/uploads/203955.webp,seif_output\images\man_care_19.webp,True,https://seif-online.com/en/product/every-day-essentials/man-care
Man Care,Skin Care,,20,https://masterapi.witheldokan.com/storage/seif-pharmacies/uploads/616406-1759230454.webp,seif_output\images\man_care_20.webp,True,https://seif-online.com/en/product/every-day-essentials/man-care
Man Care,Skin Care,,21,https://masterapi.witheldokan.com/storage/seif-pharmacies/uploads/369775.webp,seif_output\images\man_care_21.webp,True,https://seif-online.com/en/product/every-day-essentials/man-care
Shaving Machines,Skin Care,,1,https://masterapi.witheldokan.com/storage/seif-pharmacies/uploads/43864.webp,seif_output\images\shaving_machines_1.webp,True,https://seif-online.com/en/product/every-day-essentials/man-care/shaving-machines
Shaving Machines,Skin Care,,2,https://masterapi.witheldokan.com/storage/seif-pharmacies/uploads/280240.webp,seif_output\images\shaving_machines_2.webp,True,https://seif-online.com/en/product/every-day-essentials/man-care/shaving-machines
Shaving Machines,Skin Care,,3,https://masterapi.witheldokan.com/storage/seif-pharmacies/uploads/207925.webp,seif_output\images\shaving_machines_3.webp,True,https://seif-online.com/en/product/every-day-essentials/man-care/shaving-machines
Shaving Machines,Skin Care,,4,https://masterapi.witheldokan.com/storage/seif-pharmacies/uploads/88652.webp,seif_output\images\shaving_machines_4.webp,True,https://seif-online.com/en/product/every-day-essentials/man-care/shaving-machines
Shaving Machines,Skin Care,,5,https://masterapi.witheldokan.com/storage/seif-pharmacies/uploads/137598.webp,seif_output\images\shaving_machines_5.webp,True,https://seif-online.com/en/product/every-day-essentials/man-care/shaving-machines
Shaving Machines,Skin Care,,6,https://masterapi.witheldokan.com/storage/seif-pharmacies/uploads/606819.webp,seif_output\images\shaving_machines_6.webp,True,https://seif-online.com/en/product/every-day-essentials/man-care/shaving-machines
Shaving Machines,Skin Care,,7,https://masterapi.witheldokan.com/storage/seif-pharmacies/uploads/385665.webp,seif_output\images\shaving_machines_7.webp,True,https://seif-online.com/en/product/every-day-essentials/man-care/shaving-machines
Shaving Machines,Skin Care,,8,https://masterapi.witheldokan.com/storage/seif-pharmacies/uploads/30951.webp,seif_output\images\shaving_machines_8.webp,True,https://seif-online.com/en/product/every-day-essentials/man-care/shaving-machines
Shaving Machines,Skin Care,,9,https://masterapi.witheldokan.com/storage/seif-pharmacies/uploads/605801.webp,seif_output\images\shaving_machines_9.webp,True,https://seif-online.com/en/product/every-day-essentials/man-care/shaving-machines
Shaving Machines,Skin Care,,10,https://masterapi.witheldokan.com/storage/seif-pharmacies/uploads/348747.webp,seif_output\images\shaving_machines_10.webp,True,https://seif-online.com/en/product/every-day-essentials/man-care/shaving-machines
Shaving Machines,Skin Care,,11,https://masterapi.witheldokan.com/storage/seif-pharmacies/uploads/610465.webp,seif_output\images\shaving_machines_11.webp,True,https://seif-online.com/en/product/every-day-essentials/man-care/shaving-machines
Shaving Machines,Skin Care,,12,https://masterapi.witheldokan.com/storage/seif-pharmacies/uploads/365741.webp,seif_output\images\shaving_machines_12.webp,True,https://seif-online.com/en/product/every-day-essentials/man-care/shaving-machines
Shaving Machines,Skin Care,,13,https://masterapi.witheldokan.com/storage/seif-pharmacies/uploads/610463.webp,seif_output\images\shaving_machines_13.webp,True,https://seif-online.com/en/product/every-day-essentials/man-care/shaving-machines
Shaving Machines,Skin Care,,14,https://masterapi.witheldokan.com/storage/seif-pharmacies/uploads/354884.webp,seif_output\images\shaving_machines_14.webp,True,https://seif-online.com/en/product/every-day-essentials/man-care/shaving-machines
Shaving Machines,Skin Care,,15,https://masterapi.witheldokan.com/storage/seif-pharmacies/uploads/610466.webp,seif_output\images\shaving_machines_15.webp,True,https://seif-online.com/en/product/every-day-essentials/man-care/shaving-machines
Shaving Machines,Skin Care,,16,https://masterapi.witheldokan.com/storage/seif-pharmacies/uploads/385664.webp,seif_output\images\shaving_machines_16.webp,True,https://seif-online.com/en/product/every-day-essentials/man-care/shaving-machines
Shaving Machines,Skin Care,,17,https://masterapi.witheldokan.com/storage/seif-pharmacies/uploads/383805.webp,seif_output\images\shaving_machines_17.webp,True,https://seif-online.com/en/product/every-day-essentials/man-care/shaving-machines
Shaving Machines,Skin Care,,18,https://masterapi.witheldokan.com/storage/seif-pharmacies/uploads/610469.webp,seif_output\images\shaving_machines_18.webp,True,https://seif-online.com/en/product/every-day-essentials/man-care/shaving-machines
Shaving Machines,Skin Care,,19,https://masterapi.witheldokan.com/storage/seif-pharmacies/uploads/334758.webp,seif_output\images\shaving_machines_19.webp,True,https://seif-online.com/en/product/every-day-essentials/man-care/shaving-machines
Beard Care,Skin Care,,1,https://cdn.supercommerce.io/seif-pharmacies/uploads/617615-1768910702.webp,seif_output\images\beard_care_1.webp,True,https://seif-online.com/en/product/every-day-essentials/man-care/beard-care
Beard Care,Skin Care,,2,https://cdn.supercommerce.io/seif-pharmacies/uploads/618060-1768479177.webp,seif_output\images\beard_care_2.webp,True,https://seif-online.com/en/product/every-day-essentials/man-care/beard-care
Beard Care,Skin Care,,3,https://masterapi.witheldokan.com/storage/seif-pharmacies/uploads/403132.webp,seif_output\images\beard_care_3.webp,True,https://seif-online.com/en/product/every-day-essentials/man-care/beard-care
Beard Care,Skin Care,,4,https://masterapi.witheldokan.com/storage/seif-pharmacies/uploads/609211.webp,seif_output\images\beard_care_4.webp,True,https://seif-online.com/en/product/every-day-essentials/man-care/beard-care
Shave & After Shave Products,Skin Care,,1,https://masterapi.witheldokan.com/storage/seif-pharmacies/uploads/370693.webp,seif_output\images\shave_after_shave_products_1.webp,True,https://seif-online.com/en/product/every-day-essentials/man-care/shave-after-shave-products
Shave & After Shave Products,Skin Care,,2,https://masterapi.witheldokan.com/storage/seif-pharmacies/uploads/616403-1759230559.webp,seif_output\images\shave_after_shave_products_2.webp,True,https://seif-online.com/en/product/every-day-essentials/man-care/shave-after-shave-products
Shave & After Shave Products,Skin Care,,3,https://masterapi.witheldokan.com/storage/seif-pharmacies/uploads/616405-1759230493.webp,seif_output\images\shave_after_shave_products_3.webp,True,https://seif-online.com/en/product/every-day-essentials/man-care/shave-after-shave-products
Shave & After Shave Products,Skin Care,,4,https://masterapi.witheldokan.com/storage/seif-pharmacies/uploads/370691.webp,seif_output\images\shave_after_shave_products_4.webp,True,https://seif-online.com/en/product/every-day-essentials/man-care/shave-after-shave-products
Shave & After Shave Products,Skin Care,,5,https://masterapi.witheldokan.com/storage/seif-pharmacies/uploads/370689.webp,seif_output\images\shave_after_shave_products_5.webp,True,https://seif-online.com/en/product/every-day-essentials/man-care/shave-after-shave-products
Shave & After Shave Products,Skin Care,,6,https://masterapi.witheldokan.com/storage/seif-pharmacies/uploads/608683.webp,seif_output\images\shave_after_shave_products_6.webp,True,https://seif-online.com/en/product/every-day-essentials/man-care/shave-after-shave-products
Shave & After Shave Products,Skin Care,,7,https://masterapi.witheldokan.com/storage/seif-pharmacies/uploads/616404-1759230588.webp,seif_output\images\shave_after_shave_products_7.webp,True,https://seif-online.com/en/product/every-day-essentials/man-care/shave-after-shave-products
Shave & After Shave Products,Skin Care,,8,https://masterapi.witheldokan.com/storage/seif-pharmacies/uploads/369774.webp,seif_output\images\shave_after_shave_products_8.webp,True,https://seif-online.com/en/product/every-day-essentials/man-care/shave-after-shave-products
Shave & After Shave Products,Skin Care,,9,https://masterapi.witheldokan.com/storage/seif-pharmacies/uploads/203955.webp,seif_output\images\shave_after_shave_products_9.webp,True,https://seif-online.com/en/product/every-day-essentials/man-care/shave-after-shave-products
Shave & After Shave Products,Skin Care,,10,https://masterapi.witheldokan.com/storage/seif-pharmacies/uploads/616406-1759230454.webp,seif_output\images\shave_after_shave_products_10.webp,True,https://seif-online.com/en/product/every-day-essentials/man-care/shave-after-shave-products
Shave & After Shave Products,Skin Care,,11,https://masterapi.witheldokan.com/storage/seif-pharmacies/uploads/369775.webp,seif_output\images\shave_after_shave_products_11.webp,True,https://seif-online.com/en/product/every-day-essentials/man-care/shave-after-shave-products
Shave & After Shave Products,Skin Care,,12,https://masterapi.witheldokan.com/storage/seif-pharmacies/uploads/616407-1759230524.webp,seif_output\images\shave_after_shave_products_12.webp,True,https://seif-online.com/en/product/every-day-essentials/man-care/shave-after-shave-products
Shave & After Shave Products,Skin Care,,13,https://masterapi.witheldokan.com/storage/seif-pharmacies/uploads/52808.webp,seif_output\images\shave_after_shave_products_13.webp,True,https://seif-online.com/en/product/every-day-essentials/man-care/shave-after-shave-products
Shave & After Shave Products,Skin Care,,14,https://masterapi.witheldokan.com/storage/seif-pharmacies/uploads/403093.webp,seif_output\images\shave_after_shave_products_14.webp,True,https://seif-online.com/en/product/every-day-essentials/man-care/shave-after-shave-products
Shave & After Shave Products,Skin Care,,15,https://masterapi.witheldokan.com/storage/seif-pharmacies/uploads/17035.webp,seif_output\images\shave_after_shave_products_15.webp,True,https://seif-online.com/en/product/every-day-essentials/man-care/shave-after-shave-products
Shave & After Shave Products,Skin Care,,16,https://masterapi.witheldokan.com/storage/seif-pharmacies/uploads/616411-1759153183.webp,seif_output\images\shave_after_shave_products_16.webp,True,https://seif-online.com/en/product/every-day-essentials/man-care/shave-after-shave-products
Shave & After Shave Products,Skin Care,,17,https://masterapi.witheldokan.com/storage/seif-pharmacies/uploads/616408-1759230378.webp,seif_output\images\shave_after_shave_products_17.webp,True,https://seif-online.com/en/product/every-day-essentials/man-care/shave-after-shave-products
Shave & After Shave Products,Skin Care,,18,https://cdn.supercommerce.io/seif-pharmacies/uploads/618236-1773820203.webp,seif_output\images\shave_after_shave_products_18.webp,True,https://seif-online.com/en/product/every-day-essentials/man-care/shave-after-shave-products
Shave & After Shave Products,Skin Care,,19,https://masterapi.witheldokan.com/storage/seif-pharmacies/uploads/616409-1759230417.webp,seif_output\images\shave_after_shave_products_19.webp,True,https://seif-online.com/en/product/every-day-essentials/man-care/shave-after-shave-products
Shave & After Shave Products,Skin Care,,20,https://masterapi.witheldokan.com/storage/seif-pharmacies/uploads/616410-1759153151.webp,seif_output\images\shave_after_shave_products_20.webp,True,https://seif-online.com/en/product/every-day-essentials/man-care/shave-after-shave-products
Shave & After Shave Products,Skin Care,,21,https://masterapi.witheldokan.com/storage/seif-pharmacies/uploads/370690.webp,seif_output\images\shave_after_shave_products_21.webp,True,https://seif-online.com/en/product/every-day-essentials/man-care/shave-after-shave-products
Shave & After Shave Products,Skin Care,,22,https://masterapi.witheldokan.com/storage/seif-pharmacies/uploads/369776.webp,seif_output\images\shave_after_shave_products_22.webp,True,https://seif-online.com/en/product/every-day-essentials/man-care/shave-after-shave-products
Shaving & Trimming Electronics,Skin Care,,1,https://masterapi.witheldokan.com/storage/seif-pharmacies/uploads/616151-1759394846.webp,seif_output\images\shaving_trimming_electronics_1.webp,True,https://seif-online.com/en/product/every-day-essentials/man-care/shaving-trimming-electronics
Shaving & Trimming Electronics,Skin Care,,2,https://masterapi.witheldokan.com/storage/seif-pharmacies/uploads/603883.webp,seif_output\images\shaving_trimming_electronics_2.webp,True,https://seif-online.com/en/product/every-day-essentials/man-care/shaving-trimming-electronics
Shaving & Trimming Electronics,Skin Care,,3,https://masterapi.witheldokan.com/storage/seif-pharmacies/uploads/616144-1759394732.webp,seif_output\images\shaving_trimming_electronics_3.webp,True,https://seif-online.com/en/product/every-day-essentials/man-care/shaving-trimming-electronics
Shaving & Trimming Electronics,Skin Care,,4,https://masterapi.witheldokan.com/storage/seif-pharmacies/uploads/616146-1759394757.webp,seif_output\images\shaving_trimming_electronics_4.webp,True,https://seif-online.com/en/product/every-day-essentials/man-care/shaving-trimming-electronics
Shaving & Trimming Electronics,Skin Care,,5,https://masterapi.witheldokan.com/storage/seif-pharmacies/uploads/616147-1759394790.webp,seif_output\images\shaving_trimming_electronics_5.webp,True,https://seif-online.com/en/product/every-day-essentials/man-care/shaving-trimming-electronics
Shaving & Trimming Electronics,Skin Care,,6,https://masterapi.witheldokan.com/storage/seif-pharmacies/uploads/616148-1759394677.webp,seif_output\images\shaving_trimming_electronics_6.webp,True,https://seif-online.com/en/product/every-day-essentials/man-care/shaving-trimming-electronics
Shaving & Trimming Electronics,Skin Care,,7,https://masterapi.witheldokan.com/storage/seif-pharmacies/uploads/616149-1759394704.webp,seif_output\images\shaving_trimming_electronics_7.webp,True,https://seif-online.com/en/product/every-day-essentials/man-care/shaving-trimming-electronics
Shaving & Trimming Electronics,Skin Care,,8,https://masterapi.witheldokan.com/storage/seif-pharmacies/uploads/616150-1759394654.webp,seif_output\images\shaving_trimming_electronics_8.webp,True,https://seif-online.com/en/product/every-day-essentials/man-care/shaving-trimming-electronics
Shaving & Trimming Electronics,Skin Care,,9,https://masterapi.witheldokan.com/storage/seif-pharmacies/uploads/616152-1759394821.webp,seif_output\images\shaving_trimming_electronics_9.webp,True,https://seif-online.com/en/product/every-day-essentials/man-care/shaving-trimming-electronics
Shaving & Trimming Electronics,Skin Care,,10,https://masterapi.witheldokan.com/storage/seif-pharmacies/uploads/616153-1759394622.webp,seif_output\images\shaving_trimming_electronics_10.webp,True,https://seif-online.com/en/product/every-day-essentials/man-care/shaving-trimming-electronics
Home Care&Hygienics,Skin Care,,1,https://masterapi.witheldokan.com/storage/seif-pharmacies/uploads/4219.webp,seif_output\images\home_carehygienics_1.webp,True,https://seif-online.com/en/product/every-day-essentials/general/home-carehygienics
Home Care&Hygienics,Skin Care,,2,https://masterapi.witheldokan.com/storage/seif-pharmacies/uploads/302531.webp,seif_output\images\home_carehygienics_2.webp,True,https://seif-online.com/en/product/every-day-essentials/general/home-carehygienics
Home Care&Hygienics,Skin Care,,3,https://masterapi.witheldokan.com/storage/seif-pharmacies/uploads/403163.webp,seif_output\images\home_carehygienics_3.webp,True,https://seif-online.com/en/product/every-day-essentials/general/home-carehygienics
Home Care&Hygienics,Skin Care,,4,https://masterapi.witheldokan.com/storage/seif-pharmacies/uploads/265038.webp,seif_output\images\home_carehygienics_4.webp,True,https://seif-online.com/en/product/every-day-essentials/general/home-carehygienics
Home Care&Hygienics,Skin Care,,5,https://masterapi.witheldokan.com/storage/seif-pharmacies/uploads/315872.webp,seif_output\images\home_carehygienics_5.webp,True,https://seif-online.com/en/product/every-day-essentials/general/home-carehygienics
Home Care&Hygienics,Skin Care,,6,https://masterapi.witheldokan.com/storage/seif-pharmacies/uploads/264225.webp,seif_output\images\home_carehygienics_6.webp,True,https://seif-online.com/en/product/every-day-essentials/general/home-carehygienics
Home Care&Hygienics,Skin Care,,7,https://masterapi.witheldokan.com/storage/seif-pharmacies/uploads/276752.webp,seif_output\images\home_carehygienics_7.webp,True,https://seif-online.com/en/product/every-day-essentials/general/home-carehygienics
Home Care&Hygienics,Skin Care,,8,https://masterapi.witheldokan.com/storage/seif-pharmacies/uploads/376171.webp,seif_output\images\home_carehygienics_8.webp,True,https://seif-online.com/en/product/every-day-essentials/general/home-carehygienics
Home Care&Hygienics,Skin Care,,9,https://masterapi.witheldokan.com/storage/seif-pharmacies/uploads/207371-1761467544.webp,seif_output\images\home_carehygienics_9.webp,True,https://seif-online.com/en/product/every-day-essentials/general/home-carehygienics
Home Care&Hygienics,Skin Care,,10,https://masterapi.witheldokan.com/storage/seif-pharmacies/uploads/375255.webp,seif_output\images\home_carehygienics_10.webp,True,https://seif-online.com/en/product/every-day-essentials/general/home-carehygienics
Home Care&Hygienics,Skin Care,,11,https://masterapi.witheldokan.com/storage/seif-pharmacies/uploads/4218.webp,seif_output\images\home_carehygienics_11.webp,True,https://seif-online.com/en/product/every-day-essentials/general/home-carehygienics
Home Care&Hygienics,Skin Care,,12,https://masterapi.witheldokan.com/storage/seif-pharmacies/uploads/70308.webp,seif_output\images\home_carehygienics_12.webp,True,https://seif-online.com/en/product/every-day-essentials/general/home-carehygienics
Home Care&Hygienics,Skin Care,,13,https://masterapi.witheldokan.com/storage/seif-pharmacies/uploads/60043.webp,seif_output\images\home_carehygienics_13.webp,True,https://seif-online.com/en/product/every-day-essentials/general/home-carehygienics
Elderly Care,Skin Care,,1,https://masterapi.witheldokan.com/storage/seif-pharmacies/uploads/611400.webp,seif_output\images\elderly_care_1.webp,True,https://seif-online.com/en/product/every-day-essentials/general/elderly-care
Elderly Care,Skin Care,,2,https://masterapi.witheldokan.com/storage/seif-pharmacies/uploads/134032.webp,seif_output\images\elderly_care_2.webp,True,https://seif-online.com/en/product/every-day-essentials/general/elderly-care
Elderly Care,Skin Care,,3,https://masterapi.witheldokan.com/storage/seif-pharmacies/uploads/312366.webp,seif_output\images\elderly_care_3.webp,True,https://seif-online.com/en/product/every-day-essentials/general/elderly-care
Elderly Care,Skin Care,,4,https://masterapi.witheldokan.com/storage/seif-pharmacies/uploads/611399.webp,seif_output\images\elderly_care_4.webp,True,https://seif-online.com/en/product/every-day-essentials/general/elderly-care
Elderly Care,Skin Care,,5,https://masterapi.witheldokan.com/storage/seif-pharmacies/uploads/382352.webp,seif_output\images\elderly_care_5.webp,True,https://seif-online.com/en/product/every-day-essentials/general/elderly-care
Elderly Care,Skin Care,,6,https://masterapi.witheldokan.com/storage/seif-pharmacies/uploads/107003.webp,seif_output\images\elderly_care_6.webp,True,https://seif-online.com/en/product/every-day-essentials/general/elderly-care
Elderly Care,Skin Care,,7,https://masterapi.witheldokan.com/storage/seif-pharmacies/uploads/383564.webp,seif_output\images\elderly_care_7.webp,True,https://seif-online.com/en/product/every-day-essentials/general/elderly-care
Elderly Care,Skin Care,,8,https://masterapi.witheldokan.com/storage/seif-pharmacies/uploads/107004.webp,seif_output\images\elderly_care_8.webp,True,https://seif-online.com/en/product/every-day-essentials/general/elderly-care
Elderly Care,Skin Care,,9,https://masterapi.witheldokan.com/storage/seif-pharmacies/uploads/386171.webp,seif_output\images\elderly_care_9.webp,True,https://seif-online.com/en/product/every-day-essentials/general/elderly-care
Elderly Care,Skin Care,,10,https://cdn.supercommerce.io/seif-pharmacies/uploads/615004-1768728635.webp,seif_output\images\elderly_care_10.webp,True,https://seif-online.com/en/product/every-day-essentials/general/elderly-care
Elderly Care,Skin Care,,11,https://cdn.supercommerce.io/seif-pharmacies/uploads/615008-1768732934.webp,seif_output\images\elderly_care_11.webp,True,https://seif-online.com/en/product/every-day-essentials/general/elderly-care
Elderly Care,Skin Care,,12,https://masterapi.witheldokan.com/storage/seif-pharmacies/uploads/602017.webp,seif_output\images\elderly_care_12.webp,True,https://seif-online.com/en/product/every-day-essentials/general/elderly-care
Elderly Care,Skin Care,,13,https://masterapi.witheldokan.com/storage/seif-pharmacies/uploads/611398.webp,seif_output\images\elderly_care_13.webp,True,https://seif-online.com/en/product/every-day-essentials/general/elderly-care
Elderly Care,Skin Care,,14,https://cdn.supercommerce.io/seif-pharmacies/uploads/615005-1768731733.webp,seif_output\images\elderly_care_14.webp,True,https://seif-online.com/en/product/every-day-essentials/general/elderly-care
Elderly Care,Skin Care,,15,https://cdn.supercommerce.io/seif-pharmacies/uploads/20931528-1768732795.webp,seif_output\images\elderly_care_15.webp,True,https://seif-online.com/en/product/every-day-essentials/general/elderly-care
Elderly Care,Skin Care,,16,https://cdn.supercommerce.io/seif-pharmacies/uploads/615003-1768725207.webp,seif_output\images\elderly_care_16.webp,True,https://seif-online.com/en/product/every-day-essentials/general/elderly-care
Elderly Care,Skin Care,,17,https://cdn.supercommerce.io/seif-pharmacies/uploads/615007-1768733574.webp,seif_output\images\elderly_care_17.webp,True,https://seif-online.com/en/product/every-day-essentials/general/elderly-care
Elderly Care,Skin Care,,18,https://masterapi.witheldokan.com/storage/seif-pharmacies/uploads/385773.webp,seif_output\images\elderly_care_18.webp,True,https://seif-online.com/en/product/every-day-essentials/general/elderly-care
Elderly Care,Skin Care,,19,https://masterapi.witheldokan.com/storage/seif-pharmacies/uploads/394766.webp,seif_output\images\elderly_care_19.webp,True,https://seif-online.com/en/product/every-day-essentials/general/elderly-care
Elderly Care,Skin Care,,20,https://masterapi.witheldokan.com/storage/seif-pharmacies/uploads/602058.webp,seif_output\images\elderly_care_20.webp,True,https://seif-online.com/en/product/every-day-essentials/general/elderly-care
Elderly Care,Skin Care,,21,https://masterapi.witheldokan.com/storage/seif-pharmacies/uploads/385772.webp,seif_output\images\elderly_care_21.webp,True,https://seif-online.com/en/product/every-day-essentials/general/elderly-care
Hair Treatment,Skin Care,,1,https://masterapi.witheldokan.com/storage/seif-pharmacies/uploads/602538.webp,seif_output\images\hair_treatment_1.webp,True,https://seif-online.com/en/product/hair-care/general/hair-treatment
Hair Treatment,Skin Care,,2,https://masterapi.witheldokan.com/storage/seif-pharmacies/uploads/607707.webp,seif_output\images\hair_treatment_2.webp,True,https://seif-online.com/en/product/hair-care/general/hair-treatment
Hair Treatment,Skin Care,,3,https://masterapi.witheldokan.com/storage/seif-pharmacies/uploads/319002.webp,seif_output\images\hair_treatment_3.webp,True,https://seif-online.com/en/product/hair-care/general/hair-treatment
Hair Treatment,Skin Care,,4,https://masterapi.witheldokan.com/storage/seif-pharmacies/uploads/617565-(1).webp,seif_output\images\hair_treatment_4.webp,True,https://seif-online.com/en/product/hair-care/general/hair-treatment
Hair Treatment,Skin Care,,5,https://masterapi.witheldokan.com/storage/seif-pharmacies/uploads/399409.webp,seif_output\images\hair_treatment_5.webp,True,https://seif-online.com/en/product/hair-care/general/hair-treatment
Hair Treatment,Skin Care,,6,https://masterapi.witheldokan.com/storage/seif-pharmacies/uploads/606191.webp,seif_output\images\hair_treatment_6.webp,True,https://seif-online.com/en/product/hair-care/general/hair-treatment
Hair Treatment,Skin Care,,7,https://masterapi.witheldokan.com/storage/seif-pharmacies/uploads/614745.webp,seif_output\images\hair_treatment_7.webp,True,https://seif-online.com/en/product/hair-care/general/hair-treatment
Hair Treatment,Skin Care,,8,https://masterapi.witheldokan.com/storage/seif-pharmacies/uploads/614744.webp,seif_output\images\hair_treatment_8.webp,True,https://seif-online.com/en/product/hair-care/general/hair-treatment
Hair Treatment,Skin Care,,9,https://masterapi.witheldokan.com/storage/seif-pharmacies/uploads/614746.webp,seif_output\images\hair_treatment_9.webp,True,https://seif-online.com/en/product/hair-care/general/hair-treatment
Hair Treatment,Skin Care,,10,https://masterapi.witheldokan.com/storage/seif-pharmacies/uploads/343153.webp,seif_output\images\hair_treatment_10.webp,True,https://seif-online.com/en/product/hair-care/general/hair-treatment
Hair Treatment,Skin Care,,11,https://masterapi.witheldokan.com/storage/seif-pharmacies/uploads/403906.webp,seif_output\images\hair_treatment_11.webp,True,https://seif-online.com/en/product/hair-care/general/hair-treatment
Hair Treatment,Skin Care,,12,https://masterapi.witheldokan.com/storage/seif-pharmacies/uploads/608148.webp,seif_output\images\hair_treatment_12.webp,True,https://seif-online.com/en/product/hair-care/general/hair-treatment
Hair Treatment,Skin Care,,13,https://masterapi.witheldokan.com/storage/seif-pharmacies/uploads/324581.webp,seif_output\images\hair_treatment_13.webp,True,https://seif-online.com/en/product/hair-care/general/hair-treatment
Hair Treatment,Skin Care,,14,https://masterapi.witheldokan.com/storage/seif-pharmacies/uploads/284941.webp,seif_output\images\hair_treatment_14.webp,True,https://seif-online.com/en/product/hair-care/general/hair-treatment
Hair Treatment,Skin Care,,15,https://masterapi.witheldokan.com/storage/seif-pharmacies/uploads/35676.webp,seif_output\images\hair_treatment_15.webp,True,https://seif-online.com/en/product/hair-care/general/hair-treatment
Hair Treatment,Skin Care,,16,https://masterapi.witheldokan.com/storage/seif-pharmacies/uploads/399411.webp,seif_output\images\hair_treatment_16.webp,True,https://seif-online.com/en/product/hair-care/general/hair-treatment
Hair Treatment,Skin Care,,17,https://masterapi.witheldokan.com/storage/seif-pharmacies/uploads/605343.webp,seif_output\images\hair_treatment_17.webp,True,https://seif-online.com/en/product/hair-care/general/hair-treatment
Hair Treatment,Skin Care,,18,https://masterapi.witheldokan.com/storage/seif-pharmacies/uploads/31001.webp,seif_output\images\hair_treatment_18.webp,True,https://seif-online.com/en/product/hair-care/general/hair-treatment
Hair Treatment,Skin Care,,19,https://masterapi.witheldokan.com/storage/seif-pharmacies/uploads/431206.webp,seif_output\images\hair_treatment_19.webp,True,https://seif-online.com/en/product/hair-care/general/hair-treatment
Hair Treatment,Skin Care,,20,https://masterapi.witheldokan.com/storage/seif-pharmacies/uploads/610375.webp,seif_output\images\hair_treatment_20.webp,True,https://seif-online.com/en/product/hair-care/general/hair-treatment
Hair Treatment,Skin Care,,21,https://masterapi.witheldokan.com/storage/seif-pharmacies/uploads/602239.webp,seif_output\images\hair_treatment_21.webp,True,https://seif-online.com/en/product/hair-care/general/hair-treatment
Hair Treatment,Skin Care,,22,https://masterapi.witheldokan.com/storage/seif-pharmacies/uploads/605346.webp,seif_output\images\hair_treatment_22.webp,True,https://seif-online.com/en/product/hair-care/general/hair-treatment
Hair Treatment,Skin Care,,23,https://masterapi.witheldokan.com/storage/seif-pharmacies/uploads/8063.webp,seif_output\images\hair_treatment_23.webp,True,https://seif-online.com/en/product/hair-care/general/hair-treatment
Hair Oil & Serum,Skin Care,,1,https://masterapi.witheldokan.com/storage/seif-pharmacies/uploads/612292.webp,seif_output\images\hair_oil_serum_1.webp,True,https://seif-online.com/en/product/hair-care/general/hair-oil-serum
Hair Oil & Serum,Skin Care,,2,https://cdn.supercommerce.io/seif-pharmacies/uploads/617406.webp,seif_output\images\hair_oil_serum_2.webp,True,https://seif-online.com/en/product/hair-care/general/hair-oil-serum
Hair Oil & Serum,Skin Care,,3,https://masterapi.witheldokan.com/storage/seif-pharmacies/uploads/608254.webp,seif_output\images\hair_oil_serum_3.webp,True,https://seif-online.com/en/product/hair-care/general/hair-oil-serum
Hair Oil & Serum,Skin Care,,4,https://cdn.supercommerce.io/seif-pharmacies/uploads/608815.webp,seif_output\images\hair_oil_serum_4.webp,True,https://seif-online.com/en/product/hair-care/general/hair-oil-serum
Hair Oil & Serum,Skin Care,,5,https://masterapi.witheldokan.com/storage/seif-pharmacies/uploads/608814.webp,seif_output\images\hair_oil_serum_5.webp,True,https://seif-online.com/en/product/hair-care/general/hair-oil-serum
Hair Oil & Serum,Skin Care,,6,https://masterapi.witheldokan.com/storage/seif-pharmacies/uploads/617102-1759064367.webp,seif_output\images\hair_oil_serum_6.webp,True,https://seif-online.com/en/product/hair-care/general/hair-oil-serum
Hair Oil & Serum,Skin Care,,7,https://masterapi.witheldokan.com/storage/seif-pharmacies/uploads/613301.webp,seif_output\images\hair_oil_serum_7.webp,True,https://seif-online.com/en/product/hair-care/general/hair-oil-serum
Hair Oil & Serum,Skin Care,,8,https://masterapi.witheldokan.com/storage/seif-pharmacies/uploads/606190.webp,seif_output\images\hair_oil_serum_8.webp,True,https://seif-online.com/en/product/hair-care/general/hair-oil-serum
Hair Oil & Serum,Skin Care,,9,https://masterapi.witheldokan.com/storage/seif-pharmacies/uploads/318318.webp,seif_output\images\hair_oil_serum_9.webp,True,https://seif-online.com/en/product/hair-care/general/hair-oil-serum
Hair Oil & Serum,Skin Care,,10,https://masterapi.witheldokan.com/storage/seif-pharmacies/uploads/613300.webp,seif_output\images\hair_oil_serum_10.webp,True,https://seif-online.com/en/product/hair-care/general/hair-oil-serum
Hair Oil & Serum,Skin Care,,11,https://masterapi.witheldokan.com/storage/seif-pharmacies/uploads/610814.webp,seif_output\images\hair_oil_serum_11.webp,True,https://seif-online.com/en/product/hair-care/general/hair-oil-serum
Hair Oil & Serum,Skin Care,,12,https://masterapi.witheldokan.com/storage/seif-pharmacies/uploads/610816.webp,seif_output\images\hair_oil_serum_12.webp,True,https://seif-online.com/en/product/hair-care/general/hair-oil-serum
Hair Oil & Serum,Skin Care,,13,https://masterapi.witheldokan.com/storage/seif-pharmacies/uploads/603864.webp,seif_output\images\hair_oil_serum_13.webp,True,https://seif-online.com/en/product/hair-care/general/hair-oil-serum
Hair Oil & Serum,Skin Care,,14,https://masterapi.witheldokan.com/storage/seif-pharmacies/uploads/612038.webp,seif_output\images\hair_oil_serum_14.webp,True,https://seif-online.com/en/product/hair-care/general/hair-oil-serum
Hair Oil & Serum,Skin Care,,15,https://masterapi.witheldokan.com/storage/seif-pharmacies/uploads/608785-1751962531.webp,seif_output\images\hair_oil_serum_15.webp,True,https://seif-online.com/en/product/hair-care/general/hair-oil-serum
Hair Oil & Serum,Skin Care,,16,https://masterapi.witheldokan.com/storage/seif-pharmacies/uploads/602889.webp,seif_output\images\hair_oil_serum_16.webp,True,https://seif-online.com/en/product/hair-care/general/hair-oil-serum
Hair Oil & Serum,Skin Care,,17,https://masterapi.witheldokan.com/storage/seif-pharmacies/uploads/350000.webp,seif_output\images\hair_oil_serum_17.webp,True,https://seif-online.com/en/product/hair-care/general/hair-oil-serum
Hair Oil & Serum,Skin Care,,18,https://masterapi.witheldokan.com/storage/seif-pharmacies/uploads/608253.webp,seif_output\images\hair_oil_serum_18.webp,True,https://seif-online.com/en/product/hair-care/general/hair-oil-serum
Hair Oil & Serum,Skin Care,,19,https://cdn.supercommerce.io/seif-pharmacies/uploads/611249.webp,seif_output\images\hair_oil_serum_19.webp,True,https://seif-online.com/en/product/hair-care/general/hair-oil-serum
Hair Oil & Serum,Skin Care,,20,https://masterapi.witheldokan.com/storage/seif-pharmacies/uploads/612293.webp,seif_output\images\hair_oil_serum_20.webp,True,https://seif-online.com/en/product/hair-care/general/hair-oil-serum
Hair Oil & Serum,Skin Care,,21,https://masterapi.witheldokan.com/storage/seif-pharmacies/uploads/613750-1756644521.webp,seif_output\images\hair_oil_serum_21.webp,True,https://seif-online.com/en/product/hair-care/general/hair-oil-serum
Hair Oil & Serum,Skin Care,,22,https://masterapi.witheldokan.com/storage/seif-pharmacies/uploads/403034.webp,seif_output\images\hair_oil_serum_22.webp,True,https://seif-online.com/en/product/hair-care/general/hair-oil-serum
Hair Oil & Serum,Skin Care,,23,https://masterapi.witheldokan.com/storage/seif-pharmacies/uploads/610815.webp,seif_output\images\hair_oil_serum_23.webp,True,https://seif-online.com/en/product/hair-care/general/hair-oil-serum
Hair Styling,Skin Care,,1,https://cdn.supercommerce.io/seif-pharmacies/uploads/616542.webp,seif_output\images\hair_styling_1.webp,True,https://seif-online.com/en/product/hair-care/general/hair-styling
Hair Styling,Skin Care,,2,https://masterapi.witheldokan.com/storage/seif-pharmacies/uploads/602390-1760878921.webp,seif_output\images\hair_styling_2.webp,True,https://seif-online.com/en/product/hair-care/general/hair-styling
Hair Styling,Skin Care,,3,https://masterapi.witheldokan.com/storage/seif-pharmacies/uploads/602389-1760878862.webp,seif_output\images\hair_styling_3.webp,True,https://seif-online.com/en/product/hair-care/general/hair-styling
Hair Styling,Skin Care,,4,https://cdn.supercommerce.io/seif-pharmacies/uploads/614865.webp,seif_output\images\hair_styling_4.webp,True,https://seif-online.com/en/product/hair-care/general/hair-styling
Hair Styling,Skin Care,,5,https://masterapi.witheldokan.com/storage/seif-pharmacies/uploads/318093.webp,seif_output\images\hair_styling_5.webp,True,https://seif-online.com/en/product/hair-care/general/hair-styling
Hair Styling,Skin Care,,6,https://masterapi.witheldokan.com/storage/seif-pharmacies/uploads/602392-1760878776.webp,seif_output\images\hair_styling_6.webp,True,https://seif-online.com/en/product/hair-care/general/hair-styling
Hair Styling,Skin Care,,7,https://masterapi.witheldokan.com/storage/seif-pharmacies/uploads/609306.webp,seif_output\images\hair_styling_7.webp,True,https://seif-online.com/en/product/hair-care/general/hair-styling
Hair Styling,Skin Care,,8,https://masterapi.witheldokan.com/storage/seif-pharmacies/uploads/180984-1761467194.webp,seif_output\images\hair_styling_8.webp,True,https://seif-online.com/en/product/hair-care/general/hair-styling
Hair Styling,Skin Care,,9,https://masterapi.witheldokan.com/storage/seif-pharmacies/uploads/347426.webp,seif_output\images\hair_styling_9.webp,True,https://seif-online.com/en/product/hair-care/general/hair-styling
Hair Styling,Skin Care,,10,https://masterapi.witheldokan.com/storage/seif-pharmacies/uploads/317069.webp,seif_output\images\hair_styling_10.webp,True,https://seif-online.com/en/product/hair-care/general/hair-styling
Hair Styling,Skin Care,,11,https://masterapi.witheldokan.com/storage/seif-pharmacies/uploads/616401-1759312074.webp,seif_output\images\hair_styling_11.webp,True,https://seif-online.com/en/product/hair-care/general/hair-styling
Hair Styling,Skin Care,,12,https://masterapi.witheldokan.com/storage/seif-pharmacies/uploads/57594.webp,seif_output\images\hair_styling_12.webp,True,https://seif-online.com/en/product/hair-care/general/hair-styling
Hair Styling,Skin Care,,13,https://masterapi.witheldokan.com/storage/seif-pharmacies/uploads/397012.webp,seif_output\images\hair_styling_13.webp,True,https://seif-online.com/en/product/hair-care/general/hair-styling
Hair Styling,Skin Care,,14,https://masterapi.witheldokan.com/storage/seif-pharmacies/uploads/370301.webp,seif_output\images\hair_styling_14.webp,True,https://seif-online.com/en/product/hair-care/general/hair-styling
Hair Styling,Skin Care,,15,https://cdn.supercommerce.io/seif-pharmacies/uploads/613961-1768470987.webp,seif_output\images\hair_styling_15.webp,True,https://seif-online.com/en/product/hair-care/general/hair-styling
Hair Styling,Skin Care,,16,https://masterapi.witheldokan.com/storage/seif-pharmacies/uploads/271478.webp,seif_output\images\hair_styling_16.webp,True,https://seif-online.com/en/product/hair-care/general/hair-styling
Hair Styling,Skin Care,,17,https://masterapi.witheldokan.com/storage/seif-pharmacies/uploads/609305.webp,seif_output\images\hair_styling_17.webp,True,https://seif-online.com/en/product/hair-care/general/hair-styling
Hair Styling,Skin Care,,18,https://masterapi.witheldokan.com/storage/seif-pharmacies/uploads/611194.webp,seif_output\images\hair_styling_18.webp,True,https://seif-online.com/en/product/hair-care/general/hair-styling
Hair Styling,Skin Care,,19,https://masterapi.witheldokan.com/storage/seif-pharmacies/uploads/611205.webp,seif_output\images\hair_styling_19.webp,True,https://seif-online.com/en/product/hair-care/general/hair-styling
Hair Styling,Skin Care,,20,https://masterapi.witheldokan.com/storage/seif-pharmacies/uploads/613297.webp,seif_output\images\hair_styling_20.webp,True,https://seif-online.com/en/product/hair-care/general/hair-styling
Hair Styling,Skin Care,,21,https://masterapi.witheldokan.com/storage/seif-pharmacies/uploads/614864.webp,seif_output\images\hair_styling_21.webp,True,https://seif-online.com/en/product/hair-care/general/hair-styling
Hair Styling,Skin Care,,22,https://masterapi.witheldokan.com/storage/seif-pharmacies/uploads/602393.webp,seif_output\images\hair_styling_22.webp,True,https://seif-online.com/en/product/hair-care/general/hair-styling
Hair Styling,Skin Care,,23,https://masterapi.witheldokan.com/storage/seif-pharmacies/uploads/383994.webp,seif_output\images\hair_styling_23.webp,True,https://seif-online.com/en/product/hair-care/general/hair-styling
Hair Conditioner,Skin Care,,1,https://cdn.supercommerce.io/seif-pharmacies/uploads/616541.webp,seif_output\images\hair_conditioner_1.webp,True,https://seif-online.com/en/product/hair-care/general/hair-conditioner
Hair Conditioner,Skin Care,,2,https://masterapi.witheldokan.com/storage/seif-pharmacies/uploads/615349.webp,seif_output\images\hair_conditioner_2.webp,True,https://seif-online.com/en/product/hair-care/general/hair-conditioner
Hair Conditioner,Skin Care,,3,https://masterapi.witheldokan.com/storage/seif-pharmacies/uploads/611560.webp,seif_output\images\hair_conditioner_3.webp,True,https://seif-online.com/en/product/hair-care/general/hair-conditioner
Hair Conditioner,Skin Care,,4,https://cdn.supercommerce.io/seif-pharmacies/uploads/608813.webp,seif_output\images\hair_conditioner_4.webp,True,https://seif-online.com/en/product/hair-care/general/hair-conditioner
Hair Conditioner,Skin Care,,5,https://masterapi.witheldokan.com/storage/seif-pharmacies/uploads/403032.webp,seif_output\images\hair_conditioner_5.webp,True,https://seif-online.com/en/product/hair-care/general/hair-conditioner
Hair Conditioner,Skin Care,,6,https://masterapi.witheldokan.com/storage/seif-pharmacies/uploads/602882.webp,seif_output\images\hair_conditioner_6.webp,True,https://seif-online.com/en/product/hair-care/general/hair-conditioner
Hair Conditioner,Skin Care,,7,https://masterapi.witheldokan.com/storage/seif-pharmacies/uploads/276484.webp,seif_output\images\hair_conditioner_7.webp,True,https://seif-online.com/en/product/hair-care/general/hair-conditioner
Hair Conditioner,Skin Care,,8,https://masterapi.witheldokan.com/storage/seif-pharmacies/uploads/609638.webp,seif_output\images\hair_conditioner_8.webp,True,https://seif-online.com/en/product/hair-care/general/hair-conditioner
Hair Conditioner,Skin Care,,9,https://masterapi.witheldokan.com/storage/seif-pharmacies/uploads/609642-1756017745.webp,seif_output\images\hair_conditioner_9.webp,True,https://seif-online.com/en/product/hair-care/general/hair-conditioner
Hair Conditioner,Skin Care,,10,https://masterapi.witheldokan.com/storage/seif-pharmacies/uploads/612312-1756017998.webp,seif_output\images\hair_conditioner_10.webp,True,https://seif-online.com/en/product/hair-care/general/hair-conditioner
Hair Conditioner,Skin Care,,11,https://masterapi.witheldokan.com/storage/seif-pharmacies/uploads/612313.webp,seif_output\images\hair_conditioner_11.webp,True,https://seif-online.com/en/product/hair-care/general/hair-conditioner
Hair Conditioner,Skin Care,,12,https://masterapi.witheldokan.com/storage/seif-pharmacies/uploads/54285.webp,seif_output\images\hair_conditioner_12.webp,True,https://seif-online.com/en/product/hair-care/general/hair-conditioner
Hair Conditioner,Skin Care,,13,https://masterapi.witheldokan.com/storage/seif-pharmacies/uploads/610806.webp,seif_output\images\hair_conditioner_13.webp,True,https://seif-online.com/en/product/hair-care/general/hair-conditioner
Hair Conditioner,Skin Care,,14,https://masterapi.witheldokan.com/storage/seif-pharmacies/uploads/401024.webp,seif_output\images\hair_conditioner_14.webp,True,https://seif-online.com/en/product/hair-care/general/hair-conditioner
Hair Conditioner,Skin Care,,15,https://masterapi.witheldokan.com/storage/seif-pharmacies/uploads/160480.webp,seif_output\images\hair_conditioner_15.webp,True,https://seif-online.com/en/product/hair-care/general/hair-conditioner
Hair Conditioner,Skin Care,,16,https://masterapi.witheldokan.com/storage/seif-pharmacies/uploads/276493.webp,seif_output\images\hair_conditioner_16.webp,True,https://seif-online.com/en/product/hair-care/general/hair-conditioner
Hair Conditioner,Skin Care,,17,https://masterapi.witheldokan.com/storage/seif-pharmacies/uploads/602884.webp,seif_output\images\hair_conditioner_17.webp,True,https://seif-online.com/en/product/hair-care/general/hair-conditioner
Hair Conditioner,Skin Care,,18,https://masterapi.witheldokan.com/storage/seif-pharmacies/uploads/614807-1762944010.webp,seif_output\images\hair_conditioner_18.webp,True,https://seif-online.com/en/product/hair-care/general/hair-conditioner
Hair Conditioner,Skin Care,,19,https://masterapi.witheldokan.com/storage/seif-pharmacies/uploads/302220.webp,seif_output\images\hair_conditioner_19.webp,True,https://seif-online.com/en/product/hair-care/general/hair-conditioner
Hair Conditioner,Skin Care,,20,https://masterapi.witheldokan.com/storage/seif-pharmacies/uploads/615628-1758548421.webp,seif_output\images\hair_conditioner_20.webp,True,https://seif-online.com/en/product/hair-care/general/hair-conditioner
Hair Conditioner,Skin Care,,21,https://masterapi.witheldokan.com/storage/seif-pharmacies/uploads/612757-1754398371.webp,seif_output\images\hair_conditioner_21.webp,True,https://seif-online.com/en/product/hair-care/general/hair-conditioner
Hair Conditioner,Skin Care,,22,https://masterapi.witheldokan.com/storage/seif-pharmacies/uploads/609639.webp,seif_output\images\hair_conditioner_22.webp,True,https://seif-online.com/en/product/hair-care/general/hair-conditioner
Hair Conditioner,Skin Care,,23,https://masterapi.witheldokan.com/storage/seif-pharmacies/uploads/615985.webp,seif_output\images\hair_conditioner_23.webp,True,https://seif-online.com/en/product/hair-care/general/hair-conditioner
Hair Conditioner,Skin Care,,24,https://masterapi.witheldokan.com/storage/seif-pharmacies/uploads/614806-1762943989.webp,seif_output\images\hair_conditioner_24.webp,True,https://seif-online.com/en/product/hair-care/general/hair-conditioner
Hair Colorings,Skin Care,,1,https://masterapi.witheldokan.com/storage/seif-pharmacies/uploads/61865.webp,seif_output\images\hair_colorings_1.webp,True,https://seif-online.com/en/product/hair-care/general/hair-colorings
Hair Colorings,Skin Care,,2,https://cdn.supercommerce.io/seif-pharmacies/uploads/383201.webp,seif_output\images\hair_colorings_2.webp,True,https://seif-online.com/en/product/hair-care/general/hair-colorings
Hair Colorings,Skin Care,,3,https://masterapi.witheldokan.com/storage/seif-pharmacies/uploads/94147.webp,seif_output\images\hair_colorings_3.webp,True,https://seif-online.com/en/product/hair-care/general/hair-colorings
Hair Colorings,Skin Care,,4,https://masterapi.witheldokan.com/storage/seif-pharmacies/uploads/230104-1760951528.webp,seif_output\images\hair_colorings_4.webp,True,https://seif-online.com/en/product/hair-care/general/hair-colorings
Hair Colorings,Skin Care,,5,https://masterapi.witheldokan.com/storage/seif-pharmacies/uploads/160614-1760951337.webp,seif_output\images\hair_colorings_5.webp,True,https://seif-online.com/en/product/hair-care/general/hair-colorings
Hair Colorings,Skin Care,,6,https://masterapi.witheldokan.com/storage/seif-pharmacies/uploads/48924.webp,seif_output\images\hair_colorings_6.webp,True,https://seif-online.com/en/product/hair-care/general/hair-colorings
Hair Colorings,Skin Care,,7,https://masterapi.witheldokan.com/storage/seif-pharmacies/uploads/230103-1760951505.webp,seif_output\images\hair_colorings_7.webp,True,https://seif-online.com/en/product/hair-care/general/hair-colorings
Hair Colorings,Skin Care,,8,https://masterapi.witheldokan.com/storage/seif-pharmacies/uploads/28770.webp,seif_output\images\hair_colorings_8.webp,True,https://seif-online.com/en/product/hair-care/general/hair-colorings
Hair Colorings,Skin Care,,9,https://masterapi.witheldokan.com/storage/seif-pharmacies/uploads/403024.webp,seif_output\images\hair_colorings_9.webp,True,https://seif-online.com/en/product/hair-care/general/hair-colorings
Hair Colorings,Skin Care,,10,https://masterapi.witheldokan.com/storage/seif-pharmacies/uploads/4615.webp,seif_output\images\hair_colorings_10.webp,True,https://seif-online.com/en/product/hair-care/general/hair-colorings
Hair Colorings,Skin Care,,11,https://masterapi.witheldokan.com/storage/seif-pharmacies/uploads/151767.webp,seif_output\images\hair_colorings_11.webp,True,https://seif-online.com/en/product/hair-care/general/hair-colorings
Hair Colorings,Skin Care,,12,https://masterapi.witheldokan.com/storage/seif-pharmacies/uploads/322179.webp,seif_output\images\hair_colorings_12.webp,True,https://seif-online.com/en/product/hair-care/general/hair-colorings
Hair Colorings,Skin Care,,13,https://masterapi.witheldokan.com/storage/seif-pharmacies/uploads/99062.webp,seif_output\images\hair_colorings_13.webp,True,https://seif-online.com/en/product/hair-care/general/hair-colorings
Hair Colorings,Skin Care,,14,https://masterapi.witheldokan.com/storage/seif-pharmacies/uploads/173664-1760951441.webp,seif_output\images\hair_colorings_14.webp,True,https://seif-online.com/en/product/hair-care/general/hair-colorings
Hair Colorings,Skin Care,,15,https://masterapi.witheldokan.com/storage/seif-pharmacies/uploads/403025.webp,seif_output\images\hair_colorings_15.webp,True,https://seif-online.com/en/product/hair-care/general/hair-colorings
Hair Colorings,Skin Care,,16,https://masterapi.witheldokan.com/storage/seif-pharmacies/uploads/403027.webp,seif_output\images\hair_colorings_16.webp,True,https://seif-online.com/en/product/hair-care/general/hair-colorings
Hair Colorings,Skin Care,,17,https://masterapi.witheldokan.com/storage/seif-pharmacies/uploads/304299-1760951733.webp,seif_output\images\hair_colorings_17.webp,True,https://seif-online.com/en/product/hair-care/general/hair-colorings
Hair Colorings,Skin Care,,18,https://masterapi.witheldokan.com/storage/seif-pharmacies/uploads/99061.webp,seif_output\images\hair_colorings_18.webp,True,https://seif-online.com/en/product/hair-care/general/hair-colorings
Hair Colorings,Skin Care,,19,https://masterapi.witheldokan.com/storage/seif-pharmacies/uploads/99074.webp,seif_output\images\hair_colorings_19.webp,True,https://seif-online.com/en/product/hair-care/general/hair-colorings
Hair Colorings,Skin Care,,20,https://masterapi.witheldokan.com/storage/seif-pharmacies/uploads/99077.webp,seif_output\images\hair_colorings_20.webp,True,https://seif-online.com/en/product/hair-care/general/hair-colorings
Hair Colorings,Skin Care,,21,https://masterapi.witheldokan.com/storage/seif-pharmacies/uploads/94146.webp,seif_output\images\hair_colorings_21.webp,True,https://seif-online.com/en/product/hair-care/general/hair-colorings
Hair Shampoo,Skin Care,,1,https://cdn.supercommerce.io/seif-pharmacies/uploads/616540.webp,seif_output\images\hair_shampoo_1.webp,True,https://seif-online.com/en/product/hair-care/general/hair-shampoo
Hair Shampoo,Skin Care,,2,https://cdn.supercommerce.io/seif-pharmacies/uploads/608810.webp,seif_output\images\hair_shampoo_2.webp,True,https://seif-online.com/en/product/hair-care/general/hair-shampoo
Hair Shampoo,Skin Care,,3,https://masterapi.witheldokan.com/storage/seif-pharmacies/uploads/608811.webp,seif_output\images\hair_shampoo_3.webp,True,https://seif-online.com/en/product/hair-care/general/hair-shampoo
Hair Shampoo,Skin Care,,4,https://masterapi.witheldokan.com/storage/seif-pharmacies/uploads/602880.webp,seif_output\images\hair_shampoo_4.webp,True,https://seif-online.com/en/product/hair-care/general/hair-shampoo
Hair Shampoo,Skin Care,,5,https://masterapi.witheldokan.com/storage/seif-pharmacies/uploads/383996-1763382953.webp,seif_output\images\hair_shampoo_5.webp,True,https://seif-online.com/en/product/hair-care/general/hair-shampoo
Hair Shampoo,Skin Care,,6,https://masterapi.witheldokan.com/storage/seif-pharmacies/uploads/602879.webp,seif_output\images\hair_shampoo_6.webp,True,https://seif-online.com/en/product/hair-care/general/hair-shampoo
Hair Shampoo,Skin Care,,7,https://masterapi.witheldokan.com/storage/seif-pharmacies/uploads/305264.webp,seif_output\images\hair_shampoo_7.webp,True,https://seif-online.com/en/product/hair-care/general/hair-shampoo
Hair Shampoo,Skin Care,,8,https://masterapi.witheldokan.com/storage/seif-pharmacies/uploads/602881.webp,seif_output\images\hair_shampoo_8.webp,True,https://seif-online.com/en/product/hair-care/general/hair-shampoo
Hair Shampoo,Skin Care,,9,https://masterapi.witheldokan.com/storage/seif-pharmacies/uploads/403031.webp,seif_output\images\hair_shampoo_9.webp,True,https://seif-online.com/en/product/hair-care/general/hair-shampoo
Hair Shampoo,Skin Care,,10,https://masterapi.witheldokan.com/storage/seif-pharmacies/uploads/335514.webp,seif_output\images\hair_shampoo_10.webp,True,https://seif-online.com/en/product/hair-care/general/hair-shampoo
Hair Shampoo,Skin Care,,11,https://masterapi.witheldokan.com/storage/seif-pharmacies/uploads/613299.webp,seif_output\images\hair_shampoo_11.webp,True,https://seif-online.com/en/product/hair-care/general/hair-shampoo
Hair Shampoo,Skin Care,,12,https://masterapi.witheldokan.com/storage/seif-pharmacies/uploads/403029.webp,seif_output\images\hair_shampoo_12.webp,True,https://seif-online.com/en/product/hair-care/general/hair-shampoo
Hair Shampoo,Skin Care,,13,https://masterapi.witheldokan.com/storage/seif-pharmacies/uploads/612756-1754397952.webp,seif_output\images\hair_shampoo_13.webp,True,https://seif-online.com/en/product/hair-care/general/hair-shampoo
Hair Shampoo,Skin Care,,14,https://masterapi.witheldokan.com/storage/seif-pharmacies/uploads/615629.webp,seif_output\images\hair_shampoo_14.webp,True,https://seif-online.com/en/product/hair-care/general/hair-shampoo
Hair Shampoo,Skin Care,,15,https://masterapi.witheldokan.com/storage/seif-pharmacies/uploads/615626-1754818513.webp,seif_output\images\hair_shampoo_15.webp,True,https://seif-online.com/en/product/hair-care/general/hair-shampoo
Hair Shampoo,Skin Care,,16,https://masterapi.witheldokan.com/storage/seif-pharmacies/uploads/302938.webp,seif_output\images\hair_shampoo_16.webp,True,https://seif-online.com/en/product/hair-care/general/hair-shampoo
Hair Shampoo,Skin Care,,17,https://masterapi.witheldokan.com/storage/seif-pharmacies/uploads/397112.webp,seif_output\images\hair_shampoo_17.webp,True,https://seif-online.com/en/product/hair-care/general/hair-shampoo
Hair Shampoo,Skin Care,,18,https://masterapi.witheldokan.com/storage/seif-pharmacies/uploads/397113.webp,seif_output\images\hair_shampoo_18.webp,True,https://seif-online.com/en/product/hair-care/general/hair-shampoo
Hair Shampoo,Skin Care,,19,https://masterapi.witheldokan.com/storage/seif-pharmacies/uploads/614805-1762943970.webp,seif_output\images\hair_shampoo_19.webp,True,https://seif-online.com/en/product/hair-care/general/hair-shampoo
Hair Shampoo,Skin Care,,20,https://masterapi.witheldokan.com/storage/seif-pharmacies/uploads/276476.webp,seif_output\images\hair_shampoo_20.webp,True,https://seif-online.com/en/product/hair-care/general/hair-shampoo
Hair Shampoo,Skin Care,,21,https://masterapi.witheldokan.com/storage/seif-pharmacies/uploads/615677-1758179863.webp,seif_output\images\hair_shampoo_21.webp,True,https://seif-online.com/en/product/hair-care/general/hair-shampoo
Hair Shampoo,Skin Care,,22,https://masterapi.witheldokan.com/storage/seif-pharmacies/uploads/612311-1756018054.webp,seif_output\images\hair_shampoo_22.webp,True,https://seif-online.com/en/product/hair-care/general/hair-shampoo
Hair Shampoo,Skin Care,,23,https://masterapi.witheldokan.com/storage/seif-pharmacies/uploads/276475.webp,seif_output\images\hair_shampoo_23.webp,True,https://seif-online.com/en/product/hair-care/general/hair-shampoo
Hair Shampoo,Skin Care,,24,https://masterapi.witheldokan.com/storage/seif-pharmacies/uploads/276488.webp,seif_output\images\hair_shampoo_24.webp,True,https://seif-online.com/en/product/hair-care/general/hair-shampoo
Hair Cure & Lice Treatment,Skin Care,,1,https://masterapi.witheldokan.com/storage/seif-pharmacies/uploads/608206.webp,seif_output\images\hair_cure_lice_treatment_1.webp,True,https://seif-online.com/en/product/hair-care/general/hair-cure-lice-treatment
Hair Cure & Lice Treatment,Skin Care,,2,https://cdn.supercommerce.io/seif-pharmacies/uploads/609613.webp,seif_output\images\hair_cure_lice_treatment_2.webp,True,https://seif-online.com/en/product/hair-care/general/hair-cure-lice-treatment
Hair Mask,Skin Care,,1,https://masterapi.witheldokan.com/storage/seif-pharmacies/uploads/403743.webp,seif_output\images\hair_mask_1.webp,True,https://seif-online.com/en/product/hair-care/general/hair-mask
Hair Mask,Skin Care,,2,https://cdn.supercommerce.io/seif-pharmacies/uploads/616543.webp,seif_output\images\hair_mask_2.webp,True,https://seif-online.com/en/product/hair-care/general/hair-mask
Hair Mask,Skin Care,,3,https://masterapi.witheldokan.com/storage/seif-pharmacies/uploads/614866.webp,seif_output\images\hair_mask_3.webp,True,https://seif-online.com/en/product/hair-care/general/hair-mask
Hair Mask,Skin Care,,4,https://masterapi.witheldokan.com/storage/seif-pharmacies/uploads/611901-1751962211.webp,seif_output\images\hair_mask_4.webp,True,https://seif-online.com/en/product/hair-care/general/hair-mask
Hair Mask,Skin Care,,5,https://cdn.supercommerce.io/seif-pharmacies/uploads/608812.webp,seif_output\images\hair_mask_5.webp,True,https://seif-online.com/en/product/hair-care/general/hair-mask
Hair Mask,Skin Care,,6,https://masterapi.witheldokan.com/storage/seif-pharmacies/uploads/614863.webp,seif_output\images\hair_mask_6.webp,True,https://seif-online.com/en/product/hair-care/general/hair-mask
Hair Mask,Skin Care,,7,https://masterapi.witheldokan.com/storage/seif-pharmacies/uploads/615348.webp,seif_output\images\hair_mask_7.webp,True,https://seif-online.com/en/product/hair-care/general/hair-mask
Hair Mask,Skin Care,,8,https://masterapi.witheldokan.com/storage/seif-pharmacies/uploads/613298.webp,seif_output\images\hair_mask_8.webp,True,https://seif-online.com/en/product/hair-care/general/hair-mask
Hair Mask,Skin Care,,9,https://masterapi.witheldokan.com/storage/seif-pharmacies/uploads/610809.webp,seif_output\images\hair_mask_9.webp,True,https://seif-online.com/en/product/hair-care/general/hair-mask
Hair Mask,Skin Care,,10,https://masterapi.witheldokan.com/storage/seif-pharmacies/uploads/610807.webp,seif_output\images\hair_mask_10.webp,True,https://seif-online.com/en/product/hair-care/general/hair-mask
Hair Mask,Skin Care,,11,https://masterapi.witheldokan.com/storage/seif-pharmacies/uploads/608225.webp,seif_output\images\hair_mask_11.webp,True,https://seif-online.com/en/product/hair-care/general/hair-mask
Hair Mask,Skin Care,,12,https://masterapi.witheldokan.com/storage/seif-pharmacies/uploads/602885.webp,seif_output\images\hair_mask_12.webp,True,https://seif-online.com/en/product/hair-care/general/hair-mask
Hair Mask,Skin Care,,13,https://masterapi.witheldokan.com/storage/seif-pharmacies/uploads/602887.webp,seif_output\images\hair_mask_13.webp,True,https://seif-online.com/en/product/hair-care/general/hair-mask
Hair Mask,Skin Care,,14,https://masterapi.witheldokan.com/storage/seif-pharmacies/uploads/617727-1763382615.webp,seif_output\images\hair_mask_14.webp,True,https://seif-online.com/en/product/hair-care/general/hair-mask
Hair Mask,Skin Care,,15,https://masterapi.witheldokan.com/storage/seif-pharmacies/uploads/610808.webp,seif_output\images\hair_mask_15.webp,True,https://seif-online.com/en/product/hair-care/general/hair-mask
Hair Mask,Skin Care,,16,https://masterapi.witheldokan.com/storage/seif-pharmacies/uploads/602886.webp,seif_output\images\hair_mask_16.webp,True,https://seif-online.com/en/product/hair-care/general/hair-mask
Hair Mask,Skin Care,,17,https://masterapi.witheldokan.com/storage/seif-pharmacies/uploads/614931-1759930798.webp,seif_output\images\hair_mask_17.webp,True,https://seif-online.com/en/product/hair-care/general/hair-mask
Hair Mask,Skin Care,,18,https://masterapi.witheldokan.com/storage/seif-pharmacies/uploads/382662.webp,seif_output\images\hair_mask_18.webp,True,https://seif-online.com/en/product/hair-care/general/hair-mask
Hair Mask,Skin Care,,19,https://masterapi.witheldokan.com/storage/seif-pharmacies/uploads/614749.webp,seif_output\images\hair_mask_19.webp,True,https://seif-online.com/en/product/hair-care/general/hair-mask
Hair Mask,Skin Care,,20,https://masterapi.witheldokan.com/storage/seif-pharmacies/uploads/382663.webp,seif_output\images\hair_mask_20.webp,True,https://seif-online.com/en/product/hair-care/general/hair-mask
Hair Mask,Skin Care,,21,https://masterapi.witheldokan.com/storage/seif-pharmacies/uploads/616730.webp,seif_output\images\hair_mask_21.webp,True,https://seif-online.com/en/product/hair-care/general/hair-mask
Hair Mask,Skin Care,,22,https://masterapi.witheldokan.com/storage/seif-pharmacies/uploads/614308.webp,seif_output\images\hair_mask_22.webp,True,https://seif-online.com/en/product/hair-care/general/hair-mask
Hair Mask,Skin Care,,23,https://masterapi.witheldokan.com/storage/seif-pharmacies/uploads/614750.webp,seif_output\images\hair_mask_23.webp,True,https://seif-online.com/en/product/hair-care/general/hair-mask
Condoms,Skin Care,,1,https://masterapi.witheldokan.com/storage/seif-pharmacies/uploads/161509-1756642099.jfif,seif_output\images\condoms_1.jfif,True,https://seif-online.com/en/product/sexual-health/general/condoms
Condoms,Skin Care,,2,https://masterapi.witheldokan.com/storage/seif-pharmacies/uploads/259554.webp,seif_output\images\condoms_2.webp,True,https://seif-online.com/en/product/sexual-health/general/condoms
Condoms,Skin Care,,3,https://masterapi.witheldokan.com/storage/seif-pharmacies/uploads/605007-1762944686.webp,seif_output\images\condoms_3.webp,True,https://seif-online.com/en/product/sexual-health/general/condoms
Condoms,Skin Care,,4,https://masterapi.witheldokan.com/storage/seif-pharmacies/uploads/161503-1762944575.webp,seif_output\images\condoms_4.webp,True,https://seif-online.com/en/product/sexual-health/general/condoms
Condoms,Skin Care,,5,https://masterapi.witheldokan.com/storage/seif-pharmacies/uploads/601214-1762944659.webp,seif_output\images\condoms_5.webp,True,https://seif-online.com/en/product/sexual-health/general/condoms
Condoms,Skin Care,,6,https://masterapi.witheldokan.com/storage/seif-pharmacies/uploads/161502-1762944548.webp,seif_output\images\condoms_6.webp,True,https://seif-online.com/en/product/sexual-health/general/condoms
Condoms,Skin Care,,7,https://masterapi.witheldokan.com/storage/seif-pharmacies/uploads/284762.webp,seif_output\images\condoms_7.webp,True,https://seif-online.com/en/product/sexual-health/general/condoms
Condoms,Skin Care,,8,https://masterapi.witheldokan.com/storage/seif-pharmacies/uploads/605008-1762944711.webp,seif_output\images\condoms_8.webp,True,https://seif-online.com/en/product/sexual-health/general/condoms
Condoms,Skin Care,,9,https://cdn.supercommerce.io/seif-pharmacies/uploads/60718-1773228020.webp,seif_output\images\condoms_9.webp,True,https://seif-online.com/en/product/sexual-health/general/condoms
Condoms,Skin Care,,10,https://masterapi.witheldokan.com/storage/seif-pharmacies/uploads/357442.webp,seif_output\images\condoms_10.webp,True,https://seif-online.com/en/product/sexual-health/general/condoms
Condoms,Skin Care,,11,https://cdn.supercommerce.io/seif-pharmacies/uploads/614934.webp,seif_output\images\condoms_11.webp,True,https://seif-online.com/en/product/sexual-health/general/condoms
Condoms,Skin Care,,12,https://masterapi.witheldokan.com/storage/seif-pharmacies/uploads/234923.webp,seif_output\images\condoms_12.webp,True,https://seif-online.com/en/product/sexual-health/general/condoms
Condoms,Skin Care,,13,https://cdn.supercommerce.io/seif-pharmacies/uploads/60716-1773227573.webp,seif_output\images\condoms_13.webp,True,https://seif-online.com/en/product/sexual-health/general/condoms
Condoms,Skin Care,,14,https://masterapi.witheldokan.com/storage/seif-pharmacies/uploads/357443.webp,seif_output\images\condoms_14.webp,True,https://seif-online.com/en/product/sexual-health/general/condoms
Condoms,Skin Care,,15,https://masterapi.witheldokan.com/storage/seif-pharmacies/uploads/601209-1762944603.webp,seif_output\images\condoms_15.webp,True,https://seif-online.com/en/product/sexual-health/general/condoms
Condoms,Skin Care,,16,https://cdn.supercommerce.io/seif-pharmacies/uploads/300689-1773231047.webp,seif_output\images\condoms_16.webp,True,https://seif-online.com/en/product/sexual-health/general/condoms
Condoms,Skin Care,,17,https://cdn.supercommerce.io/seif-pharmacies/uploads/357255-1772881798.webp,seif_output\images\condoms_17.webp,True,https://seif-online.com/en/product/sexual-health/general/condoms
Condoms,Skin Care,,18,https://cdn.supercommerce.io/seif-pharmacies/uploads/196200-1773228177.webp,seif_output\images\condoms_18.webp,True,https://seif-online.com/en/product/sexual-health/general/condoms
Condoms,Skin Care,,19,https://cdn.supercommerce.io/seif-pharmacies/uploads/618446-1773313610.webp,seif_output\images\condoms_19.webp,True,https://seif-online.com/en/product/sexual-health/general/condoms
Condoms,Skin Care,,20,https://cdn.supercommerce.io/seif-pharmacies/uploads/618448-1773313718.webp,seif_output\images\condoms_20.webp,True,https://seif-online.com/en/product/sexual-health/general/condoms
Condoms,Skin Care,,21,https://cdn.supercommerce.io/seif-pharmacies/uploads/618397-1773313509.webp,seif_output\images\condoms_21.webp,True,https://seif-online.com/en/product/sexual-health/general/condoms
Condoms,Skin Care,,22,https://masterapi.witheldokan.com/storage/seif-pharmacies/uploads/58431.webp,seif_output\images\condoms_22.webp,True,https://seif-online.com/en/product/sexual-health/general/condoms
Condoms,Skin Care,,23,https://cdn.supercommerce.io/seif-pharmacies/uploads/357253-1772881616.webp,seif_output\images\condoms_23.webp,True,https://seif-online.com/en/product/sexual-health/general/condoms
Condoms,Skin Care,,24,https://cdn.supercommerce.io/seif-pharmacies/uploads/616603-1772881976.webp,seif_output\images\condoms_24.webp,True,https://seif-online.com/en/product/sexual-health/general/condoms
Male Sexual Tonics,Skin Care,,1,https://masterapi.witheldokan.com/storage/seif-pharmacies/uploads/277889.webp,seif_output\images\male_sexual_tonics_1.webp,True,https://seif-online.com/en/product/sexual-health/general/male-sexual-tonics
Male Sexual Tonics,Skin Care,,2,https://masterapi.witheldokan.com/storage/seif-pharmacies/uploads/57562.webp,seif_output\images\male_sexual_tonics_2.webp,True,https://seif-online.com/en/product/sexual-health/general/male-sexual-tonics
Male Sexual Tonics,Skin Care,,3,https://masterapi.witheldokan.com/storage/seif-pharmacies/uploads/612933.webp,seif_output\images\male_sexual_tonics_3.webp,True,https://seif-online.com/en/product/sexual-health/general/male-sexual-tonics
Male Sexual Tonics,Skin Care,,4,https://masterapi.witheldokan.com/storage/seif-pharmacies/uploads/85731.webp,seif_output\images\male_sexual_tonics_4.webp,True,https://seif-online.com/en/product/sexual-health/general/male-sexual-tonics
Male Sexual Tonics,Skin Care,,5,https://masterapi.witheldokan.com/storage/seif-pharmacies/uploads/383424.webp,seif_output\images\male_sexual_tonics_5.webp,True,https://seif-online.com/en/product/sexual-health/general/male-sexual-tonics
Male Sexual Tonics,Skin Care,,6,https://masterapi.witheldokan.com/storage/seif-pharmacies/uploads/608819.webp,seif_output\images\male_sexual_tonics_6.webp,True,https://seif-online.com/en/product/sexual-health/general/male-sexual-tonics
Male Sexual Tonics,Skin Care,,7,https://masterapi.witheldokan.com/storage/seif-pharmacies/uploads/610263.webp,seif_output\images\male_sexual_tonics_7.webp,True,https://seif-online.com/en/product/sexual-health/general/male-sexual-tonics
Male Sexual Tonics,Skin Care,,8,https://masterapi.witheldokan.com/storage/seif-pharmacies/uploads/228378.webp,seif_output\images\male_sexual_tonics_8.webp,True,https://seif-online.com/en/product/sexual-health/general/male-sexual-tonics
Male Sexual Tonics,Skin Care,,9,https://masterapi.witheldokan.com/storage/seif-pharmacies/uploads/617341-1762262538.webp,seif_output\images\male_sexual_tonics_9.webp,True,https://seif-online.com/en/product/sexual-health/general/male-sexual-tonics
Male Sexual Tonics,Skin Care,,10,https://masterapi.witheldokan.com/storage/seif-pharmacies/uploads/389950.webp,seif_output\images\male_sexual_tonics_10.webp,True,https://seif-online.com/en/product/sexual-health/general/male-sexual-tonics
Male Sexual Tonics,Skin Care,,11,https://masterapi.witheldokan.com/storage/seif-pharmacies/uploads/16324.webp,seif_output\images\male_sexual_tonics_11.webp,True,https://seif-online.com/en/product/sexual-health/general/male-sexual-tonics
Male Sexual Tonics,Skin Care,,12,https://masterapi.witheldokan.com/storage/seif-pharmacies/uploads/373674.webp,seif_output\images\male_sexual_tonics_12.webp,True,https://seif-online.com/en/product/sexual-health/general/male-sexual-tonics
Male Sexual Tonics,Skin Care,,13,https://cdn.supercommerce.io/seif-pharmacies/uploads/616689-1773232228.webp,seif_output\images\male_sexual_tonics_13.webp,True,https://seif-online.com/en/product/sexual-health/general/male-sexual-tonics
Male Sexual Tonics,Skin Care,,14,https://masterapi.witheldokan.com/storage/seif-pharmacies/uploads/383134.webp,seif_output\images\male_sexual_tonics_14.webp,True,https://seif-online.com/en/product/sexual-health/general/male-sexual-tonics
Male Sexual Tonics,Skin Care,,15,https://masterapi.witheldokan.com/storage/seif-pharmacies/uploads/373535.webp,seif_output\images\male_sexual_tonics_15.webp,True,https://seif-online.com/en/product/sexual-health/general/male-sexual-tonics
Male Sexual Tonics,Skin Care,,16,https://masterapi.witheldokan.com/storage/seif-pharmacies/uploads/615560-1762855328.webp,seif_output\images\male_sexual_tonics_16.webp,True,https://seif-online.com/en/product/sexual-health/general/male-sexual-tonics
Male Sexual Tonics,Skin Care,,17,https://masterapi.witheldokan.com/storage/seif-pharmacies/uploads/615125-1756642155.jfif,seif_output\images\male_sexual_tonics_17.jfif,True,https://seif-online.com/en/product/sexual-health/general/male-sexual-tonics
Male Sexual Tonics,Skin Care,,18,https://masterapi.witheldokan.com/storage/seif-pharmacies/uploads/317794.webp,seif_output\images\male_sexual_tonics_18.webp,True,https://seif-online.com/en/product/sexual-health/general/male-sexual-tonics
Male Sexual Tonics,Skin Care,,19,https://masterapi.witheldokan.com/storage/seif-pharmacies/uploads/340057.webp,seif_output\images\male_sexual_tonics_19.webp,True,https://seif-online.com/en/product/sexual-health/general/male-sexual-tonics
Male Sexual Tonics,Skin Care,,20,https://masterapi.witheldokan.com/storage/seif-pharmacies/uploads/301490.webp,seif_output\images\male_sexual_tonics_20.webp,True,https://seif-online.com/en/product/sexual-health/general/male-sexual-tonics
Male Sexual Tonics,Skin Care,,21,https://masterapi.witheldokan.com/storage/seif-pharmacies/uploads/612812.webp,seif_output\images\male_sexual_tonics_21.webp,True,https://seif-online.com/en/product/sexual-health/general/male-sexual-tonics
Male Sexual Tonics,Skin Care,,22,https://masterapi.witheldokan.com/storage/seif-pharmacies/uploads/378028.webp,seif_output\images\male_sexual_tonics_22.webp,True,https://seif-online.com/en/product/sexual-health/general/male-sexual-tonics
Male Sexual Tonics,Skin Care,,23,https://cdn.supercommerce.io/seif-pharmacies/uploads/616690-1773232150.webp,seif_output\images\male_sexual_tonics_23.webp,True,https://seif-online.com/en/product/sexual-health/general/male-sexual-tonics
Lubricants & Moisturizers,Skin Care,,1,https://masterapi.witheldokan.com/storage/seif-pharmacies/uploads/90387.webp,seif_output\images\lubricants_moisturizers_1.webp,True,https://seif-online.com/en/product/sexual-health/general/lubricants-moisturizers
Lubricants & Moisturizers,Skin Care,,2,https://masterapi.witheldokan.com/storage/seif-pharmacies/uploads/300507.webp,seif_output\images\lubricants_moisturizers_2.webp,True,https://seif-online.com/en/product/sexual-health/general/lubricants-moisturizers
Lubricants & Moisturizers,Skin Care,,3,https://masterapi.witheldokan.com/storage/seif-pharmacies/uploads/300505.webp,seif_output\images\lubricants_moisturizers_3.webp,True,https://seif-online.com/en/product/sexual-health/general/lubricants-moisturizers
Lubricants & Moisturizers,Skin Care,,4,https://masterapi.witheldokan.com/storage/seif-pharmacies/uploads/614229-1756643115.jfif,seif_output\images\lubricants_moisturizers_4.jfif,True,https://seif-online.com/en/product/sexual-health/general/lubricants-moisturizers
Lubricants & Moisturizers,Skin Care,,5,https://masterapi.witheldokan.com/storage/seif-pharmacies/uploads/614228-1756643174.jfif,seif_output\images\lubricants_moisturizers_5.jfif,True,https://seif-online.com/en/product/sexual-health/general/lubricants-moisturizers
Lubricants & Moisturizers,Skin Care,,6,https://masterapi.witheldokan.com/storage/seif-pharmacies/uploads/614230-1756643230.jfif,seif_output\images\lubricants_moisturizers_6.jfif,True,https://seif-online.com/en/product/sexual-health/general/lubricants-moisturizers
Lubricants & Moisturizers,Skin Care,,7,https://masterapi.witheldokan.com/storage/seif-pharmacies/uploads/614227-1756643022.jfif,seif_output\images\lubricants_moisturizers_7.jfif,True,https://seif-online.com/en/product/sexual-health/general/lubricants-moisturizers
Lubricants & Moisturizers,Skin Care,,8,https://masterapi.witheldokan.com/storage/seif-pharmacies/uploads/327402.webp,seif_output\images\lubricants_moisturizers_8.webp,True,https://seif-online.com/en/product/sexual-health/general/lubricants-moisturizers
Lubricants & Moisturizers,Skin Care,,9,https://masterapi.witheldokan.com/storage/seif-pharmacies/uploads/383948.webp,seif_output\images\lubricants_moisturizers_9.webp,True,https://seif-online.com/en/product/sexual-health/general/lubricants-moisturizers
Lubricants & Moisturizers,Skin Care,,10,https://masterapi.witheldokan.com/storage/seif-pharmacies/uploads/259775.webp,seif_output\images\lubricants_moisturizers_10.webp,True,https://seif-online.com/en/product/sexual-health/general/lubricants-moisturizers
Lubricants & Moisturizers,Skin Care,,11,https://masterapi.witheldokan.com/storage/seif-pharmacies/uploads/338660.webp,seif_output\images\lubricants_moisturizers_11.webp,True,https://seif-online.com/en/product/sexual-health/general/lubricants-moisturizers
Lubricants & Moisturizers,Skin Care,,12,https://masterapi.witheldokan.com/storage/seif-pharmacies/uploads/202926.webp,seif_output\images\lubricants_moisturizers_12.webp,True,https://seif-online.com/en/product/sexual-health/general/lubricants-moisturizers
Lubricants & Moisturizers,Skin Care,,13,https://masterapi.witheldokan.com/storage/seif-pharmacies/uploads/338659.webp,seif_output\images\lubricants_moisturizers_13.webp,True,https://seif-online.com/en/product/sexual-health/general/lubricants-moisturizers
Lubricants & Moisturizers,Skin Care,,14,https://masterapi.witheldokan.com/storage/seif-pharmacies/uploads/218320.webp,seif_output\images\lubricants_moisturizers_14.webp,True,https://seif-online.com/en/product/sexual-health/general/lubricants-moisturizers
Lubricants & Moisturizers,Skin Care,,15,https://masterapi.witheldokan.com/storage/seif-pharmacies/uploads/393760.webp,seif_output\images\lubricants_moisturizers_15.webp,True,https://seif-online.com/en/product/sexual-health/general/lubricants-moisturizers
Lubricants & Moisturizers,Skin Care,,16,https://masterapi.witheldokan.com/storage/seif-pharmacies/uploads/393763.webp,seif_output\images\lubricants_moisturizers_16.webp,True,https://seif-online.com/en/product/sexual-health/general/lubricants-moisturizers
Lubricants & Moisturizers,Skin Care,,17,https://masterapi.witheldokan.com/storage/seif-pharmacies/uploads/3054.webp,seif_output\images\lubricants_moisturizers_17.webp,True,https://seif-online.com/en/product/sexual-health/general/lubricants-moisturizers
Lubricants & Moisturizers,Skin Care,,18,https://masterapi.witheldokan.com/storage/seif-pharmacies/uploads/310564.webp,seif_output\images\lubricants_moisturizers_18.webp,True,https://seif-online.com/en/product/sexual-health/general/lubricants-moisturizers
Lubricants & Moisturizers,Skin Care,,19,https://masterapi.witheldokan.com/storage/seif-pharmacies/uploads/348209.webp,seif_output\images\lubricants_moisturizers_19.webp,True,https://seif-online.com/en/product/sexual-health/general/lubricants-moisturizers
Lubricants & Moisturizers,Skin Care,,20,https://masterapi.witheldokan.com/storage/seif-pharmacies/uploads/357923.webp,seif_output\images\lubricants_moisturizers_20.webp,True,https://seif-online.com/en/product/sexual-health/general/lubricants-moisturizers
Lubricants & Moisturizers,Skin Care,,21,https://masterapi.witheldokan.com/storage/seif-pharmacies/uploads/357927.webp,seif_output\images\lubricants_moisturizers_21.webp,True,https://seif-online.com/en/product/sexual-health/general/lubricants-moisturizers
Lubricants & Moisturizers,Skin Care,,22,https://masterapi.witheldokan.com/storage/seif-pharmacies/uploads/362149.webp,seif_output\images\lubricants_moisturizers_22.webp,True,https://seif-online.com/en/product/sexual-health/general/lubricants-moisturizers
Lubricants & Moisturizers,Skin Care,,23,https://masterapi.witheldokan.com/storage/seif-pharmacies/uploads/393758.webp,seif_output\images\lubricants_moisturizers_23.webp,True,https://seif-online.com/en/product/sexual-health/general/lubricants-moisturizers
Contraceptives,Skin Care,,1,https://masterapi.witheldokan.com/storage/seif-pharmacies/uploads/1984.webp,seif_output\images\contraceptives_1.webp,True,https://seif-online.com/en/product/sexual-health/general/contraceptives
Contraceptives,Skin Care,,2,https://masterapi.witheldokan.com/storage/seif-pharmacies/uploads/98205.webp,seif_output\images\contraceptives_2.webp,True,https://seif-online.com/en/product/sexual-health/general/contraceptives
Contraceptives,Skin Care,,3,https://masterapi.witheldokan.com/storage/seif-pharmacies/uploads/336979.webp,seif_output\images\contraceptives_3.webp,True,https://seif-online.com/en/product/sexual-health/general/contraceptives
Contraceptives,Skin Care,,4,https://masterapi.witheldokan.com/storage/seif-pharmacies/uploads/363100.webp,seif_output\images\contraceptives_4.webp,True,https://seif-online.com/en/product/sexual-health/general/contraceptives
Contraceptives,Skin Care,,5,https://masterapi.witheldokan.com/storage/seif-pharmacies/uploads/606350.webp,seif_output\images\contraceptives_5.webp,True,https://seif-online.com/en/product/sexual-health/general/contraceptives
Contraceptives,Skin Care,,6,https://masterapi.witheldokan.com/storage/seif-pharmacies/uploads/250915.webp,seif_output\images\contraceptives_6.webp,True,https://seif-online.com/en/product/sexual-health/general/contraceptives
Contraceptives,Skin Care,,7,https://masterapi.witheldokan.com/storage/seif-pharmacies/uploads/385052.webp,seif_output\images\contraceptives_7.webp,True,https://seif-online.com/en/product/sexual-health/general/contraceptives
Contraceptives,Skin Care,,8,https://masterapi.witheldokan.com/storage/seif-pharmacies/uploads/345688.webp,seif_output\images\contraceptives_8.webp,True,https://seif-online.com/en/product/sexual-health/general/contraceptives
Contraceptives,Skin Care,,9,https://masterapi.witheldokan.com/storage/seif-pharmacies/uploads/608816.webp,seif_output\images\contraceptives_9.webp,True,https://seif-online.com/en/product/sexual-health/general/contraceptives
Contraceptives,Skin Care,,10,https://masterapi.witheldokan.com/storage/seif-pharmacies/uploads/390033.webp,seif_output\images\contraceptives_10.webp,True,https://seif-online.com/en/product/sexual-health/general/contraceptives
Contraceptives,Skin Care,,11,https://masterapi.witheldokan.com/storage/seif-pharmacies/uploads/401468.webp,seif_output\images\contraceptives_11.webp,True,https://seif-online.com/en/product/sexual-health/general/contraceptives
Contraceptives,Skin Care,,12,https://masterapi.witheldokan.com/storage/seif-pharmacies/uploads/383917-1756631916.jfif,seif_output\images\contraceptives_12.jfif,True,https://seif-online.com/en/product/sexual-health/general/contraceptives
Contraceptives,Skin Care,,13,https://masterapi.witheldokan.com/storage/seif-pharmacies/uploads/383922.webp,seif_output\images\contraceptives_13.webp,True,https://seif-online.com/en/product/sexual-health/general/contraceptives
Contraceptives,Skin Care,,14,https://masterapi.witheldokan.com/storage/seif-pharmacies/uploads/181790.webp,seif_output\images\contraceptives_14.webp,True,https://seif-online.com/en/product/sexual-health/general/contraceptives
Contraceptives,Skin Care,,15,https://masterapi.witheldokan.com/storage/seif-pharmacies/uploads/313299.webp,seif_output\images\contraceptives_15.webp,True,https://seif-online.com/en/product/sexual-health/general/contraceptives
Contraceptives,Skin Care,,16,https://masterapi.witheldokan.com/storage/seif-pharmacies/uploads/367836.webp,seif_output\images\contraceptives_16.webp,True,https://seif-online.com/en/product/sexual-health/general/contraceptives
Contraceptives,Skin Care,,17,https://masterapi.witheldokan.com/storage/seif-pharmacies/uploads/384415.webp,seif_output\images\contraceptives_17.webp,True,https://seif-online.com/en/product/sexual-health/general/contraceptives
Contraceptives,Skin Care,,18,https://cdn.supercommerce.io/seif-pharmacies/uploads/602774-1770723962.webp,seif_output\images\contraceptives_18.webp,True,https://seif-online.com/en/product/sexual-health/general/contraceptives
Contraceptives,Skin Care,,19,https://masterapi.witheldokan.com/storage/seif-pharmacies/uploads/609489.webp,seif_output\images\contraceptives_19.webp,True,https://seif-online.com/en/product/sexual-health/general/contraceptives
Contraceptives,Skin Care,,20,https://masterapi.witheldokan.com/storage/seif-pharmacies/uploads/1944.webp,seif_output\images\contraceptives_20.webp,True,https://seif-online.com/en/product/sexual-health/general/contraceptives
Contraceptives,Skin Care,,21,https://masterapi.witheldokan.com/storage/seif-pharmacies/uploads/167417.webp,seif_output\images\contraceptives_21.webp,True,https://seif-online.com/en/product/sexual-health/general/contraceptives
Contraceptives,Skin Care,,22,https://masterapi.witheldokan.com/storage/seif-pharmacies/uploads/299324.webp,seif_output\images\contraceptives_22.webp,True,https://seif-online.com/en/product/sexual-health/general/contraceptives
Contraceptives,Skin Care,,23,https://masterapi.witheldokan.com/storage/seif-pharmacies/uploads/377541.webp,seif_output\images\contraceptives_23.webp,True,https://seif-online.com/en/product/sexual-health/general/contraceptives
Contraceptives,Skin Care,,24,https://masterapi.witheldokan.com/storage/seif-pharmacies/uploads/378708.webp,seif_output\images\contraceptives_24.webp,True,https://seif-online.com/en/product/sexual-health/general/contraceptives
Nebulizer & Accessories,Skin Care,,1,https://masterapi.witheldokan.com/storage/seif-pharmacies/uploads/215917.webp,seif_output\images\nebulizer_accessories_1.webp,True,https://seif-online.com/en/product/medical-equipment-supplies/general/nebulizer-accessories
Nebulizer & Accessories,Skin Care,,2,https://masterapi.witheldokan.com/storage/seif-pharmacies/uploads/616502-1759153076.webp,seif_output\images\nebulizer_accessories_2.webp,True,https://seif-online.com/en/product/medical-equipment-supplies/general/nebulizer-accessories
Nebulizer & Accessories,Skin Care,,3,https://masterapi.witheldokan.com/storage/seif-pharmacies/uploads/610209.webp,seif_output\images\nebulizer_accessories_3.webp,True,https://seif-online.com/en/product/medical-equipment-supplies/general/nebulizer-accessories
Nebulizer & Accessories,Skin Care,,4,https://masterapi.witheldokan.com/storage/seif-pharmacies/uploads/610208.webp,seif_output\images\nebulizer_accessories_4.webp,True,https://seif-online.com/en/product/medical-equipment-supplies/general/nebulizer-accessories
Nebulizer & Accessories,Skin Care,,5,https://masterapi.witheldokan.com/storage/seif-pharmacies/uploads/322833.webp,seif_output\images\nebulizer_accessories_5.webp,True,https://seif-online.com/en/product/medical-equipment-supplies/general/nebulizer-accessories
Nebulizer & Accessories,Skin Care,,6,https://masterapi.witheldokan.com/storage/seif-pharmacies/uploads/614362-1760271080.webp,seif_output\images\nebulizer_accessories_6.webp,True,https://seif-online.com/en/product/medical-equipment-supplies/general/nebulizer-accessories
Nebulizer & Accessories,Skin Care,,7,https://masterapi.witheldokan.com/storage/seif-pharmacies/uploads/610210.webp,seif_output\images\nebulizer_accessories_7.webp,True,https://seif-online.com/en/product/medical-equipment-supplies/general/nebulizer-accessories
Nebulizer & Accessories,Skin Care,,8,https://masterapi.witheldokan.com/storage/seif-pharmacies/uploads/321314.webp,seif_output\images\nebulizer_accessories_8.webp,True,https://seif-online.com/en/product/medical-equipment-supplies/general/nebulizer-accessories
Nebulizer & Accessories,Skin Care,,9,https://masterapi.witheldokan.com/storage/seif-pharmacies/uploads/49142.webp,seif_output\images\nebulizer_accessories_9.webp,True,https://seif-online.com/en/product/medical-equipment-supplies/general/nebulizer-accessories
Nebulizer & Accessories,Skin Care,,10,https://masterapi.witheldokan.com/storage/seif-pharmacies/uploads/395092.webp,seif_output\images\nebulizer_accessories_10.webp,True,https://seif-online.com/en/product/medical-equipment-supplies/general/nebulizer-accessories
First Aid & Disposables,Skin Care,,1,https://masterapi.witheldokan.com/storage/seif-pharmacies/uploads/5.webp,seif_output\images\first_aid_disposables_1.webp,True,https://seif-online.com/en/product/medical-equipment-supplies/general/first-aid-disposables
First Aid & Disposables,Skin Care,,2,https://masterapi.witheldokan.com/storage/seif-pharmacies/uploads/10.webp,seif_output\images\first_aid_disposables_2.webp,True,https://seif-online.com/en/product/medical-equipment-supplies/general/first-aid-disposables
First Aid & Disposables,Skin Care,,3,https://masterapi.witheldokan.com/storage/seif-pharmacies/uploads/387630.webp,seif_output\images\first_aid_disposables_3.webp,True,https://seif-online.com/en/product/medical-equipment-supplies/general/first-aid-disposables
First Aid & Disposables,Skin Care,,4,https://masterapi.witheldokan.com/storage/seif-pharmacies/uploads/396366.webp,seif_output\images\first_aid_disposables_4.webp,True,https://seif-online.com/en/product/medical-equipment-supplies/general/first-aid-disposables
First Aid & Disposables,Skin Care,,5,https://masterapi.witheldokan.com/storage/seif-pharmacies/uploads/396362.webp,seif_output\images\first_aid_disposables_5.webp,True,https://seif-online.com/en/product/medical-equipment-supplies/general/first-aid-disposables
First Aid & Disposables,Skin Care,,6,https://masterapi.witheldokan.com/storage/seif-pharmacies/uploads/396369.webp,seif_output\images\first_aid_disposables_6.webp,True,https://seif-online.com/en/product/medical-equipment-supplies/general/first-aid-disposables
First Aid & Disposables,Skin Care,,7,https://masterapi.witheldokan.com/storage/seif-pharmacies/uploads/3.webp,seif_output\images\first_aid_disposables_7.webp,True,https://seif-online.com/en/product/medical-equipment-supplies/general/first-aid-disposables
First Aid & Disposables,Skin Care,,8,https://masterapi.witheldokan.com/storage/seif-pharmacies/uploads/396372.webp,seif_output\images\first_aid_disposables_8.webp,True,https://seif-online.com/en/product/medical-equipment-supplies/general/first-aid-disposables
First Aid & Disposables,Skin Care,,9,https://masterapi.witheldokan.com/storage/seif-pharmacies/uploads/149225.webp,seif_output\images\first_aid_disposables_9.webp,True,https://seif-online.com/en/product/medical-equipment-supplies/general/first-aid-disposables
First Aid & Disposables,Skin Care,,10,https://masterapi.witheldokan.com/storage/seif-pharmacies/uploads/388717.webp,seif_output\images\first_aid_disposables_10.webp,True,https://seif-online.com/en/product/medical-equipment-supplies/general/first-aid-disposables
Medical Supplies,Skin Care,,1,https://masterapi.witheldokan.com/storage/seif-pharmacies/uploads/8819.webp,seif_output\images\medical_supplies_1.webp,True,https://seif-online.com/en/product/medical-equipment-supplies/general/medical-supplies
Medical Supplies,Skin Care,,2,https://masterapi.witheldokan.com/storage/seif-pharmacies/uploads/614544-1759929403.webp,seif_output\images\medical_supplies_2.webp,True,https://seif-online.com/en/product/medical-equipment-supplies/general/medical-supplies
Medical Supplies,Skin Care,,3,https://masterapi.witheldokan.com/storage/seif-pharmacies/uploads/612893.webp,seif_output\images\medical_supplies_3.webp,True,https://seif-online.com/en/product/medical-equipment-supplies/general/medical-supplies
Medical Supplies,Skin Care,,4,https://masterapi.witheldokan.com/storage/seif-pharmacies/uploads/612894.webp,seif_output\images\medical_supplies_4.webp,True,https://seif-online.com/en/product/medical-equipment-supplies/general/medical-supplies
Medical Supplies,Skin Care,,5,https://masterapi.witheldokan.com/storage/seif-pharmacies/uploads/612895.webp,seif_output\images\medical_supplies_5.webp,True,https://seif-online.com/en/product/medical-equipment-supplies/general/medical-supplies
Medical Supplies,Skin Care,,6,https://masterapi.witheldokan.com/storage/seif-pharmacies/uploads/612892.webp,seif_output\images\medical_supplies_6.webp,True,https://seif-online.com/en/product/medical-equipment-supplies/general/medical-supplies
Medical Supplies,Skin Care,,7,https://masterapi.witheldokan.com/storage/seif-pharmacies/uploads/613031.webp,seif_output\images\medical_supplies_7.webp,True,https://seif-online.com/en/product/medical-equipment-supplies/general/medical-supplies
Medical Supplies,Skin Care,,8,https://masterapi.witheldokan.com/storage/seif-pharmacies/uploads/612897.webp,seif_output\images\medical_supplies_8.webp,True,https://seif-online.com/en/product/medical-equipment-supplies/general/medical-supplies
Medical Supplies,Skin Care,,9,https://masterapi.witheldokan.com/storage/seif-pharmacies/uploads/616500-1759152869.webp,seif_output\images\medical_supplies_9.webp,True,https://seif-online.com/en/product/medical-equipment-supplies/general/medical-supplies
Medical Supplies,Skin Care,,10,https://masterapi.witheldokan.com/storage/seif-pharmacies/uploads/613030.webp,seif_output\images\medical_supplies_10.webp,True,https://seif-online.com/en/product/medical-equipment-supplies/general/medical-supplies
Medical Supplies,Skin Care,,11,https://masterapi.witheldokan.com/storage/seif-pharmacies/uploads/616501-1759152898.webp,seif_output\images\medical_supplies_11.webp,True,https://seif-online.com/en/product/medical-equipment-supplies/general/medical-supplies
Medical Supplies,Skin Care,,12,https://masterapi.witheldokan.com/storage/seif-pharmacies/uploads/613032.webp,seif_output\images\medical_supplies_12.webp,True,https://seif-online.com/en/product/medical-equipment-supplies/general/medical-supplies
Medical Supplies,Skin Care,,13,https://masterapi.witheldokan.com/storage/seif-pharmacies/uploads/386327.webp,seif_output\images\medical_supplies_13.webp,True,https://seif-online.com/en/product/medical-equipment-supplies/general/medical-supplies
Thermometers,Skin Care,,1,https://masterapi.witheldokan.com/storage/seif-pharmacies/uploads/31218.webp,seif_output\images\thermometers_1.webp,True,https://seif-online.com/en/product/medical-equipment-supplies/general/thermometers
Thermometers,Skin Care,,2,https://masterapi.witheldokan.com/storage/seif-pharmacies/uploads/102146.webp,seif_output\images\thermometers_2.webp,True,https://seif-online.com/en/product/medical-equipment-supplies/general/thermometers
Thermometers,Skin Care,,3,https://masterapi.witheldokan.com/storage/seif-pharmacies/uploads/68555.webp,seif_output\images\thermometers_3.webp,True,https://seif-online.com/en/product/medical-equipment-supplies/general/thermometers
Thermometers,Skin Care,,4,https://masterapi.witheldokan.com/storage/seif-pharmacies/uploads/159269.webp,seif_output\images\thermometers_4.webp,True,https://seif-online.com/en/product/medical-equipment-supplies/general/thermometers
Thermometers,Skin Care,,5,https://masterapi.witheldokan.com/storage/seif-pharmacies/uploads/395888.webp,seif_output\images\thermometers_5.webp,True,https://seif-online.com/en/product/medical-equipment-supplies/general/thermometers
Thermometers,Skin Care,,6,https://masterapi.witheldokan.com/storage/seif-pharmacies/uploads/395886.webp,seif_output\images\thermometers_6.webp,True,https://seif-online.com/en/product/medical-equipment-supplies/general/thermometers
Thermometers,Skin Care,,7,https://masterapi.witheldokan.com/storage/seif-pharmacies/uploads/388303.webp,seif_output\images\thermometers_7.webp,True,https://seif-online.com/en/product/medical-equipment-supplies/general/thermometers
Thermometers,Skin Care,,8,https://masterapi.witheldokan.com/storage/seif-pharmacies/uploads/88660.webp,seif_output\images\thermometers_8.webp,True,https://seif-online.com/en/product/medical-equipment-supplies/general/thermometers
Thermometers,Skin Care,,9,https://masterapi.witheldokan.com/storage/seif-pharmacies/uploads/384990-1761053613.webp,seif_output\images\thermometers_9.webp,True,https://seif-online.com/en/product/medical-equipment-supplies/general/thermometers
Scales,Skin Care,,1,https://masterapi.witheldokan.com/storage/seif-pharmacies/uploads/377523.webp,seif_output\images\scales_1.webp,True,https://seif-online.com/en/product/medical-equipment-supplies/general/scales
Scales,Skin Care,,2,https://masterapi.witheldokan.com/storage/seif-pharmacies/uploads/614684.webp,seif_output\images\scales_2.webp,True,https://seif-online.com/en/product/medical-equipment-supplies/general/scales
Scales,Skin Care,,3,https://masterapi.witheldokan.com/storage/seif-pharmacies/uploads/260071.webp,seif_output\images\scales_3.webp,True,https://seif-online.com/en/product/medical-equipment-supplies/general/scales
Scales,Skin Care,,4,https://masterapi.witheldokan.com/storage/seif-pharmacies/uploads/614689.webp,seif_output\images\scales_4.webp,True,https://seif-online.com/en/product/medical-equipment-supplies/general/scales
Scales,Skin Care,,5,https://masterapi.witheldokan.com/storage/seif-pharmacies/uploads/614690.webp,seif_output\images\scales_5.webp,True,https://seif-online.com/en/product/medical-equipment-supplies/general/scales
Scales,Skin Care,,6,https://masterapi.witheldokan.com/storage/seif-pharmacies/uploads/614691.webp,seif_output\images\scales_6.webp,True,https://seif-online.com/en/product/medical-equipment-supplies/general/scales
Scales,Skin Care,,7,https://masterapi.witheldokan.com/storage/seif-pharmacies/uploads/614686.webp,seif_output\images\scales_7.webp,True,https://seif-online.com/en/product/medical-equipment-supplies/general/scales
Scales,Skin Care,,8,https://masterapi.witheldokan.com/storage/seif-pharmacies/uploads/609985.webp,seif_output\images\scales_8.webp,True,https://seif-online.com/en/product/medical-equipment-supplies/general/scales
Scales,Skin Care,,9,https://masterapi.witheldokan.com/storage/seif-pharmacies/uploads/611024.webp,seif_output\images\scales_9.webp,True,https://seif-online.com/en/product/medical-equipment-supplies/general/scales
Pain Management / Heating Pads,Skin Care,,1,https://masterapi.witheldokan.com/storage/seif-pharmacies/uploads/13818.webp,seif_output\images\pain_management_heating_pads_1.webp,True,https://seif-online.com/en/product/medical-equipment-supplies/general/pain-management-heating-pads
Pain Management / Heating Pads,Skin Care,,2,https://masterapi.witheldokan.com/storage/seif-pharmacies/uploads/616708-1759143353.webp,seif_output\images\pain_management_heating_pads_2.webp,True,https://seif-online.com/en/product/medical-equipment-supplies/general/pain-management-heating-pads
Pain Management / Heating Pads,Skin Care,,3,https://masterapi.witheldokan.com/storage/seif-pharmacies/uploads/314077.webp,seif_output\images\pain_management_heating_pads_3.webp,True,https://seif-online.com/en/product/medical-equipment-supplies/general/pain-management-heating-pads
Pain Management / Heating Pads,Skin Care,,4,https://masterapi.witheldokan.com/storage/seif-pharmacies/uploads/612891.webp,seif_output\images\pain_management_heating_pads_4.webp,True,https://seif-online.com/en/product/medical-equipment-supplies/general/pain-management-heating-pads
Pain Management / Heating Pads,Skin Care,,5,https://masterapi.witheldokan.com/storage/seif-pharmacies/uploads/611510.webp,seif_output\images\pain_management_heating_pads_5.webp,True,https://seif-online.com/en/product/medical-equipment-supplies/general/pain-management-heating-pads
Pain Management / Heating Pads,Skin Care,,6,https://masterapi.witheldokan.com/storage/seif-pharmacies/uploads/611508.webp,seif_output\images\pain_management_heating_pads_6.webp,True,https://seif-online.com/en/product/medical-equipment-supplies/general/pain-management-heating-pads
Pain Management / Heating Pads,Skin Care,,7,https://masterapi.witheldokan.com/storage/seif-pharmacies/uploads/611507.webp,seif_output\images\pain_management_heating_pads_7.webp,True,https://seif-online.com/en/product/medical-equipment-supplies/general/pain-management-heating-pads
Pain Management / Heating Pads,Skin Care,,8,https://masterapi.witheldokan.com/storage/seif-pharmacies/uploads/611503.webp,seif_output\images\pain_management_heating_pads_8.webp,True,https://seif-online.com/en/product/medical-equipment-supplies/general/pain-management-heating-pads
Pain Management / Heating Pads,Skin Care,,9,https://masterapi.witheldokan.com/storage/seif-pharmacies/uploads/611512.webp,seif_output\images\pain_management_heating_pads_9.webp,True,https://seif-online.com/en/product/medical-equipment-supplies/general/pain-management-heating-pads
Pain Management / Heating Pads,Skin Care,,10,https://masterapi.witheldokan.com/storage/seif-pharmacies/uploads/611511.webp,seif_output\images\pain_management_heating_pads_10.webp,True,https://seif-online.com/en/product/medical-equipment-supplies/general/pain-management-heating-pads
Wheel Chairs & Crutches,Skin Care,,1,https://masterapi.witheldokan.com/storage/seif-pharmacies/uploads/614610-1759928034.webp,seif_output\images\wheel_chairs_crutches_1.webp,True,https://seif-online.com/en/product/medical-equipment-supplies/general/wheel-chairs-crutches
Wheel Chairs & Crutches,Skin Care,,2,https://masterapi.witheldokan.com/storage/seif-pharmacies/uploads/614461-1759928934.webp,seif_output\images\wheel_chairs_crutches_2.webp,True,https://seif-online.com/en/product/medical-equipment-supplies/general/wheel-chairs-crutches
Wheel Chairs & Crutches,Skin Care,,3,https://masterapi.witheldokan.com/storage/seif-pharmacies/uploads/614398.webp,seif_output\images\wheel_chairs_crutches_3.webp,True,https://seif-online.com/en/product/medical-equipment-supplies/general/wheel-chairs-crutches
Wheel Chairs & Crutches,Skin Care,,4,https://masterapi.witheldokan.com/storage/seif-pharmacies/uploads/614607-1759928437.webp,seif_output\images\wheel_chairs_crutches_4.webp,True,https://seif-online.com/en/product/medical-equipment-supplies/general/wheel-chairs-crutches
Wheel Chairs & Crutches,Skin Care,,5,https://masterapi.witheldokan.com/storage/seif-pharmacies/uploads/614609-1759928148.webp,seif_output\images\wheel_chairs_crutches_5.webp,True,https://seif-online.com/en/product/medical-equipment-supplies/general/wheel-chairs-crutches
Wheel Chairs & Crutches,Skin Care,,6,https://masterapi.witheldokan.com/storage/seif-pharmacies/uploads/616288-1759325343.webp,seif_output\images\wheel_chairs_crutches_6.webp,True,https://seif-online.com/en/product/medical-equipment-supplies/general/wheel-chairs-crutches
Wheel Chairs & Crutches,Skin Care,,7,https://cdn.supercommerce.io/seif-pharmacies/uploads/612138-1774090593.webp,seif_output\images\wheel_chairs_crutches_7.webp,True,https://seif-online.com/en/product/medical-equipment-supplies/general/wheel-chairs-crutches
Face Masks & Gloves,Skin Care,,1,https://masterapi.witheldokan.com/storage/seif-pharmacies/uploads/403290.webp,seif_output\images\face_masks_gloves_1.webp,True,https://seif-online.com/en/product/medical-equipment-supplies/general/face-masks-gloves
Face Masks & Gloves,Skin Care,,2,https://masterapi.witheldokan.com/storage/seif-pharmacies/uploads/389472.webp,seif_output\images\face_masks_gloves_2.webp,True,https://seif-online.com/en/product/medical-equipment-supplies/general/face-masks-gloves
Face Masks & Gloves,Skin Care,,3,https://masterapi.witheldokan.com/storage/seif-pharmacies/uploads/403262.webp,seif_output\images\face_masks_gloves_3.webp,True,https://seif-online.com/en/product/medical-equipment-supplies/general/face-masks-gloves
Face Masks & Gloves,Skin Care,,4,https://masterapi.witheldokan.com/storage/seif-pharmacies/uploads/171605.webp,seif_output\images\face_masks_gloves_4.webp,True,https://seif-online.com/en/product/medical-equipment-supplies/general/face-masks-gloves
Face Masks & Gloves,Skin Care,,5,https://masterapi.witheldokan.com/storage/seif-pharmacies/uploads/616707-1759143313.webp,seif_output\images\face_masks_gloves_5.webp,True,https://seif-online.com/en/product/medical-equipment-supplies/general/face-masks-gloves
Face Masks & Gloves,Skin Care,,6,https://masterapi.witheldokan.com/storage/seif-pharmacies/uploads/384398.webp,seif_output\images\face_masks_gloves_6.webp,True,https://seif-online.com/en/product/medical-equipment-supplies/general/face-masks-gloves
Face Masks & Gloves,Skin Care,,7,https://masterapi.witheldokan.com/storage/seif-pharmacies/uploads/388149.webp,seif_output\images\face_masks_gloves_7.webp,True,https://seif-online.com/en/product/medical-equipment-supplies/general/face-masks-gloves
Face Masks & Gloves,Skin Care,,8,https://masterapi.witheldokan.com/storage/seif-pharmacies/uploads/403261.webp,seif_output\images\face_masks_gloves_8.webp,True,https://seif-online.com/en/product/medical-equipment-supplies/general/face-masks-gloves
Face Masks & Gloves,Skin Care,,9,https://masterapi.witheldokan.com/storage/seif-pharmacies/uploads/4541.webp,seif_output\images\face_masks_gloves_9.webp,True,https://seif-online.com/en/product/medical-equipment-supplies/general/face-masks-gloves
Face Masks & Gloves,Skin Care,,10,https://masterapi.witheldokan.com/storage/seif-pharmacies/uploads/4538.webp,seif_output\images\face_masks_gloves_10.webp,True,https://seif-online.com/en/product/medical-equipment-supplies/general/face-masks-gloves
Face Masks & Gloves,Skin Care,,11,https://masterapi.witheldokan.com/storage/seif-pharmacies/uploads/611402.webp,seif_output\images\face_masks_gloves_11.webp,True,https://seif-online.com/en/product/medical-equipment-supplies/general/face-masks-gloves
Face Masks & Gloves,Skin Care,,12,https://masterapi.witheldokan.com/storage/seif-pharmacies/uploads/611405.webp,seif_output\images\face_masks_gloves_12.webp,True,https://seif-online.com/en/product/medical-equipment-supplies/general/face-masks-gloves
Compression& Hosier,Skin Care,,1,https://masterapi.witheldokan.com/storage/seif-pharmacies/uploads/94040.webp,seif_output\images\compression_hosier_1.webp,True,https://seif-online.com/en/product/medical-equipment-supplies/general/compression-hosier
Compression& Hosier,Skin Care,,2,https://masterapi.witheldokan.com/storage/seif-pharmacies/uploads/396379.webp,seif_output\images\compression_hosier_2.webp,True,https://seif-online.com/en/product/medical-equipment-supplies/general/compression-hosier
Compression& Hosier,Skin Care,,3,https://masterapi.witheldokan.com/storage/seif-pharmacies/uploads/396378.webp,seif_output\images\compression_hosier_3.webp,True,https://seif-online.com/en/product/medical-equipment-supplies/general/compression-hosier
Compression& Hosier,Skin Care,,4,https://masterapi.witheldokan.com/storage/seif-pharmacies/uploads/62594.webp,seif_output\images\compression_hosier_4.webp,True,https://seif-online.com/en/product/medical-equipment-supplies/general/compression-hosier
Compression& Hosier,Skin Care,,5,https://masterapi.witheldokan.com/storage/seif-pharmacies/uploads/94050.webp,seif_output\images\compression_hosier_5.webp,True,https://seif-online.com/en/product/medical-equipment-supplies/general/compression-hosier
Compression& Hosier,Skin Care,,6,https://masterapi.witheldokan.com/storage/seif-pharmacies/uploads/94047.webp,seif_output\images\compression_hosier_6.webp,True,https://seif-online.com/en/product/medical-equipment-supplies/general/compression-hosier
Blood Pressure Monitors,Skin Care,,1,https://masterapi.witheldokan.com/storage/seif-pharmacies/uploads/614321.webp,seif_output\images\blood_pressure_monitors_1.webp,True,https://seif-online.com/en/product/medical-equipment-supplies/general/blood-pressure-monitors
Blood Pressure Monitors,Skin Care,,2,https://masterapi.witheldokan.com/storage/seif-pharmacies/uploads/614319.webp,seif_output\images\blood_pressure_monitors_2.webp,True,https://seif-online.com/en/product/medical-equipment-supplies/general/blood-pressure-monitors
Blood Pressure Monitors,Skin Care,,3,https://masterapi.witheldokan.com/storage/seif-pharmacies/uploads/614317.webp,seif_output\images\blood_pressure_monitors_3.webp,True,https://seif-online.com/en/product/medical-equipment-supplies/general/blood-pressure-monitors
Blood Pressure Monitors,Skin Care,,4,https://masterapi.witheldokan.com/storage/seif-pharmacies/uploads/614318.webp,seif_output\images\blood_pressure_monitors_4.webp,True,https://seif-online.com/en/product/medical-equipment-supplies/general/blood-pressure-monitors
Blood Pressure Monitors,Skin Care,,5,https://masterapi.witheldokan.com/storage/seif-pharmacies/uploads/614320.webp,seif_output\images\blood_pressure_monitors_5.webp,True,https://seif-online.com/en/product/medical-equipment-supplies/general/blood-pressure-monitors
Blood Pressure Monitors,Skin Care,,6,https://masterapi.witheldokan.com/storage/seif-pharmacies/uploads/404265.webp,seif_output\images\blood_pressure_monitors_6.webp,True,https://seif-online.com/en/product/medical-equipment-supplies/general/blood-pressure-monitors
Blood Pressure Monitors,Skin Care,,7,https://masterapi.witheldokan.com/storage/seif-pharmacies/uploads/151284.webp,seif_output\images\blood_pressure_monitors_7.webp,True,https://seif-online.com/en/product/medical-equipment-supplies/general/blood-pressure-monitors
Blood Pressure Monitors,Skin Care,,8,https://masterapi.witheldokan.com/storage/seif-pharmacies/uploads/393366.webp,seif_output\images\blood_pressure_monitors_8.webp,True,https://seif-online.com/en/product/medical-equipment-supplies/general/blood-pressure-monitors
Blood Pressure Monitors,Skin Care,,9,https://masterapi.witheldokan.com/storage/seif-pharmacies/uploads/18596.webp,seif_output\images\blood_pressure_monitors_9.webp,True,https://seif-online.com/en/product/medical-equipment-supplies/general/blood-pressure-monitors
Blood Pressure Monitors,Skin Care,,10,https://masterapi.witheldokan.com/storage/seif-pharmacies/uploads/393367.webp,seif_output\images\blood_pressure_monitors_10.webp,True,https://seif-online.com/en/product/medical-equipment-supplies/general/blood-pressure-monitors
Blood Pressure Monitors,Skin Care,,11,https://masterapi.witheldokan.com/storage/seif-pharmacies/uploads/395889.webp,seif_output\images\blood_pressure_monitors_11.webp,True,https://seif-online.com/en/product/medical-equipment-supplies/general/blood-pressure-monitors
Blood Pressure Monitors,Skin Care,,12,https://masterapi.witheldokan.com/storage/seif-pharmacies/uploads/303146.webp,seif_output\images\blood_pressure_monitors_12.webp,True,https://seif-online.com/en/product/medical-equipment-supplies/general/blood-pressure-monitors
Blood Pressure Monitors,Skin Care,,13,https://masterapi.witheldokan.com/storage/seif-pharmacies/uploads/75193.webp,seif_output\images\blood_pressure_monitors_13.webp,True,https://seif-online.com/en/product/medical-equipment-supplies/general/blood-pressure-monitors
Blood Pressure Monitors,Skin Care,,14,https://masterapi.witheldokan.com/storage/seif-pharmacies/uploads/322729.webp,seif_output\images\blood_pressure_monitors_14.webp,True,https://seif-online.com/en/product/medical-equipment-supplies/general/blood-pressure-monitors
Blood Pressure Monitors,Skin Care,,15,https://masterapi.witheldokan.com/storage/seif-pharmacies/uploads/396021.webp,seif_output\images\blood_pressure_monitors_15.webp,True,https://seif-online.com/en/product/medical-equipment-supplies/general/blood-pressure-monitors
Blood Pressure Monitors,Skin Care,,16,https://masterapi.witheldokan.com/storage/seif-pharmacies/uploads/322339.webp,seif_output\images\blood_pressure_monitors_16.webp,True,https://seif-online.com/en/product/medical-equipment-supplies/general/blood-pressure-monitors
Blood Pressure Monitors,Skin Care,,17,https://masterapi.witheldokan.com/storage/seif-pharmacies/uploads/608888.webp,seif_output\images\blood_pressure_monitors_17.webp,True,https://seif-online.com/en/product/medical-equipment-supplies/general/blood-pressure-monitors
Alcohol & Sanitizers,Skin Care,,1,https://masterapi.witheldokan.com/storage/seif-pharmacies/uploads/385187.webp,seif_output\images\alcohol_sanitizers_1.webp,True,https://seif-online.com/en/product/medical-equipment-supplies/general/alcohol-sanitizers
Alcohol & Sanitizers,Skin Care,,2,https://masterapi.witheldokan.com/storage/seif-pharmacies/uploads/403182.webp,seif_output\images\alcohol_sanitizers_2.webp,True,https://seif-online.com/en/product/medical-equipment-supplies/general/alcohol-sanitizers
Alcohol & Sanitizers,Skin Care,,3,https://masterapi.witheldokan.com/storage/seif-pharmacies/uploads/307118.webp,seif_output\images\alcohol_sanitizers_3.webp,True,https://seif-online.com/en/product/medical-equipment-supplies/general/alcohol-sanitizers
Alcohol & Sanitizers,Skin Care,,4,https://masterapi.witheldokan.com/storage/seif-pharmacies/uploads/403183.webp,seif_output\images\alcohol_sanitizers_4.webp,True,https://seif-online.com/en/product/medical-equipment-supplies/general/alcohol-sanitizers
Diabetes Care,Skin Care,,1,https://masterapi.witheldokan.com/storage/seif-pharmacies/uploads/388960.webp,seif_output\images\diabetes_care_1.webp,True,https://seif-online.com/en/product/medical-equipment-supplies/general/diabetes-care
Diabetes Care,Skin Care,,2,https://masterapi.witheldokan.com/storage/seif-pharmacies/uploads/357389.webp,seif_output\images\diabetes_care_2.webp,True,https://seif-online.com/en/product/medical-equipment-supplies/general/diabetes-care
Diabetes Care,Skin Care,,3,https://masterapi.witheldokan.com/storage/seif-pharmacies/uploads/614503-1759929166.webp,seif_output\images\diabetes_care_3.webp,True,https://seif-online.com/en/product/medical-equipment-supplies/general/diabetes-care
Diabetes Care,Skin Care,,4,https://masterapi.witheldokan.com/storage/seif-pharmacies/uploads/607893.webp,seif_output\images\diabetes_care_4.webp,True,https://seif-online.com/en/product/medical-equipment-supplies/general/diabetes-care
Diabetes Care,Skin Care,,5,https://cdn.supercommerce.io/seif-pharmacies/uploads/403042.webp,seif_output\images\diabetes_care_5.webp,True,https://seif-online.com/en/product/medical-equipment-supplies/general/diabetes-care
Diabetes Care,Skin Care,,6,https://masterapi.witheldokan.com/storage/seif-pharmacies/uploads/54022.webp,seif_output\images\diabetes_care_6.webp,True,https://seif-online.com/en/product/medical-equipment-supplies/general/diabetes-care
Diabetes Care,Skin Care,,7,https://masterapi.witheldokan.com/storage/seif-pharmacies/uploads/610726.webp,seif_output\images\diabetes_care_7.webp,True,https://seif-online.com/en/product/medical-equipment-supplies/general/diabetes-care
Diabetes Care,Skin Care,,8,https://masterapi.witheldokan.com/storage/seif-pharmacies/uploads/336412.webp,seif_output\images\diabetes_care_8.webp,True,https://seif-online.com/en/product/medical-equipment-supplies/general/diabetes-care
Diabetes Care,Skin Care,,9,https://masterapi.witheldokan.com/storage/seif-pharmacies/uploads/396126.webp,seif_output\images\diabetes_care_9.webp,True,https://seif-online.com/en/product/medical-equipment-supplies/general/diabetes-care
Diabetes Care,Skin Care,,10,https://masterapi.witheldokan.com/storage/seif-pharmacies/uploads/396125.webp,seif_output\images\diabetes_care_10.webp,True,https://seif-online.com/en/product/medical-equipment-supplies/general/diabetes-care
Diabetes Care,Skin Care,,11,https://masterapi.witheldokan.com/storage/seif-pharmacies/uploads/322470.webp,seif_output\images\diabetes_care_11.webp,True,https://seif-online.com/en/product/medical-equipment-supplies/general/diabetes-care
Braces & Supports,Skin Care,,1,https://masterapi.witheldokan.com/storage/seif-pharmacies/uploads/616530-1759152577.webp,seif_output\images\braces_supports_1.webp,True,https://seif-online.com/en/product/medical-equipment-supplies/general/braces-supports
Braces & Supports,Skin Care,,2,https://masterapi.witheldokan.com/storage/seif-pharmacies/uploads/616529-1759152546.webp,seif_output\images\braces_supports_2.webp,True,https://seif-online.com/en/product/medical-equipment-supplies/general/braces-supports
Braces & Supports,Skin Care,,3,https://masterapi.witheldokan.com/storage/seif-pharmacies/uploads/616527-1759152614.webp,seif_output\images\braces_supports_3.webp,True,https://seif-online.com/en/product/medical-equipment-supplies/general/braces-supports
Braces & Supports,Skin Care,,4,https://masterapi.witheldokan.com/storage/seif-pharmacies/uploads/614613-1759928008.webp,seif_output\images\braces_supports_4.webp,True,https://seif-online.com/en/product/medical-equipment-supplies/general/braces-supports
Braces & Supports,Skin Care,,5,https://masterapi.witheldokan.com/storage/seif-pharmacies/uploads/610178.webp,seif_output\images\braces_supports_5.webp,True,https://seif-online.com/en/product/medical-equipment-supplies/general/braces-supports
Braces & Supports,Skin Care,,6,https://masterapi.witheldokan.com/storage/seif-pharmacies/uploads/616526-1759152673.webp,seif_output\images\braces_supports_6.webp,True,https://seif-online.com/en/product/medical-equipment-supplies/general/braces-supports
Braces & Supports,Skin Care,,7,https://masterapi.witheldokan.com/storage/seif-pharmacies/uploads/610717.webp,seif_output\images\braces_supports_7.webp,True,https://seif-online.com/en/product/medical-equipment-supplies/general/braces-supports
Braces & Supports,Skin Care,,8,https://masterapi.witheldokan.com/storage/seif-pharmacies/uploads/610180.webp,seif_output\images\braces_supports_8.webp,True,https://seif-online.com/en/product/medical-equipment-supplies/general/braces-supports
Braces & Supports,Skin Care,,9,https://masterapi.witheldokan.com/storage/seif-pharmacies/uploads/610174.webp,seif_output\images\braces_supports_9.webp,True,https://seif-online.com/en/product/medical-equipment-supplies/general/braces-supports
Braces & Supports,Skin Care,,10,https://masterapi.witheldokan.com/storage/seif-pharmacies/uploads/610177.webp,seif_output\images\braces_supports_10.webp,True,https://seif-online.com/en/product/medical-equipment-supplies/general/braces-supports
Braces & Supports,Skin Care,,11,https://masterapi.witheldokan.com/storage/seif-pharmacies/uploads/610175.webp,seif_output\images\braces_supports_11.webp,True,https://seif-online.com/en/product/medical-equipment-supplies/general/braces-supports
Braces & Supports,Skin Care,,12,https://masterapi.witheldokan.com/storage/seif-pharmacies/uploads/610173.webp,seif_output\images\braces_supports_12.webp,True,https://seif-online.com/en/product/medical-equipment-supplies/general/braces-supports
Braces & Supports,Skin Care,,13,https://masterapi.witheldokan.com/storage/seif-pharmacies/uploads/610185.webp,seif_output\images\braces_supports_13.webp,True,https://seif-online.com/en/product/medical-equipment-supplies/general/braces-supports
Braces & Supports,Skin Care,,14,https://masterapi.witheldokan.com/storage/seif-pharmacies/uploads/610176.webp,seif_output\images\braces_supports_14.webp,True,https://seif-online.com/en/product/medical-equipment-supplies/general/braces-supports
Braces & Supports,Skin Care,,15,https://masterapi.witheldokan.com/storage/seif-pharmacies/uploads/610187.webp,seif_output\images\braces_supports_15.webp,True,https://seif-online.com/en/product/medical-equipment-supplies/general/braces-supports
Braces & Supports,Skin Care,,16,https://masterapi.witheldokan.com/storage/seif-pharmacies/uploads/610179.webp,seif_output\images\braces_supports_16.webp,True,https://seif-online.com/en/product/medical-equipment-supplies/general/braces-supports
Braces & Supports,Skin Care,,17,https://masterapi.witheldokan.com/storage/seif-pharmacies/uploads/610192.webp,seif_output\images\braces_supports_17.webp,True,https://seif-online.com/en/product/medical-equipment-supplies/general/braces-supports
Braces & Supports,Skin Care,,18,https://masterapi.witheldokan.com/storage/seif-pharmacies/uploads/610191.webp,seif_output\images\braces_supports_18.webp,True,https://seif-online.com/en/product/medical-equipment-supplies/general/braces-supports
Comfort & Relaxation,Skin Care,,1,https://masterapi.witheldokan.com/storage/seif-pharmacies/uploads/398101.webp,seif_output\images\comfort_relaxation_1.webp,True,https://seif-online.com/en/product/medical-equipment-supplies/general/comfort-relaxation
Comfort & Relaxation,Skin Care,,2,https://masterapi.witheldokan.com/storage/seif-pharmacies/uploads/431662.webp,seif_output\images\comfort_relaxation_2.webp,True,https://seif-online.com/en/product/medical-equipment-supplies/general/comfort-relaxation
Comfort & Relaxation,Skin Care,,3,https://masterapi.witheldokan.com/storage/seif-pharmacies/uploads/432382.webp,seif_output\images\comfort_relaxation_3.webp,True,https://seif-online.com/en/product/medical-equipment-supplies/general/comfort-relaxation
Comfort & Relaxation,Skin Care,,4,https://masterapi.witheldokan.com/storage/seif-pharmacies/uploads/616294-1759321064.webp,seif_output\images\comfort_relaxation_4.webp,True,https://seif-online.com/en/product/medical-equipment-supplies/general/comfort-relaxation
Comfort & Relaxation,Skin Care,,5,https://masterapi.witheldokan.com/storage/seif-pharmacies/uploads/608138.webp,seif_output\images\comfort_relaxation_5.webp,True,https://seif-online.com/en/product/medical-equipment-supplies/general/comfort-relaxation
Comfort & Relaxation,Skin Care,,6,https://masterapi.witheldokan.com/storage/seif-pharmacies/uploads/614361-1760270979.webp,seif_output\images\comfort_relaxation_6.webp,True,https://seif-online.com/en/product/medical-equipment-supplies/general/comfort-relaxation
Comfort & Relaxation,Skin Care,,7,https://masterapi.witheldokan.com/storage/seif-pharmacies/uploads/399766.webp,seif_output\images\comfort_relaxation_7.webp,True,https://seif-online.com/en/product/medical-equipment-supplies/general/comfort-relaxation
Comfort & Relaxation,Skin Care,,8,https://masterapi.witheldokan.com/storage/seif-pharmacies/uploads/341740-1761219531.webp,seif_output\images\comfort_relaxation_8.webp,True,https://seif-online.com/en/product/medical-equipment-supplies/general/comfort-relaxation
Comfort & Relaxation,Skin Care,,9,https://masterapi.witheldokan.com/storage/seif-pharmacies/uploads/323868.webp,seif_output\images\comfort_relaxation_9.webp,True,https://seif-online.com/en/product/medical-equipment-supplies/general/comfort-relaxation
Pulse Oximeters,Skin Care,,1,https://masterapi.witheldokan.com/storage/seif-pharmacies/uploads/614833.webp,seif_output\images\pulse_oximeters_1.webp,True,https://seif-online.com/en/product/medical-equipment-supplies/general/pulse-oximeters
Pulse Oximeters,Skin Care,,2,https://masterapi.witheldokan.com/storage/seif-pharmacies/uploads/403283.webp,seif_output\images\pulse_oximeters_2.webp,True,https://seif-online.com/en/product/medical-equipment-supplies/general/pulse-oximeters
Pulse Oximeters,Skin Care,,3,https://masterapi.witheldokan.com/storage/seif-pharmacies/uploads/386320.webp,seif_output\images\pulse_oximeters_3.webp,True,https://seif-online.com/en/product/medical-equipment-supplies/general/pulse-oximeters
Pulse Oximeters,Skin Care,,4,https://masterapi.witheldokan.com/storage/seif-pharmacies/uploads/397281.webp,seif_output\images\pulse_oximeters_4.webp,True,https://seif-online.com/en/product/medical-equipment-supplies/general/pulse-oximeters
Insoles & Foot Health,Skin Care,,1,https://masterapi.witheldokan.com/storage/seif-pharmacies/uploads/367756.webp,seif_output\images\insoles_foot_health_1.webp,True,https://seif-online.com/en/product/medical-equipment-supplies/general/insoles-foot-health
Insoles & Foot Health,Skin Care,,2,https://masterapi.witheldokan.com/storage/seif-pharmacies/uploads/218458.webp,seif_output\images\insoles_foot_health_2.webp,True,https://seif-online.com/en/product/medical-equipment-supplies/general/insoles-foot-health
Fitness & Slimming,Skin Care,,1,https://masterapi.witheldokan.com/storage/seif-pharmacies/uploads/254228.webp,seif_output\images\fitness_slimming_1.webp,True,https://seif-online.com/en/product/medical-equipment-supplies/general/fitness-slimming
Fitness & Slimming,Skin Care,,2,https://masterapi.witheldokan.com/storage/seif-pharmacies/uploads/616592-1759143638.webp,seif_output\images\fitness_slimming_2.webp,True,https://seif-online.com/en/product/medical-equipment-supplies/general/fitness-slimming
Fitness & Slimming,Skin Care,,3,https://masterapi.witheldokan.com/storage/seif-pharmacies/uploads/338775.webp,seif_output\images\fitness_slimming_3.webp,True,https://seif-online.com/en/product/medical-equipment-supplies/general/fitness-slimming
Fitness & Slimming,Skin Care,,4,https://masterapi.witheldokan.com/storage/seif-pharmacies/uploads/355003.webp,seif_output\images\fitness_slimming_4.webp,True,https://seif-online.com/en/product/medical-equipment-supplies/general/fitness-slimming
Fitness & Slimming,Skin Care,,5,https://masterapi.witheldokan.com/storage/seif-pharmacies/uploads/370709-1761218701.webp,seif_output\images\fitness_slimming_5.webp,True,https://seif-online.com/en/product/medical-equipment-supplies/general/fitness-slimming
Artixiban 5 Mg 30 Tab (2+1) #,Skin Care,,1,https://masterapi.witheldokan.com/storage/seif-pharmacies/uploads/607429-1760869559.webp,seif_output\images\artixiban_5_mg_30_tab_21_1.webp,True,https://seif-online.com/en/products/deals?sort=high-discount
Artixiban 5 Mg 30 Tab (2+1) #,Skin Care,,2,https://cdn.supercommerce.io/seif-pharmacies/uploads/615722-1774955061.webp,seif_output\images\artixiban_5_mg_30_tab_21_2.webp,True,https://seif-online.com/en/products/deals?sort=high-discount
Artixiban 5 Mg 30 Tab (2+1) #,Skin Care,,3,https://cdn.supercommerce.io/seif-pharmacies/uploads/615723-1774955209.webp,seif_output\images\artixiban_5_mg_30_tab_21_3.webp,True,https://seif-online.com/en/products/deals?sort=high-discount
Artixiban 5 Mg 30 Tab (2+1) #,Skin Care,,4,https://cdn.supercommerce.io/seif-pharmacies/uploads/615724-1774955295.webp,seif_output\images\artixiban_5_mg_30_tab_21_4.webp,True,https://seif-online.com/en/products/deals?sort=high-discount
Artixiban 5 Mg 30 Tab (2+1) #,Skin Care,,5,https://cdn.supercommerce.io/seif-pharmacies/uploads/615725-1774955362.webp,seif_output\images\artixiban_5_mg_30_tab_21_5.webp,True,https://seif-online.com/en/products/deals?sort=high-discount
Artixiban 5 Mg 30 Tab (2+1) #,Skin Care,,6,https://masterapi.witheldokan.com/storage/seif-pharmacies/uploads/615726-1763304163.webp,seif_output\images\artixiban_5_mg_30_tab_21_6.webp,True,https://seif-online.com/en/products/deals?sort=high-discount
Artixiban 5 Mg 30 Tab (2+1) #,Skin Care,,7,https://cdn.supercommerce.io/seif-pharmacies/uploads/615760-1769413082.webp,seif_output\images\artixiban_5_mg_30_tab_21_7.webp,True,https://seif-online.com/en/products/deals?sort=high-discount
Artixiban 5 Mg 30 Tab (2+1) #,Skin Care,,8,https://masterapi.witheldokan.com/storage/seif-pharmacies/uploads/615848-(1).webp,seif_output\images\artixiban_5_mg_30_tab_21_8.webp,True,https://seif-online.com/en/products/deals?sort=high-discount
Artixiban 5 Mg 30 Tab (2+1) #,Skin Care,,9,https://cdn.supercommerce.io/seif-pharmacies/uploads/615913.webp,seif_output\images\artixiban_5_mg_30_tab_21_9.webp,True,https://seif-online.com/en/products/deals?sort=high-discount
Artixiban 5 Mg 30 Tab (2+1) #,Skin Care,,10,https://cdn.supercommerce.io/seif-pharmacies/uploads/615917.webp,seif_output\images\artixiban_5_mg_30_tab_21_10.webp,True,https://seif-online.com/en/products/deals?sort=high-discount
Artixiban 5 Mg 30 Tab (2+1) #,Skin Care,,11,https://cdn.supercommerce.io/seif-pharmacies/uploads/615931-1768726598.webp,seif_output\images\artixiban_5_mg_30_tab_21_11.webp,True,https://seif-online.com/en/products/deals?sort=high-discount
Artixiban 5 Mg 30 Tab (2+1) #,Skin Care,,12,https://cdn.supercommerce.io/seif-pharmacies/uploads/615932.webp,seif_output\images\artixiban_5_mg_30_tab_21_12.webp,True,https://seif-online.com/en/products/deals?sort=high-discount
Artixiban 5 Mg 30 Tab (2+1) #,Skin Care,,13,https://cdn.supercommerce.io/seif-pharmacies/uploads/615936-1771232883.webp,seif_output\images\artixiban_5_mg_30_tab_21_13.webp,True,https://seif-online.com/en/products/deals?sort=high-discount
Artixiban 5 Mg 30 Tab (2+1) #,Skin Care,,14,https://masterapi.witheldokan.com/storage/seif-pharmacies/uploads/615985.webp,seif_output\images\artixiban_5_mg_30_tab_21_14.webp,True,https://seif-online.com/en/products/deals?sort=high-discount
Artixiban 5 Mg 30 Tab (2+1) #,Skin Care,,15,https://masterapi.witheldokan.com/storage/seif-pharmacies/uploads/615986.webp,seif_output\images\artixiban_5_mg_30_tab_21_15.webp,True,https://seif-online.com/en/products/deals?sort=high-discount
Artixiban 5 Mg 30 Tab (2+1) #,Skin Care,,16,https://cdn.supercommerce.io/seif-pharmacies/uploads/616000.webp,seif_output\images\artixiban_5_mg_30_tab_21_16.webp,True,https://seif-online.com/en/products/deals?sort=high-discount
Artixiban 5 Mg 30 Tab (2+1) #,Skin Care,,17,https://cdn.supercommerce.io/seif-pharmacies/uploads/616001-1770017787.webp,seif_output\images\artixiban_5_mg_30_tab_21_17.webp,True,https://seif-online.com/en/products/deals?sort=high-discount
Artixiban 5 Mg 30 Tab (2+1) #,Skin Care,,18,https://cdn.supercommerce.io/seif-pharmacies/uploads/616002-1770018856.webp,seif_output\images\artixiban_5_mg_30_tab_21_18.webp,True,https://seif-online.com/en/products/deals?sort=high-discount
Artixiban 5 Mg 30 Tab (2+1) #,Skin Care,,19,https://masterapi.witheldokan.com/storage/seif-pharmacies/uploads/616072webp-1753949284.webp,seif_output\images\artixiban_5_mg_30_tab_21_19.webp,True,https://seif-online.com/en/products/deals?sort=high-discount
Artixiban 5 Mg 30 Tab (2+1) #,Skin Care,,20,https://masterapi.witheldokan.com/storage/seif-pharmacies/uploads/99061-1751188828.webp,seif_output\images\artixiban_5_mg_30_tab_21_20.webp,True,https://seif-online.com/en/products/deals?sort=high-discount
Artixiban 5 Mg 30 Tab (2+1) #,Skin Care,,21,https://masterapi.witheldokan.com/storage/seif-pharmacies/uploads/389692-1760964822.webp,seif_output\images\artixiban_5_mg_30_tab_21_21.webp,True,https://seif-online.com/en/products/deals?sort=high-discount
Artixiban 5 Mg 30 Tab (2+1) #,Skin Care,,22,https://masterapi.witheldokan.com/storage/seif-pharmacies/uploads/614599-1759928490.webp,seif_output\images\artixiban_5_mg_30_tab_21_22.webp,True,https://seif-online.com/en/products/deals?sort=high-discount
Artixiban 5 Mg 30 Tab (2+1) #,Skin Care,,23,https://cdn.supercommerce.io/seif-pharmacies/uploads/614809-1775483567.webp,seif_output\images\artixiban_5_mg_30_tab_21_23.webp,True,https://seif-online.com/en/products/deals?sort=high-discount
