name,price,sku,brand,category,subcategory,description,rating,availability,image_urls,product_url
<<<<<<< HEAD
Body Care,,,Apply,Medicine,,Download App Now,,,https://masterapi.witheldokan.com/storage/seif-pharmacies/uploads/602540.webp|https://masterapi.witheldokan.com/storage/seif-pharmacies/uploads/612871.webp|https://masterapi.witheldokan.com/storage/seif-pharmacies/uploads/612870.webp|https://masterapi.witheldokan.com/storage/seif-pharmacies/uploads/609037.webp|https://masterapi.witheldokan.com/storage/seif-pharmacies/uploads/602142.webp|https://cdn.supercommerce.io/seif-pharmacies/uploads/602143-1773396103.webp|https://masterapi.witheldokan.com/storage/seif-pharmacies/uploads/602146.webp|https://masterapi.witheldokan.com/storage/seif-pharmacies/uploads/602145.webp|https://masterapi.witheldokan.com/storage/seif-pharmacies/uploads/608247.webp|https://masterapi.witheldokan.com/storage/seif-pharmacies/uploads/602144.webp|https://masterapi.witheldokan.com/storage/seif-pharmacies/uploads/404164.webp|https://masterapi.witheldokan.com/storage/seif-pharmacies/uploads/34027.webp|https://masterapi.witheldokan.com/storage/seif-pharmacies/uploads/57243-1762157036.webp|https://masterapi.witheldokan.com/storage/seif-pharmacies/uploads/616377-1756631632.webp|https://masterapi.witheldokan.com/storage/seif-pharmacies/uploads/610156.webp|https://masterapi.witheldokan.com/storage/seif-pharmacies/uploads/404166.webp|https://masterapi.witheldokan.com/storage/seif-pharmacies/uploads/321924.webp|https://masterapi.witheldokan.com/storage/seif-pharmacies/uploads/610157.webp|https://masterapi.witheldokan.com/storage/seif-pharmacies/uploads/615492-1759067774.webp|https://masterapi.witheldokan.com/storage/seif-pharmacies/uploads/404161.webp|https://masterapi.witheldokan.com/storage/seif-pharmacies/uploads/616378-1756631793.webp|https://cdn.supercommerce.io/seif-pharmacies/uploads/618730-1775473369.webp,https://seif-online.com/en/product/skin-care/body-care
Scars & Stretchmarks,,,Apply,Medicine,,Download App Now,,,https://masterapi.witheldokan.com/storage/seif-pharmacies/uploads/57243-1762157036.webp|https://masterapi.witheldokan.com/storage/seif-pharmacies/uploads/610156.webp|https://masterapi.witheldokan.com/storage/seif-pharmacies/uploads/610157.webp|https://masterapi.witheldokan.com/storage/seif-pharmacies/uploads/616196-1757583397.webp|https://masterapi.witheldokan.com/storage/seif-pharmacies/uploads/614725.webp|https://masterapi.witheldokan.com/storage/seif-pharmacies/uploads/616198-1757583574.webp|https://masterapi.witheldokan.com/storage/seif-pharmacies/uploads/605365.webp|https://masterapi.witheldokan.com/storage/seif-pharmacies/uploads/609845.webp|https://masterapi.witheldokan.com/storage/seif-pharmacies/uploads/609846.webp|https://masterapi.witheldokan.com/storage/seif-pharmacies/uploads/396067.webp|https://masterapi.witheldokan.com/storage/seif-pharmacies/uploads/389160.webp|https://masterapi.witheldokan.com/storage/seif-pharmacies/uploads/609843.webp|https://masterapi.witheldokan.com/storage/seif-pharmacies/uploads/610373.webp|https://masterapi.witheldokan.com/storage/seif-pharmacies/uploads/609848.webp|https://masterapi.witheldokan.com/storage/seif-pharmacies/uploads/610050.webp|https://masterapi.witheldokan.com/storage/seif-pharmacies/uploads/609842.webp|https://masterapi.witheldokan.com/storage/seif-pharmacies/uploads/610372.webp|https://masterapi.witheldokan.com/storage/seif-pharmacies/uploads/262477.webp|https://masterapi.witheldokan.com/storage/seif-pharmacies/uploads/383520.webp|https://masterapi.witheldokan.com/storage/seif-pharmacies/uploads/604907.webp,https://seif-online.com/en/product/skin-care/body-care/scars-stretchmarks
Body Scrub,,,Apply,Medicine,,Download App Now,,,https://masterapi.witheldokan.com/storage/seif-pharmacies/uploads/404164.webp|https://masterapi.witheldokan.com/storage/seif-pharmacies/uploads/404166.webp|https://masterapi.witheldokan.com/storage/seif-pharmacies/uploads/404161.webp|https://masterapi.witheldokan.com/storage/seif-pharmacies/uploads/303449.webp|https://masterapi.witheldokan.com/storage/seif-pharmacies/uploads/338516.webp|https://masterapi.witheldokan.com/storage/seif-pharmacies/uploads/610307.webp|https://masterapi.witheldokan.com/storage/seif-pharmacies/uploads/227581.webp|https://masterapi.witheldokan.com/storage/seif-pharmacies/uploads/384205.webp|https://masterapi.witheldokan.com/storage/seif-pharmacies/uploads/404163.webp|https://masterapi.witheldokan.com/storage/seif-pharmacies/uploads/120828.webp|https://masterapi.witheldokan.com/storage/seif-pharmacies/uploads/120822.webp|https://masterapi.witheldokan.com/storage/seif-pharmacies/uploads/610662.webp|https://masterapi.witheldokan.com/storage/seif-pharmacies/uploads/610663.webp|https://masterapi.witheldokan.com/storage/seif-pharmacies/uploads/610661.webp|https://masterapi.witheldokan.com/storage/seif-pharmacies/uploads/120826.webp|https://masterapi.witheldokan.com/storage/seif-pharmacies/uploads/601542.webp,https://seif-online.com/en/product/skin-care/body-care/body-scrub
Body Moisturizers,,,Apply,Medicine,,Download App Now,,,https://masterapi.witheldokan.com/storage/seif-pharmacies/uploads/602540.webp|https://masterapi.witheldokan.com/storage/seif-pharmacies/uploads/612871.webp|https://masterapi.witheldokan.com/storage/seif-pharmacies/uploads/612870.webp|https://masterapi.witheldokan.com/storage/seif-pharmacies/uploads/609037.webp|https://masterapi.witheldokan.com/storage/seif-pharmacies/uploads/602142.webp|https://cdn.supercommerce.io/seif-pharmacies/uploads/602143-1773396103.webp|https://masterapi.witheldokan.com/storage/seif-pharmacies/uploads/602146.webp|https://masterapi.witheldokan.com/storage/seif-pharmacies/uploads/602145.webp|https://masterapi.witheldokan.com/storage/seif-pharmacies/uploads/608247.webp|https://masterapi.witheldokan.com/storage/seif-pharmacies/uploads/602144.webp|https://masterapi.witheldokan.com/storage/seif-pharmacies/uploads/34027.webp|https://masterapi.witheldokan.com/storage/seif-pharmacies/uploads/616377-1756631632.webp|https://masterapi.witheldokan.com/storage/seif-pharmacies/uploads/321924.webp|https://masterapi.witheldokan.com/storage/seif-pharmacies/uploads/615492-1759067774.webp|https://masterapi.witheldokan.com/storage/seif-pharmacies/uploads/616378-1756631793.webp|https://cdn.supercommerce.io/seif-pharmacies/uploads/618730-1775473369.webp|https://masterapi.witheldokan.com/storage/seif-pharmacies/uploads/361918.webp|https://cdn.supercommerce.io/seif-pharmacies/uploads/618731-1775465389.webp|https://masterapi.witheldokan.com/storage/seif-pharmacies/uploads/361919.webp|https://masterapi.witheldokan.com/storage/seif-pharmacies/uploads/606664.webp|https://masterapi.witheldokan.com/storage/seif-pharmacies/uploads/30459.webp|https://masterapi.witheldokan.com/storage/seif-pharmacies/uploads/610256-1761141282.webp|https://masterapi.witheldokan.com/storage/seif-pharmacies/uploads/610257-1761141319.webp,https://seif-online.com/en/product/skin-care/body-care/body-moisturizers
Hand Care & Foot,,,Apply,Medicine,,Download App Now,,,https://masterapi.witheldokan.com/storage/seif-pharmacies/uploads/612044.webp|https://masterapi.witheldokan.com/storage/seif-pharmacies/uploads/157178.webp|https://masterapi.witheldokan.com/storage/seif-pharmacies/uploads/607051.webp|https://masterapi.witheldokan.com/storage/seif-pharmacies/uploads/610430.webp|https://cdn.supercommerce.io/seif-pharmacies/uploads/618110-1768487357.webp|https://masterapi.witheldokan.com/storage/seif-pharmacies/uploads/611965-1757573152.webp|https://masterapi.witheldokan.com/storage/seif-pharmacies/uploads/105493.webp|https://masterapi.witheldokan.com/storage/seif-pharmacies/uploads/607183.webp|https://masterapi.witheldokan.com/storage/seif-pharmacies/uploads/607182.webp|https://masterapi.witheldokan.com/storage/seif-pharmacies/uploads/51874.webp|https://masterapi.witheldokan.com/storage/seif-pharmacies/uploads/615909-1754398919.webp|https://masterapi.witheldokan.com/storage/seif-pharmacies/uploads/321870-1759065465.webp|https://masterapi.witheldokan.com/storage/seif-pharmacies/uploads/617024-1758095225.webp|https://masterapi.witheldokan.com/storage/seif-pharmacies/uploads/601152.webp|https://masterapi.witheldokan.com/storage/seif-pharmacies/uploads/385069.webp|https://masterapi.witheldokan.com/storage/seif-pharmacies/uploads/609465.webp|https://masterapi.witheldokan.com/storage/seif-pharmacies/uploads/616618-1756039628.webp,https://seif-online.com/en/product/skin-care/hand-care-foot
Foot Care,,,Apply,Medicine,,Download App Now,,,https://masterapi.witheldokan.com/storage/seif-pharmacies/uploads/157178.webp|https://masterapi.witheldokan.com/storage/seif-pharmacies/uploads/607051.webp|https://masterapi.witheldokan.com/storage/seif-pharmacies/uploads/610430.webp|https://masterapi.witheldokan.com/storage/seif-pharmacies/uploads/105493.webp|https://masterapi.witheldokan.com/storage/seif-pharmacies/uploads/607183.webp|https://masterapi.witheldokan.com/storage/seif-pharmacies/uploads/607182.webp|https://masterapi.witheldokan.com/storage/seif-pharmacies/uploads/51874.webp|https://masterapi.witheldokan.com/storage/seif-pharmacies/uploads/604338.webp|https://masterapi.witheldokan.com/storage/seif-pharmacies/uploads/607891.webp|https://masterapi.witheldokan.com/storage/seif-pharmacies/uploads/610455.webp|https://masterapi.witheldokan.com/storage/seif-pharmacies/uploads/610457.webp|https://masterapi.witheldokan.com/storage/seif-pharmacies/uploads/609166.webp|https://masterapi.witheldokan.com/storage/seif-pharmacies/uploads/7922.webp|https://masterapi.witheldokan.com/storage/seif-pharmacies/uploads/610453.webp,https://seif-online.com/en/product/skin-care/hand-care-foot/foot-care
Hand Moisturizers,,,Apply,Medicine,,Download App Now,,,https://masterapi.witheldokan.com/storage/seif-pharmacies/uploads/612044.webp|https://cdn.supercommerce.io/seif-pharmacies/uploads/618110-1768487357.webp|https://masterapi.witheldokan.com/storage/seif-pharmacies/uploads/611965-1757573152.webp|https://masterapi.witheldokan.com/storage/seif-pharmacies/uploads/615909-1754398919.webp|https://masterapi.witheldokan.com/storage/seif-pharmacies/uploads/321870-1759065465.webp|https://masterapi.witheldokan.com/storage/seif-pharmacies/uploads/617024-1758095225.webp|https://masterapi.witheldokan.com/storage/seif-pharmacies/uploads/601152.webp|https://masterapi.witheldokan.com/storage/seif-pharmacies/uploads/385069.webp|https://masterapi.witheldokan.com/storage/seif-pharmacies/uploads/609465.webp|https://masterapi.witheldokan.com/storage/seif-pharmacies/uploads/616618-1756039628.webp|https://masterapi.witheldokan.com/storage/seif-pharmacies/uploads/609466.webp|https://masterapi.witheldokan.com/storage/seif-pharmacies/uploads/610454.webp|https://cdn.supercommerce.io/seif-pharmacies/uploads/613516-1774335039.webp|https://masterapi.witheldokan.com/storage/seif-pharmacies/uploads/609464.webp|https://cdn.supercommerce.io/seif-pharmacies/uploads/613524-1774336511.webp|https://masterapi.witheldokan.com/storage/seif-pharmacies/uploads/173656.webp|https://masterapi.witheldokan.com/storage/seif-pharmacies/uploads/609462.webp|https://masterapi.witheldokan.com/storage/seif-pharmacies/uploads/373859.webp|https://masterapi.witheldokan.com/storage/seif-pharmacies/uploads/373861.webp|https://cdn.supercommerce.io/seif-pharmacies/uploads/613520-1774336162.webp,https://seif-online.com/en/product/skin-care/hand-care-foot/hand-moisturizers
Face Care,,,Apply,Medicine,,Download App Now,,,https://masterapi.witheldokan.com/storage/seif-pharmacies/uploads/344484.webp|https://masterapi.witheldokan.com/storage/seif-pharmacies/uploads/7934.webp|https://masterapi.witheldokan.com/storage/seif-pharmacies/uploads/608246.webp|https://masterapi.witheldokan.com/storage/seif-pharmacies/uploads/610572.webp|https://masterapi.witheldokan.com/storage/seif-pharmacies/uploads/7935.webp|https://masterapi.witheldokan.com/storage/seif-pharmacies/uploads/608244.webp|https://masterapi.witheldokan.com/storage/seif-pharmacies/uploads/610170.webp|https://masterapi.witheldokan.com/storage/seif-pharmacies/uploads/401153.webp|https://masterapi.witheldokan.com/storage/seif-pharmacies/uploads/356933.webp|https://masterapi.witheldokan.com/storage/seif-pharmacies/uploads/356938.webp|https://masterapi.witheldokan.com/storage/seif-pharmacies/uploads/608245.webp|https://masterapi.witheldokan.com/storage/seif-pharmacies/uploads/610172.webp|https://masterapi.witheldokan.com/storage/seif-pharmacies/uploads/377369-1756644251.webp|https://masterapi.witheldokan.com/storage/seif-pharmacies/uploads/610573.webp|https://masterapi.witheldokan.com/storage/seif-pharmacies/uploads/610571.webp|https://masterapi.witheldokan.com/storage/seif-pharmacies/uploads/614764.webp|https://masterapi.witheldokan.com/storage/seif-pharmacies/uploads/609396.webp|https://masterapi.witheldokan.com/storage/seif-pharmacies/uploads/11811.webp|https://masterapi.witheldokan.com/storage/seif-pharmacies/uploads/52626 webp-1754315206.webp|https://masterapi.witheldokan.com/storage/seif-pharmacies/uploads/612022.webp|https://masterapi.witheldokan.com/storage/seif-pharmacies/uploads/608668.webp|https://cdn.supercommerce.io/seif-pharmacies/uploads/615117.webp|https://cdn.supercommerce.io/seif-pharmacies/uploads/616807-1774953079.webp,https://seif-online.com/en/product/skin-care/face-care
Skin Cleansers,,,Apply,Medicine,,Download App Now,,,https://masterapi.witheldokan.com/storage/seif-pharmacies/uploads/356938.webp|https://masterapi.witheldokan.com/storage/seif-pharmacies/uploads/612022.webp|https://cdn.supercommerce.io/seif-pharmacies/uploads/615117.webp|https://masterapi.witheldokan.com/storage/seif-pharmacies/uploads/601108.webp|https://masterapi.witheldokan.com/storage/seif-pharmacies/uploads/613356-1761482124.webp|https://masterapi.witheldokan.com/storage/seif-pharmacies/uploads/615152-1757839910.webp|https://masterapi.witheldokan.com/storage/seif-pharmacies/uploads/404145.webp|https://masterapi.witheldokan.com/storage/seif-pharmacies/uploads/608226.webp|https://masterapi.witheldokan.com/storage/seif-pharmacies/uploads/611556-1755779594.webp|https://masterapi.witheldokan.com/storage/seif-pharmacies/uploads/608712.webp|https://masterapi.witheldokan.com/storage/seif-pharmacies/uploads/389948.webp|https://cdn.supercommerce.io/seif-pharmacies/uploads/616096-1774723510.webp|https://masterapi.witheldokan.com/storage/seif-pharmacies/uploads/608387.webp|https://masterapi.witheldokan.com/storage/seif-pharmacies/uploads/610413.webp|https://masterapi.witheldokan.com/storage/seif-pharmacies/uploads/613357-1761482151.webp|https://masterapi.witheldokan.com/storage/seif-pharmacies/uploads/65120.webp|https://masterapi.witheldokan.com/storage/seif-pharmacies/uploads/602682.webp|https://masterapi.witheldokan.com/storage/seif-pharmacies/uploads/616507-1757575996.webp|https://masterapi.witheldokan.com/storage/seif-pharmacies/uploads/397570.webp|https://masterapi.witheldokan.com/storage/seif-pharmacies/uploads/607818.webp|https://masterapi.witheldokan.com/storage/seif-pharmacies/uploads/404144.webp|https://masterapi.witheldokan.com/storage/seif-pharmacies/uploads/612376-1758026356.webp|https://masterapi.witheldokan.com/storage/seif-pharmacies/uploads/356934.webp|https://masterapi.witheldokan.com/storage/seif-pharmacies/uploads/608388-1757572063.webp,https://seif-online.com/en/product/skin-care/face-care/skin-cleansers
Skin Moisturizers,,,Apply,Medicine,,Download App Now,,,https://masterapi.witheldokan.com/storage/seif-pharmacies/uploads/7934.webp|https://masterapi.witheldokan.com/storage/seif-pharmacies/uploads/7935.webp|https://masterapi.witheldokan.com/storage/seif-pharmacies/uploads/356933.webp|https://masterapi.witheldokan.com/storage/seif-pharmacies/uploads/614764.webp|https://masterapi.witheldokan.com/storage/seif-pharmacies/uploads/11811.webp|https://masterapi.witheldokan.com/storage/seif-pharmacies/uploads/608668.webp|https://cdn.supercommerce.io/seif-pharmacies/uploads/616807-1774953079.webp|https://cdn.supercommerce.io/seif-pharmacies/uploads/615917.webp|https://masterapi.witheldokan.com/storage/seif-pharmacies/uploads/300286.webp|https://masterapi.witheldokan.com/storage/seif-pharmacies/uploads/612604-1761048352.webp|https://masterapi.witheldokan.com/storage/seif-pharmacies/uploads/614763.webp|https://masterapi.witheldokan.com/storage/seif-pharmacies/uploads/610042.webp|https://masterapi.witheldokan.com/storage/seif-pharmacies/uploads/609951.webp|https://masterapi.witheldokan.com/storage/seif-pharmacies/uploads/348365.webp|https://masterapi.witheldokan.com/storage/seif-pharmacies/uploads/601569.webp|https://masterapi.witheldokan.com/storage/seif-pharmacies/uploads/601573.webp|https://masterapi.witheldokan.com/storage/seif-pharmacies/uploads/616197-1757583493.webp|https://masterapi.witheldokan.com/storage/seif-pharmacies/uploads/6872.webp|https://masterapi.witheldokan.com/storage/seif-pharmacies/uploads/612605.webp|https://masterapi.witheldokan.com/storage/seif-pharmacies/uploads/62076.webp|https://masterapi.witheldokan.com/storage/seif-pharmacies/uploads/348706.webp,https://seif-online.com/en/product/skin-care/face-care/skin-moisturizers
Sun Care,,,Apply,Medicine,,Download App Now,,,https://masterapi.witheldokan.com/storage/seif-pharmacies/uploads/344484.webp|https://masterapi.witheldokan.com/storage/seif-pharmacies/uploads/608246.webp|https://masterapi.witheldokan.com/storage/seif-pharmacies/uploads/608244.webp|https://masterapi.witheldokan.com/storage/seif-pharmacies/uploads/401153.webp|https://masterapi.witheldokan.com/storage/seif-pharmacies/uploads/608245.webp|https://masterapi.witheldokan.com/storage/seif-pharmacies/uploads/377369-1756644251.webp|https://masterapi.witheldokan.com/storage/seif-pharmacies/uploads/609396.webp|https://masterapi.witheldokan.com/storage/seif-pharmacies/uploads/52626 webp-1754315206.webp|https://masterapi.witheldokan.com/storage/seif-pharmacies/uploads/611911 wnp-1754313551.webp|https://masterapi.witheldokan.com/storage/seif-pharmacies/uploads/613367-1761482365.webp|https://masterapi.witheldokan.com/storage/seif-pharmacies/uploads/615122.webp|https://masterapi.witheldokan.com/storage/seif-pharmacies/uploads/612183.webp|https://masterapi.witheldokan.com/storage/seif-pharmacies/uploads/613368-1761482393.webp|https://masterapi.witheldokan.com/storage/seif-pharmacies/uploads/615463-1756023294.webp|https://masterapi.witheldokan.com/storage/seif-pharmacies/uploads/612761-1754398017.webp|https://masterapi.witheldokan.com/storage/seif-pharmacies/uploads/613369-1761482416.webp|https://masterapi.witheldokan.com/storage/seif-pharmacies/uploads/602383.webp|https://masterapi.witheldokan.com/storage/seif-pharmacies/uploads/613366-1761482342.webp|https://masterapi.witheldokan.com/storage/seif-pharmacies/uploads/615151-1757839879.webp|https://masterapi.witheldokan.com/storage/seif-pharmacies/uploads/611962.webp|https://masterapi.witheldokan.com/storage/seif-pharmacies/uploads/616700-1757576101.webp|https://masterapi.witheldokan.com/storage/seif-pharmacies/uploads/611960.webp|https://masterapi.witheldokan.com/storage/seif-pharmacies/uploads/609543.webp|https://masterapi.witheldokan.com/storage/seif-pharmacies/uploads/613133.webp,https://seif-online.com/en/product/skin-care/face-care/sun-care
Facial Toners & Serums,,,Apply,Medicine,,Download App Now,,,https://masterapi.witheldokan.com/storage/seif-pharmacies/uploads/610572.webp|https://masterapi.witheldokan.com/storage/seif-pharmacies/uploads/610573.webp|https://masterapi.witheldokan.com/storage/seif-pharmacies/uploads/610571.webp|https://masterapi.witheldokan.com/storage/seif-pharmacies/uploads/608713.webp|https://masterapi.witheldokan.com/storage/seif-pharmacies/uploads/614731.webp|https://masterapi.witheldokan.com/storage/seif-pharmacies/uploads/610431.webp|https://masterapi.witheldokan.com/storage/seif-pharmacies/uploads/610290.webp|https://masterapi.witheldokan.com/storage/seif-pharmacies/uploads/615121.webp|https://masterapi.witheldokan.com/storage/seif-pharmacies/uploads/608715.webp|https://masterapi.witheldokan.com/storage/seif-pharmacies/uploads/615464-1756023394.webp|https://cdn.supercommerce.io/seif-pharmacies/uploads/607050-1768737548.webp|https://masterapi.witheldokan.com/storage/seif-pharmacies/uploads/614800-1759931329.webp|https://masterapi.witheldokan.com/storage/seif-pharmacies/uploads/607535-1758176452.webp|https://masterapi.witheldokan.com/storage/seif-pharmacies/uploads/610432.webp|https://masterapi.witheldokan.com/storage/seif-pharmacies/uploads/616077-1757840159.webp|https://masterapi.witheldokan.com/storage/seif-pharmacies/uploads/612523.webp|https://masterapi.witheldokan.com/storage/seif-pharmacies/uploads/612294.webp|https://masterapi.witheldokan.com/storage/seif-pharmacies/uploads/612297.webp|https://cdn.supercommerce.io/seif-pharmacies/uploads/615467-1769343829.webp|https://masterapi.witheldokan.com/storage/seif-pharmacies/uploads/602539.webp|https://masterapi.witheldokan.com/storage/seif-pharmacies/uploads/383799.webp|https://masterapi.witheldokan.com/storage/seif-pharmacies/uploads/612522.webp|https://masterapi.witheldokan.com/storage/seif-pharmacies/uploads/616322-1759321900.webp|https://masterapi.witheldokan.com/storage/seif-pharmacies/uploads/617027-1760534760.webp,https://seif-online.com/en/product/skin-care/face-care/facial-toners-serums
Eye Cream & Contour,,,Apply,Medicine,,Download App Now,,,https://masterapi.witheldokan.com/storage/seif-pharmacies/uploads/605394-1758176673.webp|https://masterapi.witheldokan.com/storage/seif-pharmacies/uploads/611474.webp|https://masterapi.witheldokan.com/storage/seif-pharmacies/uploads/323556.webp|https://masterapi.witheldokan.com/storage/seif-pharmacies/uploads/398069.webp|https://masterapi.witheldokan.com/storage/seif-pharmacies/uploads/615118-1757584362.webp|https://masterapi.witheldokan.com/storage/seif-pharmacies/uploads/611724-1756018145.webp|https://masterapi.witheldokan.com/storage/seif-pharmacies/uploads/604881.webp|https://masterapi.witheldokan.com/storage/seif-pharmacies/uploads/309727.webp|https://masterapi.witheldokan.com/storage/seif-pharmacies/uploads/616318-1757832529.webp|https://masterapi.witheldokan.com/storage/seif-pharmacies/uploads/613363-1761482268.webp|https://masterapi.witheldokan.com/storage/seif-pharmacies/uploads/613919.webp|https://masterapi.witheldokan.com/storage/seif-pharmacies/uploads/382583.webp|https://masterapi.witheldokan.com/storage/seif-pharmacies/uploads/607996.webp|https://masterapi.witheldokan.com/storage/seif-pharmacies/uploads/611492.webp|https://masterapi.witheldokan.com/storage/seif-pharmacies/uploads/605901-1756018233.webp|https://masterapi.witheldokan.com/storage/seif-pharmacies/uploads/58956.webp|https://masterapi.witheldokan.com/storage/seif-pharmacies/uploads/608947.webp|https://masterapi.witheldokan.com/storage/seif-pharmacies/uploads/616141-1759394179.webp|https://cdn.supercommerce.io/seif-pharmacies/uploads/618086-1770890717.webp|https://masterapi.witheldokan.com/storage/seif-pharmacies/uploads/384407.webp|https://masterapi.witheldokan.com/storage/seif-pharmacies/uploads/315816-1761140706.webp|https://masterapi.witheldokan.com/storage/seif-pharmacies/uploads/614933-1759930745.webp,https://seif-online.com/en/product/skin-care/face-care/eye-cream-contour
Makeup Removers,,,Apply,Medicine,,Download App Now,,,https://masterapi.witheldokan.com/storage/seif-pharmacies/uploads/610170.webp|https://masterapi.witheldokan.com/storage/seif-pharmacies/uploads/610172.webp|https://masterapi.witheldokan.com/storage/seif-pharmacies/uploads/615120.webp|https://masterapi.witheldokan.com/storage/seif-pharmacies/uploads/614732.webp|https://masterapi.witheldokan.com/storage/seif-pharmacies/uploads/610169.webp|https://masterapi.witheldokan.com/storage/seif-pharmacies/uploads/371647.webp|https://masterapi.witheldokan.com/storage/seif-pharmacies/uploads/386702.webp|https://masterapi.witheldokan.com/storage/seif-pharmacies/uploads/335870.webp|https://masterapi.witheldokan.com/storage/seif-pharmacies/uploads/323555.webp|https://masterapi.witheldokan.com/storage/seif-pharmacies/uploads/403036.webp|https://masterapi.witheldokan.com/storage/seif-pharmacies/uploads/616071-1756017624.webp|https://masterapi.witheldokan.com/storage/seif-pharmacies/uploads/386703.webp|https://masterapi.witheldokan.com/storage/seif-pharmacies/uploads/404117.webp|https://masterapi.witheldokan.com/storage/seif-pharmacies/uploads/615643-1757588753.webp|https://cdn.supercommerce.io/seif-pharmacies/uploads/618510-1771915111.webp|https://masterapi.witheldokan.com/storage/seif-pharmacies/uploads/610171.webp|https://masterapi.witheldokan.com/storage/seif-pharmacies/uploads/612047.jfif-1756212848.webp|https://masterapi.witheldokan.com/storage/seif-pharmacies/uploads/606135.webp|https://masterapi.witheldokan.com/storage/seif-pharmacies/uploads/212690.png|https://masterapi.witheldokan.com/storage/seif-pharmacies/uploads/18425.png|https://masterapi.witheldokan.com/storage/seif-pharmacies/uploads/616711-1758781719.webp|https://cdn.supercommerce.io/seif-pharmacies/uploads/126138-1770208927.webp|https://masterapi.witheldokan.com/storage/seif-pharmacies/uploads/616712-1758782525.webp,https://seif-online.com/en/product/skin-care/face-care/makeup-removers
Facial Masks & Scrubs,,,Apply,Medicine,,Download App Now,,,https://masterapi.witheldokan.com/storage/seif-pharmacies/uploads/397525.webp|https://masterapi.witheldokan.com/storage/seif-pharmacies/uploads/404174.webp|https://masterapi.witheldokan.com/storage/seif-pharmacies/uploads/404173.webp|https://masterapi.witheldokan.com/storage/seif-pharmacies/uploads/601568.webp|https://masterapi.witheldokan.com/storage/seif-pharmacies/uploads/613450-1757574004.webp|https://masterapi.witheldokan.com/storage/seif-pharmacies/uploads/602864.webp|https://masterapi.witheldokan.com/storage/seif-pharmacies/uploads/602878.webp|https://masterapi.witheldokan.com/storage/seif-pharmacies/uploads/404168.webp|https://masterapi.witheldokan.com/storage/seif-pharmacies/uploads/602873.webp|https://masterapi.witheldokan.com/storage/seif-pharmacies/uploads/404138.webp|https://masterapi.witheldokan.com/storage/seif-pharmacies/uploads/88457.webp|https://masterapi.witheldokan.com/storage/seif-pharmacies/uploads/608389.webp|https://masterapi.witheldokan.com/storage/seif-pharmacies/uploads/397528.webp|https://masterapi.witheldokan.com/storage/seif-pharmacies/uploads/601104.webp|https://masterapi.witheldokan.com/storage/seif-pharmacies/uploads/601567.webp|https://masterapi.witheldokan.com/storage/seif-pharmacies/uploads/602876.webp|https://masterapi.witheldokan.com/storage/seif-pharmacies/uploads/602877.webp|https://masterapi.witheldokan.com/storage/seif-pharmacies/uploads/602875.webp|https://masterapi.witheldokan.com/storage/seif-pharmacies/uploads/404141.webp|https://masterapi.witheldokan.com/storage/seif-pharmacies/uploads/404139.webp|https://masterapi.witheldokan.com/storage/seif-pharmacies/uploads/404143.webp|https://masterapi.witheldokan.com/storage/seif-pharmacies/uploads/404142.webp|https://masterapi.witheldokan.com/storage/seif-pharmacies/uploads/604954-1755781062.webp|https://masterapi.witheldokan.com/storage/seif-pharmacies/uploads/161480.webp,https://seif-online.com/en/product/skin-care/face-care/facial-masks-scrubs
Skin Care,,,Apply,Medicine,,Download App Now,,,https://masterapi.witheldokan.com/storage/seif-pharmacies/uploads/602540.webp|https://cdn.supercommerce.io/seif-pharmacies/uploads/617407.webp|https://masterapi.witheldokan.com/storage/seif-pharmacies/uploads/612871.webp|https://masterapi.witheldokan.com/storage/seif-pharmacies/uploads/344484.webp|https://masterapi.witheldokan.com/storage/seif-pharmacies/uploads/612870.webp|https://masterapi.witheldokan.com/storage/seif-pharmacies/uploads/7934.webp|https://masterapi.witheldokan.com/storage/seif-pharmacies/uploads/48907.webp|https://masterapi.witheldokan.com/storage/seif-pharmacies/uploads/608246.webp|https://masterapi.witheldokan.com/storage/seif-pharmacies/uploads/608381-1757571919.webp|https://masterapi.witheldokan.com/storage/seif-pharmacies/uploads/609037.webp|https://masterapi.witheldokan.com/storage/seif-pharmacies/uploads/614915-1759931979.webp|https://masterapi.witheldokan.com/storage/seif-pharmacies/uploads/612044.webp|https://masterapi.witheldokan.com/storage/seif-pharmacies/uploads/610572.webp|https://masterapi.witheldokan.com/storage/seif-pharmacies/uploads/608384.webp|https://masterapi.witheldokan.com/storage/seif-pharmacies/uploads/612041-1758782017.webp|https://masterapi.witheldokan.com/storage/seif-pharmacies/uploads/7935.webp|https://masterapi.witheldokan.com/storage/seif-pharmacies/uploads/613364-1761482291.webp|https://masterapi.witheldokan.com/storage/seif-pharmacies/uploads/403918.webp|https://masterapi.witheldokan.com/storage/seif-pharmacies/uploads/608244.webp|https://masterapi.witheldokan.com/storage/seif-pharmacies/uploads/157178.webp|https://masterapi.witheldokan.com/storage/seif-pharmacies/uploads/610170.webp,https://seif-online.com/en/product/skin-care
Face Massagers & Derma Rollers,,,Apply,Medicine,,Download App Now,,,https://masterapi.witheldokan.com/storage/seif-pharmacies/uploads/382883.webp|https://masterapi.witheldokan.com/storage/seif-pharmacies/uploads/383796.webp|https://masterapi.witheldokan.com/storage/seif-pharmacies/uploads/404356.webp|https://masterapi.witheldokan.com/storage/seif-pharmacies/uploads/340497.webp|https://masterapi.witheldokan.com/storage/seif-pharmacies/uploads/321723.webp|https://masterapi.witheldokan.com/storage/seif-pharmacies/uploads/322534.webp|https://masterapi.witheldokan.com/storage/seif-pharmacies/uploads/377832.webp|https://masterapi.witheldokan.com/storage/seif-pharmacies/uploads/383052.webp|https://masterapi.witheldokan.com/storage/seif-pharmacies/uploads/350166-1761219302.webp|https://masterapi.witheldokan.com/storage/seif-pharmacies/uploads/365749.webp|https://masterapi.witheldokan.com/storage/seif-pharmacies/uploads/377844.webp,https://seif-online.com/en/product/skin-care/general/face-massagers-derma-rollers
Lip Care,,,Apply,Medicine,,Download App Now,,,https://masterapi.witheldokan.com/storage/seif-pharmacies/uploads/48907.webp|https://masterapi.witheldokan.com/storage/seif-pharmacies/uploads/608381-1757571919.webp|https://masterapi.witheldokan.com/storage/seif-pharmacies/uploads/614915-1759931979.webp|https://masterapi.witheldokan.com/storage/seif-pharmacies/uploads/608384.webp|https://masterapi.witheldokan.com/storage/seif-pharmacies/uploads/612041-1758782017.webp|https://masterapi.witheldokan.com/storage/seif-pharmacies/uploads/613364-1761482291.webp|https://masterapi.witheldokan.com/storage/seif-pharmacies/uploads/403918.webp|https://masterapi.witheldokan.com/storage/seif-pharmacies/uploads/612042.webp|https://masterapi.witheldokan.com/storage/seif-pharmacies/uploads/614917-1759931954.webp|https://masterapi.witheldokan.com/storage/seif-pharmacies/uploads/610043.webp|https://masterapi.witheldokan.com/storage/seif-pharmacies/uploads/608382.webp|https://masterapi.witheldokan.com/storage/seif-pharmacies/uploads/612043-1758782187.webp|https://masterapi.witheldokan.com/storage/seif-pharmacies/uploads/614918-1759931907.webp|https://masterapi.witheldokan.com/storage/seif-pharmacies/uploads/608383.webp|https://masterapi.witheldokan.com/storage/seif-pharmacies/uploads/54920.webp|https://masterapi.witheldokan.com/storage/seif-pharmacies/uploads/614916-1759931929.webp|https://masterapi.witheldokan.com/storage/seif-pharmacies/uploads/279829.webp|https://masterapi.witheldokan.com/storage/seif-pharmacies/uploads/606425.webp|https://cdn.supercommerce.io/seif-pharmacies/uploads/618343-1775458048.webp|https://masterapi.witheldokan.com/storage/seif-pharmacies/uploads/307532.webp|https://masterapi.witheldokan.com/storage/seif-pharmacies/uploads/611083-1758116366.webp|https://cdn.supercommerce.io/seif-pharmacies/uploads/618342-1775457913.webp|https://masterapi.witheldokan.com/storage/seif-pharmacies/uploads/608868.webp|https://cdn.supercommerce.io/seif-pharmacies/uploads/618341-1775457626.webp,https://seif-online.com/en/product/skin-care/general/lip-care
Skin Whitening,,,Apply,Medicine,,Download App Now,,,https://masterapi.witheldokan.com/storage/seif-pharmacies/uploads/616193-1757583038.webp|https://masterapi.witheldokan.com/storage/seif-pharmacies/uploads/614838-1757579334.webp|https://masterapi.witheldokan.com/storage/seif-pharmacies/uploads/318458.webp|https://masterapi.witheldokan.com/storage/seif-pharmacies/uploads/612762.webp|https://masterapi.witheldokan.com/storage/seif-pharmacies/uploads/608188.webp|https://masterapi.witheldokan.com/storage/seif-pharmacies/uploads/356931.webp|https://masterapi.witheldokan.com/storage/seif-pharmacies/uploads/615119.webp|https://masterapi.witheldokan.com/storage/seif-pharmacies/uploads/612763.webp|https://cdn.supercommerce.io/seif-pharmacies/uploads/615466-1768720184.webp|https://masterapi.witheldokan.com/storage/seif-pharmacies/uploads/612414.webp|https://masterapi.witheldokan.com/storage/seif-pharmacies/uploads/607819.webp|https://masterapi.witheldokan.com/storage/seif-pharmacies/uploads/608250.webp|https://masterapi.witheldokan.com/storage/seif-pharmacies/uploads/609669.webp|https://masterapi.witheldokan.com/storage/seif-pharmacies/uploads/615465-1756023825.webp|https://masterapi.witheldokan.com/storage/seif-pharmacies/uploads/609210.webp|https://masterapi.witheldokan.com/storage/seif-pharmacies/uploads/616079-1757840271.webp|https://masterapi.witheldokan.com/storage/seif-pharmacies/uploads/606195.webp|https://masterapi.witheldokan.com/storage/seif-pharmacies/uploads/385644.webp|https://masterapi.witheldokan.com/storage/seif-pharmacies/uploads/317286.webp|https://masterapi.witheldokan.com/storage/seif-pharmacies/uploads/616505-1757575808.webp|https://masterapi.witheldokan.com/storage/seif-pharmacies/uploads/395052.webp|https://masterapi.witheldokan.com/storage/seif-pharmacies/uploads/616506-1757575917.webp|https://masterapi.witheldokan.com/storage/seif-pharmacies/uploads/324008.webp,https://seif-online.com/en/product/skin-care/general/skin-whitening
Acne Preparations,,,Apply,Medicine,,Download App Now,,,https://cdn.supercommerce.io/seif-pharmacies/uploads/617407.webp|https://masterapi.witheldokan.com/storage/seif-pharmacies/uploads/616485-1759233740.webp|https://masterapi.witheldokan.com/storage/seif-pharmacies/uploads/356937.webp|https://masterapi.witheldokan.com/storage/seif-pharmacies/uploads/612287-1754695555.webp|https://masterapi.witheldokan.com/storage/seif-pharmacies/uploads/608249-1763020309.webp|https://masterapi.witheldokan.com/storage/seif-pharmacies/uploads/611473.webp|https://masterapi.witheldokan.com/storage/seif-pharmacies/uploads/614766.webp|https://masterapi.witheldokan.com/storage/seif-pharmacies/uploads/614765.webp|https://masterapi.witheldokan.com/storage/seif-pharmacies/uploads/387613-1761141202.webp|https://masterapi.witheldokan.com/storage/seif-pharmacies/uploads/393466.webp|https://masterapi.witheldokan.com/storage/seif-pharmacies/uploads/616496-1759233248.webp|https://masterapi.witheldokan.com/storage/seif-pharmacies/uploads/372014-1761141136.webp|https://masterapi.witheldokan.com/storage/seif-pharmacies/uploads/611557-1755781466.webp|https://masterapi.witheldokan.com/storage/seif-pharmacies/uploads/616909-1760605652.webp|https://masterapi.witheldokan.com/storage/seif-pharmacies/uploads/612286-1754695490.webp|https://masterapi.witheldokan.com/storage/seif-pharmacies/uploads/617021.webp|https://masterapi.witheldokan.com/storage/seif-pharmacies/uploads/611554-1755782968.webp|https://masterapi.witheldokan.com/storage/seif-pharmacies/uploads/403280-1761141264.webp|https://masterapi.witheldokan.com/storage/seif-pharmacies/uploads/617041.webp|https://masterapi.witheldokan.com/storage/seif-pharmacies/uploads/62078.webp|https://masterapi.witheldokan.com/storage/seif-pharmacies/uploads/382570-1761140598.webp,https://seif-online.com/en/product/skin-care/general/acne-preparations
Anti-Ageing,,,Apply,Medicine,,Download App Now,,,https://masterapi.witheldokan.com/storage/seif-pharmacies/uploads/609647.webp|https://masterapi.witheldokan.com/storage/seif-pharmacies/uploads/613762.webp|https://masterapi.witheldokan.com/storage/seif-pharmacies/uploads/605318.webp|https://masterapi.witheldokan.com/storage/seif-pharmacies/uploads/309833.webp|https://masterapi.witheldokan.com/storage/seif-pharmacies/uploads/605920.webp|https://masterapi.witheldokan.com/storage/seif-pharmacies/uploads/607482.webp|https://masterapi.witheldokan.com/storage/seif-pharmacies/uploads/616488-1760534918.webp|https://masterapi.witheldokan.com/storage/seif-pharmacies/uploads/616484-1759233826.webp|https://masterapi.witheldokan.com/storage/seif-pharmacies/uploads/616076-1757840122.webp|https://masterapi.witheldokan.com/storage/seif-pharmacies/uploads/396665-1757585277.webp|https://masterapi.witheldokan.com/storage/seif-pharmacies/uploads/605902.webp|https://masterapi.witheldokan.com/storage/seif-pharmacies/uploads/601579.webp|https://masterapi.witheldokan.com/storage/seif-pharmacies/uploads/601580.webp|https://masterapi.witheldokan.com/storage/seif-pharmacies/uploads/614760.webp|https://masterapi.witheldokan.com/storage/seif-pharmacies/uploads/617256-1762559281.webp|https://masterapi.witheldokan.com/storage/seif-pharmacies/uploads/609398.webp|https://masterapi.witheldokan.com/storage/seif-pharmacies/uploads/616310-1759320954.webp|https://masterapi.witheldokan.com/storage/seif-pharmacies/uploads/327441.webp|https://masterapi.witheldokan.com/storage/seif-pharmacies/uploads/601920-1761140818.webp|https://masterapi.witheldokan.com/storage/seif-pharmacies/uploads/617257-1762559170.webp|https://masterapi.witheldokan.com/storage/seif-pharmacies/uploads/617258-1762558992.webp|https://masterapi.witheldokan.com/storage/seif-pharmacies/uploads/604880.webp,https://seif-online.com/en/product/skin-care/general/anti-ageing
Baby Nutrition,,,Apply,Medicine,,Download App Now,,,https://masterapi.witheldokan.com/storage/seif-pharmacies/uploads/374038.webp|https://masterapi.witheldokan.com/storage/seif-pharmacies/uploads/347024.webp|https://masterapi.witheldokan.com/storage/seif-pharmacies/uploads/373948.webp|https://masterapi.witheldokan.com/storage/seif-pharmacies/uploads/373963.webp|https://masterapi.witheldokan.com/storage/seif-pharmacies/uploads/388393.webp|https://masterapi.witheldokan.com/storage/seif-pharmacies/uploads/610327.webp|https://masterapi.witheldokan.com/storage/seif-pharmacies/uploads/388392.webp|https://masterapi.witheldokan.com/storage/seif-pharmacies/uploads/388394.webp|https://masterapi.witheldokan.com/storage/seif-pharmacies/uploads/373967.webp|https://masterapi.witheldokan.com/storage/seif-pharmacies/uploads/608887.webp|https://masterapi.witheldokan.com/storage/seif-pharmacies/uploads/388395.webp|https://masterapi.witheldokan.com/storage/seif-pharmacies/uploads/608886.webp|https://masterapi.witheldokan.com/storage/seif-pharmacies/uploads/376020.webp|https://masterapi.witheldokan.com/storage/seif-pharmacies/uploads/610329.webp|https://masterapi.witheldokan.com/storage/seif-pharmacies/uploads/376023.webp|https://masterapi.witheldokan.com/storage/seif-pharmacies/uploads/376018.webp|https://masterapi.witheldokan.com/storage/seif-pharmacies/uploads/610330.webp|https://masterapi.witheldokan.com/storage/seif-pharmacies/uploads/373955.webp|https://masterapi.witheldokan.com/storage/seif-pharmacies/uploads/373964.webp|https://masterapi.witheldokan.com/storage/seif-pharmacies/uploads/373972.webp|https://masterapi.witheldokan.com/storage/seif-pharmacies/uploads/373977.webp,https://seif-online.com/en/product/mom-baby/baby-nutrition
Baby Feeding Accessories,,,Apply,Medicine,,Download App Now,,,https://masterapi.witheldokan.com/storage/seif-pharmacies/uploads/374038.webp|https://masterapi.witheldokan.com/storage/seif-pharmacies/uploads/347024.webp|https://masterapi.witheldokan.com/storage/seif-pharmacies/uploads/373948.webp|https://masterapi.witheldokan.com/storage/seif-pharmacies/uploads/373963.webp|https://masterapi.witheldokan.com/storage/seif-pharmacies/uploads/388393.webp|https://masterapi.witheldokan.com/storage/seif-pharmacies/uploads/610327.webp|https://masterapi.witheldokan.com/storage/seif-pharmacies/uploads/388392.webp|https://masterapi.witheldokan.com/storage/seif-pharmacies/uploads/388394.webp|https://masterapi.witheldokan.com/storage/seif-pharmacies/uploads/373967.webp|https://masterapi.witheldokan.com/storage/seif-pharmacies/uploads/608887.webp|https://masterapi.witheldokan.com/storage/seif-pharmacies/uploads/388395.webp|https://masterapi.witheldokan.com/storage/seif-pharmacies/uploads/608886.webp|https://masterapi.witheldokan.com/storage/seif-pharmacies/uploads/376020.webp|https://masterapi.witheldokan.com/storage/seif-pharmacies/uploads/610329.webp|https://masterapi.witheldokan.com/storage/seif-pharmacies/uploads/376023.webp|https://masterapi.witheldokan.com/storage/seif-pharmacies/uploads/376018.webp|https://masterapi.witheldokan.com/storage/seif-pharmacies/uploads/610330.webp|https://masterapi.witheldokan.com/storage/seif-pharmacies/uploads/373955.webp|https://masterapi.witheldokan.com/storage/seif-pharmacies/uploads/373964.webp|https://masterapi.witheldokan.com/storage/seif-pharmacies/uploads/373972.webp|https://masterapi.witheldokan.com/storage/seif-pharmacies/uploads/373977.webp,https://seif-online.com/en/product/mom-baby/baby-nutrition/baby-feeding-accessories
Baby Food,,,Apply,Medicine,,Download App Now,,,https://masterapi.witheldokan.com/storage/seif-pharmacies/uploads/3900.webp|https://masterapi.witheldokan.com/storage/seif-pharmacies/uploads/3897.webp|https://masterapi.witheldokan.com/storage/seif-pharmacies/uploads/2153.webp|https://masterapi.witheldokan.com/storage/seif-pharmacies/uploads/55092.webp|https://masterapi.witheldokan.com/storage/seif-pharmacies/uploads/41513.webp|https://masterapi.witheldokan.com/storage/seif-pharmacies/uploads/3907.webp|https://masterapi.witheldokan.com/storage/seif-pharmacies/uploads/30115.webp|https://masterapi.witheldokan.com/storage/seif-pharmacies/uploads/3902.webp|https://masterapi.witheldokan.com/storage/seif-pharmacies/uploads/3904.webp|https://masterapi.witheldokan.com/storage/seif-pharmacies/uploads/3905.webp|https://masterapi.witheldokan.com/storage/seif-pharmacies/uploads/3903.webp|https://masterapi.witheldokan.com/storage/seif-pharmacies/uploads/324568.webp|https://masterapi.witheldokan.com/storage/seif-pharmacies/uploads/399795.webp|https://masterapi.witheldokan.com/storage/seif-pharmacies/uploads/395566.webp|https://masterapi.witheldokan.com/storage/seif-pharmacies/uploads/324563.webp|https://masterapi.witheldokan.com/storage/seif-pharmacies/uploads/350002.webp|https://masterapi.witheldokan.com/storage/seif-pharmacies/uploads/614447-1759928884.webp|https://masterapi.witheldokan.com/storage/seif-pharmacies/uploads/324458.webp|https://masterapi.witheldokan.com/storage/seif-pharmacies/uploads/185283.webp|https://masterapi.witheldokan.com/storage/seif-pharmacies/uploads/132553.webp|https://masterapi.witheldokan.com/storage/seif-pharmacies/uploads/132475.webp|https://masterapi.witheldokan.com/storage/seif-pharmacies/uploads/343669.webp|https://masterapi.witheldokan.com/storage/seif-pharmacies/uploads/400793.webp|https://masterapi.witheldokan.com/storage/seif-pharmacies/uploads/3898.webp,https://seif-online.com/en/product/mom-baby/baby-nutrition/baby-food
Nutrition Supplements,,,Apply,Medicine,,Download App Now,,,https://masterapi.witheldokan.com/storage/seif-pharmacies/uploads/48189.webp|https://masterapi.witheldokan.com/storage/seif-pharmacies/uploads/44929.webp|https://masterapi.witheldokan.com/storage/seif-pharmacies/uploads/3783.webp|https://masterapi.witheldokan.com/storage/seif-pharmacies/uploads/343670.webp|https://masterapi.witheldokan.com/storage/seif-pharmacies/uploads/607073.webp,https://seif-online.com/en/product/mom-baby/baby-nutrition/nutrition-supplements
Baby Milk,,,Apply,Medicine,,Download App Now,,,https://masterapi.witheldokan.com/storage/seif-pharmacies/uploads/398056.webp|https://masterapi.witheldokan.com/storage/seif-pharmacies/uploads/432327.webp|https://masterapi.witheldokan.com/storage/seif-pharmacies/uploads/398055.webp|https://masterapi.witheldokan.com/storage/seif-pharmacies/uploads/3784.webp|https://masterapi.witheldokan.com/storage/seif-pharmacies/uploads/3779.webp|https://masterapi.witheldokan.com/storage/seif-pharmacies/uploads/35639.webp|https://masterapi.witheldokan.com/storage/seif-pharmacies/uploads/431770.webp|https://masterapi.witheldokan.com/storage/seif-pharmacies/uploads/48865.webp|https://masterapi.witheldokan.com/storage/seif-pharmacies/uploads/601611.webp|https://masterapi.witheldokan.com/storage/seif-pharmacies/uploads/601612.webp|https://masterapi.witheldokan.com/storage/seif-pharmacies/uploads/114357.webp|https://masterapi.witheldokan.com/storage/seif-pharmacies/uploads/74509.webp|https://masterapi.witheldokan.com/storage/seif-pharmacies/uploads/347792.webp|https://masterapi.witheldokan.com/storage/seif-pharmacies/uploads/385453.webp|https://masterapi.witheldokan.com/storage/seif-pharmacies/uploads/136805.webp|https://masterapi.witheldokan.com/storage/seif-pharmacies/uploads/400936.webp|https://masterapi.witheldokan.com/storage/seif-pharmacies/uploads/126140.webp|https://masterapi.witheldokan.com/storage/seif-pharmacies/uploads/431002.webp|https://masterapi.witheldokan.com/storage/seif-pharmacies/uploads/601613.webp|https://masterapi.witheldokan.com/storage/seif-pharmacies/uploads/359122.webp|https://masterapi.witheldokan.com/storage/seif-pharmacies/uploads/306096.webp|https://masterapi.witheldokan.com/storage/seif-pharmacies/uploads/432450.webp|https://masterapi.witheldokan.com/storage/seif-pharmacies/uploads/614837-1759931010.webp|https://masterapi.witheldokan.com/storage/seif-pharmacies/uploads/399732.webp,https://seif-online.com/en/product/mom-baby/baby-nutrition/baby-milk
Baby Care,,,Apply,Medicine,,Download App Now,,,https://masterapi.witheldokan.com/storage/seif-pharmacies/uploads/11.webp|https://masterapi.witheldokan.com/storage/seif-pharmacies/uploads/609535.webp|https://masterapi.witheldokan.com/storage/seif-pharmacies/uploads/608322.webp|https://masterapi.witheldokan.com/storage/seif-pharmacies/uploads/601858.webp|https://masterapi.witheldokan.com/storage/seif-pharmacies/uploads/403302.webp|https://masterapi.witheldokan.com/storage/seif-pharmacies/uploads/310791.webp|https://masterapi.witheldokan.com/storage/seif-pharmacies/uploads/310788.webp|https://masterapi.witheldokan.com/storage/seif-pharmacies/uploads/389787.webp|https://masterapi.witheldokan.com/storage/seif-pharmacies/uploads/4534.webp|https://masterapi.witheldokan.com/storage/seif-pharmacies/uploads/4116.webp|https://masterapi.witheldokan.com/storage/seif-pharmacies/uploads/606084.webp|https://masterapi.witheldokan.com/storage/seif-pharmacies/uploads/400385.webp|https://masterapi.witheldokan.com/storage/seif-pharmacies/uploads/613453.webp|https://masterapi.witheldokan.com/storage/seif-pharmacies/uploads/376630.webp|https://masterapi.witheldokan.com/storage/seif-pharmacies/uploads/18806.webp|https://masterapi.witheldokan.com/storage/seif-pharmacies/uploads/378296.webp|https://masterapi.witheldokan.com/storage/seif-pharmacies/uploads/403305.webp|https://masterapi.witheldokan.com/storage/seif-pharmacies/uploads/376649.webp|https://masterapi.witheldokan.com/storage/seif-pharmacies/uploads/376650.webp|https://masterapi.witheldokan.com/storage/seif-pharmacies/uploads/607180.webp|https://masterapi.witheldokan.com/storage/seif-pharmacies/uploads/215916.webp|https://masterapi.witheldokan.com/storage/seif-pharmacies/uploads/378297.webp|https://masterapi.witheldokan.com/storage/seif-pharmacies/uploads/607181.webp|https://masterapi.witheldokan.com/storage/seif-pharmacies/uploads/613084.webp,https://seif-online.com/en/product/mom-baby/baby-care
Baby Skin Care,,,Apply,Medicine,,Download App Now,,,https://masterapi.witheldokan.com/storage/seif-pharmacies/uploads/606084.webp|https://masterapi.witheldokan.com/storage/seif-pharmacies/uploads/376630.webp|https://masterapi.witheldokan.com/storage/seif-pharmacies/uploads/378296.webp|https://masterapi.witheldokan.com/storage/seif-pharmacies/uploads/376649.webp|https://masterapi.witheldokan.com/storage/seif-pharmacies/uploads/376650.webp|https://masterapi.witheldokan.com/storage/seif-pharmacies/uploads/378297.webp|https://masterapi.witheldokan.com/storage/seif-pharmacies/uploads/604521.webp|https://masterapi.witheldokan.com/storage/seif-pharmacies/uploads/615158-1757840072.webp|https://masterapi.witheldokan.com/storage/seif-pharmacies/uploads/612771.webp|https://masterapi.witheldokan.com/storage/seif-pharmacies/uploads/60685.webp|https://masterapi.witheldokan.com/storage/seif-pharmacies/uploads/606090.webp|https://masterapi.witheldokan.com/storage/seif-pharmacies/uploads/615156-1757840013.webp|https://masterapi.witheldokan.com/storage/seif-pharmacies/uploads/612056.webp|https://masterapi.witheldokan.com/storage/seif-pharmacies/uploads/608228.webp|https://masterapi.witheldokan.com/storage/seif-pharmacies/uploads/609450.webp|https://masterapi.witheldokan.com/storage/seif-pharmacies/uploads/614777.webp|https://masterapi.witheldokan.com/storage/seif-pharmacies/uploads/393470.webp|https://masterapi.witheldokan.com/storage/seif-pharmacies/uploads/608523.webp|https://masterapi.witheldokan.com/storage/seif-pharmacies/uploads/617402-1762162967.webp|https://masterapi.witheldokan.com/storage/seif-pharmacies/uploads/397827.webp,https://seif-online.com/en/product/mom-baby/baby-care/baby-skin-care
Nappy Care & diaper cream,,,Apply,Medicine,,Download App Now,,,https://masterapi.witheldokan.com/storage/seif-pharmacies/uploads/607180.webp|https://masterapi.witheldokan.com/storage/seif-pharmacies/uploads/607181.webp|https://masterapi.witheldokan.com/storage/seif-pharmacies/uploads/615155-1757839990.webp|https://masterapi.witheldokan.com/storage/seif-pharmacies/uploads/615483-1759067814.webp|https://masterapi.witheldokan.com/storage/seif-pharmacies/uploads/611845.webp|https://masterapi.witheldokan.com/storage/seif-pharmacies/uploads/612770.webp|https://masterapi.witheldokan.com/storage/seif-pharmacies/uploads/608521.webp|https://masterapi.witheldokan.com/storage/seif-pharmacies/uploads/601083.webp|https://masterapi.witheldokan.com/storage/seif-pharmacies/uploads/611833.webp|https://masterapi.witheldokan.com/storage/seif-pharmacies/uploads/612190.webp|https://masterapi.witheldokan.com/storage/seif-pharmacies/uploads/389806.webp|https://masterapi.witheldokan.com/storage/seif-pharmacies/uploads/611467.webp|https://masterapi.witheldokan.com/storage/seif-pharmacies/uploads/611832.webp|https://masterapi.witheldokan.com/storage/seif-pharmacies/uploads/16596.webp|https://masterapi.witheldokan.com/storage/seif-pharmacies/uploads/431921.webp|https://masterapi.witheldokan.com/storage/seif-pharmacies/uploads/609501.webp,https://seif-online.com/en/product/mom-baby/baby-care/nappy-care-diaper-cream
Kids Toothpaste,,,Apply,Medicine,,Download App Now,,,https://masterapi.witheldokan.com/storage/seif-pharmacies/uploads/613453.webp|https://masterapi.witheldokan.com/storage/seif-pharmacies/uploads/613084.webp|https://masterapi.witheldokan.com/storage/seif-pharmacies/uploads/608191.webp|https://masterapi.witheldokan.com/storage/seif-pharmacies/uploads/69288.webp|https://masterapi.witheldokan.com/storage/seif-pharmacies/uploads/608637.webp|https://masterapi.witheldokan.com/storage/seif-pharmacies/uploads/612304.webp|https://masterapi.witheldokan.com/storage/seif-pharmacies/uploads/69287.webp|https://masterapi.witheldokan.com/storage/seif-pharmacies/uploads/608524.webp|https://masterapi.witheldokan.com/storage/seif-pharmacies/uploads/388698.webp|https://masterapi.witheldokan.com/storage/seif-pharmacies/uploads/202967.webp|https://masterapi.witheldokan.com/storage/seif-pharmacies/uploads/49903.webp|https://masterapi.witheldokan.com/storage/seif-pharmacies/uploads/10401.webp|https://masterapi.witheldokan.com/storage/seif-pharmacies/uploads/611618.webp|https://masterapi.witheldokan.com/storage/seif-pharmacies/uploads/617761.webp|https://masterapi.witheldokan.com/storage/seif-pharmacies/uploads/617760.webp|https://masterapi.witheldokan.com/storage/seif-pharmacies/uploads/300813.webp|https://masterapi.witheldokan.com/storage/seif-pharmacies/uploads/609377.webp,https://seif-online.com/en/product/mom-baby/baby-care/kids-toothpaste
Baby Sun Care,,,Apply,Medicine,,Download App Now,,,https://masterapi.witheldokan.com/storage/seif-pharmacies/uploads/615462-1756023222.webp|https://masterapi.witheldokan.com/storage/seif-pharmacies/uploads/615461-1756023081.webp|https://masterapi.witheldokan.com/storage/seif-pharmacies/uploads/609587-1758026079.webp|https://masterapi.witheldokan.com/storage/seif-pharmacies/uploads/616271-1759399491.webp|https://masterapi.witheldokan.com/storage/seif-pharmacies/uploads/275208.webp|https://masterapi.witheldokan.com/storage/seif-pharmacies/uploads/608229-1757242478.webp|https://masterapi.witheldokan.com/storage/seif-pharmacies/uploads/120458.webp|https://masterapi.witheldokan.com/storage/seif-pharmacies/uploads/605806.webp|https://masterapi.witheldokan.com/storage/seif-pharmacies/uploads/610540.webp|https://masterapi.witheldokan.com/storage/seif-pharmacies/uploads/290478.webp|https://masterapi.witheldokan.com/storage/seif-pharmacies/uploads/345200.webp|https://masterapi.witheldokan.com/storage/seif-pharmacies/uploads/251609-1761473731.webp,https://seif-online.com/en/product/mom-baby/baby-care/baby-sun-care
Baby Health Care,,,Apply,Medicine,,Download App Now,,,https://masterapi.witheldokan.com/storage/seif-pharmacies/uploads/11.webp|https://masterapi.witheldokan.com/storage/seif-pharmacies/uploads/609535.webp|https://masterapi.witheldokan.com/storage/seif-pharmacies/uploads/608322.webp|https://masterapi.witheldokan.com/storage/seif-pharmacies/uploads/601858.webp|https://masterapi.witheldokan.com/storage/seif-pharmacies/uploads/403302.webp|https://masterapi.witheldokan.com/storage/seif-pharmacies/uploads/310791.webp|https://masterapi.witheldokan.com/storage/seif-pharmacies/uploads/310788.webp|https://masterapi.witheldokan.com/storage/seif-pharmacies/uploads/389787.webp|https://masterapi.witheldokan.com/storage/seif-pharmacies/uploads/4534.webp|https://masterapi.witheldokan.com/storage/seif-pharmacies/uploads/4116.webp|https://masterapi.witheldokan.com/storage/seif-pharmacies/uploads/400385.webp|https://masterapi.witheldokan.com/storage/seif-pharmacies/uploads/18806.webp|https://masterapi.witheldokan.com/storage/seif-pharmacies/uploads/403305.webp|https://masterapi.witheldokan.com/storage/seif-pharmacies/uploads/215916.webp|https://masterapi.witheldokan.com/storage/seif-pharmacies/uploads/322954.webp|https://masterapi.witheldokan.com/storage/seif-pharmacies/uploads/389474.webp|https://masterapi.witheldokan.com/storage/seif-pharmacies/uploads/610326.webp|https://masterapi.witheldokan.com/storage/seif-pharmacies/uploads/219119.webp|https://masterapi.witheldokan.com/storage/seif-pharmacies/uploads/612896.webp|https://masterapi.witheldokan.com/storage/seif-pharmacies/uploads/612898.webp|https://masterapi.witheldokan.com/storage/seif-pharmacies/uploads/610325.webp|https://masterapi.witheldokan.com/storage/seif-pharmacies/uploads/29719.webp|https://masterapi.witheldokan.com/storage/seif-pharmacies/uploads/608513.webp,https://seif-online.com/en/product/mom-baby/baby-care/baby-health-care
Baby Toiletries & Bath Accessories,,,Apply,Medicine,,Download App Now,,,https://masterapi.witheldokan.com/storage/seif-pharmacies/uploads/156221.webp|https://masterapi.witheldokan.com/storage/seif-pharmacies/uploads/84003.webp|https://masterapi.witheldokan.com/storage/seif-pharmacies/uploads/180614.webp|https://masterapi.witheldokan.com/storage/seif-pharmacies/uploads/934.webp|https://masterapi.witheldokan.com/storage/seif-pharmacies/uploads/295287.webp|https://masterapi.witheldokan.com/storage/seif-pharmacies/uploads/935.webp|https://masterapi.witheldokan.com/storage/seif-pharmacies/uploads/615149-1757842618.jpg|https://masterapi.witheldokan.com/storage/seif-pharmacies/uploads/376633.webp|https://masterapi.witheldokan.com/storage/seif-pharmacies/uploads/611491-1755686028.webp|https://masterapi.witheldokan.com/storage/seif-pharmacies/uploads/309798.webp|https://masterapi.witheldokan.com/storage/seif-pharmacies/uploads/299480.webp|https://masterapi.witheldokan.com/storage/seif-pharmacies/uploads/606095.webp|https://masterapi.witheldokan.com/storage/seif-pharmacies/uploads/615150-1757839839.webp|https://masterapi.witheldokan.com/storage/seif-pharmacies/uploads/376635.webp|https://masterapi.witheldokan.com/storage/seif-pharmacies/uploads/615148-1757839786.webp|https://masterapi.witheldokan.com/storage/seif-pharmacies/uploads/615154-1757839964.webp|https://masterapi.witheldokan.com/storage/seif-pharmacies/uploads/612768.webp|https://masterapi.witheldokan.com/storage/seif-pharmacies/uploads/609039.webp|https://masterapi.witheldokan.com/storage/seif-pharmacies/uploads/614776.webp|https://masterapi.witheldokan.com/storage/seif-pharmacies/uploads/611952-1754555274.webp|https://masterapi.witheldokan.com/storage/seif-pharmacies/uploads/604161.webp|https://masterapi.witheldokan.com/storage/seif-pharmacies/uploads/388543.webp|https://masterapi.witheldokan.com/storage/seif-pharmacies/uploads/612767.webp|https://masterapi.witheldokan.com/storage/seif-pharmacies/uploads/616145-1759394573.webp,https://seif-online.com/en/product/mom-baby/baby-care/baby-toiletries-bath-accessories
Baby Accessories,,,Apply,Medicine,,Download App Now,,,https://cdn.supercommerce.io/seif-pharmacies/uploads/321569-1769937414.webp|https://masterapi.witheldokan.com/storage/seif-pharmacies/uploads/612233.webp|https://masterapi.witheldokan.com/storage/seif-pharmacies/uploads/610323.webp|https://masterapi.witheldokan.com/storage/seif-pharmacies/uploads/611541.webp|https://masterapi.witheldokan.com/storage/seif-pharmacies/uploads/371119.webp|https://masterapi.witheldokan.com/storage/seif-pharmacies/uploads/388549.webp|https://masterapi.witheldokan.com/storage/seif-pharmacies/uploads/388550.webp|https://masterapi.witheldokan.com/storage/seif-pharmacies/uploads/608526.webp|https://masterapi.witheldokan.com/storage/seif-pharmacies/uploads/373956.webp|https://masterapi.witheldokan.com/storage/seif-pharmacies/uploads/610321.webp|https://masterapi.witheldokan.com/storage/seif-pharmacies/uploads/612409.webp|https://masterapi.witheldokan.com/storage/seif-pharmacies/uploads/610324.webp|https://masterapi.witheldokan.com/storage/seif-pharmacies/uploads/373958.webp|https://masterapi.witheldokan.com/storage/seif-pharmacies/uploads/377989.webp|https://masterapi.witheldokan.com/storage/seif-pharmacies/uploads/610322.webp|https://masterapi.witheldokan.com/storage/seif-pharmacies/uploads/612371.webp|https://masterapi.witheldokan.com/storage/seif-pharmacies/uploads/172268.webp|https://masterapi.witheldokan.com/storage/seif-pharmacies/uploads/612303.webp,https://seif-online.com/en/product/mom-baby/baby-accessories
Medical Earrings,,,Apply,Medicine,,Download App Now,,,https://cdn.supercommerce.io/seif-pharmacies/uploads/321569-1769937414.webp|https://masterapi.witheldokan.com/storage/seif-pharmacies/uploads/385166.webp|https://masterapi.witheldokan.com/storage/seif-pharmacies/uploads/385167.webp|https://masterapi.witheldokan.com/storage/seif-pharmacies/uploads/385168.webp|https://masterapi.witheldokan.com/storage/seif-pharmacies/uploads/610995.webp|https://masterapi.witheldokan.com/storage/seif-pharmacies/uploads/610996.webp|https://masterapi.witheldokan.com/storage/seif-pharmacies/uploads/610997.webp,https://seif-online.com/en/product/mom-baby/baby-accessories/medical-earrings
Kids Toothbrush,,,Apply,Medicine,,Download App Now,,,https://masterapi.witheldokan.com/storage/seif-pharmacies/uploads/371119.webp|https://masterapi.witheldokan.com/storage/seif-pharmacies/uploads/388550.webp|https://masterapi.witheldokan.com/storage/seif-pharmacies/uploads/608526.webp|https://masterapi.witheldokan.com/storage/seif-pharmacies/uploads/612409.webp|https://masterapi.witheldokan.com/storage/seif-pharmacies/uploads/617762.webp|https://masterapi.witheldokan.com/storage/seif-pharmacies/uploads/376106.webp|https://masterapi.witheldokan.com/storage/seif-pharmacies/uploads/617763.webp|https://masterapi.witheldokan.com/storage/seif-pharmacies/uploads/617764.webp|https://masterapi.witheldokan.com/storage/seif-pharmacies/uploads/609807.webp|https://masterapi.witheldokan.com/storage/seif-pharmacies/uploads/349931.webp|https://masterapi.witheldokan.com/storage/seif-pharmacies/uploads/605874.webp|https://masterapi.witheldokan.com/storage/seif-pharmacies/uploads/609808.webp|https://masterapi.witheldokan.com/storage/seif-pharmacies/uploads/609809.webp|https://masterapi.witheldokan.com/storage/seif-pharmacies/uploads/617765.webp,https://seif-online.com/en/product/mom-baby/baby-accessories/kids-toothbrush
Baby Equipment& Pacifiers,,,Apply,Medicine,,Download App Now,,,https://masterapi.witheldokan.com/storage/seif-pharmacies/uploads/612233.webp|https://masterapi.witheldokan.com/storage/seif-pharmacies/uploads/610323.webp|https://masterapi.witheldokan.com/storage/seif-pharmacies/uploads/611541.webp|https://masterapi.witheldokan.com/storage/seif-pharmacies/uploads/388549.webp|https://masterapi.witheldokan.com/storage/seif-pharmacies/uploads/373956.webp|https://masterapi.witheldokan.com/storage/seif-pharmacies/uploads/610321.webp|https://masterapi.witheldokan.com/storage/seif-pharmacies/uploads/610324.webp|https://masterapi.witheldokan.com/storage/seif-pharmacies/uploads/373958.webp|https://masterapi.witheldokan.com/storage/seif-pharmacies/uploads/377989.webp|https://masterapi.witheldokan.com/storage/seif-pharmacies/uploads/610322.webp|https://masterapi.witheldokan.com/storage/seif-pharmacies/uploads/612371.webp|https://masterapi.witheldokan.com/storage/seif-pharmacies/uploads/172268.webp|https://masterapi.witheldokan.com/storage/seif-pharmacies/uploads/612303.webp|https://masterapi.witheldokan.com/storage/seif-pharmacies/uploads/612359.webp|https://masterapi.witheldokan.com/storage/seif-pharmacies/uploads/602329-(1).webp|https://masterapi.witheldokan.com/storage/seif-pharmacies/uploads/373957.webp|https://masterapi.witheldokan.com/storage/seif-pharmacies/uploads/388554.webp|https://masterapi.witheldokan.com/storage/seif-pharmacies/uploads/612363.webp|https://masterapi.witheldokan.com/storage/seif-pharmacies/uploads/602330.webp|https://masterapi.witheldokan.com/storage/seif-pharmacies/uploads/611546.webp,https://seif-online.com/en/product/mom-baby/baby-accessories/baby-equipment-pacifiers
Mom Care,,,Apply,Medicine,,Download App Now,,,https://masterapi.witheldokan.com/storage/seif-pharmacies/uploads/2749.webp|https://masterapi.witheldokan.com/storage/seif-pharmacies/uploads/376027.webp|https://masterapi.witheldokan.com/storage/seif-pharmacies/uploads/610409.webp|https://masterapi.witheldokan.com/storage/seif-pharmacies/uploads/611914.webp|https://masterapi.witheldokan.com/storage/seif-pharmacies/uploads/388546.webp|https://masterapi.witheldokan.com/storage/seif-pharmacies/uploads/431098.webp|https://masterapi.witheldokan.com/storage/seif-pharmacies/uploads/611501.webp|https://masterapi.witheldokan.com/storage/seif-pharmacies/uploads/611502.webp|https://masterapi.witheldokan.com/storage/seif-pharmacies/uploads/611465.webp|https://masterapi.witheldokan.com/storage/seif-pharmacies/uploads/80407.webp|https://masterapi.witheldokan.com/storage/seif-pharmacies/uploads/253453.webp|https://masterapi.witheldokan.com/storage/seif-pharmacies/uploads/383886.webp|https://masterapi.witheldokan.com/storage/seif-pharmacies/uploads/389664.webp|https://masterapi.witheldokan.com/storage/seif-pharmacies/uploads/613791.webp|https://masterapi.witheldokan.com/storage/seif-pharmacies/uploads/609504.webp|https://masterapi.witheldokan.com/storage/seif-pharmacies/uploads/383871.webp|https://masterapi.witheldokan.com/storage/seif-pharmacies/uploads/356147.webp|https://masterapi.witheldokan.com/storage/seif-pharmacies/uploads/610483.webp,https://seif-online.com/en/product/mom-baby/mom-care
Breastfeeding Supplies,,,Apply,Medicine,,Download App Now,,,https://masterapi.witheldokan.com/storage/seif-pharmacies/uploads/376027.webp|https://masterapi.witheldokan.com/storage/seif-pharmacies/uploads/610409.webp|https://masterapi.witheldokan.com/storage/seif-pharmacies/uploads/388546.webp|https://masterapi.witheldokan.com/storage/seif-pharmacies/uploads/431098.webp|https://masterapi.witheldokan.com/storage/seif-pharmacies/uploads/611501.webp|https://masterapi.witheldokan.com/storage/seif-pharmacies/uploads/611502.webp|https://masterapi.witheldokan.com/storage/seif-pharmacies/uploads/383886.webp|https://masterapi.witheldokan.com/storage/seif-pharmacies/uploads/613791.webp|https://masterapi.witheldokan.com/storage/seif-pharmacies/uploads/383871.webp|https://masterapi.witheldokan.com/storage/seif-pharmacies/uploads/610483.webp|https://masterapi.witheldokan.com/storage/seif-pharmacies/uploads/324142.webp|https://masterapi.witheldokan.com/storage/seif-pharmacies/uploads/390642.webp|https://masterapi.witheldokan.com/storage/seif-pharmacies/uploads/403751.webp,https://seif-online.com/en/product/mom-baby/mom-care/breastfeeding-supplies
Pregnancy Check,,,Apply,Medicine,,Download App Now,,,https://masterapi.witheldokan.com/storage/seif-pharmacies/uploads/2749.webp|https://masterapi.witheldokan.com/storage/seif-pharmacies/uploads/356146.webp,https://seif-online.com/en/product/mom-baby/mom-care/pregnancy-check
Ovulation Check,,,Apply,Medicine,,Download App Now,,,https://masterapi.witheldokan.com/storage/seif-pharmacies/uploads/253453.webp|https://masterapi.witheldokan.com/storage/seif-pharmacies/uploads/356147.webp,https://seif-online.com/en/product/mom-baby/mom-care/ovulation-check
Mom Skin Care,,,Apply,Medicine,,Download App Now,,,https://masterapi.witheldokan.com/storage/seif-pharmacies/uploads/611914.webp|https://masterapi.witheldokan.com/storage/seif-pharmacies/uploads/611465.webp|https://masterapi.witheldokan.com/storage/seif-pharmacies/uploads/80407.webp|https://masterapi.witheldokan.com/storage/seif-pharmacies/uploads/389664.webp|https://masterapi.witheldokan.com/storage/seif-pharmacies/uploads/609504.webp|https://masterapi.witheldokan.com/storage/seif-pharmacies/uploads/262480.webp|https://masterapi.witheldokan.com/storage/seif-pharmacies/uploads/322223.webp|https://masterapi.witheldokan.com/storage/seif-pharmacies/uploads/379189.webp|https://masterapi.witheldokan.com/storage/seif-pharmacies/uploads/395893.webp|https://masterapi.witheldokan.com/storage/seif-pharmacies/uploads/601638.webp|https://masterapi.witheldokan.com/storage/seif-pharmacies/uploads/609503.webp,https://seif-online.com/en/product/mom-baby/mom-care/mom-skin-care
Baby Diapers & Wips,,,Apply,Medicine,,Download App Now,,,https://cdn.supercommerce.io/seif-pharmacies/uploads/615697-1768470260.webp|https://cdn.supercommerce.io/seif-pharmacies/uploads/615693-1768469618.webp|https://masterapi.witheldokan.com/storage/seif-pharmacies/uploads/611266.webp|https://masterapi.witheldokan.com/storage/seif-pharmacies/uploads/613033.webp|https://masterapi.witheldokan.com/storage/seif-pharmacies/uploads/608955.webp|https://cdn.supercommerce.io/seif-pharmacies/uploads/615692-1768469494.webp|https://cdn.supercommerce.io/seif-pharmacies/uploads/615694-1768469734.webp|https://cdn.supercommerce.io/seif-pharmacies/uploads/615698-1768470353.webp|https://masterapi.witheldokan.com/storage/seif-pharmacies/uploads/615710 wnp-1754312907.webp|https://cdn.supercommerce.io/seif-pharmacies/uploads/615695-1768469831.webp|https://masterapi.witheldokan.com/storage/seif-pharmacies/uploads/613340.webp|https://masterapi.witheldokan.com/storage/seif-pharmacies/uploads/613339.webp|https://masterapi.witheldokan.com/storage/seif-pharmacies/uploads/611274.webp|https://masterapi.witheldokan.com/storage/seif-pharmacies/uploads/611276.webp|https://masterapi.witheldokan.com/storage/seif-pharmacies/uploads/611273.webp|https://masterapi.witheldokan.com/storage/seif-pharmacies/uploads/611726.webp|https://masterapi.witheldokan.com/storage/seif-pharmacies/uploads/279628.webp,https://seif-online.com/en/product/mom-baby/baby-diapers-wips
Baby Diapers,,,Apply,Medicine,,Download App Now,,,https://masterapi.witheldokan.com/storage/seif-pharmacies/uploads/615710 wnp-1754312907.webp|https://masterapi.witheldokan.com/storage/seif-pharmacies/uploads/279628.webp|https://masterapi.witheldokan.com/storage/seif-pharmacies/uploads/615654-1758461334.webp|https://masterapi.witheldokan.com/storage/seif-pharmacies/uploads/615653-1758461287.webp|https://masterapi.witheldokan.com/storage/seif-pharmacies/uploads/279627.webp|https://masterapi.witheldokan.com/storage/seif-pharmacies/uploads/312822.webp|https://masterapi.witheldokan.com/storage/seif-pharmacies/uploads/279596.webp|https://masterapi.witheldokan.com/storage/seif-pharmacies/uploads/394614.webp|https://masterapi.witheldokan.com/storage/seif-pharmacies/uploads/615651-1758461041.webp|https://masterapi.witheldokan.com/storage/seif-pharmacies/uploads/279629.webp|https://masterapi.witheldokan.com/storage/seif-pharmacies/uploads/279626.webp|https://masterapi.witheldokan.com/storage/seif-pharmacies/uploads/615655-1758461395.webp|https://masterapi.witheldokan.com/storage/seif-pharmacies/uploads/279630.webp|https://masterapi.witheldokan.com/storage/seif-pharmacies/uploads/279597.webp|https://masterapi.witheldokan.com/storage/seif-pharmacies/uploads/279595.webp|https://cdn.supercommerce.io/seif-pharmacies/uploads/617576-1768746058.webp|https://cdn.supercommerce.io/seif-pharmacies/uploads/617578-1768746694.webp|https://cdn.supercommerce.io/seif-pharmacies/uploads/617577-1768746380.webp|https://cdn.supercommerce.io/seif-pharmacies/uploads/618153-1770281183.webp|https://masterapi.witheldokan.com/storage/seif-pharmacies/uploads/279598.webp|https://masterapi.witheldokan.com/storage/seif-pharmacies/uploads/617539-1762951917.webp|https://masterapi.witheldokan.com/storage/seif-pharmacies/uploads/617540-1762951948.webp|https://masterapi.witheldokan.com/storage/seif-pharmacies/uploads/279602.webp|https://masterapi.witheldokan.com/storage/seif-pharmacies/uploads/279605.webp,https://seif-online.com/en/product/mom-baby/baby-diapers-wips/baby-diapers
Baby Wipes,,,Apply,Medicine,,Download App Now,,,https://cdn.supercommerce.io/seif-pharmacies/uploads/615697-1768470260.webp|https://cdn.supercommerce.io/seif-pharmacies/uploads/615693-1768469618.webp|https://masterapi.witheldokan.com/storage/seif-pharmacies/uploads/611266.webp|https://masterapi.witheldokan.com/storage/seif-pharmacies/uploads/613033.webp|https://masterapi.witheldokan.com/storage/seif-pharmacies/uploads/608955.webp|https://cdn.supercommerce.io/seif-pharmacies/uploads/615692-1768469494.webp|https://cdn.supercommerce.io/seif-pharmacies/uploads/615694-1768469734.webp|https://cdn.supercommerce.io/seif-pharmacies/uploads/615698-1768470353.webp|https://cdn.supercommerce.io/seif-pharmacies/uploads/615695-1768469831.webp|https://masterapi.witheldokan.com/storage/seif-pharmacies/uploads/613340.webp|https://masterapi.witheldokan.com/storage/seif-pharmacies/uploads/613339.webp|https://masterapi.witheldokan.com/storage/seif-pharmacies/uploads/611274.webp|https://masterapi.witheldokan.com/storage/seif-pharmacies/uploads/611276.webp|https://masterapi.witheldokan.com/storage/seif-pharmacies/uploads/611273.webp|https://masterapi.witheldokan.com/storage/seif-pharmacies/uploads/611726.webp|https://masterapi.witheldokan.com/storage/seif-pharmacies/uploads/265497.webp,https://seif-online.com/en/product/mom-baby/baby-diapers-wips/baby-wipes
Headache&Fever,,,Apply,Medicine,,Download App Now,,,https://masterapi.witheldokan.com/storage/seif-pharmacies/uploads/610139-1760273439.webp|https://masterapi.witheldokan.com/storage/seif-pharmacies/uploads/264781.webp|https://masterapi.witheldokan.com/storage/seif-pharmacies/uploads/3005.webp|https://masterapi.witheldokan.com/storage/seif-pharmacies/uploads/2218.webp|https://masterapi.witheldokan.com/storage/seif-pharmacies/uploads/613697.webp|https://masterapi.witheldokan.com/storage/seif-pharmacies/uploads/617532-1763285781.webp|https://masterapi.witheldokan.com/storage/seif-pharmacies/uploads/231707.webp|https://masterapi.witheldokan.com/storage/seif-pharmacies/uploads/860.webp|https://masterapi.witheldokan.com/storage/seif-pharmacies/uploads/180318.webp|https://masterapi.witheldokan.com/storage/seif-pharmacies/uploads/694.webp|https://masterapi.witheldokan.com/storage/seif-pharmacies/uploads/373656.webp|https://masterapi.witheldokan.com/storage/seif-pharmacies/uploads/65552.webp|https://masterapi.witheldokan.com/storage/seif-pharmacies/uploads/26862.webp|https://masterapi.witheldokan.com/storage/seif-pharmacies/uploads/266951.webp|https://cdn.supercommerce.io/seif-pharmacies/uploads/618321-1773212760.webp|https://masterapi.witheldokan.com/storage/seif-pharmacies/uploads/59666.webp|https://masterapi.witheldokan.com/storage/seif-pharmacies/uploads/26861.webp|https://masterapi.witheldokan.com/storage/seif-pharmacies/uploads/59465.webp|https://masterapi.witheldokan.com/storage/seif-pharmacies/uploads/316661.webp|https://masterapi.witheldokan.com/storage/seif-pharmacies/uploads/2192.webp|https://masterapi.witheldokan.com/storage/seif-pharmacies/uploads/617533-1763285750.webp|https://masterapi.witheldokan.com/storage/seif-pharmacies/uploads/98526.webp,https://seif-online.com/en/product/medicine/headachefever
Migraine Treatment,,,Apply,Medicine,,Download App Now,,,https://masterapi.witheldokan.com/storage/seif-pharmacies/uploads/180318.webp|https://cdn.supercommerce.io/seif-pharmacies/uploads/618321-1773212760.webp|https://masterapi.witheldokan.com/storage/seif-pharmacies/uploads/316661.webp|https://masterapi.witheldokan.com/storage/seif-pharmacies/uploads/403633.webp|https://masterapi.witheldokan.com/storage/seif-pharmacies/uploads/106906.webp|https://masterapi.witheldokan.com/storage/seif-pharmacies/uploads/304358.webp|https://cdn.supercommerce.io/seif-pharmacies/uploads/618083.webp|https://masterapi.witheldokan.com/storage/seif-pharmacies/uploads/49991.webp|https://masterapi.witheldokan.com/storage/seif-pharmacies/uploads/55640.webp|https://masterapi.witheldokan.com/storage/seif-pharmacies/uploads/323243.webp|https://masterapi.witheldokan.com/storage/seif-pharmacies/uploads/336386.webp|https://masterapi.witheldokan.com/storage/seif-pharmacies/uploads/384006.webp|https://masterapi.witheldokan.com/storage/seif-pharmacies/uploads/393303.webp|https://masterapi.witheldokan.com/storage/seif-pharmacies/uploads/393546.webp|https://masterapi.witheldokan.com/storage/seif-pharmacies/uploads/403632.webp|https://masterapi.witheldokan.com/storage/seif-pharmacies/uploads/608424.webp|https://masterapi.witheldokan.com/storage/seif-pharmacies/uploads/611979.webp|https://masterapi.witheldokan.com/storage/seif-pharmacies/uploads/612911.webp|https://masterapi.witheldokan.com/storage/seif-pharmacies/uploads/611673-1760272483.webp,https://seif-online.com/en/product/medicine/headachefever/migraine-treatment
Non- Narcotic Analgesic,,,Apply,Medicine,,Download App Now,,,https://masterapi.witheldokan.com/storage/seif-pharmacies/uploads/610139-1760273439.webp|https://masterapi.witheldokan.com/storage/seif-pharmacies/uploads/264781.webp|https://masterapi.witheldokan.com/storage/seif-pharmacies/uploads/3005.webp|https://masterapi.witheldokan.com/storage/seif-pharmacies/uploads/2218.webp|https://masterapi.witheldokan.com/storage/seif-pharmacies/uploads/613697.webp|https://masterapi.witheldokan.com/storage/seif-pharmacies/uploads/617532-1763285781.webp|https://masterapi.witheldokan.com/storage/seif-pharmacies/uploads/231707.webp|https://masterapi.witheldokan.com/storage/seif-pharmacies/uploads/860.webp|https://masterapi.witheldokan.com/storage/seif-pharmacies/uploads/694.webp|https://masterapi.witheldokan.com/storage/seif-pharmacies/uploads/373656.webp|https://masterapi.witheldokan.com/storage/seif-pharmacies/uploads/65552.webp|https://masterapi.witheldokan.com/storage/seif-pharmacies/uploads/26862.webp|https://masterapi.witheldokan.com/storage/seif-pharmacies/uploads/266951.webp|https://masterapi.witheldokan.com/storage/seif-pharmacies/uploads/59666.webp|https://masterapi.witheldokan.com/storage/seif-pharmacies/uploads/26861.webp|https://masterapi.witheldokan.com/storage/seif-pharmacies/uploads/59465.webp|https://masterapi.witheldokan.com/storage/seif-pharmacies/uploads/2192.webp|https://masterapi.witheldokan.com/storage/seif-pharmacies/uploads/617533-1763285750.webp|https://masterapi.witheldokan.com/storage/seif-pharmacies/uploads/98526.webp|https://masterapi.witheldokan.com/storage/seif-pharmacies/uploads/1991.webp|https://masterapi.witheldokan.com/storage/seif-pharmacies/uploads/721.webp|https://masterapi.witheldokan.com/storage/seif-pharmacies/uploads/2197.webp,https://seif-online.com/en/product/medicine/headachefever/non-narcotic-analgesic
Food & Beverages,,,Apply,Medicine,,Download App Now,,,https://masterapi.witheldokan.com/storage/seif-pharmacies/uploads/377527.webp|https://masterapi.witheldokan.com/storage/seif-pharmacies/uploads/30519.webp|https://masterapi.witheldokan.com/storage/seif-pharmacies/uploads/322249.webp|https://masterapi.witheldokan.com/storage/seif-pharmacies/uploads/375209.webp,https://seif-online.com/en/product/medicine/food-beverages
Salt Substitute,,,Apply,Medicine,,Download App Now,,,https://masterapi.witheldokan.com/storage/seif-pharmacies/uploads/377527.webp|https://masterapi.witheldokan.com/storage/seif-pharmacies/uploads/30519.webp,https://seif-online.com/en/product/medicine/food-beverages/salt-substitute
Honey & Bee products,,,Apply,Medicine,,Download App Now,,,https://masterapi.witheldokan.com/storage/seif-pharmacies/uploads/322249.webp|https://masterapi.witheldokan.com/storage/seif-pharmacies/uploads/375209.webp,https://seif-online.com/en/product/medicine/food-beverages/honey-bee-products
Vitamins &/Or Minerals,,,Apply,Medicine,,Download App Now,,,https://masterapi.witheldokan.com/storage/seif-pharmacies/uploads/396518.webp|https://masterapi.witheldokan.com/storage/seif-pharmacies/uploads/431663.webp|https://masterapi.witheldokan.com/storage/seif-pharmacies/uploads/38474.webp|https://masterapi.witheldokan.com/storage/seif-pharmacies/uploads/168846.webp|https://masterapi.witheldokan.com/storage/seif-pharmacies/uploads/388776.webp|https://masterapi.witheldokan.com/storage/seif-pharmacies/uploads/47841.webp|https://masterapi.witheldokan.com/storage/seif-pharmacies/uploads/38104.webp|https://masterapi.witheldokan.com/storage/seif-pharmacies/uploads/48881.webp|https://masterapi.witheldokan.com/storage/seif-pharmacies/uploads/296331.webp|https://masterapi.witheldokan.com/storage/seif-pharmacies/uploads/614721.webp|https://cdn.supercommerce.io/seif-pharmacies/uploads/617990-1769499682.webp|https://masterapi.witheldokan.com/storage/seif-pharmacies/uploads/32406.webp|https://masterapi.witheldokan.com/storage/seif-pharmacies/uploads/604352.webp|https://masterapi.witheldokan.com/storage/seif-pharmacies/uploads/377842.webp|https://masterapi.witheldokan.com/storage/seif-pharmacies/uploads/45031.webp|https://masterapi.witheldokan.com/storage/seif-pharmacies/uploads/608452.webp|https://masterapi.witheldokan.com/storage/seif-pharmacies/uploads/601590.webp|https://masterapi.witheldokan.com/storage/seif-pharmacies/uploads/382743.webp|https://masterapi.witheldokan.com/storage/seif-pharmacies/uploads/30361.webp|https://masterapi.witheldokan.com/storage/seif-pharmacies/uploads/99033.webp|https://masterapi.witheldokan.com/storage/seif-pharmacies/uploads/46130.webp|https://cdn.supercommerce.io/seif-pharmacies/uploads/618044-1769519690.webp|https://masterapi.witheldokan.com/storage/seif-pharmacies/uploads/397466.webp,https://seif-online.com/en/product/medicine/vitamins-or-minerals
Eye Aid Vitamin,,,Apply,Medicine,,Download App Now,,,,https://seif-online.com/en/product/medicine/vitamins-or-minerals/eye-aid-vitamin
Multivitamins,,,Apply,Medicine,,Download App Now,,,https://masterapi.witheldokan.com/storage/seif-pharmacies/uploads/396518.webp|https://masterapi.witheldokan.com/storage/seif-pharmacies/uploads/431663.webp|https://masterapi.witheldokan.com/storage/seif-pharmacies/uploads/38474.webp|https://masterapi.witheldokan.com/storage/seif-pharmacies/uploads/168846.webp|https://masterapi.witheldokan.com/storage/seif-pharmacies/uploads/388776.webp|https://masterapi.witheldokan.com/storage/seif-pharmacies/uploads/47841.webp|https://masterapi.witheldokan.com/storage/seif-pharmacies/uploads/38104.webp|https://masterapi.witheldokan.com/storage/seif-pharmacies/uploads/48881.webp|https://masterapi.witheldokan.com/storage/seif-pharmacies/uploads/296331.webp|https://masterapi.witheldokan.com/storage/seif-pharmacies/uploads/614721.webp|https://cdn.supercommerce.io/seif-pharmacies/uploads/617990-1769499682.webp|https://masterapi.witheldokan.com/storage/seif-pharmacies/uploads/32406.webp|https://masterapi.witheldokan.com/storage/seif-pharmacies/uploads/604352.webp|https://masterapi.witheldokan.com/storage/seif-pharmacies/uploads/377842.webp|https://masterapi.witheldokan.com/storage/seif-pharmacies/uploads/45031.webp|https://masterapi.witheldokan.com/storage/seif-pharmacies/uploads/608452.webp|https://masterapi.witheldokan.com/storage/seif-pharmacies/uploads/601590.webp|https://masterapi.witheldokan.com/storage/seif-pharmacies/uploads/382743.webp|https://masterapi.witheldokan.com/storage/seif-pharmacies/uploads/30361.webp|https://masterapi.witheldokan.com/storage/seif-pharmacies/uploads/99033.webp|https://masterapi.witheldokan.com/storage/seif-pharmacies/uploads/46130.webp|https://cdn.supercommerce.io/seif-pharmacies/uploads/618044-1769519690.webp|https://masterapi.witheldokan.com/storage/seif-pharmacies/uploads/397466.webp,https://seif-online.com/en/product/medicine/vitamins-or-minerals/multivitamins
Hair Tonic,,,Apply,Medicine,,Download App Now,,,https://cdn.supercommerce.io/seif-pharmacies/uploads/617099.jpg|https://masterapi.witheldokan.com/storage/seif-pharmacies/uploads/613293.webp|https://masterapi.witheldokan.com/storage/seif-pharmacies/uploads/604862.webp|https://cdn.supercommerce.io/seif-pharmacies/uploads/615110-1773215235.webp|https://cdn.supercommerce.io/seif-pharmacies/uploads/616796-1775469654.webp|https://masterapi.witheldokan.com/storage/seif-pharmacies/uploads/614874.webp|https://cdn.supercommerce.io/seif-pharmacies/uploads/617888-1769518429.webp|https://masterapi.witheldokan.com/storage/seif-pharmacies/uploads/374299.webp|https://masterapi.witheldokan.com/storage/seif-pharmacies/uploads/608235.webp|https://masterapi.witheldokan.com/storage/seif-pharmacies/uploads/608732.webp,https://seif-online.com/en/product/medicine/vitamins-or-minerals/hair-tonic-vitamin
Mouth & Gum Care,,,Apply,Medicine,,Download App Now,,,https://masterapi.witheldokan.com/storage/seif-pharmacies/uploads/2711.webp|https://masterapi.witheldokan.com/storage/seif-pharmacies/uploads/613747.webp|https://masterapi.witheldokan.com/storage/seif-pharmacies/uploads/2134.webp|https://masterapi.witheldokan.com/storage/seif-pharmacies/uploads/3412.webp|https://masterapi.witheldokan.com/storage/seif-pharmacies/uploads/613748.webp|https://masterapi.witheldokan.com/storage/seif-pharmacies/uploads/67092.webp|https://masterapi.witheldokan.com/storage/seif-pharmacies/uploads/63226.webp|https://masterapi.witheldokan.com/storage/seif-pharmacies/uploads/403759.webp|https://masterapi.witheldokan.com/storage/seif-pharmacies/uploads/607542.webp|https://masterapi.witheldokan.com/storage/seif-pharmacies/uploads/52962.webp|https://masterapi.witheldokan.com/storage/seif-pharmacies/uploads/2290.webp|https://masterapi.witheldokan.com/storage/seif-pharmacies/uploads/63229.webp|https://masterapi.witheldokan.com/storage/seif-pharmacies/uploads/179594.webp|https://masterapi.witheldokan.com/storage/seif-pharmacies/uploads/609033.webp|https://masterapi.witheldokan.com/storage/seif-pharmacies/uploads/347731.webp|https://masterapi.witheldokan.com/storage/seif-pharmacies/uploads/609034.webp|https://cdn.supercommerce.io/seif-pharmacies/uploads/311593.webp,https://seif-online.com/en/product/medicine/mouth-gum-care
Mouthwash & Gargle.,,,Apply,Medicine,,Download App Now,,,https://masterapi.witheldokan.com/storage/seif-pharmacies/uploads/2134.webp|https://masterapi.witheldokan.com/storage/seif-pharmacies/uploads/403759.webp|https://masterapi.witheldokan.com/storage/seif-pharmacies/uploads/52962.webp|https://masterapi.witheldokan.com/storage/seif-pharmacies/uploads/347731.webp|https://masterapi.witheldokan.com/storage/seif-pharmacies/uploads/312080.webp|https://masterapi.witheldokan.com/storage/seif-pharmacies/uploads/69028.webp|https://masterapi.witheldokan.com/storage/seif-pharmacies/uploads/115869.webp|https://masterapi.witheldokan.com/storage/seif-pharmacies/uploads/3454.webp|https://masterapi.witheldokan.com/storage/seif-pharmacies/uploads/613417.webp|https://masterapi.witheldokan.com/storage/seif-pharmacies/uploads/602244.webp|https://masterapi.witheldokan.com/storage/seif-pharmacies/uploads/346561.webp|https://masterapi.witheldokan.com/storage/seif-pharmacies/uploads/305279.webp|https://masterapi.witheldokan.com/storage/seif-pharmacies/uploads/305278.webp|https://masterapi.witheldokan.com/storage/seif-pharmacies/uploads/324875.webp|https://masterapi.witheldokan.com/storage/seif-pharmacies/uploads/611651.webp|https://masterapi.witheldokan.com/storage/seif-pharmacies/uploads/606292.webp|https://masterapi.witheldokan.com/storage/seif-pharmacies/uploads/611652.webp|https://masterapi.witheldokan.com/storage/seif-pharmacies/uploads/401336.webp|https://masterapi.witheldokan.com/storage/seif-pharmacies/uploads/113725.webp,https://seif-online.com/en/product/medicine/mouth-gum-care/mouthwash-gargle-medicines
Teeth & Gum Care,,,Apply,Medicine,,Download App Now,,,https://masterapi.witheldokan.com/storage/seif-pharmacies/uploads/321828.webp,https://seif-online.com/en/product/medicine/mouth-gum-care/teeth-gum-care
Lozenges,,,Apply,Medicine,,Download App Now,,,https://masterapi.witheldokan.com/storage/seif-pharmacies/uploads/2711.webp|https://masterapi.witheldokan.com/storage/seif-pharmacies/uploads/613747.webp|https://masterapi.witheldokan.com/storage/seif-pharmacies/uploads/613748.webp|https://masterapi.witheldokan.com/storage/seif-pharmacies/uploads/63226.webp|https://masterapi.witheldokan.com/storage/seif-pharmacies/uploads/63229.webp|https://masterapi.witheldokan.com/storage/seif-pharmacies/uploads/609033.webp|https://masterapi.witheldokan.com/storage/seif-pharmacies/uploads/609034.webp|https://masterapi.witheldokan.com/storage/seif-pharmacies/uploads/613749.webp|https://masterapi.witheldokan.com/storage/seif-pharmacies/uploads/609035.webp|https://masterapi.witheldokan.com/storage/seif-pharmacies/uploads/230200.webp|https://masterapi.witheldokan.com/storage/seif-pharmacies/uploads/614687.webp|https://masterapi.witheldokan.com/storage/seif-pharmacies/uploads/382424.webp|https://masterapi.witheldokan.com/storage/seif-pharmacies/uploads/138696.webp|https://masterapi.witheldokan.com/storage/seif-pharmacies/uploads/382426.webp|https://masterapi.witheldokan.com/storage/seif-pharmacies/uploads/321996.webp|https://masterapi.witheldokan.com/storage/seif-pharmacies/uploads/61209.webp|https://masterapi.witheldokan.com/storage/seif-pharmacies/uploads/604658-1760877902.webp|https://masterapi.witheldokan.com/storage/seif-pharmacies/uploads/278226.webp|https://masterapi.witheldokan.com/storage/seif-pharmacies/uploads/299780.webp,https://seif-online.com/en/product/medicine/mouth-gum-care/lozenges
Topical Treatment Of The Mouth,,,Apply,Medicine,,Download App Now,,,https://masterapi.witheldokan.com/storage/seif-pharmacies/uploads/3412.webp|https://masterapi.witheldokan.com/storage/seif-pharmacies/uploads/67092.webp|https://masterapi.witheldokan.com/storage/seif-pharmacies/uploads/607542.webp|https://masterapi.witheldokan.com/storage/seif-pharmacies/uploads/2290.webp|https://masterapi.witheldokan.com/storage/seif-pharmacies/uploads/179594.webp|https://cdn.supercommerce.io/seif-pharmacies/uploads/311593.webp|https://masterapi.witheldokan.com/storage/seif-pharmacies/uploads/303576.webp|https://masterapi.witheldokan.com/storage/seif-pharmacies/uploads/317038.webp|https://masterapi.witheldokan.com/storage/seif-pharmacies/uploads/65762.webp|https://masterapi.witheldokan.com/storage/seif-pharmacies/uploads/89830.webp|https://masterapi.witheldokan.com/storage/seif-pharmacies/uploads/611653.webp|https://masterapi.witheldokan.com/storage/seif-pharmacies/uploads/303580.webp|https://masterapi.witheldokan.com/storage/seif-pharmacies/uploads/365884.webp|https://masterapi.witheldokan.com/storage/seif-pharmacies/uploads/233414.webp|https://masterapi.witheldokan.com/storage/seif-pharmacies/uploads/612560.webp|https://masterapi.witheldokan.com/storage/seif-pharmacies/uploads/263834.webp|https://masterapi.witheldokan.com/storage/seif-pharmacies/uploads/317235.webp|https://masterapi.witheldokan.com/storage/seif-pharmacies/uploads/306.webp|https://masterapi.witheldokan.com/storage/seif-pharmacies/uploads/1543.webp,https://seif-online.com/en/product/medicine/mouth-gum-care/topical-treatment-of-the-mouth
Topical Prepareation,,,Apply,Medicine,,Download App Now,,,https://masterapi.witheldokan.com/storage/seif-pharmacies/uploads/394707.webp|https://cdn.supercommerce.io/seif-pharmacies/uploads/617890-1769517874.webp|https://masterapi.witheldokan.com/storage/seif-pharmacies/uploads/2496.webp|https://masterapi.witheldokan.com/storage/seif-pharmacies/uploads/156221.webp|https://masterapi.witheldokan.com/storage/seif-pharmacies/uploads/1055.webp|https://masterapi.witheldokan.com/storage/seif-pharmacies/uploads/1446.webp|https://masterapi.witheldokan.com/storage/seif-pharmacies/uploads/263832.webp|https://masterapi.witheldokan.com/storage/seif-pharmacies/uploads/127899.webp|https://masterapi.witheldokan.com/storage/seif-pharmacies/uploads/13883.webp|https://masterapi.witheldokan.com/storage/seif-pharmacies/uploads/1510.webp|https://masterapi.witheldokan.com/storage/seif-pharmacies/uploads/385702.webp|https://masterapi.witheldokan.com/storage/seif-pharmacies/uploads/84003.webp|https://masterapi.witheldokan.com/storage/seif-pharmacies/uploads/90025.webp|https://masterapi.witheldokan.com/storage/seif-pharmacies/uploads/614427-1759928718.webp|https://masterapi.witheldokan.com/storage/seif-pharmacies/uploads/338174.webp|https://masterapi.witheldokan.com/storage/seif-pharmacies/uploads/180614.webp|https://masterapi.witheldokan.com/storage/seif-pharmacies/uploads/934.webp|https://masterapi.witheldokan.com/storage/seif-pharmacies/uploads/389988.webp,https://seif-online.com/en/product/medicine/topical-prepareation
Anti-Virals,,,Apply,Medicine,,Download App Now,,,https://masterapi.witheldokan.com/storage/seif-pharmacies/uploads/1288.webp|https://masterapi.witheldokan.com/storage/seif-pharmacies/uploads/302365.webp|https://masterapi.witheldokan.com/storage/seif-pharmacies/uploads/373675.webp,https://seif-online.com/en/product/medicine/topical-prepareation/anti-virals-medicine
Soothing / Protective,,,Apply,Medicine,,Download App Now,,,https://masterapi.witheldokan.com/storage/seif-pharmacies/uploads/263832.webp|https://masterapi.witheldokan.com/storage/seif-pharmacies/uploads/179748.webp|https://masterapi.witheldokan.com/storage/seif-pharmacies/uploads/397129.webp|https://masterapi.witheldokan.com/storage/seif-pharmacies/uploads/309728.webp|https://masterapi.witheldokan.com/storage/seif-pharmacies/uploads/395153.webp|https://masterapi.witheldokan.com/storage/seif-pharmacies/uploads/612447-1759907204.webp|https://masterapi.witheldokan.com/storage/seif-pharmacies/uploads/612448-1759907438.webp|https://masterapi.witheldokan.com/storage/seif-pharmacies/uploads/612446-1759906193.webp|https://masterapi.witheldokan.com/storage/seif-pharmacies/uploads/611846-1757579773.webp|https://masterapi.witheldokan.com/storage/seif-pharmacies/uploads/614724.webp|https://masterapi.witheldokan.com/storage/seif-pharmacies/uploads/388655.webp|https://masterapi.witheldokan.com/storage/seif-pharmacies/uploads/297831.webp|https://masterapi.witheldokan.com/storage/seif-pharmacies/uploads/610440.webp|https://masterapi.witheldokan.com/storage/seif-pharmacies/uploads/397130.webp,https://seif-online.com/en/product/medicine/topical-prepareation/soothing-protective
Burns/Wounds,,,Apply,Medicine,,Download App Now,,,https://cdn.supercommerce.io/seif-pharmacies/uploads/617890-1769517874.webp|https://masterapi.witheldokan.com/storage/seif-pharmacies/uploads/13883.webp|https://masterapi.witheldokan.com/storage/seif-pharmacies/uploads/338174.webp|https://masterapi.witheldokan.com/storage/seif-pharmacies/uploads/92802.webp|https://masterapi.witheldokan.com/storage/seif-pharmacies/uploads/359336.webp|https://masterapi.witheldokan.com/storage/seif-pharmacies/uploads/202875.webp|https://masterapi.witheldokan.com/storage/seif-pharmacies/uploads/26711.webp|https://masterapi.witheldokan.com/storage/seif-pharmacies/uploads/3480.webp|https://masterapi.witheldokan.com/storage/seif-pharmacies/uploads/615167-1759906222.webp|https://masterapi.witheldokan.com/storage/seif-pharmacies/uploads/349378.webp|https://masterapi.witheldokan.com/storage/seif-pharmacies/uploads/322691.webp|https://masterapi.witheldokan.com/storage/seif-pharmacies/uploads/389927.webp|https://masterapi.witheldokan.com/storage/seif-pharmacies/uploads/432383.webp|https://masterapi.witheldokan.com/storage/seif-pharmacies/uploads/614789.webp|https://masterapi.witheldokan.com/storage/seif-pharmacies/uploads/613767-1759908148.webp,https://seif-online.com/en/product/medicine/topical-prepareation/burns-wounds
Skin Depigmentation,,,Apply,Medicine,,Download App Now,,,https://masterapi.witheldokan.com/storage/seif-pharmacies/uploads/3184.webp|https://masterapi.witheldokan.com/storage/seif-pharmacies/uploads/321384.webp|https://masterapi.witheldokan.com/storage/seif-pharmacies/uploads/398267.webp|https://masterapi.witheldokan.com/storage/seif-pharmacies/uploads/274350.webp|https://masterapi.witheldokan.com/storage/seif-pharmacies/uploads/143436.webp|https://masterapi.witheldokan.com/storage/seif-pharmacies/uploads/324627.webp|https://masterapi.witheldokan.com/storage/seif-pharmacies/uploads/324625.webp|https://masterapi.witheldokan.com/storage/seif-pharmacies/uploads/171039.webp|https://masterapi.witheldokan.com/storage/seif-pharmacies/uploads/103704.webp|https://masterapi.witheldokan.com/storage/seif-pharmacies/uploads/321443.webp|https://masterapi.witheldokan.com/storage/seif-pharmacies/uploads/304368.webp|https://masterapi.witheldokan.com/storage/seif-pharmacies/uploads/608842-1760358776.webp|https://masterapi.witheldokan.com/storage/seif-pharmacies/uploads/377560.webp|https://masterapi.witheldokan.com/storage/seif-pharmacies/uploads/277351.webp|https://masterapi.witheldokan.com/storage/seif-pharmacies/uploads/306949.webp|https://masterapi.witheldokan.com/storage/seif-pharmacies/uploads/606288.webp,https://seif-online.com/en/product/medicine/topical-prepareation/skin-depigmentation
Body Firming & Anti-Ageing,,,Apply,Medicine,,Download App Now,,,https://masterapi.witheldokan.com/storage/seif-pharmacies/uploads/401071.webp|https://masterapi.witheldokan.com/storage/seif-pharmacies/uploads/313298.webp|https://masterapi.witheldokan.com/storage/seif-pharmacies/uploads/386695.webp|https://masterapi.witheldokan.com/storage/seif-pharmacies/uploads/358197.webp|https://masterapi.witheldokan.com/storage/seif-pharmacies/uploads/395905.webp|https://masterapi.witheldokan.com/storage/seif-pharmacies/uploads/608846-1760358953.webp,https://seif-online.com/en/product/medicine/topical-prepareation/body-firming-anti-ageing
Alopecia Treatment,,,Apply,Medicine,,Download App Now,,,https://masterapi.witheldokan.com/storage/seif-pharmacies/uploads/68390.webp|https://masterapi.witheldokan.com/storage/seif-pharmacies/uploads/76438.webp|https://masterapi.witheldokan.com/storage/seif-pharmacies/uploads/340334.webp|https://masterapi.witheldokan.com/storage/seif-pharmacies/uploads/208147.webp|https://masterapi.witheldokan.com/storage/seif-pharmacies/uploads/608162.webp|https://masterapi.witheldokan.com/storage/seif-pharmacies/uploads/2785.webp|https://masterapi.witheldokan.com/storage/seif-pharmacies/uploads/181165.webp,https://seif-online.com/en/product/medicine/topical-prepareation/alopecia-treatment
Varicose Veins,,,Apply,Medicine,,Download App Now,,,https://masterapi.witheldokan.com/storage/seif-pharmacies/uploads/150688.webp|https://masterapi.witheldokan.com/storage/seif-pharmacies/uploads/161829.webp|https://masterapi.witheldokan.com/storage/seif-pharmacies/uploads/161830.webp|https://masterapi.witheldokan.com/storage/seif-pharmacies/uploads/294733.webp|https://masterapi.witheldokan.com/storage/seif-pharmacies/uploads/349443.webp|https://masterapi.witheldokan.com/storage/seif-pharmacies/uploads/168224.webp|https://masterapi.witheldokan.com/storage/seif-pharmacies/uploads/601597.webp|https://masterapi.witheldokan.com/storage/seif-pharmacies/uploads/167.webp|https://masterapi.witheldokan.com/storage/seif-pharmacies/uploads/196598.webp|https://masterapi.witheldokan.com/storage/seif-pharmacies/uploads/265262.webp|https://masterapi.witheldokan.com/storage/seif-pharmacies/uploads/601596.webp,https://seif-online.com/en/product/medicine/topical-prepareation/varicose-veins
Anthelmintics.,,,Apply,Medicine,,Download App Now,,,https://masterapi.witheldokan.com/storage/seif-pharmacies/uploads/241579.webp|https://masterapi.witheldokan.com/storage/seif-pharmacies/uploads/69382.webp|https://masterapi.witheldokan.com/storage/seif-pharmacies/uploads/605367.webp|https://masterapi.witheldokan.com/storage/seif-pharmacies/uploads/1477.webp|https://masterapi.witheldokan.com/storage/seif-pharmacies/uploads/177399.webp|https://masterapi.witheldokan.com/storage/seif-pharmacies/uploads/88703.webp|https://masterapi.witheldokan.com/storage/seif-pharmacies/uploads/606633.webp|https://masterapi.witheldokan.com/storage/seif-pharmacies/uploads/376514.webp|https://masterapi.witheldokan.com/storage/seif-pharmacies/uploads/606870.webp|https://cdn.supercommerce.io/seif-pharmacies/uploads/614782-1769435101.webp|https://masterapi.witheldokan.com/storage/seif-pharmacies/uploads/614785.webp|https://masterapi.witheldokan.com/storage/seif-pharmacies/uploads/48283.webp|https://masterapi.witheldokan.com/storage/seif-pharmacies/uploads/50722.webp|https://masterapi.witheldokan.com/storage/seif-pharmacies/uploads/80667.webp|https://masterapi.witheldokan.com/storage/seif-pharmacies/uploads/118366.webp|https://masterapi.witheldokan.com/storage/seif-pharmacies/uploads/356128.webp|https://masterapi.witheldokan.com/storage/seif-pharmacies/uploads/357972.webp|https://masterapi.witheldokan.com/storage/seif-pharmacies/uploads/607941-1760362454.webp|https://masterapi.witheldokan.com/storage/seif-pharmacies/uploads/607942-1760362547.webp,https://seif-online.com/en/product/medicine/topical-prepareation/anthelmintics-gastro-intestinal-tract-4
Psoriasis/Eczema,,,Apply,Medicine,,Download App Now,,,https://masterapi.witheldokan.com/storage/seif-pharmacies/uploads/88140.webp|https://masterapi.witheldokan.com/storage/seif-pharmacies/uploads/1014.webp|https://masterapi.witheldokan.com/storage/seif-pharmacies/uploads/161940.webp|https://masterapi.witheldokan.com/storage/seif-pharmacies/uploads/156381.webp|https://masterapi.witheldokan.com/storage/seif-pharmacies/uploads/88141.webp|https://masterapi.witheldokan.com/storage/seif-pharmacies/uploads/317085.webp|https://masterapi.witheldokan.com/storage/seif-pharmacies/uploads/65776.webp|https://masterapi.witheldokan.com/storage/seif-pharmacies/uploads/608949-1760357835.webp|https://masterapi.witheldokan.com/storage/seif-pharmacies/uploads/65399.webp|https://masterapi.witheldokan.com/storage/seif-pharmacies/uploads/1010.webp|https://masterapi.witheldokan.com/storage/seif-pharmacies/uploads/371698.webp|https://masterapi.witheldokan.com/storage/seif-pharmacies/uploads/222395.webp|https://masterapi.witheldokan.com/storage/seif-pharmacies/uploads/255935.webp|https://masterapi.witheldokan.com/storage/seif-pharmacies/uploads/283910.webp|https://masterapi.witheldokan.com/storage/seif-pharmacies/uploads/386747.webp,https://seif-online.com/en/product/medicine/topical-prepareation/psoriasis-eczema
Sun Screen,,,Apply,Medicine,,Download App Now,,,,https://seif-online.com/en/product/medicine/topical-prepareation/sun-screen
Astringent,,,Apply,Medicine,,Download App Now,,,,https://seif-online.com/en/product/medicine/topical-prepareation/astringent
Local Anaesthetic,,,Apply,Medicine,,Download App Now,,,https://masterapi.witheldokan.com/storage/seif-pharmacies/uploads/604642.webp|https://masterapi.witheldokan.com/storage/seif-pharmacies/uploads/155071.webp|https://masterapi.witheldokan.com/storage/seif-pharmacies/uploads/298172.webp|https://masterapi.witheldokan.com/storage/seif-pharmacies/uploads/28023.webp|https://masterapi.witheldokan.com/storage/seif-pharmacies/uploads/607.webp|https://masterapi.witheldokan.com/storage/seif-pharmacies/uploads/3475.webp|https://masterapi.witheldokan.com/storage/seif-pharmacies/uploads/41188.webp,https://seif-online.com/en/product/medicine/topical-prepareation/local-anaesthetic
Anti-Dandruff,,,Apply,Medicine,,Download App Now,,,https://masterapi.witheldokan.com/storage/seif-pharmacies/uploads/30720.webp|https://masterapi.witheldokan.com/storage/seif-pharmacies/uploads/140083.webp|https://masterapi.witheldokan.com/storage/seif-pharmacies/uploads/344631.webp|https://masterapi.witheldokan.com/storage/seif-pharmacies/uploads/367483.webp|https://masterapi.witheldokan.com/storage/seif-pharmacies/uploads/89371.webp|https://masterapi.witheldokan.com/storage/seif-pharmacies/uploads/308307.webp|https://masterapi.witheldokan.com/storage/seif-pharmacies/uploads/130383.webp|https://masterapi.witheldokan.com/storage/seif-pharmacies/uploads/314708.webp|https://masterapi.witheldokan.com/storage/seif-pharmacies/uploads/368952.webp|https://masterapi.witheldokan.com/storage/seif-pharmacies/uploads/604758.webp|https://masterapi.witheldokan.com/storage/seif-pharmacies/uploads/207386.webp|https://masterapi.witheldokan.com/storage/seif-pharmacies/uploads/257922.webp|https://masterapi.witheldokan.com/storage/seif-pharmacies/uploads/266401.webp|https://masterapi.witheldokan.com/storage/seif-pharmacies/uploads/300186.webp|https://masterapi.witheldokan.com/storage/seif-pharmacies/uploads/315869.webp|https://masterapi.witheldokan.com/storage/seif-pharmacies/uploads/361238.webp|https://masterapi.witheldokan.com/storage/seif-pharmacies/uploads/368954.webp|https://masterapi.witheldokan.com/storage/seif-pharmacies/uploads/378673.webp|https://masterapi.witheldokan.com/storage/seif-pharmacies/uploads/383148.webp,https://seif-online.com/en/product/medicine/topical-prepareation/anti-dandruff
Anti- Fungals,,,Apply,Medicine,,Download App Now,,,https://masterapi.witheldokan.com/storage/seif-pharmacies/uploads/1332.webp|https://masterapi.witheldokan.com/storage/seif-pharmacies/uploads/90025.webp|https://masterapi.witheldokan.com/storage/seif-pharmacies/uploads/208094.webp|https://masterapi.witheldokan.com/storage/seif-pharmacies/uploads/3350.webp|https://masterapi.witheldokan.com/storage/seif-pharmacies/uploads/34677.webp|https://masterapi.witheldokan.com/storage/seif-pharmacies/uploads/51698.webp|https://masterapi.witheldokan.com/storage/seif-pharmacies/uploads/63222.webp|https://masterapi.witheldokan.com/storage/seif-pharmacies/uploads/46239.webp|https://masterapi.witheldokan.com/storage/seif-pharmacies/uploads/2502.webp|https://masterapi.witheldokan.com/storage/seif-pharmacies/uploads/68204.webp|https://masterapi.witheldokan.com/storage/seif-pharmacies/uploads/207933.webp|https://masterapi.witheldokan.com/storage/seif-pharmacies/uploads/377690.webp|https://masterapi.witheldokan.com/storage/seif-pharmacies/uploads/2636.webp|https://masterapi.witheldokan.com/storage/seif-pharmacies/uploads/37872.webp|https://masterapi.witheldokan.com/storage/seif-pharmacies/uploads/601830.webp|https://masterapi.witheldokan.com/storage/seif-pharmacies/uploads/1478.webp|https://masterapi.witheldokan.com/storage/seif-pharmacies/uploads/382995.webp|https://masterapi.witheldokan.com/storage/seif-pharmacies/uploads/234132.webp|https://masterapi.witheldokan.com/storage/seif-pharmacies/uploads/1340.webp|https://masterapi.witheldokan.com/storage/seif-pharmacies/uploads/383866.webp|https://masterapi.witheldokan.com/storage/seif-pharmacies/uploads/90026.webp|https://masterapi.witheldokan.com/storage/seif-pharmacies/uploads/1299.webp|https://masterapi.witheldokan.com/storage/seif-pharmacies/uploads/357917.webp,https://seif-online.com/en/product/medicine/topical-prepareation/anti-fungals
Male Sex Horm / Androgens,,,Apply,Medicine,,Download App Now,,,https://masterapi.witheldokan.com/storage/seif-pharmacies/uploads/265.webp|https://masterapi.witheldokan.com/storage/seif-pharmacies/uploads/251069.webp|https://masterapi.witheldokan.com/storage/seif-pharmacies/uploads/301975.webp,https://seif-online.com/en/product/medicine/topical-prepareation/male-sex-horm-androgens
Hair Tonic.,,,Apply,Medicine,,Download App Now,,,https://masterapi.witheldokan.com/storage/seif-pharmacies/uploads/79921.webp|https://masterapi.witheldokan.com/storage/seif-pharmacies/uploads/397943.webp|https://masterapi.witheldokan.com/storage/seif-pharmacies/uploads/614450-1759928987.webp|https://masterapi.witheldokan.com/storage/seif-pharmacies/uploads/47372.webp|https://masterapi.witheldokan.com/storage/seif-pharmacies/uploads/312188.webp|https://masterapi.witheldokan.com/storage/seif-pharmacies/uploads/309781.webp|https://masterapi.witheldokan.com/storage/seif-pharmacies/uploads/241015.webp|https://masterapi.witheldokan.com/storage/seif-pharmacies/uploads/304374.webp|https://masterapi.witheldokan.com/storage/seif-pharmacies/uploads/357974.webp|https://masterapi.witheldokan.com/storage/seif-pharmacies/uploads/192261.webp,https://seif-online.com/en/product/medicine/topical-prepareation/hair-tonic
Medical Soap,,,Apply,Medicine,,Download App Now,,,https://masterapi.witheldokan.com/storage/seif-pharmacies/uploads/372573-1761054507.webp,https://seif-online.com/en/product/medicine/topical-prepareation/medical-soap
Haemorrhoids & Anal Fissures,,,Apply,Medicine,,Download App Now,,,https://masterapi.witheldokan.com/storage/seif-pharmacies/uploads/3359.webp|https://masterapi.witheldokan.com/storage/seif-pharmacies/uploads/3358.webp|https://masterapi.witheldokan.com/storage/seif-pharmacies/uploads/155004.webp|https://masterapi.witheldokan.com/storage/seif-pharmacies/uploads/2706.webp|https://masterapi.witheldokan.com/storage/seif-pharmacies/uploads/155005.webp|https://masterapi.witheldokan.com/storage/seif-pharmacies/uploads/221451.webp|https://masterapi.witheldokan.com/storage/seif-pharmacies/uploads/1172.webp|https://masterapi.witheldokan.com/storage/seif-pharmacies/uploads/1173.webp|https://masterapi.witheldokan.com/storage/seif-pharmacies/uploads/2680.webp|https://masterapi.witheldokan.com/storage/seif-pharmacies/uploads/62438.webp|https://masterapi.witheldokan.com/storage/seif-pharmacies/uploads/62441.webp|https://masterapi.witheldokan.com/storage/seif-pharmacies/uploads/151430.webp|https://masterapi.witheldokan.com/storage/seif-pharmacies/uploads/198564.webp|https://masterapi.witheldokan.com/storage/seif-pharmacies/uploads/305575.webp,https://seif-online.com/en/product/medicine/topical-prepareation/haemorrhoids-anal-fissures
Warts&Anti-Corn Preparations,,,Apply,Medicine,,Download App Now,,,https://masterapi.witheldokan.com/storage/seif-pharmacies/uploads/1055.webp|https://masterapi.witheldokan.com/storage/seif-pharmacies/uploads/2679.webp|https://masterapi.witheldokan.com/storage/seif-pharmacies/uploads/397798.webp|https://masterapi.witheldokan.com/storage/seif-pharmacies/uploads/608915-1760358138.webp|https://masterapi.witheldokan.com/storage/seif-pharmacies/uploads/197230.webp|https://masterapi.witheldokan.com/storage/seif-pharmacies/uploads/385133.webp,https://seif-online.com/en/product/medicine/topical-prepareation/wartsanti-corn-preparations
Anti-Biotics,,,Apply,Medicine,,Download App Now,,,https://masterapi.witheldokan.com/storage/seif-pharmacies/uploads/156221.webp|https://masterapi.witheldokan.com/storage/seif-pharmacies/uploads/84003.webp|https://masterapi.witheldokan.com/storage/seif-pharmacies/uploads/180614.webp|https://masterapi.witheldokan.com/storage/seif-pharmacies/uploads/934.webp|https://masterapi.witheldokan.com/storage/seif-pharmacies/uploads/295287.webp|https://masterapi.witheldokan.com/storage/seif-pharmacies/uploads/935.webp|https://masterapi.witheldokan.com/storage/seif-pharmacies/uploads/309798.webp|https://masterapi.witheldokan.com/storage/seif-pharmacies/uploads/299480.webp|https://masterapi.witheldokan.com/storage/seif-pharmacies/uploads/184872.webp|https://masterapi.witheldokan.com/storage/seif-pharmacies/uploads/69004.webp|https://masterapi.witheldokan.com/storage/seif-pharmacies/uploads/35177.webp|https://masterapi.witheldokan.com/storage/seif-pharmacies/uploads/40580.webp|https://masterapi.witheldokan.com/storage/seif-pharmacies/uploads/3627.webp|https://masterapi.witheldokan.com/storage/seif-pharmacies/uploads/605736.webp|https://masterapi.witheldokan.com/storage/seif-pharmacies/uploads/143034.webp|https://masterapi.witheldokan.com/storage/seif-pharmacies/uploads/2765.webp|https://masterapi.witheldokan.com/storage/seif-pharmacies/uploads/40578.webp|https://masterapi.witheldokan.com/storage/seif-pharmacies/uploads/42425.webp|https://masterapi.witheldokan.com/storage/seif-pharmacies/uploads/85056.webp,https://seif-online.com/en/product/medicine/topical-prepareation/anti-biotics-medicine
Topical Anti- Biotic,,,Apply,Medicine,,Download App Now,,,https://masterapi.witheldokan.com/storage/seif-pharmacies/uploads/159782.webp,https://seif-online.com/en/product/medicine/topical-prepareation/topical-anti-biotic-topical-prepareation-4
Anti-Acne,,,Apply,Medicine,,Download App Now,,,https://cdn.supercommerce.io/seif-pharmacies/uploads/614402.jpeg|https://masterapi.witheldokan.com/storage/seif-pharmacies/uploads/43132.webp|https://masterapi.witheldokan.com/storage/seif-pharmacies/uploads/86488.webp|https://masterapi.witheldokan.com/storage/seif-pharmacies/uploads/324745.webp|https://masterapi.witheldokan.com/storage/seif-pharmacies/uploads/157499.webp|https://masterapi.witheldokan.com/storage/seif-pharmacies/uploads/254919.webp|https://masterapi.witheldokan.com/storage/seif-pharmacies/uploads/29275.webp|https://masterapi.witheldokan.com/storage/seif-pharmacies/uploads/303147.webp|https://masterapi.witheldokan.com/storage/seif-pharmacies/uploads/162782.webp|https://masterapi.witheldokan.com/storage/seif-pharmacies/uploads/234682.webp|https://masterapi.witheldokan.com/storage/seif-pharmacies/uploads/608843-1760358810.webp|https://masterapi.witheldokan.com/storage/seif-pharmacies/uploads/356131.webp|https://masterapi.witheldokan.com/storage/seif-pharmacies/uploads/185538.webp|https://masterapi.witheldokan.com/storage/seif-pharmacies/uploads/309084.webp,https://seif-online.com/en/product/medicine/topical-prepareation/anti-acne
Blank,,,Apply,Medicine,,Download App Now,,,https://masterapi.witheldokan.com/storage/seif-pharmacies/uploads/394707.webp|https://masterapi.witheldokan.com/storage/seif-pharmacies/uploads/2496.webp|https://masterapi.witheldokan.com/storage/seif-pharmacies/uploads/371825.webp|https://masterapi.witheldokan.com/storage/seif-pharmacies/uploads/2206.webp|https://masterapi.witheldokan.com/storage/seif-pharmacies/uploads/389350.webp,https://seif-online.com/en/product/medicine/topical-prepareation/blank
Anti-Fungal & Steroid,,,Apply,Medicine,,Download App Now,,,https://masterapi.witheldokan.com/storage/seif-pharmacies/uploads/3147.webp|https://masterapi.witheldokan.com/storage/seif-pharmacies/uploads/3467.webp|https://masterapi.witheldokan.com/storage/seif-pharmacies/uploads/167175.webp|https://masterapi.witheldokan.com/storage/seif-pharmacies/uploads/1958.webp|https://masterapi.witheldokan.com/storage/seif-pharmacies/uploads/275279.webp|https://masterapi.witheldokan.com/storage/seif-pharmacies/uploads/26418.webp|https://masterapi.witheldokan.com/storage/seif-pharmacies/uploads/306824.webp|https://masterapi.witheldokan.com/storage/seif-pharmacies/uploads/356136.webp|https://masterapi.witheldokan.com/storage/seif-pharmacies/uploads/605872-1760876730.webp,https://seif-online.com/en/product/medicine/topical-prepareation/anti-fungal-steroid
Antiseptic,,,Apply,Medicine,,Download App Now,,,https://masterapi.witheldokan.com/storage/seif-pharmacies/uploads/349258.webp|https://masterapi.witheldokan.com/storage/seif-pharmacies/uploads/385549.webp|https://masterapi.witheldokan.com/storage/seif-pharmacies/uploads/341657.webp|https://masterapi.witheldokan.com/storage/seif-pharmacies/uploads/369188.webp|https://masterapi.witheldokan.com/storage/seif-pharmacies/uploads/377663.webp|https://masterapi.witheldokan.com/storage/seif-pharmacies/uploads/321017-1761223692.webp|https://masterapi.witheldokan.com/storage/seif-pharmacies/uploads/389452.webp|https://masterapi.witheldokan.com/storage/seif-pharmacies/uploads/187508.webp|https://masterapi.witheldokan.com/storage/seif-pharmacies/uploads/614376-1760270864.webp,https://seif-online.com/en/product/medicine/topical-prepareation/antiseptic
Scabies & Lice,,,Apply,Medicine,,Download App Now,,,https://masterapi.witheldokan.com/storage/seif-pharmacies/uploads/398016.webp|https://masterapi.witheldokan.com/storage/seif-pharmacies/uploads/51538.webp|https://masterapi.witheldokan.com/storage/seif-pharmacies/uploads/51700.webp|https://masterapi.witheldokan.com/storage/seif-pharmacies/uploads/3792.webp,https://seif-online.com/en/product/medicine/topical-prepareation/scabies-lice
Vitiligo Treatment,,,Apply,Medicine,,Download App Now,,,https://masterapi.witheldokan.com/storage/seif-pharmacies/uploads/960.webp,https://seif-online.com/en/product/medicine/topical-prepareation/vitiligo-treatment
Steroid,,,Apply,Medicine,,Download App Now,,,https://masterapi.witheldokan.com/storage/seif-pharmacies/uploads/389988.webp|https://masterapi.witheldokan.com/storage/seif-pharmacies/uploads/2025.webp|https://masterapi.witheldokan.com/storage/seif-pharmacies/uploads/53675.webp|https://masterapi.witheldokan.com/storage/seif-pharmacies/uploads/185718.webp|https://masterapi.witheldokan.com/storage/seif-pharmacies/uploads/2050.webp|https://masterapi.witheldokan.com/storage/seif-pharmacies/uploads/53365.webp|https://masterapi.witheldokan.com/storage/seif-pharmacies/uploads/922.webp|https://masterapi.witheldokan.com/storage/seif-pharmacies/uploads/921.webp|https://masterapi.witheldokan.com/storage/seif-pharmacies/uploads/95281.webp|https://masterapi.witheldokan.com/storage/seif-pharmacies/uploads/95285.webp|https://masterapi.witheldokan.com/storage/seif-pharmacies/uploads/91166.webp|https://masterapi.witheldokan.com/storage/seif-pharmacies/uploads/98199.webp|https://masterapi.witheldokan.com/storage/seif-pharmacies/uploads/347428.webp|https://masterapi.witheldokan.com/storage/seif-pharmacies/uploads/3494.webp|https://masterapi.witheldokan.com/storage/seif-pharmacies/uploads/51689.webp|https://masterapi.witheldokan.com/storage/seif-pharmacies/uploads/136170.webp|https://masterapi.witheldokan.com/storage/seif-pharmacies/uploads/107583.webp|https://masterapi.witheldokan.com/storage/seif-pharmacies/uploads/1230.webp|https://masterapi.witheldokan.com/storage/seif-pharmacies/uploads/1995.webp,https://seif-online.com/en/product/medicine/topical-prepareation/steroid
Steroid & Anti-Biotic,,,Apply,Medicine,,Download App Now,,,https://masterapi.witheldokan.com/storage/seif-pharmacies/uploads/1510.webp|https://masterapi.witheldokan.com/storage/seif-pharmacies/uploads/2764.webp|https://masterapi.witheldokan.com/storage/seif-pharmacies/uploads/398153.webp|https://masterapi.witheldokan.com/storage/seif-pharmacies/uploads/180615.webp|https://masterapi.witheldokan.com/storage/seif-pharmacies/uploads/602292.webp|https://masterapi.witheldokan.com/storage/seif-pharmacies/uploads/44838.webp|https://masterapi.witheldokan.com/storage/seif-pharmacies/uploads/41949.webp|https://masterapi.witheldokan.com/storage/seif-pharmacies/uploads/299483.webp|https://masterapi.witheldokan.com/storage/seif-pharmacies/uploads/143033.webp|https://masterapi.witheldokan.com/storage/seif-pharmacies/uploads/103710.webp|https://masterapi.witheldokan.com/storage/seif-pharmacies/uploads/976.webp|https://masterapi.witheldokan.com/storage/seif-pharmacies/uploads/161585.webp|https://masterapi.witheldokan.com/storage/seif-pharmacies/uploads/222933.webp|https://masterapi.witheldokan.com/storage/seif-pharmacies/uploads/1221.webp|https://masterapi.witheldokan.com/storage/seif-pharmacies/uploads/1509.webp|https://masterapi.witheldokan.com/storage/seif-pharmacies/uploads/1998.webp|https://masterapi.witheldokan.com/storage/seif-pharmacies/uploads/3275.webp|https://masterapi.witheldokan.com/storage/seif-pharmacies/uploads/3729.webp|https://masterapi.witheldokan.com/storage/seif-pharmacies/uploads/3730.webp|https://masterapi.witheldokan.com/storage/seif-pharmacies/uploads/20185.webp,https://seif-online.com/en/product/medicine/topical-prepareation/steroid-anti-biotic
Analgesic / A. Rheumatic,,,Apply,Medicine,,Download App Now,,,https://masterapi.witheldokan.com/storage/seif-pharmacies/uploads/1446.webp|https://masterapi.witheldokan.com/storage/seif-pharmacies/uploads/127899.webp|https://masterapi.witheldokan.com/storage/seif-pharmacies/uploads/385702.webp|https://masterapi.witheldokan.com/storage/seif-pharmacies/uploads/614427-1759928718.webp|https://masterapi.witheldokan.com/storage/seif-pharmacies/uploads/1428.webp|https://masterapi.witheldokan.com/storage/seif-pharmacies/uploads/614428-1759928693.webp|https://masterapi.witheldokan.com/storage/seif-pharmacies/uploads/276065.webp|https://masterapi.witheldokan.com/storage/seif-pharmacies/uploads/312957.webp|https://masterapi.witheldokan.com/storage/seif-pharmacies/uploads/404029.webp|https://masterapi.witheldokan.com/storage/seif-pharmacies/uploads/3304.webp|https://masterapi.witheldokan.com/storage/seif-pharmacies/uploads/180743.webp|https://masterapi.witheldokan.com/storage/seif-pharmacies/uploads/372134.webp|https://masterapi.witheldokan.com/storage/seif-pharmacies/uploads/211991.webp|https://masterapi.witheldokan.com/storage/seif-pharmacies/uploads/52821.webp|https://masterapi.witheldokan.com/storage/seif-pharmacies/uploads/430949.webp,https://seif-online.com/en/product/medicine/endocrine-system/analgesic-a-rheumatic
"Eye,Ear,Nose",,,Apply,Medicine,,Download App Now,,,https://masterapi.witheldokan.com/storage/seif-pharmacies/uploads/1380.webp|https://masterapi.witheldokan.com/storage/seif-pharmacies/uploads/254132.webp|https://masterapi.witheldokan.com/storage/seif-pharmacies/uploads/78120.webp|https://masterapi.witheldokan.com/storage/seif-pharmacies/uploads/81298.webp|https://masterapi.witheldokan.com/storage/seif-pharmacies/uploads/215027.webp|https://masterapi.witheldokan.com/storage/seif-pharmacies/uploads/786.webp|https://masterapi.witheldokan.com/storage/seif-pharmacies/uploads/1381.webp|https://masterapi.witheldokan.com/storage/seif-pharmacies/uploads/212008.webp|https://masterapi.witheldokan.com/storage/seif-pharmacies/uploads/397807.webp|https://masterapi.witheldokan.com/storage/seif-pharmacies/uploads/382881.webp|https://masterapi.witheldokan.com/storage/seif-pharmacies/uploads/29090.webp|https://masterapi.witheldokan.com/storage/seif-pharmacies/uploads/64634.webp|https://masterapi.witheldokan.com/storage/seif-pharmacies/uploads/288102.webp|https://masterapi.witheldokan.com/storage/seif-pharmacies/uploads/323673.webp|https://masterapi.witheldokan.com/storage/seif-pharmacies/uploads/383712.webp|https://masterapi.witheldokan.com/storage/seif-pharmacies/uploads/180301.webp|https://masterapi.witheldokan.com/storage/seif-pharmacies/uploads/395863.webp|https://masterapi.witheldokan.com/storage/seif-pharmacies/uploads/51767.webp|https://masterapi.witheldokan.com/storage/seif-pharmacies/uploads/115759.webp|https://masterapi.witheldokan.com/storage/seif-pharmacies/uploads/358691.webp|https://masterapi.witheldokan.com/storage/seif-pharmacies/uploads/94930.webp,https://seif-online.com/en/product/medicine/eye-medicines
Topical Anti-Biotic,,,Apply,Medicine,,Download App Now,,,https://masterapi.witheldokan.com/storage/seif-pharmacies/uploads/115759.webp|https://masterapi.witheldokan.com/storage/seif-pharmacies/uploads/1312.webp|https://masterapi.witheldokan.com/storage/seif-pharmacies/uploads/2235.webp|https://masterapi.witheldokan.com/storage/seif-pharmacies/uploads/302824.webp|https://masterapi.witheldokan.com/storage/seif-pharmacies/uploads/30929.webp|https://masterapi.witheldokan.com/storage/seif-pharmacies/uploads/245020.webp|https://masterapi.witheldokan.com/storage/seif-pharmacies/uploads/261254.webp|https://masterapi.witheldokan.com/storage/seif-pharmacies/uploads/51691.webp|https://masterapi.witheldokan.com/storage/seif-pharmacies/uploads/295400.webp|https://masterapi.witheldokan.com/storage/seif-pharmacies/uploads/321088.webp|https://masterapi.witheldokan.com/storage/seif-pharmacies/uploads/299992.webp|https://masterapi.witheldokan.com/storage/seif-pharmacies/uploads/398745.webp|https://masterapi.witheldokan.com/storage/seif-pharmacies/uploads/53972.webp|https://masterapi.witheldokan.com/storage/seif-pharmacies/uploads/284127.webp|https://cdn.supercommerce.io/seif-pharmacies/uploads/617941-1769517196.webp|https://masterapi.witheldokan.com/storage/seif-pharmacies/uploads/29196.webp,https://seif-online.com/en/product/medicine/eye-medicines/topical-anti-biotic
Ear Preparation,,,Apply,Medicine,,Download App Now,,,https://masterapi.witheldokan.com/storage/seif-pharmacies/uploads/51767.webp|https://masterapi.witheldokan.com/storage/seif-pharmacies/uploads/32666.webp|https://masterapi.witheldokan.com/storage/seif-pharmacies/uploads/38225.webp|https://masterapi.witheldokan.com/storage/seif-pharmacies/uploads/42299.webp|https://masterapi.witheldokan.com/storage/seif-pharmacies/uploads/317245.webp|https://masterapi.witheldokan.com/storage/seif-pharmacies/uploads/307145.webp|https://masterapi.witheldokan.com/storage/seif-pharmacies/uploads/33503.webp|https://masterapi.witheldokan.com/storage/seif-pharmacies/uploads/251062.webp,https://seif-online.com/en/product/medicine/eye-medicines/ear-preparation
Eye Irrigation,,,Apply,Medicine,,Download App Now,,,https://masterapi.witheldokan.com/storage/seif-pharmacies/uploads/254132.webp|https://masterapi.witheldokan.com/storage/seif-pharmacies/uploads/81298.webp|https://masterapi.witheldokan.com/storage/seif-pharmacies/uploads/212008.webp|https://masterapi.witheldokan.com/storage/seif-pharmacies/uploads/382881.webp|https://masterapi.witheldokan.com/storage/seif-pharmacies/uploads/288102.webp|https://masterapi.witheldokan.com/storage/seif-pharmacies/uploads/323673.webp|https://masterapi.witheldokan.com/storage/seif-pharmacies/uploads/358691.webp|https://masterapi.witheldokan.com/storage/seif-pharmacies/uploads/303399.webp|https://masterapi.witheldokan.com/storage/seif-pharmacies/uploads/379365.webp|https://masterapi.witheldokan.com/storage/seif-pharmacies/uploads/71353.webp|https://masterapi.witheldokan.com/storage/seif-pharmacies/uploads/165376.webp|https://masterapi.witheldokan.com/storage/seif-pharmacies/uploads/176232.webp|https://masterapi.witheldokan.com/storage/seif-pharmacies/uploads/157522.webp,https://seif-online.com/en/product/medicine/eye-medicines/eye-irrigation
Contact Lens Care,,,Apply,Medicine,,Download App Now,,,https://masterapi.witheldokan.com/storage/seif-pharmacies/uploads/46152.webp|https://masterapi.witheldokan.com/storage/seif-pharmacies/uploads/296227.webp,https://seif-online.com/en/product/medicine/eye-medicines/contact-lens-care
Topical Steroid & Anti-Biotic,,,Apply,Medicine,,Download App Now,,,https://masterapi.witheldokan.com/storage/seif-pharmacies/uploads/397807.webp|https://masterapi.witheldokan.com/storage/seif-pharmacies/uploads/37916.webp|https://masterapi.witheldokan.com/storage/seif-pharmacies/uploads/11240.webp|https://masterapi.witheldokan.com/storage/seif-pharmacies/uploads/53973.webp|https://masterapi.witheldokan.com/storage/seif-pharmacies/uploads/113085.webp|https://masterapi.witheldokan.com/storage/seif-pharmacies/uploads/110210.webp|https://masterapi.witheldokan.com/storage/seif-pharmacies/uploads/403504.webp|https://masterapi.witheldokan.com/storage/seif-pharmacies/uploads/99585.webp|https://masterapi.witheldokan.com/storage/seif-pharmacies/uploads/379469.webp|https://masterapi.witheldokan.com/storage/seif-pharmacies/uploads/312915.webp|https://masterapi.witheldokan.com/storage/seif-pharmacies/uploads/65868.webp|https://masterapi.witheldokan.com/storage/seif-pharmacies/uploads/156464.webp|https://masterapi.witheldokan.com/storage/seif-pharmacies/uploads/401138.webp,https://seif-online.com/en/product/medicine/eye-medicines/topical-steroid-anti-biotic
Eye Local Anaesthetic.,,,Apply,Medicine,,Download App Now,,,https://masterapi.witheldokan.com/storage/seif-pharmacies/uploads/2123.webp|https://masterapi.witheldokan.com/storage/seif-pharmacies/uploads/295136.webp|https://masterapi.witheldokan.com/storage/seif-pharmacies/uploads/2224.webp|https://masterapi.witheldokan.com/storage/seif-pharmacies/uploads/347026.webp|https://masterapi.witheldokan.com/storage/seif-pharmacies/uploads/240680.webp|https://masterapi.witheldokan.com/storage/seif-pharmacies/uploads/389366.webp,https://seif-online.com/en/product/medicine/eye-medicines/eye-local-anaesthetic
Topical Anti-Viral,,,Apply,Medicine,,Download App Now,,,https://masterapi.witheldokan.com/storage/seif-pharmacies/uploads/316639.webp,https://seif-online.com/en/product/medicine/eye-medicines/topical-anti-viral
Glaucoma Treatment,,,Apply,Medicine,,Download App Now,,,https://masterapi.witheldokan.com/storage/seif-pharmacies/uploads/64634.webp|https://masterapi.witheldokan.com/storage/seif-pharmacies/uploads/180301.webp|https://masterapi.witheldokan.com/storage/seif-pharmacies/uploads/35466.webp|https://masterapi.witheldokan.com/storage/seif-pharmacies/uploads/221415.webp|https://masterapi.witheldokan.com/storage/seif-pharmacies/uploads/83913.webp|https://masterapi.witheldokan.com/storage/seif-pharmacies/uploads/141380.webp|https://masterapi.witheldokan.com/storage/seif-pharmacies/uploads/209.webp|https://masterapi.witheldokan.com/storage/seif-pharmacies/uploads/159909.webp|https://masterapi.witheldokan.com/storage/seif-pharmacies/uploads/271476.webp|https://masterapi.witheldokan.com/storage/seif-pharmacies/uploads/296218.webp|https://masterapi.witheldokan.com/storage/seif-pharmacies/uploads/271655-1761473616.webp|https://masterapi.witheldokan.com/storage/seif-pharmacies/uploads/271473.webp|https://masterapi.witheldokan.com/storage/seif-pharmacies/uploads/610051-1760273831.webp|https://masterapi.witheldokan.com/storage/seif-pharmacies/uploads/144815.webp|https://masterapi.witheldokan.com/storage/seif-pharmacies/uploads/2139.webp|https://masterapi.witheldokan.com/storage/seif-pharmacies/uploads/36690.webp|https://masterapi.witheldokan.com/storage/seif-pharmacies/uploads/93039.webp|https://masterapi.witheldokan.com/storage/seif-pharmacies/uploads/316144.webp|https://masterapi.witheldokan.com/storage/seif-pharmacies/uploads/363482.webp,https://seif-online.com/en/product/medicine/eye-medicines/glaucoma-treatment
Nose Preparation,,,Apply,Medicine,,Download App Now,,,https://masterapi.witheldokan.com/storage/seif-pharmacies/uploads/1380.webp|https://masterapi.witheldokan.com/storage/seif-pharmacies/uploads/78120.webp|https://masterapi.witheldokan.com/storage/seif-pharmacies/uploads/215027.webp|https://masterapi.witheldokan.com/storage/seif-pharmacies/uploads/1381.webp|https://masterapi.witheldokan.com/storage/seif-pharmacies/uploads/29090.webp|https://masterapi.witheldokan.com/storage/seif-pharmacies/uploads/383712.webp|https://masterapi.witheldokan.com/storage/seif-pharmacies/uploads/395863.webp|https://masterapi.witheldokan.com/storage/seif-pharmacies/uploads/60759.webp|https://masterapi.witheldokan.com/storage/seif-pharmacies/uploads/3747.webp|https://masterapi.witheldokan.com/storage/seif-pharmacies/uploads/87978.webp|https://masterapi.witheldokan.com/storage/seif-pharmacies/uploads/60760.webp|https://masterapi.witheldokan.com/storage/seif-pharmacies/uploads/122628.webp|https://masterapi.witheldokan.com/storage/seif-pharmacies/uploads/349714.webp|https://masterapi.witheldokan.com/storage/seif-pharmacies/uploads/327395.webp|https://masterapi.witheldokan.com/storage/seif-pharmacies/uploads/60758.webp|https://masterapi.witheldokan.com/storage/seif-pharmacies/uploads/317792.webp|https://masterapi.witheldokan.com/storage/seif-pharmacies/uploads/605732.webp|https://masterapi.witheldokan.com/storage/seif-pharmacies/uploads/269806.webp,https://seif-online.com/en/product/medicine/eye-medicines/nose-preparation
Eye Allergy & Inflammation,,,Apply,Medicine,,Download App Now,,,https://masterapi.witheldokan.com/storage/seif-pharmacies/uploads/786.webp|https://masterapi.witheldokan.com/storage/seif-pharmacies/uploads/307739.webp|https://masterapi.witheldokan.com/storage/seif-pharmacies/uploads/159591.webp|https://masterapi.witheldokan.com/storage/seif-pharmacies/uploads/284326.webp|https://masterapi.witheldokan.com/storage/seif-pharmacies/uploads/103310.webp|https://masterapi.witheldokan.com/storage/seif-pharmacies/uploads/361169.webp|https://masterapi.witheldokan.com/storage/seif-pharmacies/uploads/303425.webp|https://masterapi.witheldokan.com/storage/seif-pharmacies/uploads/284823.webp|https://masterapi.witheldokan.com/storage/seif-pharmacies/uploads/608881-1760358362.webp|https://masterapi.witheldokan.com/storage/seif-pharmacies/uploads/313201.webp|https://masterapi.witheldokan.com/storage/seif-pharmacies/uploads/360242.webp|https://masterapi.witheldokan.com/storage/seif-pharmacies/uploads/51695.webp|https://masterapi.witheldokan.com/storage/seif-pharmacies/uploads/370381.webp|https://masterapi.witheldokan.com/storage/seif-pharmacies/uploads/614891-1759931883.webp,https://seif-online.com/en/product/medicine/eye-medicines/eye-allergy-inflammation
Mydriatics,,,Apply,Medicine,,Download App Now,,,https://masterapi.witheldokan.com/storage/seif-pharmacies/uploads/312183.webp|https://masterapi.witheldokan.com/storage/seif-pharmacies/uploads/401091.webp,https://seif-online.com/en/product/medicine/eye-medicines/mydriatics
Topical Steroid,,,Apply,Medicine,,Download App Now,,,https://masterapi.witheldokan.com/storage/seif-pharmacies/uploads/94930.webp|https://masterapi.witheldokan.com/storage/seif-pharmacies/uploads/165045.webp|https://masterapi.witheldokan.com/storage/seif-pharmacies/uploads/385129.webp|https://masterapi.witheldokan.com/storage/seif-pharmacies/uploads/317305.webp|https://masterapi.witheldokan.com/storage/seif-pharmacies/uploads/285154.webp|https://masterapi.witheldokan.com/storage/seif-pharmacies/uploads/340246.webp|https://masterapi.witheldokan.com/storage/seif-pharmacies/uploads/65862.webp|https://masterapi.witheldokan.com/storage/seif-pharmacies/uploads/2960.webp|https://masterapi.witheldokan.com/storage/seif-pharmacies/uploads/617110-1759063841.webp|https://masterapi.witheldokan.com/storage/seif-pharmacies/uploads/617111-1759063797.webp,https://seif-online.com/en/product/medicine/eye-medicines/topical-steroid
Central Nervous System,,,Apply,Medicine,,Download App Now,,,https://masterapi.witheldokan.com/storage/seif-pharmacies/uploads/608891.webp|https://masterapi.witheldokan.com/storage/seif-pharmacies/uploads/608680.webp|https://masterapi.witheldokan.com/storage/seif-pharmacies/uploads/608043-1760362052.webp|https://masterapi.witheldokan.com/storage/seif-pharmacies/uploads/608508.webp|https://masterapi.witheldokan.com/storage/seif-pharmacies/uploads/140201.webp|https://masterapi.witheldokan.com/storage/seif-pharmacies/uploads/76059.webp|https://masterapi.witheldokan.com/storage/seif-pharmacies/uploads/57288.webp|https://masterapi.witheldokan.com/storage/seif-pharmacies/uploads/385216.webp|https://masterapi.witheldokan.com/storage/seif-pharmacies/uploads/60604.webp|https://masterapi.witheldokan.com/storage/seif-pharmacies/uploads/305103.webp|https://masterapi.witheldokan.com/storage/seif-pharmacies/uploads/3106.webp|https://masterapi.witheldokan.com/storage/seif-pharmacies/uploads/161969.webp|https://masterapi.witheldokan.com/storage/seif-pharmacies/uploads/604977.webp|https://masterapi.witheldokan.com/storage/seif-pharmacies/uploads/139588.webp|https://masterapi.witheldokan.com/storage/seif-pharmacies/uploads/614722.webp|https://masterapi.witheldokan.com/storage/seif-pharmacies/uploads/72127.webp|https://masterapi.witheldokan.com/storage/seif-pharmacies/uploads/610908.webp|https://masterapi.witheldokan.com/storage/seif-pharmacies/uploads/367986.webp|https://masterapi.witheldokan.com/storage/seif-pharmacies/uploads/202127.webp|https://masterapi.witheldokan.com/storage/seif-pharmacies/uploads/1455.webp|https://masterapi.witheldokan.com/storage/seif-pharmacies/uploads/207428.webp|https://masterapi.witheldokan.com/storage/seif-pharmacies/uploads/182669.webp,https://seif-online.com/en/product/medicine/central-nervous-system
Local Anaesthetic.,,,Apply,Medicine,,Download App Now,,,https://masterapi.witheldokan.com/storage/seif-pharmacies/uploads/66467.webp|https://masterapi.witheldokan.com/storage/seif-pharmacies/uploads/300369.webp|https://masterapi.witheldokan.com/storage/seif-pharmacies/uploads/42430.webp|https://masterapi.witheldokan.com/storage/seif-pharmacies/uploads/66468.webp|https://masterapi.witheldokan.com/storage/seif-pharmacies/uploads/271770.webp,https://seif-online.com/en/product/medicine/central-nervous-system/local-anaesthetic-central
Psychotic Disorders,,,Apply,Medicine,,Download App Now,,,https://masterapi.witheldokan.com/storage/seif-pharmacies/uploads/182669.webp|https://masterapi.witheldokan.com/storage/seif-pharmacies/uploads/610352.webp|https://masterapi.witheldokan.com/storage/seif-pharmacies/uploads/349038.webp|https://masterapi.witheldokan.com/storage/seif-pharmacies/uploads/229325.webp|https://masterapi.witheldokan.com/storage/seif-pharmacies/uploads/88705.webp|https://masterapi.witheldokan.com/storage/seif-pharmacies/uploads/88704.webp|https://masterapi.witheldokan.com/storage/seif-pharmacies/uploads/185949.webp|https://masterapi.witheldokan.com/storage/seif-pharmacies/uploads/602103.webp|https://masterapi.witheldokan.com/storage/seif-pharmacies/uploads/607184-1760869709.webp|https://masterapi.witheldokan.com/storage/seif-pharmacies/uploads/118796.webp|https://masterapi.witheldokan.com/storage/seif-pharmacies/uploads/178937.webp|https://masterapi.witheldokan.com/storage/seif-pharmacies/uploads/81959.webp|https://masterapi.witheldokan.com/storage/seif-pharmacies/uploads/384656.webp|https://masterapi.witheldokan.com/storage/seif-pharmacies/uploads/77129.webp|https://masterapi.witheldokan.com/storage/seif-pharmacies/uploads/600991.webp|https://masterapi.witheldokan.com/storage/seif-pharmacies/uploads/1932.webp|https://masterapi.witheldokan.com/storage/seif-pharmacies/uploads/175816.webp|https://masterapi.witheldokan.com/storage/seif-pharmacies/uploads/216334.webp|https://masterapi.witheldokan.com/storage/seif-pharmacies/uploads/20881.webp|https://masterapi.witheldokan.com/storage/seif-pharmacies/uploads/80681.webp|https://masterapi.witheldokan.com/storage/seif-pharmacies/uploads/24649.webp|https://masterapi.witheldokan.com/storage/seif-pharmacies/uploads/33685.webp|https://masterapi.witheldokan.com/storage/seif-pharmacies/uploads/161066.webp,https://seif-online.com/en/product/medicine/central-nervous-system/psychotic-disorders
Sedatives & Hypnotics,,,Apply,Medicine,,Download App Now,,,https://masterapi.witheldokan.com/storage/seif-pharmacies/uploads/608508.webp|https://masterapi.witheldokan.com/storage/seif-pharmacies/uploads/616577-1762844932.webp|https://masterapi.witheldokan.com/storage/seif-pharmacies/uploads/611596.webp|https://masterapi.witheldokan.com/storage/seif-pharmacies/uploads/610297-1760272579.webp|https://masterapi.witheldokan.com/storage/seif-pharmacies/uploads/18565.webp|https://masterapi.witheldokan.com/storage/seif-pharmacies/uploads/609656.webp|https://masterapi.witheldokan.com/storage/seif-pharmacies/uploads/612444.webp|https://masterapi.witheldokan.com/storage/seif-pharmacies/uploads/431570.webp|https://masterapi.witheldokan.com/storage/seif-pharmacies/uploads/88.webp|https://masterapi.witheldokan.com/storage/seif-pharmacies/uploads/2877.webp|https://masterapi.witheldokan.com/storage/seif-pharmacies/uploads/611480.webp|https://masterapi.witheldokan.com/storage/seif-pharmacies/uploads/397593.webp|https://masterapi.witheldokan.com/storage/seif-pharmacies/uploads/611606.webp|https://masterapi.witheldokan.com/storage/seif-pharmacies/uploads/307126.webp|https://masterapi.witheldokan.com/storage/seif-pharmacies/uploads/431725.webp|https://masterapi.witheldokan.com/storage/seif-pharmacies/uploads/614859-1759932052.webp|https://masterapi.witheldokan.com/storage/seif-pharmacies/uploads/613079.webp,https://seif-online.com/en/product/medicine/central-nervous-system/sedatives-hypnotics
Cerebral Stimulant,,,Apply,Medicine,,Download App Now,,,https://masterapi.witheldokan.com/storage/seif-pharmacies/uploads/57288.webp|https://masterapi.witheldokan.com/storage/seif-pharmacies/uploads/161969.webp|https://masterapi.witheldokan.com/storage/seif-pharmacies/uploads/263729.webp|https://masterapi.witheldokan.com/storage/seif-pharmacies/uploads/122423.webp|https://masterapi.witheldokan.com/storage/seif-pharmacies/uploads/610711.webp|https://masterapi.witheldokan.com/storage/seif-pharmacies/uploads/609960-1760274367.webp|https://masterapi.witheldokan.com/storage/seif-pharmacies/uploads/19785.webp|https://masterapi.witheldokan.com/storage/seif-pharmacies/uploads/611047.webp|https://masterapi.witheldokan.com/storage/seif-pharmacies/uploads/611655.webp|https://masterapi.witheldokan.com/storage/seif-pharmacies/uploads/33909.webp|https://masterapi.witheldokan.com/storage/seif-pharmacies/uploads/610710.webp|https://masterapi.witheldokan.com/storage/seif-pharmacies/uploads/378759.webp|https://masterapi.witheldokan.com/storage/seif-pharmacies/uploads/344396.webp|https://masterapi.witheldokan.com/storage/seif-pharmacies/uploads/612936.webp|https://masterapi.witheldokan.com/storage/seif-pharmacies/uploads/612748.webp|https://masterapi.witheldokan.com/storage/seif-pharmacies/uploads/609967-1760274531.webp|https://masterapi.witheldokan.com/storage/seif-pharmacies/uploads/381777.webp|https://masterapi.witheldokan.com/storage/seif-pharmacies/uploads/2753.webp|https://masterapi.witheldokan.com/storage/seif-pharmacies/uploads/614363-1760270896.webp|https://masterapi.witheldokan.com/storage/seif-pharmacies/uploads/19786.webp,https://seif-online.com/en/product/medicine/central-nervous-system/cerebral-stimulant
Alzheimer Treatment,,,Apply,Medicine,,Download App Now,,,https://masterapi.witheldokan.com/storage/seif-pharmacies/uploads/611317.webp|https://masterapi.witheldokan.com/storage/seif-pharmacies/uploads/199119.webp|https://masterapi.witheldokan.com/storage/seif-pharmacies/uploads/81983.webp|https://masterapi.witheldokan.com/storage/seif-pharmacies/uploads/285949.webp|https://masterapi.witheldokan.com/storage/seif-pharmacies/uploads/253555.webp|https://masterapi.witheldokan.com/storage/seif-pharmacies/uploads/290250.webp|https://masterapi.witheldokan.com/storage/seif-pharmacies/uploads/265911.webp|https://masterapi.witheldokan.com/storage/seif-pharmacies/uploads/168059.webp|https://masterapi.witheldokan.com/storage/seif-pharmacies/uploads/312130.webp|https://masterapi.witheldokan.com/storage/seif-pharmacies/uploads/336348.webp|https://masterapi.witheldokan.com/storage/seif-pharmacies/uploads/232910.webp|https://masterapi.witheldokan.com/storage/seif-pharmacies/uploads/296286.webp|https://masterapi.witheldokan.com/storage/seif-pharmacies/uploads/117519.webp|https://masterapi.witheldokan.com/storage/seif-pharmacies/uploads/23518.webp|https://masterapi.witheldokan.com/storage/seif-pharmacies/uploads/612471.webp|https://masterapi.witheldokan.com/storage/seif-pharmacies/uploads/605029.webp|https://masterapi.witheldokan.com/storage/seif-pharmacies/uploads/284097.webp|https://masterapi.witheldokan.com/storage/seif-pharmacies/uploads/17394.webp|https://masterapi.witheldokan.com/storage/seif-pharmacies/uploads/17392.webp|https://masterapi.witheldokan.com/storage/seif-pharmacies/uploads/17393.webp|https://masterapi.witheldokan.com/storage/seif-pharmacies/uploads/116107.webp|https://masterapi.witheldokan.com/storage/seif-pharmacies/uploads/139300.webp|https://masterapi.witheldokan.com/storage/seif-pharmacies/uploads/144702.webp,https://seif-online.com/en/product/medicine/central-nervous-system/alzheimer-treatment
Anti-Parkinsonism,,,Apply,Medicine,,Download App Now,,,https://masterapi.witheldokan.com/storage/seif-pharmacies/uploads/367986.webp|https://masterapi.witheldokan.com/storage/seif-pharmacies/uploads/88770.webp|https://masterapi.witheldokan.com/storage/seif-pharmacies/uploads/63515.webp|https://masterapi.witheldokan.com/storage/seif-pharmacies/uploads/607539.webp|https://masterapi.witheldokan.com/storage/seif-pharmacies/uploads/358494.webp|https://masterapi.witheldokan.com/storage/seif-pharmacies/uploads/371694.webp|https://masterapi.witheldokan.com/storage/seif-pharmacies/uploads/185286.webp|https://masterapi.witheldokan.com/storage/seif-pharmacies/uploads/607606.webp|https://masterapi.witheldokan.com/storage/seif-pharmacies/uploads/184425.webp|https://masterapi.witheldokan.com/storage/seif-pharmacies/uploads/178384.webp|https://masterapi.witheldokan.com/storage/seif-pharmacies/uploads/222391.webp|https://masterapi.witheldokan.com/storage/seif-pharmacies/uploads/606002.webp|https://masterapi.witheldokan.com/storage/seif-pharmacies/uploads/276186.webp|https://masterapi.witheldokan.com/storage/seif-pharmacies/uploads/606652.webp|https://masterapi.witheldokan.com/storage/seif-pharmacies/uploads/33553.webp|https://masterapi.witheldokan.com/storage/seif-pharmacies/uploads/95636.webp|https://masterapi.witheldokan.com/storage/seif-pharmacies/uploads/134304.webp|https://masterapi.witheldokan.com/storage/seif-pharmacies/uploads/136671.webp|https://masterapi.witheldokan.com/storage/seif-pharmacies/uploads/136673.webp|https://masterapi.witheldokan.com/storage/seif-pharmacies/uploads/137432.webp|https://masterapi.witheldokan.com/storage/seif-pharmacies/uploads/323000.webp,https://seif-online.com/en/product/medicine/central-nervous-system/anti-parkinsonism
Cns Stimulants,,,Apply,Medicine,,Download App Now,,,https://masterapi.witheldokan.com/storage/seif-pharmacies/uploads/299403.webp|https://masterapi.witheldokan.com/storage/seif-pharmacies/uploads/383868.webp|https://masterapi.witheldokan.com/storage/seif-pharmacies/uploads/400118.webp|https://masterapi.witheldokan.com/storage/seif-pharmacies/uploads/612177.webp|https://masterapi.witheldokan.com/storage/seif-pharmacies/uploads/614820-1759931221.webp|https://masterapi.witheldokan.com/storage/seif-pharmacies/uploads/397475.webp|https://masterapi.witheldokan.com/storage/seif-pharmacies/uploads/614570-1759928618.webp|https://masterapi.witheldokan.com/storage/seif-pharmacies/uploads/611873.webp|https://masterapi.witheldokan.com/storage/seif-pharmacies/uploads/384076.webp|https://masterapi.witheldokan.com/storage/seif-pharmacies/uploads/612956.webp,https://seif-online.com/en/product/medicine/central-nervous-system/cns-stimulants
General Anaesthetic,,,Apply,Medicine,,Download App Now,,,https://masterapi.witheldokan.com/storage/seif-pharmacies/uploads/2207.webp,https://seif-online.com/en/product/medicine/central-nervous-system/general-anaesthetic
Anti-Epileptic & A. Convulsant,,,Apply,Medicine,,Download App Now,,,https://masterapi.witheldokan.com/storage/seif-pharmacies/uploads/140201.webp|https://masterapi.witheldokan.com/storage/seif-pharmacies/uploads/385216.webp|https://masterapi.witheldokan.com/storage/seif-pharmacies/uploads/60604.webp|https://masterapi.witheldokan.com/storage/seif-pharmacies/uploads/3106.webp|https://masterapi.witheldokan.com/storage/seif-pharmacies/uploads/139588.webp|https://masterapi.witheldokan.com/storage/seif-pharmacies/uploads/72127.webp|https://masterapi.witheldokan.com/storage/seif-pharmacies/uploads/610908.webp|https://masterapi.witheldokan.com/storage/seif-pharmacies/uploads/202127.webp|https://masterapi.witheldokan.com/storage/seif-pharmacies/uploads/1455.webp|https://masterapi.witheldokan.com/storage/seif-pharmacies/uploads/385217.webp|https://masterapi.witheldokan.com/storage/seif-pharmacies/uploads/204182.webp|https://masterapi.witheldokan.com/storage/seif-pharmacies/uploads/431687.webp|https://masterapi.witheldokan.com/storage/seif-pharmacies/uploads/404063.webp|https://masterapi.witheldokan.com/storage/seif-pharmacies/uploads/123410.webp|https://masterapi.witheldokan.com/storage/seif-pharmacies/uploads/157916.webp|https://masterapi.witheldokan.com/storage/seif-pharmacies/uploads/316477.webp|https://masterapi.witheldokan.com/storage/seif-pharmacies/uploads/610909.webp|https://masterapi.witheldokan.com/storage/seif-pharmacies/uploads/202128.webp|https://masterapi.witheldokan.com/storage/seif-pharmacies/uploads/606169.webp|https://masterapi.witheldokan.com/storage/seif-pharmacies/uploads/26632.webp|https://masterapi.witheldokan.com/storage/seif-pharmacies/uploads/148376.webp|https://masterapi.witheldokan.com/storage/seif-pharmacies/uploads/431435.webp|https://masterapi.witheldokan.com/storage/seif-pharmacies/uploads/290350.webp,https://seif-online.com/en/product/medicine/central-nervous-system/anti-epileptic-a-convulsant
Neurotonic,,,Apply,Medicine,,Download App Now,,,https://masterapi.witheldokan.com/storage/seif-pharmacies/uploads/608891.webp|https://masterapi.witheldokan.com/storage/seif-pharmacies/uploads/608680.webp|https://masterapi.witheldokan.com/storage/seif-pharmacies/uploads/608043-1760362052.webp|https://masterapi.witheldokan.com/storage/seif-pharmacies/uploads/614722.webp|https://masterapi.witheldokan.com/storage/seif-pharmacies/uploads/207428.webp|https://masterapi.witheldokan.com/storage/seif-pharmacies/uploads/608208.webp|https://masterapi.witheldokan.com/storage/seif-pharmacies/uploads/612455.webp|https://masterapi.witheldokan.com/storage/seif-pharmacies/uploads/608044-1760362074.webp|https://masterapi.witheldokan.com/storage/seif-pharmacies/uploads/253345.webp|https://masterapi.witheldokan.com/storage/seif-pharmacies/uploads/312088.webp|https://cdn.supercommerce.io/seif-pharmacies/uploads/612301-1769436525.webp|https://masterapi.witheldokan.com/storage/seif-pharmacies/uploads/614958.webp|https://masterapi.witheldokan.com/storage/seif-pharmacies/uploads/614758.webp|https://masterapi.witheldokan.com/storage/seif-pharmacies/uploads/608740.webp|https://masterapi.witheldokan.com/storage/seif-pharmacies/uploads/88773.webp|https://masterapi.witheldokan.com/storage/seif-pharmacies/uploads/97395.webp|https://masterapi.witheldokan.com/storage/seif-pharmacies/uploads/608672.webp,https://seif-online.com/en/product/medicine/central-nervous-system/neurotonic
Anti-Depressant,,,Apply,Medicine,,Download App Now,,,https://masterapi.witheldokan.com/storage/seif-pharmacies/uploads/76059.webp|https://masterapi.witheldokan.com/storage/seif-pharmacies/uploads/305103.webp|https://masterapi.witheldokan.com/storage/seif-pharmacies/uploads/604977.webp|https://masterapi.witheldokan.com/storage/seif-pharmacies/uploads/400783.webp|https://masterapi.witheldokan.com/storage/seif-pharmacies/uploads/315437.webp|https://masterapi.witheldokan.com/storage/seif-pharmacies/uploads/284774.webp|https://masterapi.witheldokan.com/storage/seif-pharmacies/uploads/315433.webp|https://masterapi.witheldokan.com/storage/seif-pharmacies/uploads/601961.webp|https://masterapi.witheldokan.com/storage/seif-pharmacies/uploads/365015.webp|https://masterapi.witheldokan.com/storage/seif-pharmacies/uploads/157664.webp|https://masterapi.witheldokan.com/storage/seif-pharmacies/uploads/336977.webp|https://masterapi.witheldokan.com/storage/seif-pharmacies/uploads/305166.webp|https://masterapi.witheldokan.com/storage/seif-pharmacies/uploads/605332.webp|https://masterapi.witheldokan.com/storage/seif-pharmacies/uploads/301837.webp|https://masterapi.witheldokan.com/storage/seif-pharmacies/uploads/602399.webp|https://masterapi.witheldokan.com/storage/seif-pharmacies/uploads/603765.webp|https://masterapi.witheldokan.com/storage/seif-pharmacies/uploads/305168.webp|https://masterapi.witheldokan.com/storage/seif-pharmacies/uploads/118788.webp|https://masterapi.witheldokan.com/storage/seif-pharmacies/uploads/321992.webp|https://masterapi.witheldokan.com/storage/seif-pharmacies/uploads/70991.webp|https://masterapi.witheldokan.com/storage/seif-pharmacies/uploads/281545.webp|https://masterapi.witheldokan.com/storage/seif-pharmacies/uploads/92572.webp|https://masterapi.witheldokan.com/storage/seif-pharmacies/uploads/609654-1760357756.webp,https://seif-online.com/en/product/medicine/central-nervous-system/anti-depressant
ADHD(Attent.Deficit.Hyperac.D),,,Apply,Medicine,,Download App Now,,,https://masterapi.witheldokan.com/storage/seif-pharmacies/uploads/182674.webp|https://masterapi.witheldokan.com/storage/seif-pharmacies/uploads/389699.webp|https://masterapi.witheldokan.com/storage/seif-pharmacies/uploads/182673.webp|https://masterapi.witheldokan.com/storage/seif-pharmacies/uploads/182675.webp|https://masterapi.witheldokan.com/storage/seif-pharmacies/uploads/182670.webp|https://masterapi.witheldokan.com/storage/seif-pharmacies/uploads/607572-1760363053.webp|https://masterapi.witheldokan.com/storage/seif-pharmacies/uploads/182672.webp|https://masterapi.witheldokan.com/storage/seif-pharmacies/uploads/173496.webp|https://masterapi.witheldokan.com/storage/seif-pharmacies/uploads/289162.webp|https://masterapi.witheldokan.com/storage/seif-pharmacies/uploads/300724.webp|https://masterapi.witheldokan.com/storage/seif-pharmacies/uploads/300725.webp|https://masterapi.witheldokan.com/storage/seif-pharmacies/uploads/300726.webp|https://masterapi.witheldokan.com/storage/seif-pharmacies/uploads/300727.webp|https://masterapi.witheldokan.com/storage/seif-pharmacies/uploads/300729.webp|https://masterapi.witheldokan.com/storage/seif-pharmacies/uploads/382854.webp,https://seif-online.com/en/product/medicine/central-nervous-system/adhdattent-deficit-hyperac-d
Miscellaneous,,,Apply,Medicine,,Download App Now,,,https://masterapi.witheldokan.com/storage/seif-pharmacies/uploads/397922.webp|https://masterapi.witheldokan.com/storage/seif-pharmacies/uploads/319068.webp|https://masterapi.witheldokan.com/storage/seif-pharmacies/uploads/605970.webp|https://masterapi.witheldokan.com/storage/seif-pharmacies/uploads/99511.webp|https://masterapi.witheldokan.com/storage/seif-pharmacies/uploads/171775.webp|https://masterapi.witheldokan.com/storage/seif-pharmacies/uploads/265825.webp|https://masterapi.witheldokan.com/storage/seif-pharmacies/uploads/605847.webp|https://masterapi.witheldokan.com/storage/seif-pharmacies/uploads/383098.webp|https://masterapi.witheldokan.com/storage/seif-pharmacies/uploads/382495.webp|https://masterapi.witheldokan.com/storage/seif-pharmacies/uploads/382496.webp|https://masterapi.witheldokan.com/storage/seif-pharmacies/uploads/609680-1760357668.webp|https://masterapi.witheldokan.com/storage/seif-pharmacies/uploads/1658.webp|https://masterapi.witheldokan.com/storage/seif-pharmacies/uploads/1916.webp|https://masterapi.witheldokan.com/storage/seif-pharmacies/uploads/16454.webp|https://masterapi.witheldokan.com/storage/seif-pharmacies/uploads/37776.webp|https://masterapi.witheldokan.com/storage/seif-pharmacies/uploads/85756.webp,https://seif-online.com/en/product/medicine/miscellaneous
Anti-Dote,,,Apply,Medicine,,Download App Now,,,https://masterapi.witheldokan.com/storage/seif-pharmacies/uploads/319068.webp|https://masterapi.witheldokan.com/storage/seif-pharmacies/uploads/605970.webp|https://masterapi.witheldokan.com/storage/seif-pharmacies/uploads/99511.webp|https://masterapi.witheldokan.com/storage/seif-pharmacies/uploads/171775.webp|https://masterapi.witheldokan.com/storage/seif-pharmacies/uploads/265825.webp|https://masterapi.witheldokan.com/storage/seif-pharmacies/uploads/605847.webp|https://masterapi.witheldokan.com/storage/seif-pharmacies/uploads/383098.webp|https://masterapi.witheldokan.com/storage/seif-pharmacies/uploads/382495.webp|https://masterapi.witheldokan.com/storage/seif-pharmacies/uploads/382496.webp|https://masterapi.witheldokan.com/storage/seif-pharmacies/uploads/180698.webp|https://masterapi.witheldokan.com/storage/seif-pharmacies/uploads/208086.webp|https://masterapi.witheldokan.com/storage/seif-pharmacies/uploads/605320-1760877029.webp,https://seif-online.com/en/product/medicine/miscellaneous/anti-dote
Anaemia,,,Apply,Medicine,,Download App Now,,,https://masterapi.witheldokan.com/storage/seif-pharmacies/uploads/397922.webp|https://masterapi.witheldokan.com/storage/seif-pharmacies/uploads/609680-1760357668.webp|https://masterapi.witheldokan.com/storage/seif-pharmacies/uploads/1658.webp|https://masterapi.witheldokan.com/storage/seif-pharmacies/uploads/1916.webp|https://masterapi.witheldokan.com/storage/seif-pharmacies/uploads/16454.webp|https://masterapi.witheldokan.com/storage/seif-pharmacies/uploads/37776.webp|https://masterapi.witheldokan.com/storage/seif-pharmacies/uploads/85756.webp|https://masterapi.witheldokan.com/storage/seif-pharmacies/uploads/148069.webp|https://masterapi.witheldokan.com/storage/seif-pharmacies/uploads/148070.webp|https://masterapi.witheldokan.com/storage/seif-pharmacies/uploads/148071.webp|https://masterapi.witheldokan.com/storage/seif-pharmacies/uploads/204229.webp|https://masterapi.witheldokan.com/storage/seif-pharmacies/uploads/301150.webp|https://masterapi.witheldokan.com/storage/seif-pharmacies/uploads/336968.webp,https://seif-online.com/en/product/medicine/miscellaneous/anaemia
Infections,,,Apply,Medicine,,Download App Now,,,https://masterapi.witheldokan.com/storage/seif-pharmacies/uploads/40413.webp|https://masterapi.witheldokan.com/storage/seif-pharmacies/uploads/404028.webp|https://masterapi.witheldokan.com/storage/seif-pharmacies/uploads/33953.webp|https://masterapi.witheldokan.com/storage/seif-pharmacies/uploads/1332.webp|https://masterapi.witheldokan.com/storage/seif-pharmacies/uploads/211115.webp|https://masterapi.witheldokan.com/storage/seif-pharmacies/uploads/54235.webp|https://masterapi.witheldokan.com/storage/seif-pharmacies/uploads/62453.webp|https://masterapi.witheldokan.com/storage/seif-pharmacies/uploads/75843.webp|https://masterapi.witheldokan.com/storage/seif-pharmacies/uploads/1313.webp|https://masterapi.witheldokan.com/storage/seif-pharmacies/uploads/55222.webp|https://masterapi.witheldokan.com/storage/seif-pharmacies/uploads/2242.webp|https://masterapi.witheldokan.com/storage/seif-pharmacies/uploads/74737.webp|https://masterapi.witheldokan.com/storage/seif-pharmacies/uploads/37772.webp|https://masterapi.witheldokan.com/storage/seif-pharmacies/uploads/52515.webp|https://masterapi.witheldokan.com/storage/seif-pharmacies/uploads/169520.webp|https://masterapi.witheldokan.com/storage/seif-pharmacies/uploads/103982.webp|https://masterapi.witheldokan.com/storage/seif-pharmacies/uploads/262755.webp|https://masterapi.witheldokan.com/storage/seif-pharmacies/uploads/2062.webp|https://masterapi.witheldokan.com/storage/seif-pharmacies/uploads/2864.webp|https://masterapi.witheldokan.com/storage/seif-pharmacies/uploads/208094.webp|https://masterapi.witheldokan.com/storage/seif-pharmacies/uploads/610345.webp|https://masterapi.witheldokan.com/storage/seif-pharmacies/uploads/27561.webp|https://masterapi.witheldokan.com/storage/seif-pharmacies/uploads/317259.webp|https://masterapi.witheldokan.com/storage/seif-pharmacies/uploads/65890.webp,https://seif-online.com/en/product/medicine/infections
"Anthelmintics,",,,Apply,Medicine,,Download App Now,,,https://masterapi.witheldokan.com/storage/seif-pharmacies/uploads/34627.webp|https://masterapi.witheldokan.com/storage/seif-pharmacies/uploads/34628.webp|https://masterapi.witheldokan.com/storage/seif-pharmacies/uploads/93639.webp|https://masterapi.witheldokan.com/storage/seif-pharmacies/uploads/184608.webp|https://masterapi.witheldokan.com/storage/seif-pharmacies/uploads/64736.webp|https://masterapi.witheldokan.com/storage/seif-pharmacies/uploads/321747.webp|https://masterapi.witheldokan.com/storage/seif-pharmacies/uploads/144676.webp|https://masterapi.witheldokan.com/storage/seif-pharmacies/uploads/65865.webp|https://masterapi.witheldokan.com/storage/seif-pharmacies/uploads/403411.webp|https://masterapi.witheldokan.com/storage/seif-pharmacies/uploads/7.webp|https://masterapi.witheldokan.com/storage/seif-pharmacies/uploads/6.webp|https://masterapi.witheldokan.com/storage/seif-pharmacies/uploads/82.webp|https://masterapi.witheldokan.com/storage/seif-pharmacies/uploads/863.webp|https://masterapi.witheldokan.com/storage/seif-pharmacies/uploads/13048.webp|https://masterapi.witheldokan.com/storage/seif-pharmacies/uploads/31143.webp|https://masterapi.witheldokan.com/storage/seif-pharmacies/uploads/268982.webp|https://masterapi.witheldokan.com/storage/seif-pharmacies/uploads/272575.webp|https://masterapi.witheldokan.com/storage/seif-pharmacies/uploads/307132.webp,https://seif-online.com/en/product/medicine/infections/anthelmintics
Anti- Fungals,,,Apply,Medicine,,Download App Now,,,https://masterapi.witheldokan.com/storage/seif-pharmacies/uploads/1332.webp|https://masterapi.witheldokan.com/storage/seif-pharmacies/uploads/90025.webp|https://masterapi.witheldokan.com/storage/seif-pharmacies/uploads/208094.webp|https://masterapi.witheldokan.com/storage/seif-pharmacies/uploads/3350.webp|https://masterapi.witheldokan.com/storage/seif-pharmacies/uploads/34677.webp|https://masterapi.witheldokan.com/storage/seif-pharmacies/uploads/51698.webp|https://masterapi.witheldokan.com/storage/seif-pharmacies/uploads/63222.webp|https://masterapi.witheldokan.com/storage/seif-pharmacies/uploads/46239.webp|https://masterapi.witheldokan.com/storage/seif-pharmacies/uploads/2502.webp|https://masterapi.witheldokan.com/storage/seif-pharmacies/uploads/68204.webp|https://masterapi.witheldokan.com/storage/seif-pharmacies/uploads/207933.webp|https://masterapi.witheldokan.com/storage/seif-pharmacies/uploads/377690.webp|https://masterapi.witheldokan.com/storage/seif-pharmacies/uploads/2636.webp|https://masterapi.witheldokan.com/storage/seif-pharmacies/uploads/37872.webp|https://masterapi.witheldokan.com/storage/seif-pharmacies/uploads/601830.webp|https://masterapi.witheldokan.com/storage/seif-pharmacies/uploads/1478.webp|https://masterapi.witheldokan.com/storage/seif-pharmacies/uploads/382995.webp|https://masterapi.witheldokan.com/storage/seif-pharmacies/uploads/234132.webp|https://masterapi.witheldokan.com/storage/seif-pharmacies/uploads/1340.webp|https://masterapi.witheldokan.com/storage/seif-pharmacies/uploads/383866.webp|https://masterapi.witheldokan.com/storage/seif-pharmacies/uploads/90026.webp|https://masterapi.witheldokan.com/storage/seif-pharmacies/uploads/1299.webp|https://masterapi.witheldokan.com/storage/seif-pharmacies/uploads/357917.webp,https://seif-online.com/en/product/medicine/infections/anti-fungals
Immunomodulator.,,,Apply,Medicine,,Download App Now,,,https://masterapi.witheldokan.com/storage/seif-pharmacies/uploads/1054.webp|https://masterapi.witheldokan.com/storage/seif-pharmacies/uploads/1034.webp|https://masterapi.witheldokan.com/storage/seif-pharmacies/uploads/154647.webp|https://masterapi.witheldokan.com/storage/seif-pharmacies/uploads/52940.webp|https://masterapi.witheldokan.com/storage/seif-pharmacies/uploads/62709.webp,https://seif-online.com/en/product/medicine/infections/immunomodulator-infections
Anti- Biotics,,,Apply,Medicine,,Download App Now,,,https://masterapi.witheldokan.com/storage/seif-pharmacies/uploads/40413.webp|https://masterapi.witheldokan.com/storage/seif-pharmacies/uploads/404028.webp|https://masterapi.witheldokan.com/storage/seif-pharmacies/uploads/33953.webp|https://masterapi.witheldokan.com/storage/seif-pharmacies/uploads/211115.webp|https://masterapi.witheldokan.com/storage/seif-pharmacies/uploads/54235.webp|https://masterapi.witheldokan.com/storage/seif-pharmacies/uploads/62453.webp|https://masterapi.witheldokan.com/storage/seif-pharmacies/uploads/75843.webp|https://masterapi.witheldokan.com/storage/seif-pharmacies/uploads/1313.webp|https://masterapi.witheldokan.com/storage/seif-pharmacies/uploads/55222.webp|https://masterapi.witheldokan.com/storage/seif-pharmacies/uploads/2242.webp|https://masterapi.witheldokan.com/storage/seif-pharmacies/uploads/74737.webp|https://masterapi.witheldokan.com/storage/seif-pharmacies/uploads/37772.webp|https://masterapi.witheldokan.com/storage/seif-pharmacies/uploads/52515.webp|https://masterapi.witheldokan.com/storage/seif-pharmacies/uploads/169520.webp|https://masterapi.witheldokan.com/storage/seif-pharmacies/uploads/103982.webp|https://masterapi.witheldokan.com/storage/seif-pharmacies/uploads/262755.webp|https://masterapi.witheldokan.com/storage/seif-pharmacies/uploads/2062.webp|https://masterapi.witheldokan.com/storage/seif-pharmacies/uploads/2864.webp|https://masterapi.witheldokan.com/storage/seif-pharmacies/uploads/610345.webp|https://masterapi.witheldokan.com/storage/seif-pharmacies/uploads/27561.webp|https://masterapi.witheldokan.com/storage/seif-pharmacies/uploads/317259.webp|https://masterapi.witheldokan.com/storage/seif-pharmacies/uploads/65890.webp|https://masterapi.witheldokan.com/storage/seif-pharmacies/uploads/212685.webp|https://masterapi.witheldokan.com/storage/seif-pharmacies/uploads/52938.webp,https://seif-online.com/en/product/medicine/infections/anti-biotics
Anti- Virals,,,Apply,Medicine,,Download App Now,,,https://masterapi.witheldokan.com/storage/seif-pharmacies/uploads/55483.webp|https://masterapi.witheldokan.com/storage/seif-pharmacies/uploads/50107.webp|https://masterapi.witheldokan.com/storage/seif-pharmacies/uploads/122129.webp|https://masterapi.witheldokan.com/storage/seif-pharmacies/uploads/50106.webp|https://masterapi.witheldokan.com/storage/seif-pharmacies/uploads/247406.webp|https://masterapi.witheldokan.com/storage/seif-pharmacies/uploads/53970.webp|https://cdn.supercommerce.io/seif-pharmacies/uploads/615778-1768577874.webp|https://cdn.supercommerce.io/seif-pharmacies/uploads/615777-1768577585.webp|https://masterapi.witheldokan.com/storage/seif-pharmacies/uploads/277964.webp|https://masterapi.witheldokan.com/storage/seif-pharmacies/uploads/233084.webp|https://masterapi.witheldokan.com/storage/seif-pharmacies/uploads/51287.webp|https://masterapi.witheldokan.com/storage/seif-pharmacies/uploads/1758.webp|https://masterapi.witheldokan.com/storage/seif-pharmacies/uploads/18561.webp|https://masterapi.witheldokan.com/storage/seif-pharmacies/uploads/51254.webp|https://masterapi.witheldokan.com/storage/seif-pharmacies/uploads/52280.webp|https://masterapi.witheldokan.com/storage/seif-pharmacies/uploads/93162.webp|https://masterapi.witheldokan.com/storage/seif-pharmacies/uploads/164770.webp|https://masterapi.witheldokan.com/storage/seif-pharmacies/uploads/261461.webp|https://masterapi.witheldokan.com/storage/seif-pharmacies/uploads/275790.webp|https://masterapi.witheldokan.com/storage/seif-pharmacies/uploads/299305.webp|https://masterapi.witheldokan.com/storage/seif-pharmacies/uploads/305139.webp,https://seif-online.com/en/product/medicine/infections/anti-virals
Anti- Acne,,,Apply,Medicine,,Download App Now,,,https://masterapi.witheldokan.com/storage/seif-pharmacies/uploads/610346.webp|https://masterapi.witheldokan.com/storage/seif-pharmacies/uploads/610158-1760272800.webp|https://masterapi.witheldokan.com/storage/seif-pharmacies/uploads/156573.webp|https://masterapi.witheldokan.com/storage/seif-pharmacies/uploads/10314.webp|https://masterapi.witheldokan.com/storage/seif-pharmacies/uploads/98615.webp|https://masterapi.witheldokan.com/storage/seif-pharmacies/uploads/614956.webp|https://masterapi.witheldokan.com/storage/seif-pharmacies/uploads/614366-1760270941.webp|https://masterapi.witheldokan.com/storage/seif-pharmacies/uploads/75781.webp|https://masterapi.witheldokan.com/storage/seif-pharmacies/uploads/76996.webp|https://masterapi.witheldokan.com/storage/seif-pharmacies/uploads/98616.webp|https://masterapi.witheldokan.com/storage/seif-pharmacies/uploads/602549.webp|https://masterapi.witheldokan.com/storage/seif-pharmacies/uploads/614994.webp,https://seif-online.com/en/product/medicine/infections/anti-acne-infections-20
Vaccines,,,Apply,Medicine,,Download App Now,,,https://masterapi.witheldokan.com/storage/seif-pharmacies/uploads/41102-1758966677.webp|https://masterapi.witheldokan.com/storage/seif-pharmacies/uploads/611412.webp|https://masterapi.witheldokan.com/storage/seif-pharmacies/uploads/35309.webp|https://masterapi.witheldokan.com/storage/seif-pharmacies/uploads/106234.webp,https://seif-online.com/en/product/medicine/infections/vaccines
Weight Control & Fitness,,,Apply,Medicine,,Download App Now,,,https://masterapi.witheldokan.com/storage/seif-pharmacies/uploads/612526.webp|https://masterapi.witheldokan.com/storage/seif-pharmacies/uploads/614279.webp|https://masterapi.witheldokan.com/storage/seif-pharmacies/uploads/81709.webp|https://masterapi.witheldokan.com/storage/seif-pharmacies/uploads/36966.webp|https://masterapi.witheldokan.com/storage/seif-pharmacies/uploads/198668.webp|https://masterapi.witheldokan.com/storage/seif-pharmacies/uploads/202596.webp|https://masterapi.witheldokan.com/storage/seif-pharmacies/uploads/610841.webp|https://masterapi.witheldokan.com/storage/seif-pharmacies/uploads/388298.webp|https://masterapi.witheldokan.com/storage/seif-pharmacies/uploads/602081.webp|https://masterapi.witheldokan.com/storage/seif-pharmacies/uploads/233083.webp|https://cdn.supercommerce.io/seif-pharmacies/uploads/395936.webp|https://masterapi.witheldokan.com/storage/seif-pharmacies/uploads/611417.webp|https://masterapi.witheldokan.com/storage/seif-pharmacies/uploads/601122.webp|https://masterapi.witheldokan.com/storage/seif-pharmacies/uploads/3953.webp|https://masterapi.witheldokan.com/storage/seif-pharmacies/uploads/366114.webp|https://masterapi.witheldokan.com/storage/seif-pharmacies/uploads/608104-1760361966.webp|https://masterapi.witheldokan.com/storage/seif-pharmacies/uploads/55565.webp|https://masterapi.witheldokan.com/storage/seif-pharmacies/uploads/610842.webp|https://masterapi.witheldokan.com/storage/seif-pharmacies/uploads/613265.webp|https://masterapi.witheldokan.com/storage/seif-pharmacies/uploads/377691.webp|https://masterapi.witheldokan.com/storage/seif-pharmacies/uploads/608904.webp|https://masterapi.witheldokan.com/storage/seif-pharmacies/uploads/388296.webp,https://seif-online.com/en/product/medicine/weight-control-fitness
Appetite Control & Fat Burn,,,Apply,Medicine,,Download App Now,,,https://masterapi.witheldokan.com/storage/seif-pharmacies/uploads/612526.webp|https://masterapi.witheldokan.com/storage/seif-pharmacies/uploads/198668.webp|https://masterapi.witheldokan.com/storage/seif-pharmacies/uploads/602081.webp|https://masterapi.witheldokan.com/storage/seif-pharmacies/uploads/233083.webp|https://cdn.supercommerce.io/seif-pharmacies/uploads/395936.webp|https://masterapi.witheldokan.com/storage/seif-pharmacies/uploads/601122.webp|https://masterapi.witheldokan.com/storage/seif-pharmacies/uploads/3953.webp|https://masterapi.witheldokan.com/storage/seif-pharmacies/uploads/613265.webp|https://masterapi.witheldokan.com/storage/seif-pharmacies/uploads/377691.webp|https://masterapi.witheldokan.com/storage/seif-pharmacies/uploads/608904.webp|https://masterapi.witheldokan.com/storage/seif-pharmacies/uploads/608907.webp|https://masterapi.witheldokan.com/storage/seif-pharmacies/uploads/608905.webp|https://masterapi.witheldokan.com/storage/seif-pharmacies/uploads/161800.webp|https://masterapi.witheldokan.com/storage/seif-pharmacies/uploads/608903.webp|https://masterapi.witheldokan.com/storage/seif-pharmacies/uploads/158427.webp|https://masterapi.witheldokan.com/storage/seif-pharmacies/uploads/78943.webp|https://masterapi.witheldokan.com/storage/seif-pharmacies/uploads/347063.webp|https://masterapi.witheldokan.com/storage/seif-pharmacies/uploads/613558.webp,https://seif-online.com/en/product/medicine/weight-control-fitness/appetite-control-fat-burn
Anabolic,,,Apply,Medicine,,Download App Now,,,https://masterapi.witheldokan.com/storage/seif-pharmacies/uploads/614279.webp|https://masterapi.witheldokan.com/storage/seif-pharmacies/uploads/81709.webp|https://masterapi.witheldokan.com/storage/seif-pharmacies/uploads/36966.webp|https://masterapi.witheldokan.com/storage/seif-pharmacies/uploads/202596.webp|https://masterapi.witheldokan.com/storage/seif-pharmacies/uploads/610841.webp|https://masterapi.witheldokan.com/storage/seif-pharmacies/uploads/388298.webp|https://masterapi.witheldokan.com/storage/seif-pharmacies/uploads/611417.webp|https://masterapi.witheldokan.com/storage/seif-pharmacies/uploads/366114.webp|https://masterapi.witheldokan.com/storage/seif-pharmacies/uploads/608104-1760361966.webp|https://masterapi.witheldokan.com/storage/seif-pharmacies/uploads/55565.webp|https://masterapi.witheldokan.com/storage/seif-pharmacies/uploads/610842.webp|https://masterapi.witheldokan.com/storage/seif-pharmacies/uploads/388296.webp|https://masterapi.witheldokan.com/storage/seif-pharmacies/uploads/388295.webp|https://masterapi.witheldokan.com/storage/seif-pharmacies/uploads/610802.webp|https://masterapi.witheldokan.com/storage/seif-pharmacies/uploads/610840.webp|https://masterapi.witheldokan.com/storage/seif-pharmacies/uploads/388297.webp|https://masterapi.witheldokan.com/storage/seif-pharmacies/uploads/609148.webp|https://masterapi.witheldokan.com/storage/seif-pharmacies/uploads/3750.webp|https://masterapi.witheldokan.com/storage/seif-pharmacies/uploads/48809.webp|https://masterapi.witheldokan.com/storage/seif-pharmacies/uploads/610751.webp|https://masterapi.witheldokan.com/storage/seif-pharmacies/uploads/298124.webp|https://masterapi.witheldokan.com/storage/seif-pharmacies/uploads/48808.webp|https://masterapi.witheldokan.com/storage/seif-pharmacies/uploads/56250.webp|https://masterapi.witheldokan.com/storage/seif-pharmacies/uploads/610839.webp,https://seif-online.com/en/product/medicine/weight-control-fitness/anabolic
Sugar Substitutes,,,Apply,Medicine,,Download App Now,,,https://masterapi.witheldokan.com/storage/seif-pharmacies/uploads/324023.webp|https://masterapi.witheldokan.com/storage/seif-pharmacies/uploads/607479.webp|https://masterapi.witheldokan.com/storage/seif-pharmacies/uploads/335300.webp|https://masterapi.witheldokan.com/storage/seif-pharmacies/uploads/96144.webp|https://masterapi.witheldokan.com/storage/seif-pharmacies/uploads/203425.webp|https://masterapi.witheldokan.com/storage/seif-pharmacies/uploads/315662.webp|https://masterapi.witheldokan.com/storage/seif-pharmacies/uploads/300335.webp|https://masterapi.witheldokan.com/storage/seif-pharmacies/uploads/394675.webp|https://masterapi.witheldokan.com/storage/seif-pharmacies/uploads/235407.webp|https://masterapi.witheldokan.com/storage/seif-pharmacies/uploads/2379.webp|https://masterapi.witheldokan.com/storage/seif-pharmacies/uploads/401525.webp|https://masterapi.witheldokan.com/storage/seif-pharmacies/uploads/336383.webp|https://masterapi.witheldokan.com/storage/seif-pharmacies/uploads/608731.webp|https://masterapi.witheldokan.com/storage/seif-pharmacies/uploads/2389.webp|https://masterapi.witheldokan.com/storage/seif-pharmacies/uploads/394674.webp|https://masterapi.witheldokan.com/storage/seif-pharmacies/uploads/604951.webp|https://masterapi.witheldokan.com/storage/seif-pharmacies/uploads/606022-1760876647.webp|https://masterapi.witheldokan.com/storage/seif-pharmacies/uploads/604958.webp|https://masterapi.witheldokan.com/storage/seif-pharmacies/uploads/2390.webp|https://masterapi.witheldokan.com/storage/seif-pharmacies/uploads/60324.webp|https://masterapi.witheldokan.com/storage/seif-pharmacies/uploads/602766.webp|https://masterapi.witheldokan.com/storage/seif-pharmacies/uploads/188062.webp,https://seif-online.com/en/product/medicine/weight-control-fitness/sugar-substitutes
Musculo-Skeletal System,,,Apply,Medicine,,Download App Now,,,https://masterapi.witheldokan.com/storage/seif-pharmacies/uploads/142151.webp|https://masterapi.witheldokan.com/storage/seif-pharmacies/uploads/324698.webp|https://masterapi.witheldokan.com/storage/seif-pharmacies/uploads/55333.webp|https://masterapi.witheldokan.com/storage/seif-pharmacies/uploads/61955.webp|https://masterapi.witheldokan.com/storage/seif-pharmacies/uploads/53600.webp|https://masterapi.witheldokan.com/storage/seif-pharmacies/uploads/99389.webp|https://cdn.supercommerce.io/seif-pharmacies/uploads/396638.webp|https://masterapi.witheldokan.com/storage/seif-pharmacies/uploads/614719.webp|https://masterapi.witheldokan.com/storage/seif-pharmacies/uploads/3648.webp|https://masterapi.witheldokan.com/storage/seif-pharmacies/uploads/220694.webp|https://cdn.supercommerce.io/seif-pharmacies/uploads/401299.webp|https://masterapi.witheldokan.com/storage/seif-pharmacies/uploads/309686.webp|https://masterapi.witheldokan.com/storage/seif-pharmacies/uploads/318412.webp|https://masterapi.witheldokan.com/storage/seif-pharmacies/uploads/215193.webp|https://masterapi.witheldokan.com/storage/seif-pharmacies/uploads/119306.webp|https://masterapi.witheldokan.com/storage/seif-pharmacies/uploads/609799.webp|https://masterapi.witheldokan.com/storage/seif-pharmacies/uploads/143021.webp,https://seif-online.com/en/product/medicine/musculo-skeletal-system
Mytonics,,,Apply,Medicine,,Download App Now,,,https://masterapi.witheldokan.com/storage/seif-pharmacies/uploads/57284.webp,https://seif-online.com/en/product/medicine/musculo-skeletal-system/mytonics
Gout Treatment,,,Apply,Medicine,,Download App Now,,,https://masterapi.witheldokan.com/storage/seif-pharmacies/uploads/55333.webp|https://masterapi.witheldokan.com/storage/seif-pharmacies/uploads/309686.webp|https://masterapi.witheldokan.com/storage/seif-pharmacies/uploads/397.webp|https://masterapi.witheldokan.com/storage/seif-pharmacies/uploads/286406.webp|https://masterapi.witheldokan.com/storage/seif-pharmacies/uploads/281693.webp|https://masterapi.witheldokan.com/storage/seif-pharmacies/uploads/2124.webp|https://masterapi.witheldokan.com/storage/seif-pharmacies/uploads/368003.webp|https://masterapi.witheldokan.com/storage/seif-pharmacies/uploads/295733.webp|https://masterapi.witheldokan.com/storage/seif-pharmacies/uploads/347834.webp|https://masterapi.witheldokan.com/storage/seif-pharmacies/uploads/617085-1759064799.webp|https://masterapi.witheldokan.com/storage/seif-pharmacies/uploads/302177.webp|https://masterapi.witheldokan.com/storage/seif-pharmacies/uploads/286402.webp|https://masterapi.witheldokan.com/storage/seif-pharmacies/uploads/285080.webp|https://masterapi.witheldokan.com/storage/seif-pharmacies/uploads/312541.webp|https://masterapi.witheldokan.com/storage/seif-pharmacies/uploads/390.webp,https://seif-online.com/en/product/medicine/musculo-skeletal-system/gout-treatment
Analgesic/A. Rheumatic,,,Apply,Medicine,,Download App Now,,,https://masterapi.witheldokan.com/storage/seif-pharmacies/uploads/61955.webp|https://masterapi.witheldokan.com/storage/seif-pharmacies/uploads/53600.webp|https://masterapi.witheldokan.com/storage/seif-pharmacies/uploads/99389.webp|https://masterapi.witheldokan.com/storage/seif-pharmacies/uploads/383971.webp|https://masterapi.witheldokan.com/storage/seif-pharmacies/uploads/38476.webp|https://masterapi.witheldokan.com/storage/seif-pharmacies/uploads/185434.webp|https://masterapi.witheldokan.com/storage/seif-pharmacies/uploads/196446.webp|https://masterapi.witheldokan.com/storage/seif-pharmacies/uploads/1402.webp|https://masterapi.witheldokan.com/storage/seif-pharmacies/uploads/199474.webp|https://masterapi.witheldokan.com/storage/seif-pharmacies/uploads/167055.webp|https://masterapi.witheldokan.com/storage/seif-pharmacies/uploads/87981.webp|https://masterapi.witheldokan.com/storage/seif-pharmacies/uploads/34825.webp|https://masterapi.witheldokan.com/storage/seif-pharmacies/uploads/397191.webp|https://masterapi.witheldokan.com/storage/seif-pharmacies/uploads/321751.webp|https://masterapi.witheldokan.com/storage/seif-pharmacies/uploads/309203.webp|https://masterapi.witheldokan.com/storage/seif-pharmacies/uploads/389252.webp|https://masterapi.witheldokan.com/storage/seif-pharmacies/uploads/183123.webp,https://seif-online.com/en/product/medicine/musculo-skeletal-system/analgesic-a-rheumatic-medicine
Skeletal Muscle Relaxant,,,Apply,Medicine,,Download App Now,,,https://masterapi.witheldokan.com/storage/seif-pharmacies/uploads/142151.webp|https://masterapi.witheldokan.com/storage/seif-pharmacies/uploads/318412.webp|https://masterapi.witheldokan.com/storage/seif-pharmacies/uploads/119306.webp|https://masterapi.witheldokan.com/storage/seif-pharmacies/uploads/143021.webp|https://masterapi.witheldokan.com/storage/seif-pharmacies/uploads/303679.webp|https://masterapi.witheldokan.com/storage/seif-pharmacies/uploads/285703.webp|https://masterapi.witheldokan.com/storage/seif-pharmacies/uploads/109342.webp|https://masterapi.witheldokan.com/storage/seif-pharmacies/uploads/2245.webp|https://masterapi.witheldokan.com/storage/seif-pharmacies/uploads/295330.webp|https://masterapi.witheldokan.com/storage/seif-pharmacies/uploads/310946.webp|https://masterapi.witheldokan.com/storage/seif-pharmacies/uploads/305153.webp|https://masterapi.witheldokan.com/storage/seif-pharmacies/uploads/3167.webp|https://masterapi.witheldokan.com/storage/seif-pharmacies/uploads/44382.webp|https://masterapi.witheldokan.com/storage/seif-pharmacies/uploads/87514.webp|https://masterapi.witheldokan.com/storage/seif-pharmacies/uploads/177777.webp|https://masterapi.witheldokan.com/storage/seif-pharmacies/uploads/229329.webp,https://seif-online.com/en/product/medicine/musculo-skeletal-system/skeletal-muscle-relaxant
Osteoporosis/Arthritis Manag,,,Apply,Medicine,,Download App Now,,,https://masterapi.witheldokan.com/storage/seif-pharmacies/uploads/324698.webp|https://cdn.supercommerce.io/seif-pharmacies/uploads/396638.webp|https://masterapi.witheldokan.com/storage/seif-pharmacies/uploads/614719.webp|https://masterapi.witheldokan.com/storage/seif-pharmacies/uploads/3648.webp|https://masterapi.witheldokan.com/storage/seif-pharmacies/uploads/220694.webp|https://cdn.supercommerce.io/seif-pharmacies/uploads/401299.webp|https://masterapi.witheldokan.com/storage/seif-pharmacies/uploads/215193.webp|https://masterapi.witheldokan.com/storage/seif-pharmacies/uploads/609799.webp|https://cdn.supercommerce.io/seif-pharmacies/uploads/403263.webp|https://cdn.supercommerce.io/seif-pharmacies/uploads/374574.webp|https://cdn.supercommerce.io/seif-pharmacies/uploads/611068-1773312960.webp|https://cdn.supercommerce.io/seif-pharmacies/uploads/401300-1773313182.webp|https://masterapi.witheldokan.com/storage/seif-pharmacies/uploads/431541.webp|https://masterapi.witheldokan.com/storage/seif-pharmacies/uploads/202834.webp|https://masterapi.witheldokan.com/storage/seif-pharmacies/uploads/610612.webp|https://masterapi.witheldokan.com/storage/seif-pharmacies/uploads/611864.webp,https://seif-online.com/en/product/medicine/musculo-skeletal-system/osteoporosis-arthritis-manag
Other Anti-Rheumatics,,,Apply,Medicine,,Download App Now,,,https://masterapi.witheldokan.com/storage/seif-pharmacies/uploads/36064.webp|https://masterapi.witheldokan.com/storage/seif-pharmacies/uploads/17533.webp|https://masterapi.witheldokan.com/storage/seif-pharmacies/uploads/112818.webp|https://masterapi.witheldokan.com/storage/seif-pharmacies/uploads/44311.webp|https://masterapi.witheldokan.com/storage/seif-pharmacies/uploads/44312.webp|https://masterapi.witheldokan.com/storage/seif-pharmacies/uploads/393302.webp|https://masterapi.witheldokan.com/storage/seif-pharmacies/uploads/234260.webp|https://masterapi.witheldokan.com/storage/seif-pharmacies/uploads/313977.webp|https://cdn.supercommerce.io/seif-pharmacies/uploads/614736-1769430991.webp|https://masterapi.witheldokan.com/storage/seif-pharmacies/uploads/614735.webp|https://masterapi.witheldokan.com/storage/seif-pharmacies/uploads/58707.webp|https://masterapi.witheldokan.com/storage/seif-pharmacies/uploads/179117.webp|https://masterapi.witheldokan.com/storage/seif-pharmacies/uploads/342902.webp|https://masterapi.witheldokan.com/storage/seif-pharmacies/uploads/346642.webp,https://seif-online.com/en/product/medicine/musculo-skeletal-system/other-anti-rheumatics
Respiratory System,,,Apply,Medicine,,Download App Now,,,https://masterapi.witheldokan.com/storage/seif-pharmacies/uploads/383069.webp|https://masterapi.witheldokan.com/storage/seif-pharmacies/uploads/63563.webp|https://masterapi.witheldokan.com/storage/seif-pharmacies/uploads/159693-1751977251.webp|https://masterapi.witheldokan.com/storage/seif-pharmacies/uploads/57613.webp|https://masterapi.witheldokan.com/storage/seif-pharmacies/uploads/611288.webp|https://masterapi.witheldokan.com/storage/seif-pharmacies/uploads/280401.webp|https://masterapi.witheldokan.com/storage/seif-pharmacies/uploads/57612.webp|https://masterapi.witheldokan.com/storage/seif-pharmacies/uploads/82444.webp|https://masterapi.witheldokan.com/storage/seif-pharmacies/uploads/39227.webp|https://masterapi.witheldokan.com/storage/seif-pharmacies/uploads/4028.webp|https://masterapi.witheldokan.com/storage/seif-pharmacies/uploads/322760.webp|https://masterapi.witheldokan.com/storage/seif-pharmacies/uploads/1235.webp|https://masterapi.witheldokan.com/storage/seif-pharmacies/uploads/608693.webp|https://masterapi.witheldokan.com/storage/seif-pharmacies/uploads/86085.webp|https://masterapi.witheldokan.com/storage/seif-pharmacies/uploads/231530.webp|https://masterapi.witheldokan.com/storage/seif-pharmacies/uploads/309683.webp|https://masterapi.witheldokan.com/storage/seif-pharmacies/uploads/601469.webp|https://masterapi.witheldokan.com/storage/seif-pharmacies/uploads/57608.webp|https://masterapi.witheldokan.com/storage/seif-pharmacies/uploads/613387.webp|https://masterapi.witheldokan.com/storage/seif-pharmacies/uploads/10653.webp|https://masterapi.witheldokan.com/storage/seif-pharmacies/uploads/152169.webp|https://masterapi.witheldokan.com/storage/seif-pharmacies/uploads/613388.webp|https://masterapi.witheldokan.com/storage/seif-pharmacies/uploads/55648.webp,https://seif-online.com/en/product/medicine/respiratory-system
Cough Expectorant & Sedative,,,Apply,Medicine,,Download App Now,,,https://masterapi.witheldokan.com/storage/seif-pharmacies/uploads/159693-1751977251.webp|https://masterapi.witheldokan.com/storage/seif-pharmacies/uploads/82444.webp|https://masterapi.witheldokan.com/storage/seif-pharmacies/uploads/231530.webp|https://masterapi.witheldokan.com/storage/seif-pharmacies/uploads/613387.webp|https://masterapi.witheldokan.com/storage/seif-pharmacies/uploads/613388.webp|https://masterapi.witheldokan.com/storage/seif-pharmacies/uploads/601589.webp|https://masterapi.witheldokan.com/storage/seif-pharmacies/uploads/609522.webp|https://masterapi.witheldokan.com/storage/seif-pharmacies/uploads/54833.webp|https://masterapi.witheldokan.com/storage/seif-pharmacies/uploads/610227.webp|https://masterapi.witheldokan.com/storage/seif-pharmacies/uploads/612435.webp|https://masterapi.witheldokan.com/storage/seif-pharmacies/uploads/432178.webp|https://masterapi.witheldokan.com/storage/seif-pharmacies/uploads/60971.webp|https://masterapi.witheldokan.com/storage/seif-pharmacies/uploads/601076.webp|https://masterapi.witheldokan.com/storage/seif-pharmacies/uploads/606645.webp|https://masterapi.witheldokan.com/storage/seif-pharmacies/uploads/285659.webp|https://cdn.supercommerce.io/seif-pharmacies/uploads/617333.webp|https://masterapi.witheldokan.com/storage/seif-pharmacies/uploads/2189.webp|https://masterapi.witheldokan.com/storage/seif-pharmacies/uploads/39602.webp,https://seif-online.com/en/product/medicine/respiratory-system/cough-expectorant-sedative
Bronchodilator,,,Apply,Medicine,,Download App Now,,,https://masterapi.witheldokan.com/storage/seif-pharmacies/uploads/39227.webp|https://masterapi.witheldokan.com/storage/seif-pharmacies/uploads/601469.webp|https://masterapi.witheldokan.com/storage/seif-pharmacies/uploads/382808.webp|https://masterapi.witheldokan.com/storage/seif-pharmacies/uploads/431319.webp|https://masterapi.witheldokan.com/storage/seif-pharmacies/uploads/56943.webp|https://masterapi.witheldokan.com/storage/seif-pharmacies/uploads/613547.webp|https://masterapi.witheldokan.com/storage/seif-pharmacies/uploads/1502.webp|https://masterapi.witheldokan.com/storage/seif-pharmacies/uploads/51978.webp|https://masterapi.witheldokan.com/storage/seif-pharmacies/uploads/3429.webp|https://masterapi.witheldokan.com/storage/seif-pharmacies/uploads/167653.webp|https://masterapi.witheldokan.com/storage/seif-pharmacies/uploads/64562.webp|https://masterapi.witheldokan.com/storage/seif-pharmacies/uploads/2596.webp|https://masterapi.witheldokan.com/storage/seif-pharmacies/uploads/281031.webp|https://masterapi.witheldokan.com/storage/seif-pharmacies/uploads/141660.webp|https://masterapi.witheldokan.com/storage/seif-pharmacies/uploads/608748.webp|https://masterapi.witheldokan.com/storage/seif-pharmacies/uploads/371127.webp|https://masterapi.witheldokan.com/storage/seif-pharmacies/uploads/1859.webp|https://masterapi.witheldokan.com/storage/seif-pharmacies/uploads/288625.webp|https://masterapi.witheldokan.com/storage/seif-pharmacies/uploads/388692.webp|https://masterapi.witheldokan.com/storage/seif-pharmacies/uploads/37871.webp|https://masterapi.witheldokan.com/storage/seif-pharmacies/uploads/252403.webp|https://masterapi.witheldokan.com/storage/seif-pharmacies/uploads/601468.webp|https://masterapi.witheldokan.com/storage/seif-pharmacies/uploads/157663.webp,https://seif-online.com/en/product/medicine/respiratory-system/bronchodilator
Anti-Catarrhals,,,Apply,Medicine,,Download App Now,,,https://masterapi.witheldokan.com/storage/seif-pharmacies/uploads/383069.webp|https://masterapi.witheldokan.com/storage/seif-pharmacies/uploads/611288.webp|https://masterapi.witheldokan.com/storage/seif-pharmacies/uploads/86085.webp|https://masterapi.witheldokan.com/storage/seif-pharmacies/uploads/152169.webp|https://masterapi.witheldokan.com/storage/seif-pharmacies/uploads/221461.webp|https://masterapi.witheldokan.com/storage/seif-pharmacies/uploads/1993.webp|https://masterapi.witheldokan.com/storage/seif-pharmacies/uploads/286400.webp|https://masterapi.witheldokan.com/storage/seif-pharmacies/uploads/54090.webp|https://masterapi.witheldokan.com/storage/seif-pharmacies/uploads/25779.webp|https://masterapi.witheldokan.com/storage/seif-pharmacies/uploads/114544.webp|https://masterapi.witheldokan.com/storage/seif-pharmacies/uploads/25782.webp|https://masterapi.witheldokan.com/storage/seif-pharmacies/uploads/54174.webp|https://masterapi.witheldokan.com/storage/seif-pharmacies/uploads/34999.webp|https://masterapi.witheldokan.com/storage/seif-pharmacies/uploads/98846.webp|https://masterapi.witheldokan.com/storage/seif-pharmacies/uploads/66920.webp|https://masterapi.witheldokan.com/storage/seif-pharmacies/uploads/611916.webp|https://masterapi.witheldokan.com/storage/seif-pharmacies/uploads/2599.webp|https://masterapi.witheldokan.com/storage/seif-pharmacies/uploads/613400.webp|https://masterapi.witheldokan.com/storage/seif-pharmacies/uploads/135841.webp|https://masterapi.witheldokan.com/storage/seif-pharmacies/uploads/61003.webp|https://masterapi.witheldokan.com/storage/seif-pharmacies/uploads/369131.webp|https://masterapi.witheldokan.com/storage/seif-pharmacies/uploads/611396.webp|https://masterapi.witheldokan.com/storage/seif-pharmacies/uploads/289206.webp,https://seif-online.com/en/product/medicine/respiratory-system/anti-catarrhals
Anti- Histamines&Anti-Inflam,,,Apply,Medicine,,Download App Now,,,https://masterapi.witheldokan.com/storage/seif-pharmacies/uploads/280401.webp|https://masterapi.witheldokan.com/storage/seif-pharmacies/uploads/57612.webp|https://masterapi.witheldokan.com/storage/seif-pharmacies/uploads/4028.webp|https://masterapi.witheldokan.com/storage/seif-pharmacies/uploads/322760.webp|https://masterapi.witheldokan.com/storage/seif-pharmacies/uploads/57608.webp|https://masterapi.witheldokan.com/storage/seif-pharmacies/uploads/10653.webp|https://masterapi.witheldokan.com/storage/seif-pharmacies/uploads/55648.webp|https://masterapi.witheldokan.com/storage/seif-pharmacies/uploads/147523.webp|https://masterapi.witheldokan.com/storage/seif-pharmacies/uploads/119082.webp|https://masterapi.witheldokan.com/storage/seif-pharmacies/uploads/265848.webp|https://masterapi.witheldokan.com/storage/seif-pharmacies/uploads/60339.webp|https://masterapi.witheldokan.com/storage/seif-pharmacies/uploads/611993.webp|https://masterapi.witheldokan.com/storage/seif-pharmacies/uploads/401154.webp|https://masterapi.witheldokan.com/storage/seif-pharmacies/uploads/841.webp|https://masterapi.witheldokan.com/storage/seif-pharmacies/uploads/34410.webp|https://masterapi.witheldokan.com/storage/seif-pharmacies/uploads/323745.webp|https://masterapi.witheldokan.com/storage/seif-pharmacies/uploads/401584.webp|https://masterapi.witheldokan.com/storage/seif-pharmacies/uploads/34413.webp|https://masterapi.witheldokan.com/storage/seif-pharmacies/uploads/88073.webp|https://masterapi.witheldokan.com/storage/seif-pharmacies/uploads/294882.webp|https://masterapi.witheldokan.com/storage/seif-pharmacies/uploads/253188.webp|https://masterapi.witheldokan.com/storage/seif-pharmacies/uploads/323513.webp,https://seif-online.com/en/product/medicine/respiratory-system/anti-histaminesanti-inflam
Nicotine Replacement Therapy,,,Apply,Medicine,,Download App Now,,,https://masterapi.witheldokan.com/storage/seif-pharmacies/uploads/607730.webp,https://seif-online.com/en/product/medicine/respiratory-system/nicotine-replacement-therapy
Mucolytic / Muco-Regulator,,,Apply,Medicine,,Download App Now,,,https://masterapi.witheldokan.com/storage/seif-pharmacies/uploads/63563.webp|https://masterapi.witheldokan.com/storage/seif-pharmacies/uploads/1235.webp|https://masterapi.witheldokan.com/storage/seif-pharmacies/uploads/396737.webp|https://masterapi.witheldokan.com/storage/seif-pharmacies/uploads/263193.webp|https://masterapi.witheldokan.com/storage/seif-pharmacies/uploads/259042.webp|https://masterapi.witheldokan.com/storage/seif-pharmacies/uploads/2474.webp|https://masterapi.witheldokan.com/storage/seif-pharmacies/uploads/3335.webp|https://masterapi.witheldokan.com/storage/seif-pharmacies/uploads/191.webp|https://masterapi.witheldokan.com/storage/seif-pharmacies/uploads/3346.webp|https://masterapi.witheldokan.com/storage/seif-pharmacies/uploads/350251.webp|https://masterapi.witheldokan.com/storage/seif-pharmacies/uploads/55462.webp|https://masterapi.witheldokan.com/storage/seif-pharmacies/uploads/2965.webp|https://masterapi.witheldokan.com/storage/seif-pharmacies/uploads/2702.webp|https://masterapi.witheldokan.com/storage/seif-pharmacies/uploads/611762.webp|https://masterapi.witheldokan.com/storage/seif-pharmacies/uploads/282378.webp|https://masterapi.witheldokan.com/storage/seif-pharmacies/uploads/3345.webp|https://masterapi.witheldokan.com/storage/seif-pharmacies/uploads/61377.webp|https://masterapi.witheldokan.com/storage/seif-pharmacies/uploads/322105.webp|https://masterapi.witheldokan.com/storage/seif-pharmacies/uploads/601912.webp|https://masterapi.witheldokan.com/storage/seif-pharmacies/uploads/611761.webp|https://masterapi.witheldokan.com/storage/seif-pharmacies/uploads/553.webp|https://masterapi.witheldokan.com/storage/seif-pharmacies/uploads/189.webp|https://masterapi.witheldokan.com/storage/seif-pharmacies/uploads/61376.webp,https://seif-online.com/en/product/medicine/respiratory-system/mucolytic-muco-regulator
Anti-Tussive,,,Apply,Medicine,,Download App Now,,,https://masterapi.witheldokan.com/storage/seif-pharmacies/uploads/57613.webp|https://masterapi.witheldokan.com/storage/seif-pharmacies/uploads/608693.webp|https://masterapi.witheldokan.com/storage/seif-pharmacies/uploads/309683.webp|https://masterapi.witheldokan.com/storage/seif-pharmacies/uploads/612442.webp|https://masterapi.witheldokan.com/storage/seif-pharmacies/uploads/1211.webp|https://masterapi.witheldokan.com/storage/seif-pharmacies/uploads/459.webp|https://masterapi.witheldokan.com/storage/seif-pharmacies/uploads/404264.webp|https://masterapi.witheldokan.com/storage/seif-pharmacies/uploads/2712.webp|https://masterapi.witheldokan.com/storage/seif-pharmacies/uploads/178492.webp|https://masterapi.witheldokan.com/storage/seif-pharmacies/uploads/141357.webp|https://masterapi.witheldokan.com/storage/seif-pharmacies/uploads/67288.webp|https://masterapi.witheldokan.com/storage/seif-pharmacies/uploads/2129.webp|https://masterapi.witheldokan.com/storage/seif-pharmacies/uploads/2204.webp|https://masterapi.witheldokan.com/storage/seif-pharmacies/uploads/29276.webp|https://masterapi.witheldokan.com/storage/seif-pharmacies/uploads/109330.webp,https://seif-online.com/en/product/medicine/respiratory-system/anti-tussive
Gastro-Intestinal Tract,,,Apply,Medicine,,Download App Now,,,https://masterapi.witheldokan.com/storage/seif-pharmacies/uploads/10593.webp|https://masterapi.witheldokan.com/storage/seif-pharmacies/uploads/48796.webp|https://masterapi.witheldokan.com/storage/seif-pharmacies/uploads/397215.webp|https://masterapi.witheldokan.com/storage/seif-pharmacies/uploads/262404.webp|https://masterapi.witheldokan.com/storage/seif-pharmacies/uploads/75749.webp|https://masterapi.witheldokan.com/storage/seif-pharmacies/uploads/302248.webp|https://masterapi.witheldokan.com/storage/seif-pharmacies/uploads/207702.webp|https://masterapi.witheldokan.com/storage/seif-pharmacies/uploads/2996.webp|https://masterapi.witheldokan.com/storage/seif-pharmacies/uploads/3007.webp|https://masterapi.witheldokan.com/storage/seif-pharmacies/uploads/75233.webp|https://masterapi.witheldokan.com/storage/seif-pharmacies/uploads/29324.webp|https://masterapi.witheldokan.com/storage/seif-pharmacies/uploads/171149.webp|https://masterapi.witheldokan.com/storage/seif-pharmacies/uploads/169518.webp|https://masterapi.witheldokan.com/storage/seif-pharmacies/uploads/26563.webp|https://masterapi.witheldokan.com/storage/seif-pharmacies/uploads/230596.webp|https://masterapi.witheldokan.com/storage/seif-pharmacies/uploads/3908.webp|https://masterapi.witheldokan.com/storage/seif-pharmacies/uploads/196505.webp|https://masterapi.witheldokan.com/storage/seif-pharmacies/uploads/75401.webp|https://cdn.supercommerce.io/seif-pharmacies/uploads/384755.webp|https://masterapi.witheldokan.com/storage/seif-pharmacies/uploads/400650.webp|https://masterapi.witheldokan.com/storage/seif-pharmacies/uploads/2610.webp|https://masterapi.witheldokan.com/storage/seif-pharmacies/uploads/375244.webp|https://masterapi.witheldokan.com/storage/seif-pharmacies/uploads/849.webp|https://cdn.supercommerce.io/seif-pharmacies/uploads/618049-1769519551.webp,https://seif-online.com/en/product/medicine/gastro-intestinal-tract
Antacids,,,Apply,Medicine,,Download App Now,,,https://masterapi.witheldokan.com/storage/seif-pharmacies/uploads/171149.webp|https://masterapi.witheldokan.com/storage/seif-pharmacies/uploads/2610.webp|https://masterapi.witheldokan.com/storage/seif-pharmacies/uploads/611904.webp|https://masterapi.witheldokan.com/storage/seif-pharmacies/uploads/613497.webp|https://masterapi.witheldokan.com/storage/seif-pharmacies/uploads/47260.webp|https://masterapi.witheldokan.com/storage/seif-pharmacies/uploads/606741-1760869255.webp|https://masterapi.witheldokan.com/storage/seif-pharmacies/uploads/606742-1760869885.webp|https://masterapi.witheldokan.com/storage/seif-pharmacies/uploads/2217.webp|https://masterapi.witheldokan.com/storage/seif-pharmacies/uploads/3845.webp|https://masterapi.witheldokan.com/storage/seif-pharmacies/uploads/33.webp|https://masterapi.witheldokan.com/storage/seif-pharmacies/uploads/318075.webp|https://masterapi.witheldokan.com/storage/seif-pharmacies/uploads/611711.webp|https://masterapi.witheldokan.com/storage/seif-pharmacies/uploads/307300.webp|https://masterapi.witheldokan.com/storage/seif-pharmacies/uploads/609571.webp|https://masterapi.witheldokan.com/storage/seif-pharmacies/uploads/50649.webp|https://masterapi.witheldokan.com/storage/seif-pharmacies/uploads/75773.webp|https://masterapi.witheldokan.com/storage/seif-pharmacies/uploads/93108.webp|https://masterapi.witheldokan.com/storage/seif-pharmacies/uploads/296278.webp|https://masterapi.witheldokan.com/storage/seif-pharmacies/uploads/317061.webp|https://masterapi.witheldokan.com/storage/seif-pharmacies/uploads/383867.webp|https://masterapi.witheldokan.com/storage/seif-pharmacies/uploads/390538.webp|https://masterapi.witheldokan.com/storage/seif-pharmacies/uploads/610420.webp,https://seif-online.com/en/product/medicine/gastro-intestinal-tract/antacids
Cathartic/Laxative/Purgative,,,Apply,Medicine,,Download App Now,,,https://masterapi.witheldokan.com/storage/seif-pharmacies/uploads/366055.webp|https://masterapi.witheldokan.com/storage/seif-pharmacies/uploads/2088.webp|https://masterapi.witheldokan.com/storage/seif-pharmacies/uploads/399574.webp|https://masterapi.witheldokan.com/storage/seif-pharmacies/uploads/975.webp|https://masterapi.witheldokan.com/storage/seif-pharmacies/uploads/382473.webp|https://masterapi.witheldokan.com/storage/seif-pharmacies/uploads/30432.webp|https://masterapi.witheldokan.com/storage/seif-pharmacies/uploads/26870.webp|https://masterapi.witheldokan.com/storage/seif-pharmacies/uploads/2291.webp|https://masterapi.witheldokan.com/storage/seif-pharmacies/uploads/604237.webp|https://masterapi.witheldokan.com/storage/seif-pharmacies/uploads/382472.webp|https://masterapi.witheldokan.com/storage/seif-pharmacies/uploads/46842.webp|https://masterapi.witheldokan.com/storage/seif-pharmacies/uploads/375760.webp|https://masterapi.witheldokan.com/storage/seif-pharmacies/uploads/322302.webp|https://masterapi.witheldokan.com/storage/seif-pharmacies/uploads/431454.webp|https://masterapi.witheldokan.com/storage/seif-pharmacies/uploads/199555.webp|https://masterapi.witheldokan.com/storage/seif-pharmacies/uploads/309271.webp|https://masterapi.witheldokan.com/storage/seif-pharmacies/uploads/372804.webp|https://masterapi.witheldokan.com/storage/seif-pharmacies/uploads/2872.webp|https://masterapi.witheldokan.com/storage/seif-pharmacies/uploads/265265.webp|https://masterapi.witheldokan.com/storage/seif-pharmacies/uploads/44123.webp|https://masterapi.witheldokan.com/storage/seif-pharmacies/uploads/602257.webp|https://masterapi.witheldokan.com/storage/seif-pharmacies/uploads/606591-1760869003.webp|https://masterapi.witheldokan.com/storage/seif-pharmacies/uploads/54009.webp,https://seif-online.com/en/product/medicine/gastro-intestinal-tract/cathartic-laxative-purgative
Anti-Flatulence,,,Apply,Medicine,,Download App Now,,,https://masterapi.witheldokan.com/storage/seif-pharmacies/uploads/397215.webp|https://masterapi.witheldokan.com/storage/seif-pharmacies/uploads/26563.webp|https://masterapi.witheldokan.com/storage/seif-pharmacies/uploads/849.webp|https://masterapi.witheldokan.com/storage/seif-pharmacies/uploads/601898.webp|https://masterapi.witheldokan.com/storage/seif-pharmacies/uploads/610018.webp|https://masterapi.witheldokan.com/storage/seif-pharmacies/uploads/608210.webp|https://masterapi.witheldokan.com/storage/seif-pharmacies/uploads/613905.webp|https://masterapi.witheldokan.com/storage/seif-pharmacies/uploads/3411.webp|https://masterapi.witheldokan.com/storage/seif-pharmacies/uploads/612802.webp|https://masterapi.witheldokan.com/storage/seif-pharmacies/uploads/230839.webp|https://masterapi.witheldokan.com/storage/seif-pharmacies/uploads/612801.webp|https://masterapi.witheldokan.com/storage/seif-pharmacies/uploads/612803.webp|https://masterapi.witheldokan.com/storage/seif-pharmacies/uploads/612135.webp|https://masterapi.witheldokan.com/storage/seif-pharmacies/uploads/301659.webp|https://masterapi.witheldokan.com/storage/seif-pharmacies/uploads/613080.webp|https://cdn.supercommerce.io/seif-pharmacies/uploads/617339-1773216317.webp|https://masterapi.witheldokan.com/storage/seif-pharmacies/uploads/2731.webp|https://masterapi.witheldokan.com/storage/seif-pharmacies/uploads/602227.webp|https://masterapi.witheldokan.com/storage/seif-pharmacies/uploads/2729.webp|https://masterapi.witheldokan.com/storage/seif-pharmacies/uploads/2904.webp|https://masterapi.witheldokan.com/storage/seif-pharmacies/uploads/608661.webp|https://masterapi.witheldokan.com/storage/seif-pharmacies/uploads/2734.webp|https://masterapi.witheldokan.com/storage/seif-pharmacies/uploads/3337.webp,https://seif-online.com/en/product/medicine/gastro-intestinal-tract/anti-flatulence
Plasma Substituent/ Expander,,,Apply,Medicine,,Download App Now,,,https://masterapi.witheldokan.com/storage/seif-pharmacies/uploads/607664.webp|https://masterapi.witheldokan.com/storage/seif-pharmacies/uploads/602688.webp|https://masterapi.witheldokan.com/storage/seif-pharmacies/uploads/608200.webp|https://cdn.supercommerce.io/seif-pharmacies/uploads/616013.webp|https://masterapi.witheldokan.com/storage/seif-pharmacies/uploads/608204.webp|https://masterapi.witheldokan.com/storage/seif-pharmacies/uploads/601831.webp|https://masterapi.witheldokan.com/storage/seif-pharmacies/uploads/248934.webp|https://masterapi.witheldokan.com/storage/seif-pharmacies/uploads/399802.webp|https://masterapi.witheldokan.com/storage/seif-pharmacies/uploads/274382.webp|https://masterapi.witheldokan.com/storage/seif-pharmacies/uploads/401074.webp|https://masterapi.witheldokan.com/storage/seif-pharmacies/uploads/610552.webp|https://masterapi.witheldokan.com/storage/seif-pharmacies/uploads/610553.webp|https://masterapi.witheldokan.com/storage/seif-pharmacies/uploads/610554.webp|https://masterapi.witheldokan.com/storage/seif-pharmacies/uploads/610556.webp,https://seif-online.com/en/product/medicine/gastro-intestinal-tract/plasma-substituent-expander-gastro
Liver Disease Management,,,Apply,Medicine,,Download App Now,,,https://masterapi.witheldokan.com/storage/seif-pharmacies/uploads/169518.webp|https://masterapi.witheldokan.com/storage/seif-pharmacies/uploads/3908.webp|https://masterapi.witheldokan.com/storage/seif-pharmacies/uploads/88456.webp|https://masterapi.witheldokan.com/storage/seif-pharmacies/uploads/49355.webp|https://masterapi.witheldokan.com/storage/seif-pharmacies/uploads/259199.webp|https://masterapi.witheldokan.com/storage/seif-pharmacies/uploads/162342.webp|https://masterapi.witheldokan.com/storage/seif-pharmacies/uploads/601048.webp|https://masterapi.witheldokan.com/storage/seif-pharmacies/uploads/603502.webp|https://masterapi.witheldokan.com/storage/seif-pharmacies/uploads/610054-1760273472.webp|https://masterapi.witheldokan.com/storage/seif-pharmacies/uploads/2650.webp|https://masterapi.witheldokan.com/storage/seif-pharmacies/uploads/180493.webp|https://masterapi.witheldokan.com/storage/seif-pharmacies/uploads/51705.webp|https://masterapi.witheldokan.com/storage/seif-pharmacies/uploads/52278.webp|https://masterapi.witheldokan.com/storage/seif-pharmacies/uploads/61956.webp|https://masterapi.witheldokan.com/storage/seif-pharmacies/uploads/613276.webp|https://masterapi.witheldokan.com/storage/seif-pharmacies/uploads/42001.webp|https://masterapi.witheldokan.com/storage/seif-pharmacies/uploads/49705.webp|https://masterapi.witheldokan.com/storage/seif-pharmacies/uploads/51714.webp|https://masterapi.witheldokan.com/storage/seif-pharmacies/uploads/156367.webp|https://masterapi.witheldokan.com/storage/seif-pharmacies/uploads/612900.webp|https://masterapi.witheldokan.com/storage/seif-pharmacies/uploads/194531.webp|https://masterapi.witheldokan.com/storage/seif-pharmacies/uploads/57331.webp|https://masterapi.witheldokan.com/storage/seif-pharmacies/uploads/360293.webp,https://seif-online.com/en/product/medicine/gastro-intestinal-tract/liver-disease-management
Anti-Spasmodic,,,Apply,Medicine,,Download App Now,,,https://masterapi.witheldokan.com/storage/seif-pharmacies/uploads/262404.webp|https://masterapi.witheldokan.com/storage/seif-pharmacies/uploads/207702.webp|https://masterapi.witheldokan.com/storage/seif-pharmacies/uploads/2996.webp|https://masterapi.witheldokan.com/storage/seif-pharmacies/uploads/75233.webp|https://masterapi.witheldokan.com/storage/seif-pharmacies/uploads/339215.webp|https://masterapi.witheldokan.com/storage/seif-pharmacies/uploads/53085.webp|https://masterapi.witheldokan.com/storage/seif-pharmacies/uploads/608918-1760358097.webp|https://masterapi.witheldokan.com/storage/seif-pharmacies/uploads/262394.webp|https://masterapi.witheldokan.com/storage/seif-pharmacies/uploads/273451.webp|https://masterapi.witheldokan.com/storage/seif-pharmacies/uploads/2517.webp|https://masterapi.witheldokan.com/storage/seif-pharmacies/uploads/272836.webp|https://masterapi.witheldokan.com/storage/seif-pharmacies/uploads/207938.webp|https://masterapi.witheldokan.com/storage/seif-pharmacies/uploads/170801.webp|https://masterapi.witheldokan.com/storage/seif-pharmacies/uploads/10343.webp|https://masterapi.witheldokan.com/storage/seif-pharmacies/uploads/315526.webp|https://masterapi.witheldokan.com/storage/seif-pharmacies/uploads/262393.webp|https://masterapi.witheldokan.com/storage/seif-pharmacies/uploads/2518.webp|https://masterapi.witheldokan.com/storage/seif-pharmacies/uploads/34141.webp|https://masterapi.witheldokan.com/storage/seif-pharmacies/uploads/42049.webp|https://masterapi.witheldokan.com/storage/seif-pharmacies/uploads/389810.webp|https://masterapi.witheldokan.com/storage/seif-pharmacies/uploads/109522.webp|https://masterapi.witheldokan.com/storage/seif-pharmacies/uploads/288584.webp|https://masterapi.witheldokan.com/storage/seif-pharmacies/uploads/170805.webp,https://seif-online.com/en/product/medicine/gastro-intestinal-tract/anti-spasmodic
Ulcer Treatment,,,Apply,Medicine,,Download App Now,,,https://masterapi.witheldokan.com/storage/seif-pharmacies/uploads/10593.webp|https://masterapi.witheldokan.com/storage/seif-pharmacies/uploads/48796.webp|https://masterapi.witheldokan.com/storage/seif-pharmacies/uploads/75401.webp|https://cdn.supercommerce.io/seif-pharmacies/uploads/384755.webp|https://masterapi.witheldokan.com/storage/seif-pharmacies/uploads/400650.webp|https://cdn.supercommerce.io/seif-pharmacies/uploads/618049-1769519551.webp|https://masterapi.witheldokan.com/storage/seif-pharmacies/uploads/379466.webp|https://masterapi.witheldokan.com/storage/seif-pharmacies/uploads/2347.webp|https://masterapi.witheldokan.com/storage/seif-pharmacies/uploads/99390.webp|https://masterapi.witheldokan.com/storage/seif-pharmacies/uploads/364150.webp|https://masterapi.witheldokan.com/storage/seif-pharmacies/uploads/48797.webp|https://masterapi.witheldokan.com/storage/seif-pharmacies/uploads/613546.webp|https://masterapi.witheldokan.com/storage/seif-pharmacies/uploads/40421.webp|https://masterapi.witheldokan.com/storage/seif-pharmacies/uploads/274411.webp|https://masterapi.witheldokan.com/storage/seif-pharmacies/uploads/612880.webp|https://masterapi.witheldokan.com/storage/seif-pharmacies/uploads/105354.webp|https://masterapi.witheldokan.com/storage/seif-pharmacies/uploads/364017.webp|https://masterapi.witheldokan.com/storage/seif-pharmacies/uploads/180299.webp|https://masterapi.witheldokan.com/storage/seif-pharmacies/uploads/294757.webp|https://masterapi.witheldokan.com/storage/seif-pharmacies/uploads/379467.webp|https://masterapi.witheldokan.com/storage/seif-pharmacies/uploads/324022.webp|https://masterapi.witheldokan.com/storage/seif-pharmacies/uploads/235346.webp,https://seif-online.com/en/product/medicine/gastro-intestinal-tract/ulcer-treatment
Anti-Dysenteric/Amoebic/Paras,,,Apply,Medicine,,Download App Now,,,https://masterapi.witheldokan.com/storage/seif-pharmacies/uploads/3007.webp|https://masterapi.witheldokan.com/storage/seif-pharmacies/uploads/253828.webp|https://masterapi.witheldokan.com/storage/seif-pharmacies/uploads/3008.webp|https://masterapi.witheldokan.com/storage/seif-pharmacies/uploads/209293.webp|https://masterapi.witheldokan.com/storage/seif-pharmacies/uploads/208883.webp|https://masterapi.witheldokan.com/storage/seif-pharmacies/uploads/2445.webp|https://masterapi.witheldokan.com/storage/seif-pharmacies/uploads/139077.webp|https://masterapi.witheldokan.com/storage/seif-pharmacies/uploads/160273.webp|https://masterapi.witheldokan.com/storage/seif-pharmacies/uploads/131926.webp|https://masterapi.witheldokan.com/storage/seif-pharmacies/uploads/32785.webp|https://masterapi.witheldokan.com/storage/seif-pharmacies/uploads/284623.webp|https://masterapi.witheldokan.com/storage/seif-pharmacies/uploads/2381.webp|https://masterapi.witheldokan.com/storage/seif-pharmacies/uploads/614828.webp|https://masterapi.witheldokan.com/storage/seif-pharmacies/uploads/2444.webp|https://masterapi.witheldokan.com/storage/seif-pharmacies/uploads/105334.webp|https://masterapi.witheldokan.com/storage/seif-pharmacies/uploads/51697.webp|https://masterapi.witheldokan.com/storage/seif-pharmacies/uploads/612476.webp|https://masterapi.witheldokan.com/storage/seif-pharmacies/uploads/121638.webp|https://masterapi.witheldokan.com/storage/seif-pharmacies/uploads/2174.webp|https://masterapi.witheldokan.com/storage/seif-pharmacies/uploads/245570.webp|https://masterapi.witheldokan.com/storage/seif-pharmacies/uploads/37931.webp|https://masterapi.witheldokan.com/storage/seif-pharmacies/uploads/113080.webp|https://masterapi.witheldokan.com/storage/seif-pharmacies/uploads/397024.webp|https://masterapi.witheldokan.com/storage/seif-pharmacies/uploads/608092-1760359149.webp,https://seif-online.com/en/product/medicine/gastro-intestinal-tract/anti-dysenteric-amoebic-paras
Anti-Diarrhoeal,,,Apply,Medicine,,Download App Now,,,https://masterapi.witheldokan.com/storage/seif-pharmacies/uploads/196505.webp|https://masterapi.witheldokan.com/storage/seif-pharmacies/uploads/2966.webp|https://masterapi.witheldokan.com/storage/seif-pharmacies/uploads/2975.webp|https://masterapi.witheldokan.com/storage/seif-pharmacies/uploads/608952.webp|https://masterapi.witheldokan.com/storage/seif-pharmacies/uploads/14035.webp|https://masterapi.witheldokan.com/storage/seif-pharmacies/uploads/609948.webp|https://masterapi.witheldokan.com/storage/seif-pharmacies/uploads/152613.webp|https://masterapi.witheldokan.com/storage/seif-pharmacies/uploads/609947-1760274589.webp|https://masterapi.witheldokan.com/storage/seif-pharmacies/uploads/395942.webp|https://masterapi.witheldokan.com/storage/seif-pharmacies/uploads/53148.webp|https://cdn.supercommerce.io/seif-pharmacies/uploads/617951-1769509768.webp|https://masterapi.witheldokan.com/storage/seif-pharmacies/uploads/608909.webp|https://masterapi.witheldokan.com/storage/seif-pharmacies/uploads/602110.webp|https://masterapi.witheldokan.com/storage/seif-pharmacies/uploads/362103.webp|https://cdn.supercommerce.io/seif-pharmacies/uploads/617993-1769498341.webp|https://masterapi.witheldokan.com/storage/seif-pharmacies/uploads/608681.webp|https://masterapi.witheldokan.com/storage/seif-pharmacies/uploads/615029.webp|https://masterapi.witheldokan.com/storage/seif-pharmacies/uploads/66409.webp,https://seif-online.com/en/product/medicine/gastro-intestinal-tract/anti-diarrhoeal
Anti-Emetic,,,Apply,Medicine,,Download App Now,,,https://masterapi.witheldokan.com/storage/seif-pharmacies/uploads/75749.webp|https://masterapi.witheldokan.com/storage/seif-pharmacies/uploads/230596.webp|https://masterapi.witheldokan.com/storage/seif-pharmacies/uploads/375244.webp|https://masterapi.witheldokan.com/storage/seif-pharmacies/uploads/382179.webp|https://masterapi.witheldokan.com/storage/seif-pharmacies/uploads/172093.webp|https://masterapi.witheldokan.com/storage/seif-pharmacies/uploads/161892.webp|https://masterapi.witheldokan.com/storage/seif-pharmacies/uploads/323277.webp|https://masterapi.witheldokan.com/storage/seif-pharmacies/uploads/160004.webp|https://masterapi.witheldokan.com/storage/seif-pharmacies/uploads/178196.webp|https://masterapi.witheldokan.com/storage/seif-pharmacies/uploads/30262.webp|https://masterapi.witheldokan.com/storage/seif-pharmacies/uploads/2359.webp|https://masterapi.witheldokan.com/storage/seif-pharmacies/uploads/286404.webp|https://masterapi.witheldokan.com/storage/seif-pharmacies/uploads/322650.webp|https://masterapi.witheldokan.com/storage/seif-pharmacies/uploads/148889.webp|https://masterapi.witheldokan.com/storage/seif-pharmacies/uploads/323159.webp|https://masterapi.witheldokan.com/storage/seif-pharmacies/uploads/277688.webp|https://masterapi.witheldokan.com/storage/seif-pharmacies/uploads/286410.webp|https://masterapi.witheldokan.com/storage/seif-pharmacies/uploads/606621-1760868935.webp|https://masterapi.witheldokan.com/storage/seif-pharmacies/uploads/55456.webp|https://masterapi.witheldokan.com/storage/seif-pharmacies/uploads/265240.webp|https://masterapi.witheldokan.com/storage/seif-pharmacies/uploads/390874.webp|https://masterapi.witheldokan.com/storage/seif-pharmacies/uploads/88496.webp|https://masterapi.witheldokan.com/storage/seif-pharmacies/uploads/609832.webp|https://masterapi.witheldokan.com/storage/seif-pharmacies/uploads/206350.webp,https://seif-online.com/en/product/medicine/gastro-intestinal-tract/anti-emetic
Digestive,,,Apply,Medicine,,Download App Now,,,https://masterapi.witheldokan.com/storage/seif-pharmacies/uploads/302248.webp|https://masterapi.witheldokan.com/storage/seif-pharmacies/uploads/29324.webp|https://masterapi.witheldokan.com/storage/seif-pharmacies/uploads/2655.webp|https://cdn.supercommerce.io/seif-pharmacies/uploads/616687-1773233270.webp|https://masterapi.witheldokan.com/storage/seif-pharmacies/uploads/613152.webp|https://masterapi.witheldokan.com/storage/seif-pharmacies/uploads/614720.webp|https://masterapi.witheldokan.com/storage/seif-pharmacies/uploads/617114-1759839860.jpg|https://cdn.supercommerce.io/seif-pharmacies/uploads/616688-1773233347.webp|https://cdn.supercommerce.io/seif-pharmacies/uploads/618362-1772346214.webp|https://masterapi.witheldokan.com/storage/seif-pharmacies/uploads/612397.webp|https://masterapi.witheldokan.com/storage/seif-pharmacies/uploads/399728.webp|https://masterapi.witheldokan.com/storage/seif-pharmacies/uploads/266244.webp|https://masterapi.witheldokan.com/storage/seif-pharmacies/uploads/617338-1762262512.webp|https://masterapi.witheldokan.com/storage/seif-pharmacies/uploads/613583.webp|https://masterapi.witheldokan.com/storage/seif-pharmacies/uploads/612279.webp|https://masterapi.witheldokan.com/storage/seif-pharmacies/uploads/606373.webp|https://masterapi.witheldokan.com/storage/seif-pharmacies/uploads/613758.webp|https://masterapi.witheldokan.com/storage/seif-pharmacies/uploads/397437.webp|https://masterapi.witheldokan.com/storage/seif-pharmacies/uploads/612954.webp|https://masterapi.witheldokan.com/storage/seif-pharmacies/uploads/180554.webp|https://masterapi.witheldokan.com/storage/seif-pharmacies/uploads/609881.webp|https://masterapi.witheldokan.com/storage/seif-pharmacies/uploads/612014.webp,https://seif-online.com/en/product/medicine/gastro-intestinal-tract/digestive
Lipids Regulation.,,,Apply,Medicine,,Download App Now,,,https://masterapi.witheldokan.com/storage/seif-pharmacies/uploads/179790.webp|https://masterapi.witheldokan.com/storage/seif-pharmacies/uploads/132132.webp|https://masterapi.witheldokan.com/storage/seif-pharmacies/uploads/179789.webp,https://seif-online.com/en/product/medicine/gastro-intestinal-tract/lipids-regulation-gastro
Gynaecology&Urinary Tract Dis,,,Apply,Medicine,,Download App Now,,,https://masterapi.witheldokan.com/storage/seif-pharmacies/uploads/65002.webp|https://masterapi.witheldokan.com/storage/seif-pharmacies/uploads/83610.webp|https://masterapi.witheldokan.com/storage/seif-pharmacies/uploads/376123.webp|https://masterapi.witheldokan.com/storage/seif-pharmacies/uploads/1347.webp|https://masterapi.witheldokan.com/storage/seif-pharmacies/uploads/253749.webp|https://masterapi.witheldokan.com/storage/seif-pharmacies/uploads/389380.webp|https://masterapi.witheldokan.com/storage/seif-pharmacies/uploads/216050.webp|https://masterapi.witheldokan.com/storage/seif-pharmacies/uploads/284935.webp|https://masterapi.witheldokan.com/storage/seif-pharmacies/uploads/368187.webp|https://masterapi.witheldokan.com/storage/seif-pharmacies/uploads/380406.webp|https://masterapi.witheldokan.com/storage/seif-pharmacies/uploads/132407.webp|https://masterapi.witheldokan.com/storage/seif-pharmacies/uploads/362147.webp|https://masterapi.witheldokan.com/storage/seif-pharmacies/uploads/137701.webp|https://masterapi.witheldokan.com/storage/seif-pharmacies/uploads/847.webp|https://masterapi.witheldokan.com/storage/seif-pharmacies/uploads/41702.webp|https://masterapi.witheldokan.com/storage/seif-pharmacies/uploads/215112.webp|https://masterapi.witheldokan.com/storage/seif-pharmacies/uploads/29471.webp|https://masterapi.witheldokan.com/storage/seif-pharmacies/uploads/2884.webp|https://masterapi.witheldokan.com/storage/seif-pharmacies/uploads/148508.webp|https://masterapi.witheldokan.com/storage/seif-pharmacies/uploads/307022.webp|https://masterapi.witheldokan.com/storage/seif-pharmacies/uploads/2677.webp|https://masterapi.witheldokan.com/storage/seif-pharmacies/uploads/221452.webp|https://masterapi.witheldokan.com/storage/seif-pharmacies/uploads/233287.webp,https://seif-online.com/en/product/medicine/gynaecologyurinary-tract-dis
Prostatic Hyperplasia,,,Apply,Medicine,,Download App Now,,,https://masterapi.witheldokan.com/storage/seif-pharmacies/uploads/65002.webp|https://masterapi.witheldokan.com/storage/seif-pharmacies/uploads/83610.webp|https://masterapi.witheldokan.com/storage/seif-pharmacies/uploads/376123.webp|https://masterapi.witheldokan.com/storage/seif-pharmacies/uploads/1347.webp|https://masterapi.witheldokan.com/storage/seif-pharmacies/uploads/389380.webp|https://masterapi.witheldokan.com/storage/seif-pharmacies/uploads/216050.webp|https://masterapi.witheldokan.com/storage/seif-pharmacies/uploads/368187.webp|https://masterapi.witheldokan.com/storage/seif-pharmacies/uploads/132407.webp|https://masterapi.witheldokan.com/storage/seif-pharmacies/uploads/362147.webp|https://masterapi.witheldokan.com/storage/seif-pharmacies/uploads/2884.webp|https://masterapi.witheldokan.com/storage/seif-pharmacies/uploads/148508.webp|https://masterapi.witheldokan.com/storage/seif-pharmacies/uploads/307022.webp|https://masterapi.witheldokan.com/storage/seif-pharmacies/uploads/2677.webp|https://masterapi.witheldokan.com/storage/seif-pharmacies/uploads/233287.webp|https://masterapi.witheldokan.com/storage/seif-pharmacies/uploads/1346.webp|https://masterapi.witheldokan.com/storage/seif-pharmacies/uploads/1967.webp|https://masterapi.witheldokan.com/storage/seif-pharmacies/uploads/42492.webp|https://masterapi.witheldokan.com/storage/seif-pharmacies/uploads/62522.webp|https://masterapi.witheldokan.com/storage/seif-pharmacies/uploads/196578.webp|https://masterapi.witheldokan.com/storage/seif-pharmacies/uploads/611725.webp|https://masterapi.witheldokan.com/storage/seif-pharmacies/uploads/612941.webp|https://masterapi.witheldokan.com/storage/seif-pharmacies/uploads/379156.webp|https://masterapi.witheldokan.com/storage/seif-pharmacies/uploads/171151.webp,https://seif-online.com/en/product/medicine/gynaecologyurinary-tract-dis/prostatic-hyperplasia
Menopausal&Gyn. Disorders,,,Apply,Medicine,,Download App Now,,,https://masterapi.witheldokan.com/storage/seif-pharmacies/uploads/608502.webp|https://masterapi.witheldokan.com/storage/seif-pharmacies/uploads/45215.webp|https://masterapi.witheldokan.com/storage/seif-pharmacies/uploads/614430-1759929684.webp|https://masterapi.witheldokan.com/storage/seif-pharmacies/uploads/57252.webp|https://masterapi.witheldokan.com/storage/seif-pharmacies/uploads/400192.webp,https://seif-online.com/en/product/medicine/gynaecologyurinary-tract-dis/menopausalgyn-disorders
Urinary Tract Antiseptic,,,Apply,Medicine,,Download App Now,,,https://masterapi.witheldokan.com/storage/seif-pharmacies/uploads/253749.webp|https://masterapi.witheldokan.com/storage/seif-pharmacies/uploads/137701.webp|https://masterapi.witheldokan.com/storage/seif-pharmacies/uploads/847.webp|https://masterapi.witheldokan.com/storage/seif-pharmacies/uploads/41702.webp|https://masterapi.witheldokan.com/storage/seif-pharmacies/uploads/29471.webp|https://masterapi.witheldokan.com/storage/seif-pharmacies/uploads/16456.webp|https://masterapi.witheldokan.com/storage/seif-pharmacies/uploads/67344.webp|https://masterapi.witheldokan.com/storage/seif-pharmacies/uploads/52437.webp|https://masterapi.witheldokan.com/storage/seif-pharmacies/uploads/2612.webp|https://masterapi.witheldokan.com/storage/seif-pharmacies/uploads/71951.webp|https://masterapi.witheldokan.com/storage/seif-pharmacies/uploads/136262.webp|https://masterapi.witheldokan.com/storage/seif-pharmacies/uploads/610484.webp|https://masterapi.witheldokan.com/storage/seif-pharmacies/uploads/604913.webp|https://masterapi.witheldokan.com/storage/seif-pharmacies/uploads/1127.webp|https://masterapi.witheldokan.com/storage/seif-pharmacies/uploads/613865.webp|https://masterapi.witheldokan.com/storage/seif-pharmacies/uploads/2623.webp|https://cdn.supercommerce.io/seif-pharmacies/uploads/618041-1769496908.webp|https://masterapi.witheldokan.com/storage/seif-pharmacies/uploads/312.webp|https://masterapi.witheldokan.com/storage/seif-pharmacies/uploads/3389.webp,https://seif-online.com/en/product/medicine/gynaecologyurinary-tract-dis/urinary-tract-antiseptic
Nocturnal Enuresis,,,Apply,Medicine,,Download App Now,,,https://masterapi.witheldokan.com/storage/seif-pharmacies/uploads/284935.webp|https://masterapi.witheldokan.com/storage/seif-pharmacies/uploads/380406.webp|https://masterapi.witheldokan.com/storage/seif-pharmacies/uploads/215112.webp|https://masterapi.witheldokan.com/storage/seif-pharmacies/uploads/221452.webp|https://masterapi.witheldokan.com/storage/seif-pharmacies/uploads/383112.webp|https://masterapi.witheldokan.com/storage/seif-pharmacies/uploads/604326.webp|https://masterapi.witheldokan.com/storage/seif-pharmacies/uploads/323758.webp|https://masterapi.witheldokan.com/storage/seif-pharmacies/uploads/266099.webp|https://masterapi.witheldokan.com/storage/seif-pharmacies/uploads/274037.webp|https://masterapi.witheldokan.com/storage/seif-pharmacies/uploads/183546.webp|https://masterapi.witheldokan.com/storage/seif-pharmacies/uploads/383111.webp|https://masterapi.witheldokan.com/storage/seif-pharmacies/uploads/274038.webp|https://masterapi.witheldokan.com/storage/seif-pharmacies/uploads/378683.webp|https://masterapi.witheldokan.com/storage/seif-pharmacies/uploads/178227.webp|https://masterapi.witheldokan.com/storage/seif-pharmacies/uploads/603831.webp|https://masterapi.witheldokan.com/storage/seif-pharmacies/uploads/612974.webp|https://masterapi.witheldokan.com/storage/seif-pharmacies/uploads/341300.webp|https://masterapi.witheldokan.com/storage/seif-pharmacies/uploads/34681.webp|https://masterapi.witheldokan.com/storage/seif-pharmacies/uploads/375190.webp,https://seif-online.com/en/product/medicine/gynaecologyurinary-tract-dis/nocturnal-enuresis
Infertility Treatment,,,Apply,Medicine,,Download App Now,,,https://cdn.supercommerce.io/seif-pharmacies/uploads/615559-1770716542.webp|https://masterapi.witheldokan.com/storage/seif-pharmacies/uploads/606528.webp|https://masterapi.witheldokan.com/storage/seif-pharmacies/uploads/612012.webp|https://cdn.supercommerce.io/seif-pharmacies/uploads/614757-1769430160.webp,https://seif-online.com/en/product/medicine/gynaecologyurinary-tract-dis/infertility-treatment-gynaecologyurinary-tract-dis-4
Immunological System,,,Apply,Medicine,,Download App Now,,,https://masterapi.witheldokan.com/storage/seif-pharmacies/uploads/45547.webp|https://masterapi.witheldokan.com/storage/seif-pharmacies/uploads/93963.webp|https://masterapi.witheldokan.com/storage/seif-pharmacies/uploads/43502.webp|https://masterapi.witheldokan.com/storage/seif-pharmacies/uploads/1576.webp|https://masterapi.witheldokan.com/storage/seif-pharmacies/uploads/56507.webp|https://masterapi.witheldokan.com/storage/seif-pharmacies/uploads/390493.webp|https://cdn.supercommerce.io/seif-pharmacies/uploads/614734-1769431434.webp|https://masterapi.witheldokan.com/storage/seif-pharmacies/uploads/1630.webp|https://masterapi.witheldokan.com/storage/seif-pharmacies/uploads/1683.webp|https://masterapi.witheldokan.com/storage/seif-pharmacies/uploads/4001.webp|https://masterapi.witheldokan.com/storage/seif-pharmacies/uploads/10221.webp|https://masterapi.witheldokan.com/storage/seif-pharmacies/uploads/33508.webp|https://masterapi.witheldokan.com/storage/seif-pharmacies/uploads/111988.webp|https://masterapi.witheldokan.com/storage/seif-pharmacies/uploads/138225.webp|https://masterapi.witheldokan.com/storage/seif-pharmacies/uploads/167912.webp|https://masterapi.witheldokan.com/storage/seif-pharmacies/uploads/180789.webp|https://masterapi.witheldokan.com/storage/seif-pharmacies/uploads/182738.webp|https://masterapi.witheldokan.com/storage/seif-pharmacies/uploads/234541.webp|https://masterapi.witheldokan.com/storage/seif-pharmacies/uploads/264242.webp,https://seif-online.com/en/product/medicine/immunological-system
Interferons,,,Apply,Medicine,,Download App Now,,,https://masterapi.witheldokan.com/storage/seif-pharmacies/uploads/45547.webp|https://masterapi.witheldokan.com/storage/seif-pharmacies/uploads/56507.webp|https://masterapi.witheldokan.com/storage/seif-pharmacies/uploads/180789.webp,https://seif-online.com/en/product/medicine/immunological-system/interferons
Immuno-Suppresives,,,Apply,Medicine,,Download App Now,,,https://masterapi.witheldokan.com/storage/seif-pharmacies/uploads/93963.webp|https://masterapi.witheldokan.com/storage/seif-pharmacies/uploads/43502.webp|https://masterapi.witheldokan.com/storage/seif-pharmacies/uploads/1576.webp|https://masterapi.witheldokan.com/storage/seif-pharmacies/uploads/390493.webp|https://cdn.supercommerce.io/seif-pharmacies/uploads/614734-1769431434.webp|https://masterapi.witheldokan.com/storage/seif-pharmacies/uploads/1630.webp|https://masterapi.witheldokan.com/storage/seif-pharmacies/uploads/1683.webp|https://masterapi.witheldokan.com/storage/seif-pharmacies/uploads/4001.webp|https://masterapi.witheldokan.com/storage/seif-pharmacies/uploads/10221.webp|https://masterapi.witheldokan.com/storage/seif-pharmacies/uploads/33508.webp|https://masterapi.witheldokan.com/storage/seif-pharmacies/uploads/111988.webp|https://masterapi.witheldokan.com/storage/seif-pharmacies/uploads/138225.webp|https://masterapi.witheldokan.com/storage/seif-pharmacies/uploads/167912.webp|https://masterapi.witheldokan.com/storage/seif-pharmacies/uploads/182738.webp|https://masterapi.witheldokan.com/storage/seif-pharmacies/uploads/234541.webp|https://masterapi.witheldokan.com/storage/seif-pharmacies/uploads/264242.webp|https://masterapi.witheldokan.com/storage/seif-pharmacies/uploads/298495.webp|https://masterapi.witheldokan.com/storage/seif-pharmacies/uploads/321743.webp|https://masterapi.witheldokan.com/storage/seif-pharmacies/uploads/322103.webp,https://seif-online.com/en/product/medicine/immunological-system/immuno-suppresives
Cardio-Vascular System,,,Apply,Medicine,,Download App Now,,,https://masterapi.witheldokan.com/storage/seif-pharmacies/uploads/601827.webp|https://masterapi.witheldokan.com/storage/seif-pharmacies/uploads/253569.webp|https://masterapi.witheldokan.com/storage/seif-pharmacies/uploads/2331.webp|https://masterapi.witheldokan.com/storage/seif-pharmacies/uploads/404343.webp|https://masterapi.witheldokan.com/storage/seif-pharmacies/uploads/186939.webp|https://masterapi.witheldokan.com/storage/seif-pharmacies/uploads/148001.webp|https://masterapi.witheldokan.com/storage/seif-pharmacies/uploads/189209.webp|https://masterapi.witheldokan.com/storage/seif-pharmacies/uploads/290181.webp|https://masterapi.witheldokan.com/storage/seif-pharmacies/uploads/45751.webp|https://masterapi.witheldokan.com/storage/seif-pharmacies/uploads/609961 (1)-1760274502.webp|https://masterapi.witheldokan.com/storage/seif-pharmacies/uploads/87629.webp|https://masterapi.witheldokan.com/storage/seif-pharmacies/uploads/183.webp|https://masterapi.witheldokan.com/storage/seif-pharmacies/uploads/218323.webp|https://masterapi.witheldokan.com/storage/seif-pharmacies/uploads/337001.webp|https://masterapi.witheldokan.com/storage/seif-pharmacies/uploads/87630.webp|https://masterapi.witheldokan.com/storage/seif-pharmacies/uploads/276824.webp|https://masterapi.witheldokan.com/storage/seif-pharmacies/uploads/60090.webp|https://masterapi.witheldokan.com/storage/seif-pharmacies/uploads/77680.webp|https://masterapi.witheldokan.com/storage/seif-pharmacies/uploads/29648.webp|https://masterapi.witheldokan.com/storage/seif-pharmacies/uploads/159695.webp|https://masterapi.witheldokan.com/storage/seif-pharmacies/uploads/277600.webp,https://seif-online.com/en/product/medicine/cardio-vascular-system
Vascularitics,,,Apply,Medicine,,Download App Now,,,https://masterapi.witheldokan.com/storage/seif-pharmacies/uploads/253569.webp|https://masterapi.witheldokan.com/storage/seif-pharmacies/uploads/404343.webp|https://masterapi.witheldokan.com/storage/seif-pharmacies/uploads/148001.webp|https://masterapi.witheldokan.com/storage/seif-pharmacies/uploads/77680.webp|https://masterapi.witheldokan.com/storage/seif-pharmacies/uploads/277600.webp|https://masterapi.witheldokan.com/storage/seif-pharmacies/uploads/185537.webp|https://masterapi.witheldokan.com/storage/seif-pharmacies/uploads/1050.webp|https://masterapi.witheldokan.com/storage/seif-pharmacies/uploads/180701.webp|https://masterapi.witheldokan.com/storage/seif-pharmacies/uploads/616445.webp|https://masterapi.witheldokan.com/storage/seif-pharmacies/uploads/262596.webp|https://masterapi.witheldokan.com/storage/seif-pharmacies/uploads/390907.webp|https://masterapi.witheldokan.com/storage/seif-pharmacies/uploads/269850.webp|https://masterapi.witheldokan.com/storage/seif-pharmacies/uploads/2296.webp|https://masterapi.witheldokan.com/storage/seif-pharmacies/uploads/51312.webp|https://masterapi.witheldokan.com/storage/seif-pharmacies/uploads/607987-1760362380.webp|https://masterapi.witheldokan.com/storage/seif-pharmacies/uploads/184609.webp|https://cdn.supercommerce.io/seif-pharmacies/uploads/615639.webp|https://masterapi.witheldokan.com/storage/seif-pharmacies/uploads/57696.webp,https://seif-online.com/en/product/medicine/cardio-vascular-system/vascularitics
Anti-Coagulants,,,Apply,Medicine,,Download App Now,,,https://masterapi.witheldokan.com/storage/seif-pharmacies/uploads/601827.webp|https://masterapi.witheldokan.com/storage/seif-pharmacies/uploads/186939.webp|https://masterapi.witheldokan.com/storage/seif-pharmacies/uploads/183.webp|https://masterapi.witheldokan.com/storage/seif-pharmacies/uploads/59574.webp|https://masterapi.witheldokan.com/storage/seif-pharmacies/uploads/2992.webp|https://masterapi.witheldokan.com/storage/seif-pharmacies/uploads/318081.webp|https://masterapi.witheldokan.com/storage/seif-pharmacies/uploads/318082.webp|https://masterapi.witheldokan.com/storage/seif-pharmacies/uploads/376696.webp|https://masterapi.witheldokan.com/storage/seif-pharmacies/uploads/10613.webp|https://masterapi.witheldokan.com/storage/seif-pharmacies/uploads/105891.webp|https://masterapi.witheldokan.com/storage/seif-pharmacies/uploads/317390.webp|https://masterapi.witheldokan.com/storage/seif-pharmacies/uploads/136449.webp|https://masterapi.witheldokan.com/storage/seif-pharmacies/uploads/25512.webp|https://masterapi.witheldokan.com/storage/seif-pharmacies/uploads/64746.webp|https://masterapi.witheldokan.com/storage/seif-pharmacies/uploads/93509.webp|https://masterapi.witheldokan.com/storage/seif-pharmacies/uploads/289179.webp|https://masterapi.witheldokan.com/storage/seif-pharmacies/uploads/608694.webp|https://masterapi.witheldokan.com/storage/seif-pharmacies/uploads/168634.webp|https://masterapi.witheldokan.com/storage/seif-pharmacies/uploads/321503.webp|https://masterapi.witheldokan.com/storage/seif-pharmacies/uploads/71954.webp|https://masterapi.witheldokan.com/storage/seif-pharmacies/uploads/295679.webp|https://masterapi.witheldokan.com/storage/seif-pharmacies/uploads/371048.webp,https://seif-online.com/en/product/medicine/cardio-vascular-system/anti-coagulants
Circulatory Disturbance Agent,,,Apply,Medicine,,Download App Now,,,https://masterapi.witheldokan.com/storage/seif-pharmacies/uploads/365626.webp|https://masterapi.witheldokan.com/storage/seif-pharmacies/uploads/2185.webp|https://masterapi.witheldokan.com/storage/seif-pharmacies/uploads/305122.webp|https://masterapi.witheldokan.com/storage/seif-pharmacies/uploads/264839.webp|https://masterapi.witheldokan.com/storage/seif-pharmacies/uploads/80590.webp|https://masterapi.witheldokan.com/storage/seif-pharmacies/uploads/313238.webp|https://masterapi.witheldokan.com/storage/seif-pharmacies/uploads/265644.webp|https://masterapi.witheldokan.com/storage/seif-pharmacies/uploads/305306.webp|https://masterapi.witheldokan.com/storage/seif-pharmacies/uploads/613903.webp|https://masterapi.witheldokan.com/storage/seif-pharmacies/uploads/305165.webp|https://masterapi.witheldokan.com/storage/seif-pharmacies/uploads/3162.webp|https://masterapi.witheldokan.com/storage/seif-pharmacies/uploads/3483.webp|https://masterapi.witheldokan.com/storage/seif-pharmacies/uploads/144083.webp|https://masterapi.witheldokan.com/storage/seif-pharmacies/uploads/208820.webp|https://masterapi.witheldokan.com/storage/seif-pharmacies/uploads/612793.webp|https://masterapi.witheldokan.com/storage/seif-pharmacies/uploads/198572.webp,https://seif-online.com/en/product/medicine/cardio-vascular-system/circulatory-disturbance-agent
Haemostatics/Coagulants,,,Apply,Medicine,,Download App Now,,,https://masterapi.witheldokan.com/storage/seif-pharmacies/uploads/48595.webp|https://masterapi.witheldokan.com/storage/seif-pharmacies/uploads/616578-1762845977.webp|https://masterapi.witheldokan.com/storage/seif-pharmacies/uploads/2770.webp|https://masterapi.witheldokan.com/storage/seif-pharmacies/uploads/48596.webp|https://masterapi.witheldokan.com/storage/seif-pharmacies/uploads/766.webp|https://masterapi.witheldokan.com/storage/seif-pharmacies/uploads/70659.webp|https://masterapi.witheldokan.com/storage/seif-pharmacies/uploads/38285.webp|https://masterapi.witheldokan.com/storage/seif-pharmacies/uploads/312407.webp|https://masterapi.witheldokan.com/storage/seif-pharmacies/uploads/24620.webp|https://masterapi.witheldokan.com/storage/seif-pharmacies/uploads/48548.webp|https://masterapi.witheldokan.com/storage/seif-pharmacies/uploads/614827.webp|https://cdn.supercommerce.io/seif-pharmacies/uploads/617992-1769499274.webp|https://masterapi.witheldokan.com/storage/seif-pharmacies/uploads/1949.webp|https://masterapi.witheldokan.com/storage/seif-pharmacies/uploads/29058.webp|https://masterapi.witheldokan.com/storage/seif-pharmacies/uploads/55856.webp|https://masterapi.witheldokan.com/storage/seif-pharmacies/uploads/57697.webp|https://masterapi.witheldokan.com/storage/seif-pharmacies/uploads/71934.webp|https://masterapi.witheldokan.com/storage/seif-pharmacies/uploads/204220.webp|https://masterapi.witheldokan.com/storage/seif-pharmacies/uploads/288755.webp,https://seif-online.com/en/product/medicine/cardio-vascular-system/haemostatics-coagulants
Congestive Heart Failure,,,Apply,Medicine,,Download App Now,,,https://masterapi.witheldokan.com/storage/seif-pharmacies/uploads/347065.webp|https://masterapi.witheldokan.com/storage/seif-pharmacies/uploads/347066.webp|https://masterapi.witheldokan.com/storage/seif-pharmacies/uploads/355015.webp|https://masterapi.witheldokan.com/storage/seif-pharmacies/uploads/309965-1761226409.webp|https://masterapi.witheldokan.com/storage/seif-pharmacies/uploads/17064.webp,https://seif-online.com/en/product/medicine/cardio-vascular-system/congestive-heart-failure
Anti-Hypotension,,,Apply,Medicine,,Download App Now,,,https://masterapi.witheldokan.com/storage/seif-pharmacies/uploads/3981.webp|https://masterapi.witheldokan.com/storage/seif-pharmacies/uploads/2370.webp|https://masterapi.witheldokan.com/storage/seif-pharmacies/uploads/35845.webp|https://masterapi.witheldokan.com/storage/seif-pharmacies/uploads/35825.webp,https://seif-online.com/en/product/medicine/cardio-vascular-system/anti-hypotension
Anti-Hypertensives,,,Apply,Medicine,,Download App Now,,,https://masterapi.witheldokan.com/storage/seif-pharmacies/uploads/2331.webp|https://masterapi.witheldokan.com/storage/seif-pharmacies/uploads/290181.webp|https://masterapi.witheldokan.com/storage/seif-pharmacies/uploads/218323.webp|https://masterapi.witheldokan.com/storage/seif-pharmacies/uploads/60090.webp|https://masterapi.witheldokan.com/storage/seif-pharmacies/uploads/29648.webp|https://masterapi.witheldokan.com/storage/seif-pharmacies/uploads/159695.webp|https://masterapi.witheldokan.com/storage/seif-pharmacies/uploads/35853.webp|https://masterapi.witheldokan.com/storage/seif-pharmacies/uploads/252724.webp|https://masterapi.witheldokan.com/storage/seif-pharmacies/uploads/29647.webp|https://masterapi.witheldokan.com/storage/seif-pharmacies/uploads/208821.webp|https://masterapi.witheldokan.com/storage/seif-pharmacies/uploads/208858.webp|https://masterapi.witheldokan.com/storage/seif-pharmacies/uploads/159696.webp|https://masterapi.witheldokan.com/storage/seif-pharmacies/uploads/81982.webp|https://masterapi.witheldokan.com/storage/seif-pharmacies/uploads/60868.webp|https://masterapi.witheldokan.com/storage/seif-pharmacies/uploads/49226.webp|https://masterapi.witheldokan.com/storage/seif-pharmacies/uploads/139585.webp|https://masterapi.witheldokan.com/storage/seif-pharmacies/uploads/154976.webp|https://masterapi.witheldokan.com/storage/seif-pharmacies/uploads/699.webp|https://masterapi.witheldokan.com/storage/seif-pharmacies/uploads/134496.webp|https://masterapi.witheldokan.com/storage/seif-pharmacies/uploads/80057.webp|https://masterapi.witheldokan.com/storage/seif-pharmacies/uploads/326141.webp|https://masterapi.witheldokan.com/storage/seif-pharmacies/uploads/143036.webp,https://seif-online.com/en/product/medicine/cardio-vascular-system/anti-hypertensives
Lipids Regulation,,,Apply,Medicine,,Download App Now,,,https://masterapi.witheldokan.com/storage/seif-pharmacies/uploads/189209.webp|https://masterapi.witheldokan.com/storage/seif-pharmacies/uploads/45751.webp|https://masterapi.witheldokan.com/storage/seif-pharmacies/uploads/609961 (1)-1760274502.webp|https://masterapi.witheldokan.com/storage/seif-pharmacies/uploads/87629.webp|https://masterapi.witheldokan.com/storage/seif-pharmacies/uploads/337001.webp|https://masterapi.witheldokan.com/storage/seif-pharmacies/uploads/87630.webp|https://masterapi.witheldokan.com/storage/seif-pharmacies/uploads/276824.webp|https://masterapi.witheldokan.com/storage/seif-pharmacies/uploads/604631.webp|https://masterapi.witheldokan.com/storage/seif-pharmacies/uploads/264674.webp|https://masterapi.witheldokan.com/storage/seif-pharmacies/uploads/346668.webp|https://masterapi.witheldokan.com/storage/seif-pharmacies/uploads/302520.webp|https://masterapi.witheldokan.com/storage/seif-pharmacies/uploads/343629.webp|https://masterapi.witheldokan.com/storage/seif-pharmacies/uploads/604630.webp|https://masterapi.witheldokan.com/storage/seif-pharmacies/uploads/124803.webp|https://masterapi.witheldokan.com/storage/seif-pharmacies/uploads/311870.webp|https://masterapi.witheldokan.com/storage/seif-pharmacies/uploads/358065.webp|https://masterapi.witheldokan.com/storage/seif-pharmacies/uploads/366447.webp|https://masterapi.witheldokan.com/storage/seif-pharmacies/uploads/609767-1760275271.webp|https://masterapi.witheldokan.com/storage/seif-pharmacies/uploads/389953.webp|https://masterapi.witheldokan.com/storage/seif-pharmacies/uploads/403448.webp,https://seif-online.com/en/product/medicine/cardio-vascular-system/lipids-regulation
Anti-Arrhythmics,,,Apply,Medicine,,Download App Now,,,https://masterapi.witheldokan.com/storage/seif-pharmacies/uploads/43880.webp|https://masterapi.witheldokan.com/storage/seif-pharmacies/uploads/276559.webp|https://masterapi.witheldokan.com/storage/seif-pharmacies/uploads/3075.webp,https://seif-online.com/en/product/medicine/cardio-vascular-system/anti-arrhythmics
Angina Treatment,,,Apply,Medicine,,Download App Now,,,https://masterapi.witheldokan.com/storage/seif-pharmacies/uploads/134498.webp|https://masterapi.witheldokan.com/storage/seif-pharmacies/uploads/2664.webp|https://masterapi.witheldokan.com/storage/seif-pharmacies/uploads/10334.webp|https://masterapi.witheldokan.com/storage/seif-pharmacies/uploads/267146.webp|https://masterapi.witheldokan.com/storage/seif-pharmacies/uploads/134497.webp|https://masterapi.witheldokan.com/storage/seif-pharmacies/uploads/383865.webp|https://masterapi.witheldokan.com/storage/seif-pharmacies/uploads/382527.webp|https://masterapi.witheldokan.com/storage/seif-pharmacies/uploads/308736.webp|https://masterapi.witheldokan.com/storage/seif-pharmacies/uploads/178376.webp|https://masterapi.witheldokan.com/storage/seif-pharmacies/uploads/2686.webp|https://masterapi.witheldokan.com/storage/seif-pharmacies/uploads/284104.webp|https://masterapi.witheldokan.com/storage/seif-pharmacies/uploads/181401.webp|https://masterapi.witheldokan.com/storage/seif-pharmacies/uploads/2687.webp|https://masterapi.witheldokan.com/storage/seif-pharmacies/uploads/383898.webp|https://masterapi.witheldokan.com/storage/seif-pharmacies/uploads/314496.webp|https://masterapi.witheldokan.com/storage/seif-pharmacies/uploads/284098.webp|https://masterapi.witheldokan.com/storage/seif-pharmacies/uploads/605588.webp|https://masterapi.witheldokan.com/storage/seif-pharmacies/uploads/601962.webp|https://masterapi.witheldokan.com/storage/seif-pharmacies/uploads/2665.webp|https://masterapi.witheldokan.com/storage/seif-pharmacies/uploads/601964.webp,https://seif-online.com/en/product/medicine/cardio-vascular-system/angina-treatment
Cancer Therapy,,,Apply,Medicine,,Download App Now,,,https://masterapi.witheldokan.com/storage/seif-pharmacies/uploads/2478.webp|https://masterapi.witheldokan.com/storage/seif-pharmacies/uploads/17474.webp|https://masterapi.witheldokan.com/storage/seif-pharmacies/uploads/208231.webp|https://masterapi.witheldokan.com/storage/seif-pharmacies/uploads/53437.webp|https://masterapi.witheldokan.com/storage/seif-pharmacies/uploads/55793.webp|https://masterapi.witheldokan.com/storage/seif-pharmacies/uploads/299357.webp|https://masterapi.witheldokan.com/storage/seif-pharmacies/uploads/53168.webp|https://masterapi.witheldokan.com/storage/seif-pharmacies/uploads/299355.webp|https://masterapi.witheldokan.com/storage/seif-pharmacies/uploads/367659.webp|https://masterapi.witheldokan.com/storage/seif-pharmacies/uploads/197572.webp|https://masterapi.witheldokan.com/storage/seif-pharmacies/uploads/357930.webp,https://seif-online.com/en/product/medicine/cancer-therapy
Alkylating Agent,,,Apply,Medicine,,Download App Now,,,https://masterapi.witheldokan.com/storage/seif-pharmacies/uploads/1714.webp|https://masterapi.witheldokan.com/storage/seif-pharmacies/uploads/48885.webp|https://masterapi.witheldokan.com/storage/seif-pharmacies/uploads/51168.webp|https://masterapi.witheldokan.com/storage/seif-pharmacies/uploads/220251.webp|https://masterapi.witheldokan.com/storage/seif-pharmacies/uploads/322222.webp|https://masterapi.witheldokan.com/storage/seif-pharmacies/uploads/381432.webp,https://seif-online.com/en/product/medicine/cancer-therapy/alkylating-agent
Monoclonal Antibodies,,,Apply,Medicine,,Download App Now,,,https://masterapi.witheldokan.com/storage/seif-pharmacies/uploads/357930.webp|https://masterapi.witheldokan.com/storage/seif-pharmacies/uploads/289294.webp|https://masterapi.witheldokan.com/storage/seif-pharmacies/uploads/358272.webp,https://seif-online.com/en/product/medicine/cancer-therapy/monoclonal-antibodies
Cytostatic Anti-Androgen,,,Apply,Medicine,,Download App Now,,,https://masterapi.witheldokan.com/storage/seif-pharmacies/uploads/53437.webp|https://masterapi.witheldokan.com/storage/seif-pharmacies/uploads/349404.webp|https://masterapi.witheldokan.com/storage/seif-pharmacies/uploads/300239.webp,https://seif-online.com/en/product/medicine/cancer-therapy/cytostatic-anti-androgen
Cytostatic ElGonadtropin Analogu,,,Apply,Medicine,,Download App Now,,,https://masterapi.witheldokan.com/storage/seif-pharmacies/uploads/208231.webp|https://masterapi.witheldokan.com/storage/seif-pharmacies/uploads/75670.webp,https://seif-online.com/en/product/medicine/cancer-therapy/cytostatic-elgonadtropin-analogu
Enzyme Inhibitor,,,Apply,Medicine,,Download App Now,,,https://masterapi.witheldokan.com/storage/seif-pharmacies/uploads/17474.webp|https://masterapi.witheldokan.com/storage/seif-pharmacies/uploads/55793.webp|https://masterapi.witheldokan.com/storage/seif-pharmacies/uploads/299357.webp|https://masterapi.witheldokan.com/storage/seif-pharmacies/uploads/53168.webp|https://masterapi.witheldokan.com/storage/seif-pharmacies/uploads/299355.webp|https://masterapi.witheldokan.com/storage/seif-pharmacies/uploads/197572.webp|https://masterapi.witheldokan.com/storage/seif-pharmacies/uploads/149008.webp|https://masterapi.witheldokan.com/storage/seif-pharmacies/uploads/376479.webp|https://masterapi.witheldokan.com/storage/seif-pharmacies/uploads/46136.webp|https://masterapi.witheldokan.com/storage/seif-pharmacies/uploads/84450.webp,https://seif-online.com/en/product/medicine/cancer-therapy/enzyme-inhibitor
Cytostatic Anti-Oestrogen,,,Apply,Medicine,,Download App Now,,,https://masterapi.witheldokan.com/storage/seif-pharmacies/uploads/2478.webp|https://masterapi.witheldokan.com/storage/seif-pharmacies/uploads/49937.webp,https://seif-online.com/en/product/medicine/cancer-therapy/cytostatic-anti-oestrogen
Anti-Metabolites,,,Apply,Medicine,,Download App Now,,,https://cdn.supercommerce.io/seif-pharmacies/uploads/231278-1769521234.webp|https://masterapi.witheldokan.com/storage/seif-pharmacies/uploads/32118.webp,https://seif-online.com/en/product/medicine/cancer-therapy/anti-metabolites
Neutropenia,,,Apply,Medicine,,Download App Now,,,https://masterapi.witheldokan.com/storage/seif-pharmacies/uploads/1790.webp,https://seif-online.com/en/product/medicine/cancer-therapy/neutropenia
Immunomodulator,,,Apply,Medicine,,Download App Now,,,https://masterapi.witheldokan.com/storage/seif-pharmacies/uploads/367659.webp|https://masterapi.witheldokan.com/storage/seif-pharmacies/uploads/365893.webp,https://seif-online.com/en/product/medicine/cancer-therapy/immunomodulator-system
Nutrients&Blood Electrolytes,,,Apply,Medicine,,Download App Now,,,https://masterapi.witheldokan.com/storage/seif-pharmacies/uploads/607540-1760869503.webp|https://masterapi.witheldokan.com/storage/seif-pharmacies/uploads/322442.webp|https://masterapi.witheldokan.com/storage/seif-pharmacies/uploads/607541-1760869476.webp|https://cdn.supercommerce.io/seif-pharmacies/uploads/615313-1773215346.webp|https://masterapi.witheldokan.com/storage/seif-pharmacies/uploads/78783.webp|https://masterapi.witheldokan.com/storage/seif-pharmacies/uploads/322446.webp,https://seif-online.com/en/product/medicine/nutrientsblood-electrolytes
Plasma Substituent/Expander,,,Apply,Medicine,,Download App Now,,,https://masterapi.witheldokan.com/storage/seif-pharmacies/uploads/607540-1760869503.webp|https://masterapi.witheldokan.com/storage/seif-pharmacies/uploads/322442.webp|https://masterapi.witheldokan.com/storage/seif-pharmacies/uploads/607541-1760869476.webp|https://cdn.supercommerce.io/seif-pharmacies/uploads/615313-1773215346.webp|https://masterapi.witheldokan.com/storage/seif-pharmacies/uploads/78783.webp|https://masterapi.witheldokan.com/storage/seif-pharmacies/uploads/322446.webp,https://seif-online.com/en/product/medicine/nutrientsblood-electrolytes/plasma-substituent-expander
Endocrine System,,,Apply,Medicine,,Download App Now,,,https://masterapi.witheldokan.com/storage/seif-pharmacies/uploads/87122.webp|https://masterapi.witheldokan.com/storage/seif-pharmacies/uploads/293898.webp|https://masterapi.witheldokan.com/storage/seif-pharmacies/uploads/396069.webp|https://masterapi.witheldokan.com/storage/seif-pharmacies/uploads/39321.webp|https://masterapi.witheldokan.com/storage/seif-pharmacies/uploads/322008.webp|https://masterapi.witheldokan.com/storage/seif-pharmacies/uploads/324468.webp|https://masterapi.witheldokan.com/storage/seif-pharmacies/uploads/1446.webp|https://masterapi.witheldokan.com/storage/seif-pharmacies/uploads/48904.webp|https://masterapi.witheldokan.com/storage/seif-pharmacies/uploads/295595.webp|https://masterapi.witheldokan.com/storage/seif-pharmacies/uploads/127899.webp|https://masterapi.witheldokan.com/storage/seif-pharmacies/uploads/182805.webp|https://masterapi.witheldokan.com/storage/seif-pharmacies/uploads/385702.webp|https://masterapi.witheldokan.com/storage/seif-pharmacies/uploads/2377.webp|https://masterapi.witheldokan.com/storage/seif-pharmacies/uploads/431005.webp|https://masterapi.witheldokan.com/storage/seif-pharmacies/uploads/2346.webp|https://masterapi.witheldokan.com/storage/seif-pharmacies/uploads/1842.webp|https://masterapi.witheldokan.com/storage/seif-pharmacies/uploads/383854.webp|https://masterapi.witheldokan.com/storage/seif-pharmacies/uploads/614427-1759928718.webp|https://masterapi.witheldokan.com/storage/seif-pharmacies/uploads/389819.webp|https://masterapi.witheldokan.com/storage/seif-pharmacies/uploads/396947.webp,https://seif-online.com/en/product/medicine/endocrine-system
Anti-Hyper Thyroidism,,,Apply,Medicine,,Download App Now,,,https://masterapi.witheldokan.com/storage/seif-pharmacies/uploads/320.webp|https://masterapi.witheldokan.com/storage/seif-pharmacies/uploads/45895.webp|https://masterapi.witheldokan.com/storage/seif-pharmacies/uploads/602033.webp,https://seif-online.com/en/product/medicine/endocrine-system/anti-hyper-thyroidism
Hypo-Glycaemics / Antidiabetic,,,Apply,Medicine,,Download App Now,,,https://masterapi.witheldokan.com/storage/seif-pharmacies/uploads/87122.webp|https://masterapi.witheldokan.com/storage/seif-pharmacies/uploads/293898.webp|https://masterapi.witheldokan.com/storage/seif-pharmacies/uploads/39321.webp|https://masterapi.witheldokan.com/storage/seif-pharmacies/uploads/324468.webp|https://masterapi.witheldokan.com/storage/seif-pharmacies/uploads/295595.webp|https://masterapi.witheldokan.com/storage/seif-pharmacies/uploads/182805.webp|https://masterapi.witheldokan.com/storage/seif-pharmacies/uploads/389819.webp|https://masterapi.witheldokan.com/storage/seif-pharmacies/uploads/396947.webp|https://masterapi.witheldokan.com/storage/seif-pharmacies/uploads/382889.webp|https://masterapi.witheldokan.com/storage/seif-pharmacies/uploads/259945.webp|https://masterapi.witheldokan.com/storage/seif-pharmacies/uploads/259044.webp|https://masterapi.witheldokan.com/storage/seif-pharmacies/uploads/397239.webp|https://masterapi.witheldokan.com/storage/seif-pharmacies/uploads/193656.webp|https://cdn.supercommerce.io/seif-pharmacies/uploads/369783.webp|https://masterapi.witheldokan.com/storage/seif-pharmacies/uploads/58536.webp|https://masterapi.witheldokan.com/storage/seif-pharmacies/uploads/313807.webp|https://masterapi.witheldokan.com/storage/seif-pharmacies/uploads/169.webp|https://cdn.supercommerce.io/seif-pharmacies/uploads/617967-1769418124.webp|https://masterapi.witheldokan.com/storage/seif-pharmacies/uploads/358529.webp|https://masterapi.witheldokan.com/storage/seif-pharmacies/uploads/389470.webp|https://masterapi.witheldokan.com/storage/seif-pharmacies/uploads/604765.webp|https://masterapi.witheldokan.com/storage/seif-pharmacies/uploads/605641.webp|https://masterapi.witheldokan.com/storage/seif-pharmacies/uploads/612053.webp|https://masterapi.witheldokan.com/storage/seif-pharmacies/uploads/390925.webp,https://seif-online.com/en/product/medicine/endocrine-system/hypo-glycaemics-antidiabetic
Gluco-Corticoid,,,Apply,Medicine,,Download App Now,,,https://masterapi.witheldokan.com/storage/seif-pharmacies/uploads/396069.webp|https://masterapi.witheldokan.com/storage/seif-pharmacies/uploads/2377.webp|https://masterapi.witheldokan.com/storage/seif-pharmacies/uploads/431005.webp|https://masterapi.witheldokan.com/storage/seif-pharmacies/uploads/2346.webp|https://masterapi.witheldokan.com/storage/seif-pharmacies/uploads/602082.webp|https://masterapi.witheldokan.com/storage/seif-pharmacies/uploads/76184.webp|https://masterapi.witheldokan.com/storage/seif-pharmacies/uploads/181440.webp|https://masterapi.witheldokan.com/storage/seif-pharmacies/uploads/76183.webp|https://masterapi.witheldokan.com/storage/seif-pharmacies/uploads/179700.webp|https://masterapi.witheldokan.com/storage/seif-pharmacies/uploads/383368.webp|https://masterapi.witheldokan.com/storage/seif-pharmacies/uploads/393826.webp|https://masterapi.witheldokan.com/storage/seif-pharmacies/uploads/369982.webp|https://masterapi.witheldokan.com/storage/seif-pharmacies/uploads/601194.webp|https://masterapi.witheldokan.com/storage/seif-pharmacies/uploads/336415.webp|https://masterapi.witheldokan.com/storage/seif-pharmacies/uploads/188572.webp|https://masterapi.witheldokan.com/storage/seif-pharmacies/uploads/336729.webp|https://masterapi.witheldokan.com/storage/seif-pharmacies/uploads/604192.webp|https://masterapi.witheldokan.com/storage/seif-pharmacies/uploads/1511.webp|https://masterapi.witheldokan.com/storage/seif-pharmacies/uploads/76358.webp|https://masterapi.witheldokan.com/storage/seif-pharmacies/uploads/606078.webp|https://cdn.supercommerce.io/seif-pharmacies/uploads/9544.webp|https://masterapi.witheldokan.com/storage/seif-pharmacies/uploads/80519.webp|https://masterapi.witheldokan.com/storage/seif-pharmacies/uploads/308862.webp|https://masterapi.witheldokan.com/storage/seif-pharmacies/uploads/401675.webp,https://seif-online.com/en/product/medicine/endocrine-system/gluco-corticoid
Anti-Hypo Thyroidism,,,Apply,Medicine,,Download App Now,,,https://masterapi.witheldokan.com/storage/seif-pharmacies/uploads/2005.webp|https://masterapi.witheldokan.com/storage/seif-pharmacies/uploads/2007.webp|https://masterapi.witheldokan.com/storage/seif-pharmacies/uploads/99512.webp|https://masterapi.witheldokan.com/storage/seif-pharmacies/uploads/99513.webp|https://masterapi.witheldokan.com/storage/seif-pharmacies/uploads/317471.webp|https://masterapi.witheldokan.com/storage/seif-pharmacies/uploads/385776.webp|https://masterapi.witheldokan.com/storage/seif-pharmacies/uploads/385784.webp|https://masterapi.witheldokan.com/storage/seif-pharmacies/uploads/389306.webp|https://masterapi.witheldokan.com/storage/seif-pharmacies/uploads/609519.webp|https://masterapi.witheldokan.com/storage/seif-pharmacies/uploads/609520.webp|https://masterapi.witheldokan.com/storage/seif-pharmacies/uploads/609521.webp|https://masterapi.witheldokan.com/storage/seif-pharmacies/uploads/609576.webp,https://seif-online.com/en/product/medicine/endocrine-system/anti-hypo-thyroidism
Anti-Galactorrhoea,,,Apply,Medicine,,Download App Now,,,https://masterapi.witheldokan.com/storage/seif-pharmacies/uploads/33117.webp|https://masterapi.witheldokan.com/storage/seif-pharmacies/uploads/2306.webp|https://masterapi.witheldokan.com/storage/seif-pharmacies/uploads/285075.webp|https://masterapi.witheldokan.com/storage/seif-pharmacies/uploads/382674.webp|https://masterapi.witheldokan.com/storage/seif-pharmacies/uploads/276933.webp|https://masterapi.witheldokan.com/storage/seif-pharmacies/uploads/400613-1760963580.webp|https://masterapi.witheldokan.com/storage/seif-pharmacies/uploads/610237-1760272705.webp,https://seif-online.com/en/product/medicine/endocrine-system/anti-galactorrhoea
Osteoporosis/ Arthritis Manag,,,Apply,Medicine,,Download App Now,,,https://masterapi.witheldokan.com/storage/seif-pharmacies/uploads/241579.webp|https://masterapi.witheldokan.com/storage/seif-pharmacies/uploads/69382.webp|https://masterapi.witheldokan.com/storage/seif-pharmacies/uploads/605367.webp|https://masterapi.witheldokan.com/storage/seif-pharmacies/uploads/1477.webp|https://masterapi.witheldokan.com/storage/seif-pharmacies/uploads/177399.webp|https://masterapi.witheldokan.com/storage/seif-pharmacies/uploads/88703.webp|https://masterapi.witheldokan.com/storage/seif-pharmacies/uploads/376514.webp|https://masterapi.witheldokan.com/storage/seif-pharmacies/uploads/48283.webp|https://masterapi.witheldokan.com/storage/seif-pharmacies/uploads/50722.webp|https://masterapi.witheldokan.com/storage/seif-pharmacies/uploads/118366.webp,https://seif-online.com/en/product/medicine/endocrine-system/osteoporosis-arthritis-manag-endocrine
Female Sex Hormones,,,Apply,Medicine,,Download App Now,,,https://masterapi.witheldokan.com/storage/seif-pharmacies/uploads/58751.webp|https://masterapi.witheldokan.com/storage/seif-pharmacies/uploads/179019.webp|https://masterapi.witheldokan.com/storage/seif-pharmacies/uploads/293153.webp|https://masterapi.witheldokan.com/storage/seif-pharmacies/uploads/609336.webp|https://masterapi.witheldokan.com/storage/seif-pharmacies/uploads/78134.webp|https://masterapi.witheldokan.com/storage/seif-pharmacies/uploads/1971.webp|https://masterapi.witheldokan.com/storage/seif-pharmacies/uploads/614481-1759929642.webp|https://cdn.supercommerce.io/seif-pharmacies/uploads/617973-1769414114.webp|https://masterapi.witheldokan.com/storage/seif-pharmacies/uploads/614482-1759929017.webp|https://masterapi.witheldokan.com/storage/seif-pharmacies/uploads/400298.webp|https://masterapi.witheldokan.com/storage/seif-pharmacies/uploads/614480-1759929062.webp|https://masterapi.witheldokan.com/storage/seif-pharmacies/uploads/125980.webp|https://masterapi.witheldokan.com/storage/seif-pharmacies/uploads/613883.webp|https://masterapi.witheldokan.com/storage/seif-pharmacies/uploads/337185.webp|https://masterapi.witheldokan.com/storage/seif-pharmacies/uploads/131087.webp|https://masterapi.witheldokan.com/storage/seif-pharmacies/uploads/288621.webp|https://masterapi.witheldokan.com/storage/seif-pharmacies/uploads/1160.webp|https://masterapi.witheldokan.com/storage/seif-pharmacies/uploads/82457.webp|https://masterapi.witheldokan.com/storage/seif-pharmacies/uploads/167742.webp|https://masterapi.witheldokan.com/storage/seif-pharmacies/uploads/278745.webp|https://masterapi.witheldokan.com/storage/seif-pharmacies/uploads/383617.webp|https://masterapi.witheldokan.com/storage/seif-pharmacies/uploads/393862.webp|https://masterapi.witheldokan.com/storage/seif-pharmacies/uploads/395971.webp,https://seif-online.com/en/product/medicine/endocrine-system/female-sex-hormones
Male Sex Horm / Androgens,,,Apply,Medicine,,Download App Now,,,https://masterapi.witheldokan.com/storage/seif-pharmacies/uploads/265.webp|https://masterapi.witheldokan.com/storage/seif-pharmacies/uploads/251069.webp|https://masterapi.witheldokan.com/storage/seif-pharmacies/uploads/301975.webp,https://seif-online.com/en/product/medicine/endocrine-system/male-sex-horm-androgens
Insulins,,,Apply,Medicine,,Download App Now,,,https://masterapi.witheldokan.com/storage/seif-pharmacies/uploads/322008.webp|https://masterapi.witheldokan.com/storage/seif-pharmacies/uploads/48904.webp|https://masterapi.witheldokan.com/storage/seif-pharmacies/uploads/1842.webp|https://masterapi.witheldokan.com/storage/seif-pharmacies/uploads/383854.webp|https://masterapi.witheldokan.com/storage/seif-pharmacies/uploads/1792.webp|https://masterapi.witheldokan.com/storage/seif-pharmacies/uploads/1844.webp|https://masterapi.witheldokan.com/storage/seif-pharmacies/uploads/357514.webp|https://masterapi.witheldokan.com/storage/seif-pharmacies/uploads/65422.webp|https://masterapi.witheldokan.com/storage/seif-pharmacies/uploads/1795.webp|https://masterapi.witheldokan.com/storage/seif-pharmacies/uploads/58847.webp|https://masterapi.witheldokan.com/storage/seif-pharmacies/uploads/150725.webp|https://masterapi.witheldokan.com/storage/seif-pharmacies/uploads/390496.webp|https://masterapi.witheldokan.com/storage/seif-pharmacies/uploads/48886.webp|https://masterapi.witheldokan.com/storage/seif-pharmacies/uploads/390497.webp|https://masterapi.witheldokan.com/storage/seif-pharmacies/uploads/1843.webp|https://masterapi.witheldokan.com/storage/seif-pharmacies/uploads/313293.webp|https://masterapi.witheldokan.com/storage/seif-pharmacies/uploads/215460.webp|https://masterapi.witheldokan.com/storage/seif-pharmacies/uploads/1736.webp|https://masterapi.witheldokan.com/storage/seif-pharmacies/uploads/35214.webp|https://masterapi.witheldokan.com/storage/seif-pharmacies/uploads/313292.webp|https://masterapi.witheldokan.com/storage/seif-pharmacies/uploads/42293.webp|https://masterapi.witheldokan.com/storage/seif-pharmacies/uploads/192262.webp|https://masterapi.witheldokan.com/storage/seif-pharmacies/uploads/35215.webp,https://seif-online.com/en/product/medicine/endocrine-system/insulins
Infertility Treatment.,,,Apply,Medicine,,Download App Now,,,https://masterapi.witheldokan.com/storage/seif-pharmacies/uploads/159844.webp|https://masterapi.witheldokan.com/storage/seif-pharmacies/uploads/606446.webp|https://masterapi.witheldokan.com/storage/seif-pharmacies/uploads/161498.webp|https://masterapi.witheldokan.com/storage/seif-pharmacies/uploads/609743.webp|https://masterapi.witheldokan.com/storage/seif-pharmacies/uploads/359335.webp|https://masterapi.witheldokan.com/storage/seif-pharmacies/uploads/607925.webp|https://masterapi.witheldokan.com/storage/seif-pharmacies/uploads/395935.webp|https://masterapi.witheldokan.com/storage/seif-pharmacies/uploads/88817.webp|https://masterapi.witheldokan.com/storage/seif-pharmacies/uploads/384734.webp|https://masterapi.witheldokan.com/storage/seif-pharmacies/uploads/311494.webp|https://masterapi.witheldokan.com/storage/seif-pharmacies/uploads/18711.webp|https://masterapi.witheldokan.com/storage/seif-pharmacies/uploads/68126.webp|https://masterapi.witheldokan.com/storage/seif-pharmacies/uploads/175030.webp|https://masterapi.witheldokan.com/storage/seif-pharmacies/uploads/277929.webp,https://seif-online.com/en/product/medicine/endocrine-system/infertility-treatment
Growth Hormone,,,Apply,Medicine,,Download App Now,,,https://masterapi.witheldokan.com/storage/seif-pharmacies/uploads/606633.webp|https://masterapi.witheldokan.com/storage/seif-pharmacies/uploads/606870.webp|https://cdn.supercommerce.io/seif-pharmacies/uploads/614782-1769435101.webp|https://masterapi.witheldokan.com/storage/seif-pharmacies/uploads/614785.webp|https://masterapi.witheldokan.com/storage/seif-pharmacies/uploads/80667.webp|https://masterapi.witheldokan.com/storage/seif-pharmacies/uploads/356128.webp|https://masterapi.witheldokan.com/storage/seif-pharmacies/uploads/607941-1760362454.webp|https://masterapi.witheldokan.com/storage/seif-pharmacies/uploads/607942-1760362547.webp,https://seif-online.com/en/product/medicine/endocrine-system/growth-hormone
Make Up,,,Apply,Medicine,,Download App Now,,,https://masterapi.witheldokan.com/storage/seif-pharmacies/uploads/614742.webp|https://masterapi.witheldokan.com/storage/seif-pharmacies/uploads/601043.webp|https://masterapi.witheldokan.com/storage/seif-pharmacies/uploads/601041.webp|https://masterapi.witheldokan.com/storage/seif-pharmacies/uploads/601042.webp|https://masterapi.witheldokan.com/storage/seif-pharmacies/uploads/601040.webp|https://masterapi.witheldokan.com/storage/seif-pharmacies/uploads/613302.webp|https://masterapi.witheldokan.com/storage/seif-pharmacies/uploads/610488.webp|https://masterapi.witheldokan.com/storage/seif-pharmacies/uploads/610485.webp|https://masterapi.witheldokan.com/storage/seif-pharmacies/uploads/610414.webp|https://masterapi.witheldokan.com/storage/seif-pharmacies/uploads/613129.webp|https://masterapi.witheldokan.com/storage/seif-pharmacies/uploads/610487.webp|https://masterapi.witheldokan.com/storage/seif-pharmacies/uploads/383673.webp|https://masterapi.witheldokan.com/storage/seif-pharmacies/uploads/610415.webp|https://masterapi.witheldokan.com/storage/seif-pharmacies/uploads/586178.webp|https://masterapi.witheldokan.com/storage/seif-pharmacies/uploads/613131.webp|https://masterapi.witheldokan.com/storage/seif-pharmacies/uploads/589223.webp|https://masterapi.witheldokan.com/storage/seif-pharmacies/uploads/601008.webp|https://masterapi.witheldokan.com/storage/seif-pharmacies/uploads/601025.webp|https://cdn.supercommerce.io/seif-pharmacies/uploads/618233-1769412353.webp|https://masterapi.witheldokan.com/storage/seif-pharmacies/uploads/601007.webp|https://masterapi.witheldokan.com/storage/seif-pharmacies/uploads/586187.webp|https://masterapi.witheldokan.com/storage/seif-pharmacies/uploads/601032.webp|https://masterapi.witheldokan.com/storage/seif-pharmacies/uploads/609397.webp|https://masterapi.witheldokan.com/storage/seif-pharmacies/uploads/613137.webp,https://seif-online.com/en/product/cosmetics/make-up
Face,,,Apply,Medicine,,Download App Now,,,https://masterapi.witheldokan.com/storage/seif-pharmacies/uploads/610414.webp|https://masterapi.witheldokan.com/storage/seif-pharmacies/uploads/613129.webp|https://masterapi.witheldokan.com/storage/seif-pharmacies/uploads/610415.webp|https://masterapi.witheldokan.com/storage/seif-pharmacies/uploads/613137.webp|https://masterapi.witheldokan.com/storage/seif-pharmacies/uploads/613128.webp|https://masterapi.witheldokan.com/storage/seif-pharmacies/uploads/613136.webp|https://masterapi.witheldokan.com/storage/seif-pharmacies/uploads/610416.webp|https://masterapi.witheldokan.com/storage/seif-pharmacies/uploads/616628-1756039110.webp|https://masterapi.witheldokan.com/storage/seif-pharmacies/uploads/616630-1756039066.webp|https://masterapi.witheldokan.com/storage/seif-pharmacies/uploads/380742.webp|https://masterapi.witheldokan.com/storage/seif-pharmacies/uploads/380750.webp|https://masterapi.witheldokan.com/storage/seif-pharmacies/uploads/380741.webp|https://masterapi.witheldokan.com/storage/seif-pharmacies/uploads/380769.webp|https://masterapi.witheldokan.com/storage/seif-pharmacies/uploads/380756.webp|https://masterapi.witheldokan.com/storage/seif-pharmacies/uploads/613900.webp|https://masterapi.witheldokan.com/storage/seif-pharmacies/uploads/380738.webp|https://masterapi.witheldokan.com/storage/seif-pharmacies/uploads/380753.webp|https://masterapi.witheldokan.com/storage/seif-pharmacies/uploads/390392.webp|https://masterapi.witheldokan.com/storage/seif-pharmacies/uploads/390372.webp,https://seif-online.com/en/product/cosmetics/make-up/face
Nail,,,Apply,Medicine,,Download App Now,,,https://masterapi.witheldokan.com/storage/seif-pharmacies/uploads/614742.webp|https://masterapi.witheldokan.com/storage/seif-pharmacies/uploads/601043.webp|https://masterapi.witheldokan.com/storage/seif-pharmacies/uploads/601041.webp|https://masterapi.witheldokan.com/storage/seif-pharmacies/uploads/601042.webp|https://masterapi.witheldokan.com/storage/seif-pharmacies/uploads/601040.webp|https://masterapi.witheldokan.com/storage/seif-pharmacies/uploads/610488.webp|https://masterapi.witheldokan.com/storage/seif-pharmacies/uploads/610485.webp|https://masterapi.witheldokan.com/storage/seif-pharmacies/uploads/610487.webp|https://masterapi.witheldokan.com/storage/seif-pharmacies/uploads/383673.webp|https://masterapi.witheldokan.com/storage/seif-pharmacies/uploads/586178.webp|https://masterapi.witheldokan.com/storage/seif-pharmacies/uploads/589223.webp|https://masterapi.witheldokan.com/storage/seif-pharmacies/uploads/601008.webp|https://masterapi.witheldokan.com/storage/seif-pharmacies/uploads/601025.webp|https://masterapi.witheldokan.com/storage/seif-pharmacies/uploads/601007.webp|https://masterapi.witheldokan.com/storage/seif-pharmacies/uploads/586187.webp|https://masterapi.witheldokan.com/storage/seif-pharmacies/uploads/601032.webp|https://masterapi.witheldokan.com/storage/seif-pharmacies/uploads/589221.webp|https://masterapi.witheldokan.com/storage/seif-pharmacies/uploads/600911.webp|https://masterapi.witheldokan.com/storage/seif-pharmacies/uploads/586186.webp|https://masterapi.witheldokan.com/storage/seif-pharmacies/uploads/586204.webp|https://masterapi.witheldokan.com/storage/seif-pharmacies/uploads/601010.webp|https://masterapi.witheldokan.com/storage/seif-pharmacies/uploads/601024.webp|https://masterapi.witheldokan.com/storage/seif-pharmacies/uploads/586200.webp|https://masterapi.witheldokan.com/storage/seif-pharmacies/uploads/601027.webp,https://seif-online.com/en/product/cosmetics/make-up/nail
Eye,,,Apply,Medicine,,Download App Now,,,https://masterapi.witheldokan.com/storage/seif-pharmacies/uploads/613302.webp|https://masterapi.witheldokan.com/storage/seif-pharmacies/uploads/613131.webp|https://cdn.supercommerce.io/seif-pharmacies/uploads/618233-1769412353.webp|https://masterapi.witheldokan.com/storage/seif-pharmacies/uploads/609397.webp|https://masterapi.witheldokan.com/storage/seif-pharmacies/uploads/613130.webp|https://masterapi.witheldokan.com/storage/seif-pharmacies/uploads/380787.webp|https://masterapi.witheldokan.com/storage/seif-pharmacies/uploads/354295.webp|https://masterapi.witheldokan.com/storage/seif-pharmacies/uploads/354293.webp|https://masterapi.witheldokan.com/storage/seif-pharmacies/uploads/354298.webp|https://masterapi.witheldokan.com/storage/seif-pharmacies/uploads/380788.webp|https://masterapi.witheldokan.com/storage/seif-pharmacies/uploads/380780.webp|https://masterapi.witheldokan.com/storage/seif-pharmacies/uploads/380793.webp|https://masterapi.witheldokan.com/storage/seif-pharmacies/uploads/380776.webp|https://masterapi.witheldokan.com/storage/seif-pharmacies/uploads/390327.webp|https://masterapi.witheldokan.com/storage/seif-pharmacies/uploads/354301.webp|https://masterapi.witheldokan.com/storage/seif-pharmacies/uploads/354297.webp|https://masterapi.witheldokan.com/storage/seif-pharmacies/uploads/380801.webp|https://masterapi.witheldokan.com/storage/seif-pharmacies/uploads/380802.webp|https://masterapi.witheldokan.com/storage/seif-pharmacies/uploads/616230-1759399921.webp|https://masterapi.witheldokan.com/storage/seif-pharmacies/uploads/616601-1762328342.webp|https://masterapi.witheldokan.com/storage/seif-pharmacies/uploads/380773-1761054157.webp|https://masterapi.witheldokan.com/storage/seif-pharmacies/uploads/390321.webp|https://masterapi.witheldokan.com/storage/seif-pharmacies/uploads/390326.webp,https://seif-online.com/en/product/cosmetics/make-up/eye-makeup
Lip,,,Apply,Medicine,,Download App Now,,,https://masterapi.witheldokan.com/storage/seif-pharmacies/uploads/606209-1760875816.webp|https://masterapi.witheldokan.com/storage/seif-pharmacies/uploads/616232-1759399792.webp|https://masterapi.witheldokan.com/storage/seif-pharmacies/uploads/616234-1759399886.webp|https://masterapi.witheldokan.com/storage/seif-pharmacies/uploads/616235-1759394975.webp|https://masterapi.witheldokan.com/storage/seif-pharmacies/uploads/342830.webp|https://masterapi.witheldokan.com/storage/seif-pharmacies/uploads/399921.webp|https://masterapi.witheldokan.com/storage/seif-pharmacies/uploads/608651.webp|https://masterapi.witheldokan.com/storage/seif-pharmacies/uploads/604143-1760878140.webp|https://masterapi.witheldokan.com/storage/seif-pharmacies/uploads/393823.webp|https://masterapi.witheldokan.com/storage/seif-pharmacies/uploads/380805.webp|https://masterapi.witheldokan.com/storage/seif-pharmacies/uploads/608652.webp|https://masterapi.witheldokan.com/storage/seif-pharmacies/uploads/606211-1760876532.webp|https://masterapi.witheldokan.com/storage/seif-pharmacies/uploads/606212-1760876423.webp|https://masterapi.witheldokan.com/storage/seif-pharmacies/uploads/380827.webp|https://masterapi.witheldokan.com/storage/seif-pharmacies/uploads/390295.webp|https://masterapi.witheldokan.com/storage/seif-pharmacies/uploads/380815.webp|https://masterapi.witheldokan.com/storage/seif-pharmacies/uploads/382413.webp|https://masterapi.witheldokan.com/storage/seif-pharmacies/uploads/380807.webp|https://masterapi.witheldokan.com/storage/seif-pharmacies/uploads/380808.webp|https://masterapi.witheldokan.com/storage/seif-pharmacies/uploads/380863.webp|https://masterapi.witheldokan.com/storage/seif-pharmacies/uploads/380864.webp|https://masterapi.witheldokan.com/storage/seif-pharmacies/uploads/390296.webp|https://masterapi.witheldokan.com/storage/seif-pharmacies/uploads/390299.webp|https://masterapi.witheldokan.com/storage/seif-pharmacies/uploads/390385.webp,https://seif-online.com/en/product/cosmetics/make-up/lip
Mom & Baby,,,Apply,Medicine,,Download App Now,,,https://masterapi.witheldokan.com/storage/seif-pharmacies/uploads/11.webp|https://masterapi.witheldokan.com/storage/seif-pharmacies/uploads/609535.webp|https://masterapi.witheldokan.com/storage/seif-pharmacies/uploads/608322.webp|https://masterapi.witheldokan.com/storage/seif-pharmacies/uploads/374038.webp|https://masterapi.witheldokan.com/storage/seif-pharmacies/uploads/601858.webp|https://masterapi.witheldokan.com/storage/seif-pharmacies/uploads/403302.webp|https://masterapi.witheldokan.com/storage/seif-pharmacies/uploads/310791.webp|https://masterapi.witheldokan.com/storage/seif-pharmacies/uploads/310788.webp|https://masterapi.witheldokan.com/storage/seif-pharmacies/uploads/347024.webp|https://masterapi.witheldokan.com/storage/seif-pharmacies/uploads/2749.webp|https://cdn.supercommerce.io/seif-pharmacies/uploads/615697-1768470260.webp|https://masterapi.witheldokan.com/storage/seif-pharmacies/uploads/389787.webp|https://masterapi.witheldokan.com/storage/seif-pharmacies/uploads/4534.webp|https://cdn.supercommerce.io/seif-pharmacies/uploads/615693-1768469618.webp|https://masterapi.witheldokan.com/storage/seif-pharmacies/uploads/4116.webp|https://masterapi.witheldokan.com/storage/seif-pharmacies/uploads/606084.webp|https://masterapi.witheldokan.com/storage/seif-pharmacies/uploads/611266.webp|https://masterapi.witheldokan.com/storage/seif-pharmacies/uploads/613033.webp|https://masterapi.witheldokan.com/storage/seif-pharmacies/uploads/400385.webp|https://masterapi.witheldokan.com/storage/seif-pharmacies/uploads/608955.webp|https://masterapi.witheldokan.com/storage/seif-pharmacies/uploads/613453.webp|https://cdn.supercommerce.io/seif-pharmacies/uploads/615692-1768469494.webp|https://masterapi.witheldokan.com/storage/seif-pharmacies/uploads/376630.webp,https://seif-online.com/en/product/mom-baby
Lenses,,,Apply,Medicine,,Download App Now,,,https://masterapi.witheldokan.com/storage/seif-pharmacies/uploads/48305.webp|https://cdn.supercommerce.io/seif-pharmacies/uploads/615283.jpg|https://cdn.supercommerce.io/seif-pharmacies/uploads/615282.jpg|https://cdn.supercommerce.io/seif-pharmacies/uploads/615286.webp|https://cdn.supercommerce.io/seif-pharmacies/uploads/615284.webp|https://cdn.supercommerce.io/seif-pharmacies/uploads/615285.webp|https://cdn.supercommerce.io/seif-pharmacies/uploads/615281.jpg|https://cdn.supercommerce.io/seif-pharmacies/uploads/607681-1773054127.webp|https://cdn.supercommerce.io/seif-pharmacies/uploads/607687-1773054664.webp|https://masterapi.witheldokan.com/storage/seif-pharmacies/uploads/614628-1759928174.webp|https://cdn.supercommerce.io/seif-pharmacies/uploads/614634-1773057270.webp|https://cdn.supercommerce.io/seif-pharmacies/uploads/607685-1773054450.webp|https://cdn.supercommerce.io/seif-pharmacies/uploads/614629-1773056571.webp|https://cdn.supercommerce.io/seif-pharmacies/uploads/614635-1773057370.webp|https://cdn.supercommerce.io/seif-pharmacies/uploads/614636-1773057449.webp|https://cdn.supercommerce.io/seif-pharmacies/uploads/614627-1773056471.webp|https://cdn.supercommerce.io/seif-pharmacies/uploads/607682-1773054199.webp|https://cdn.supercommerce.io/seif-pharmacies/uploads/614625-1773056153.webp|https://cdn.supercommerce.io/seif-pharmacies/uploads/614626-1773056339.webp|https://cdn.supercommerce.io/seif-pharmacies/uploads/618597-1773143977.webp|https://cdn.supercommerce.io/seif-pharmacies/uploads/614623-1773056001.webp|https://cdn.supercommerce.io/seif-pharmacies/uploads/618593-1773143684.webp|https://cdn.supercommerce.io/seif-pharmacies/uploads/607683-1773054522.webp,https://seif-online.com/en/product/cosmetics/general/lenses
Beauty Accessories,,,Apply,Medicine,,Download App Now,,,https://masterapi.witheldokan.com/storage/seif-pharmacies/uploads/403750.webp|https://masterapi.witheldokan.com/storage/seif-pharmacies/uploads/403749.webp|https://masterapi.witheldokan.com/storage/seif-pharmacies/uploads/610316.webp|https://masterapi.witheldokan.com/storage/seif-pharmacies/uploads/610314.webp|https://masterapi.witheldokan.com/storage/seif-pharmacies/uploads/610317.webp|https://masterapi.witheldokan.com/storage/seif-pharmacies/uploads/608685.webp|https://masterapi.witheldokan.com/storage/seif-pharmacies/uploads/610312.webp|https://masterapi.witheldokan.com/storage/seif-pharmacies/uploads/610315.webp|https://cdn.supercommerce.io/seif-pharmacies/uploads/613337-1771144172.webp|https://masterapi.witheldokan.com/storage/seif-pharmacies/uploads/610313.webp|https://cdn.supercommerce.io/seif-pharmacies/uploads/615696-1768470011.webp|https://masterapi.witheldokan.com/storage/seif-pharmacies/uploads/403745.webp|https://masterapi.witheldokan.com/storage/seif-pharmacies/uploads/316051.webp|https://masterapi.witheldokan.com/storage/seif-pharmacies/uploads/316052.webp|https://masterapi.witheldokan.com/storage/seif-pharmacies/uploads/403744.webp|https://masterapi.witheldokan.com/storage/seif-pharmacies/uploads/614733.webp|https://masterapi.witheldokan.com/storage/seif-pharmacies/uploads/613253.webp,https://seif-online.com/en/product/cosmetics/general/beauty-accessories
Perfume,,,Apply,Medicine,,Download App Now,,,https://masterapi.witheldokan.com/storage/seif-pharmacies/uploads/295989.webp|https://masterapi.witheldokan.com/storage/seif-pharmacies/uploads/315978.webp|https://masterapi.witheldokan.com/storage/seif-pharmacies/uploads/286407.webp|https://masterapi.witheldokan.com/storage/seif-pharmacies/uploads/276048.webp|https://masterapi.witheldokan.com/storage/seif-pharmacies/uploads/165272.webp|https://masterapi.witheldokan.com/storage/seif-pharmacies/uploads/315975.webp|https://masterapi.witheldokan.com/storage/seif-pharmacies/uploads/383586.webp|https://masterapi.witheldokan.com/storage/seif-pharmacies/uploads/389830.webp|https://masterapi.witheldokan.com/storage/seif-pharmacies/uploads/382585.webp|https://masterapi.witheldokan.com/storage/seif-pharmacies/uploads/389821.webp|https://masterapi.witheldokan.com/storage/seif-pharmacies/uploads/383598.webp|https://masterapi.witheldokan.com/storage/seif-pharmacies/uploads/253109.webp|https://masterapi.witheldokan.com/storage/seif-pharmacies/uploads/383585.webp|https://masterapi.witheldokan.com/storage/seif-pharmacies/uploads/207414.webp|https://masterapi.witheldokan.com/storage/seif-pharmacies/uploads/318603.webp|https://masterapi.witheldokan.com/storage/seif-pharmacies/uploads/382764.webp|https://masterapi.witheldokan.com/storage/seif-pharmacies/uploads/148182.webp|https://masterapi.witheldokan.com/storage/seif-pharmacies/uploads/389824.webp|https://masterapi.witheldokan.com/storage/seif-pharmacies/uploads/383599.webp|https://masterapi.witheldokan.com/storage/seif-pharmacies/uploads/148102.webp|https://masterapi.witheldokan.com/storage/seif-pharmacies/uploads/207415.webp|https://masterapi.witheldokan.com/storage/seif-pharmacies/uploads/300402.webp|https://masterapi.witheldokan.com/storage/seif-pharmacies/uploads/300363.webp|https://masterapi.witheldokan.com/storage/seif-pharmacies/uploads/318595.webp,https://seif-online.com/en/product/cosmetics/general/perfume
GLasses,,,Apply,Medicine,,Download App Now,,,https://masterapi.witheldokan.com/storage/seif-pharmacies/uploads/605985.webp|https://masterapi.witheldokan.com/storage/seif-pharmacies/uploads/605990.webp|https://masterapi.witheldokan.com/storage/seif-pharmacies/uploads/605989.webp|https://masterapi.witheldokan.com/storage/seif-pharmacies/uploads/605991.webp|https://masterapi.witheldokan.com/storage/seif-pharmacies/uploads/605987.webp|https://masterapi.witheldokan.com/storage/seif-pharmacies/uploads/605988.webp|https://cdn.supercommerce.io/seif-pharmacies/uploads/605986-1769615183.webp|https://masterapi.witheldokan.com/storage/seif-pharmacies/uploads/608037.webp|https://masterapi.witheldokan.com/storage/seif-pharmacies/uploads/608038.webp,https://seif-online.com/en/product/cosmetics/general/glasses
Eye Lasher Accessories,,,Apply,Medicine,,Download App Now,,,https://masterapi.witheldokan.com/storage/seif-pharmacies/uploads/612874.webp|https://masterapi.witheldokan.com/storage/seif-pharmacies/uploads/199249.webp|https://masterapi.witheldokan.com/storage/seif-pharmacies/uploads/609708.webp|https://masterapi.witheldokan.com/storage/seif-pharmacies/uploads/199255.webp|https://masterapi.witheldokan.com/storage/seif-pharmacies/uploads/403194.webp|https://masterapi.witheldokan.com/storage/seif-pharmacies/uploads/366049.webp|https://masterapi.witheldokan.com/storage/seif-pharmacies/uploads/403190.webp|https://masterapi.witheldokan.com/storage/seif-pharmacies/uploads/197180.webp|https://masterapi.witheldokan.com/storage/seif-pharmacies/uploads/403192.webp|https://masterapi.witheldokan.com/storage/seif-pharmacies/uploads/199251.webp|https://masterapi.witheldokan.com/storage/seif-pharmacies/uploads/324361.webp|https://masterapi.witheldokan.com/storage/seif-pharmacies/uploads/609690.webp|https://masterapi.witheldokan.com/storage/seif-pharmacies/uploads/401058-1760963423.webp|https://masterapi.witheldokan.com/storage/seif-pharmacies/uploads/400115.webp|https://masterapi.witheldokan.com/storage/seif-pharmacies/uploads/401055.webp|https://masterapi.witheldokan.com/storage/seif-pharmacies/uploads/197166.webp|https://masterapi.witheldokan.com/storage/seif-pharmacies/uploads/197175.webp|https://masterapi.witheldokan.com/storage/seif-pharmacies/uploads/609722.webp|https://masterapi.witheldokan.com/storage/seif-pharmacies/uploads/199250.webp|https://masterapi.witheldokan.com/storage/seif-pharmacies/uploads/199253.webp|https://masterapi.witheldokan.com/storage/seif-pharmacies/uploads/609725.webp,https://seif-online.com/en/product/cosmetics/general/eye-lasher-accessories
Nails Beauty,,,Apply,Medicine,,Download App Now,,,https://masterapi.witheldokan.com/storage/seif-pharmacies/uploads/356493.webp|https://masterapi.witheldokan.com/storage/seif-pharmacies/uploads/606197.webp|https://cdn.supercommerce.io/seif-pharmacies/uploads/618234-1769412523.webp|https://masterapi.witheldokan.com/storage/seif-pharmacies/uploads/402971.webp|https://masterapi.witheldokan.com/storage/seif-pharmacies/uploads/401618.webp|https://masterapi.witheldokan.com/storage/seif-pharmacies/uploads/608996.webp|https://masterapi.witheldokan.com/storage/seif-pharmacies/uploads/432436.webp|https://masterapi.witheldokan.com/storage/seif-pharmacies/uploads/403294.webp|https://masterapi.witheldokan.com/storage/seif-pharmacies/uploads/609191.webp|https://masterapi.witheldokan.com/storage/seif-pharmacies/uploads/610797.webp|https://masterapi.witheldokan.com/storage/seif-pharmacies/uploads/607591.webp|https://masterapi.witheldokan.com/storage/seif-pharmacies/uploads/402968.webp|https://masterapi.witheldokan.com/storage/seif-pharmacies/uploads/401657.webp|https://masterapi.witheldokan.com/storage/seif-pharmacies/uploads/401649.webp|https://masterapi.witheldokan.com/storage/seif-pharmacies/uploads/401650.webp|https://masterapi.witheldokan.com/storage/seif-pharmacies/uploads/401639.webp|https://masterapi.witheldokan.com/storage/seif-pharmacies/uploads/401651.webp|https://masterapi.witheldokan.com/storage/seif-pharmacies/uploads/402973.webp|https://masterapi.witheldokan.com/storage/seif-pharmacies/uploads/611772.webp|https://masterapi.witheldokan.com/storage/seif-pharmacies/uploads/613251.webp|https://masterapi.witheldokan.com/storage/seif-pharmacies/uploads/401644.webp|https://masterapi.witheldokan.com/storage/seif-pharmacies/uploads/401654.webp|https://masterapi.witheldokan.com/storage/seif-pharmacies/uploads/401658.webp,https://seif-online.com/en/product/cosmetics/general/nails-beauty
Oral Care,,,Apply,Medicine,,Download App Now,,,https://masterapi.witheldokan.com/storage/seif-pharmacies/uploads/300842.webp|https://cdn.supercommerce.io/seif-pharmacies/uploads/253823-1772021548.webp|https://masterapi.witheldokan.com/storage/seif-pharmacies/uploads/300833.webp|https://masterapi.witheldokan.com/storage/seif-pharmacies/uploads/300838.webp|https://masterapi.witheldokan.com/storage/seif-pharmacies/uploads/606439.webp|https://masterapi.witheldokan.com/storage/seif-pharmacies/uploads/44178.webp|https://masterapi.witheldokan.com/storage/seif-pharmacies/uploads/610756.webp|https://masterapi.witheldokan.com/storage/seif-pharmacies/uploads/614446-1759929234.webp|https://masterapi.witheldokan.com/storage/seif-pharmacies/uploads/28986.webp|https://masterapi.witheldokan.com/storage/seif-pharmacies/uploads/71994.webp|https://masterapi.witheldokan.com/storage/seif-pharmacies/uploads/91500.webp|https://masterapi.witheldokan.com/storage/seif-pharmacies/uploads/263595.webp|https://masterapi.witheldokan.com/storage/seif-pharmacies/uploads/281710.webp|https://masterapi.witheldokan.com/storage/seif-pharmacies/uploads/394618.webp|https://masterapi.witheldokan.com/storage/seif-pharmacies/uploads/71995.webp|https://masterapi.witheldokan.com/storage/seif-pharmacies/uploads/263596.webp|https://masterapi.witheldokan.com/storage/seif-pharmacies/uploads/285820.webp,https://seif-online.com/en/product/every-day-essentials/oral-care
Dental Care,,,Apply,Medicine,,Download App Now,,,https://masterapi.witheldokan.com/storage/seif-pharmacies/uploads/285820.webp|https://masterapi.witheldokan.com/storage/seif-pharmacies/uploads/287159.webp|https://masterapi.witheldokan.com/storage/seif-pharmacies/uploads/385374.webp|https://masterapi.witheldokan.com/storage/seif-pharmacies/uploads/312494.webp|https://masterapi.witheldokan.com/storage/seif-pharmacies/uploads/614454.webp|https://masterapi.witheldokan.com/storage/seif-pharmacies/uploads/607351.webp|https://masterapi.witheldokan.com/storage/seif-pharmacies/uploads/614455.webp,https://seif-online.com/en/product/every-day-essentials/oral-care/dental-care
Breath Fresheners,,,Apply,Medicine,,Download App Now,,,https://masterapi.witheldokan.com/storage/seif-pharmacies/uploads/610756.webp|https://masterapi.witheldokan.com/storage/seif-pharmacies/uploads/66990.webp|https://masterapi.witheldokan.com/storage/seif-pharmacies/uploads/604619.webp|https://masterapi.witheldokan.com/storage/seif-pharmacies/uploads/614799-1759931423.webp|https://masterapi.witheldokan.com/storage/seif-pharmacies/uploads/614798-1759931376.webp|https://masterapi.witheldokan.com/storage/seif-pharmacies/uploads/614784.webp|https://masterapi.witheldokan.com/storage/seif-pharmacies/uploads/604618.webp|https://masterapi.witheldokan.com/storage/seif-pharmacies/uploads/608851-1760358492.webp|https://masterapi.witheldokan.com/storage/seif-pharmacies/uploads/299911.webp|https://masterapi.witheldokan.com/storage/seif-pharmacies/uploads/432221-1760962789.webp,https://seif-online.com/en/product/every-day-essentials/oral-care/breath-fresheners
Teeth Whitening,,,Apply,Medicine,,Download App Now,,,https://masterapi.witheldokan.com/storage/seif-pharmacies/uploads/7938.webp|https://masterapi.witheldokan.com/storage/seif-pharmacies/uploads/7937.webp|https://masterapi.witheldokan.com/storage/seif-pharmacies/uploads/7939.webp|https://cdn.supercommerce.io/seif-pharmacies/uploads/609530-1770887910.webp|https://masterapi.witheldokan.com/storage/seif-pharmacies/uploads/7940.webp|https://cdn.supercommerce.io/seif-pharmacies/uploads/617356-1771234261.webp|https://masterapi.witheldokan.com/storage/seif-pharmacies/uploads/605729.webp|https://masterapi.witheldokan.com/storage/seif-pharmacies/uploads/608153.webp,https://seif-online.com/en/product/every-day-essentials/oral-care/teeth-whitening
Toothbrush,,,Apply,Medicine,,Download App Now,,,https://masterapi.witheldokan.com/storage/seif-pharmacies/uploads/300842.webp|https://masterapi.witheldokan.com/storage/seif-pharmacies/uploads/300833.webp|https://masterapi.witheldokan.com/storage/seif-pharmacies/uploads/300838.webp|https://masterapi.witheldokan.com/storage/seif-pharmacies/uploads/614438-1759929965.webp|https://masterapi.witheldokan.com/storage/seif-pharmacies/uploads/614443-1759929911.webp|https://masterapi.witheldokan.com/storage/seif-pharmacies/uploads/614444-1759929734.webp|https://masterapi.witheldokan.com/storage/seif-pharmacies/uploads/614445-1759928907.webp|https://cdn.supercommerce.io/seif-pharmacies/uploads/612825-1773396324.webp|https://cdn.supercommerce.io/seif-pharmacies/uploads/612828-1768469037.webp|https://masterapi.witheldokan.com/storage/seif-pharmacies/uploads/347143.webp|https://masterapi.witheldokan.com/storage/seif-pharmacies/uploads/614442-1759929712.webp|https://masterapi.witheldokan.com/storage/seif-pharmacies/uploads/612831.webp|https://masterapi.witheldokan.com/storage/seif-pharmacies/uploads/614437-1759929818.webp|https://cdn.supercommerce.io/seif-pharmacies/uploads/612826-1768468905.webp|https://masterapi.witheldokan.com/storage/seif-pharmacies/uploads/614440-1759929989.webp|https://masterapi.witheldokan.com/storage/seif-pharmacies/uploads/614441-1759929939.webp|https://masterapi.witheldokan.com/storage/seif-pharmacies/uploads/614436-1759930012.webp|https://masterapi.witheldokan.com/storage/seif-pharmacies/uploads/235047.webp|https://masterapi.witheldokan.com/storage/seif-pharmacies/uploads/606108.webp,https://seif-online.com/en/product/every-day-essentials/oral-care/toothbrush
Mouthwash & Gargle,,,Apply,Medicine,,Download App Now,,,https://masterapi.witheldokan.com/storage/seif-pharmacies/uploads/25.webp|https://masterapi.witheldokan.com/storage/seif-pharmacies/uploads/322991.webp|https://masterapi.witheldokan.com/storage/seif-pharmacies/uploads/58755.webp|https://masterapi.witheldokan.com/storage/seif-pharmacies/uploads/615218-1754482369.webp|https://masterapi.witheldokan.com/storage/seif-pharmacies/uploads/323271.webp|https://masterapi.witheldokan.com/storage/seif-pharmacies/uploads/317972.webp|https://cdn.supercommerce.io/seif-pharmacies/uploads/202447-1768734236.webp|https://masterapi.witheldokan.com/storage/seif-pharmacies/uploads/382667.webp|https://masterapi.witheldokan.com/storage/seif-pharmacies/uploads/377416.webp|https://cdn.supercommerce.io/seif-pharmacies/uploads/616779-1773226188.webp|https://cdn.supercommerce.io/seif-pharmacies/uploads/616780-1773226275.webp|https://cdn.supercommerce.io/seif-pharmacies/uploads/617572-1773226701.webp|https://masterapi.witheldokan.com/storage/seif-pharmacies/uploads/58756.webp|https://cdn.supercommerce.io/seif-pharmacies/uploads/617571-1773226598.webp|https://cdn.supercommerce.io/seif-pharmacies/uploads/617570-1773226446.webp|https://cdn.supercommerce.io/seif-pharmacies/uploads/616781-1773226371.webp|https://masterapi.witheldokan.com/storage/seif-pharmacies/uploads/322992.webp|https://masterapi.witheldokan.com/storage/seif-pharmacies/uploads/602534.webp|https://masterapi.witheldokan.com/storage/seif-pharmacies/uploads/611258-1761048004.webp|https://masterapi.witheldokan.com/storage/seif-pharmacies/uploads/614672-1760535985.webp,https://seif-online.com/en/product/every-day-essentials/oral-care/mouthwash-gargle-oral-care
Dental Floss,,,Apply,Medicine,,Download App Now,,,https://masterapi.witheldokan.com/storage/seif-pharmacies/uploads/614446-1759929234.webp|https://cdn.supercommerce.io/seif-pharmacies/uploads/616797.webp|https://masterapi.witheldokan.com/storage/seif-pharmacies/uploads/430924-1760962987.webp|https://masterapi.witheldokan.com/storage/seif-pharmacies/uploads/616504-1759152837.webp|https://masterapi.witheldokan.com/storage/seif-pharmacies/uploads/616503-1759152803.webp|https://masterapi.witheldokan.com/storage/seif-pharmacies/uploads/601175.webp|https://masterapi.witheldokan.com/storage/seif-pharmacies/uploads/54080.webp|https://masterapi.witheldokan.com/storage/seif-pharmacies/uploads/54081.webp|https://masterapi.witheldokan.com/storage/seif-pharmacies/uploads/54082.webp,https://seif-online.com/en/product/every-day-essentials/oral-care/dental-floss
Toothpaste,,,Apply,Medicine,,Download App Now,,,https://cdn.supercommerce.io/seif-pharmacies/uploads/253823-1772021548.webp|https://masterapi.witheldokan.com/storage/seif-pharmacies/uploads/606439.webp|https://masterapi.witheldokan.com/storage/seif-pharmacies/uploads/44178.webp|https://masterapi.witheldokan.com/storage/seif-pharmacies/uploads/28986.webp|https://masterapi.witheldokan.com/storage/seif-pharmacies/uploads/71994.webp|https://masterapi.witheldokan.com/storage/seif-pharmacies/uploads/91500.webp|https://masterapi.witheldokan.com/storage/seif-pharmacies/uploads/263595.webp|https://masterapi.witheldokan.com/storage/seif-pharmacies/uploads/281710.webp|https://masterapi.witheldokan.com/storage/seif-pharmacies/uploads/394618.webp|https://masterapi.witheldokan.com/storage/seif-pharmacies/uploads/71995.webp|https://masterapi.witheldokan.com/storage/seif-pharmacies/uploads/263596.webp|https://masterapi.witheldokan.com/storage/seif-pharmacies/uploads/60808.webp|https://masterapi.witheldokan.com/storage/seif-pharmacies/uploads/208873.webp|https://masterapi.witheldokan.com/storage/seif-pharmacies/uploads/605014.webp|https://masterapi.witheldokan.com/storage/seif-pharmacies/uploads/111928.webp|https://cdn.supercommerce.io/seif-pharmacies/uploads/615525.webp|https://cdn.supercommerce.io/seif-pharmacies/uploads/614535.webp|https://masterapi.witheldokan.com/storage/seif-pharmacies/uploads/616520-1759152701.webp,https://seif-online.com/en/product/every-day-essentials/oral-care/toothpaste
Women Care,,,Apply,Medicine,,Download App Now,,,https://masterapi.witheldokan.com/storage/seif-pharmacies/uploads/382939.webp|https://masterapi.witheldokan.com/storage/seif-pharmacies/uploads/604094.webp|https://cdn.supercommerce.io/seif-pharmacies/uploads/616749-1768722188.webp|https://masterapi.witheldokan.com/storage/seif-pharmacies/uploads/606856.webp|https://masterapi.witheldokan.com/storage/seif-pharmacies/uploads/150864.webp|https://masterapi.witheldokan.com/storage/seif-pharmacies/uploads/2555.webp|https://masterapi.witheldokan.com/storage/seif-pharmacies/uploads/51146.webp|https://masterapi.witheldokan.com/storage/seif-pharmacies/uploads/88162.webp|https://masterapi.witheldokan.com/storage/seif-pharmacies/uploads/80522.webp|https://masterapi.witheldokan.com/storage/seif-pharmacies/uploads/369283.webp|https://cdn.supercommerce.io/seif-pharmacies/uploads/616748.webp|https://masterapi.witheldokan.com/storage/seif-pharmacies/uploads/358730.webp|https://masterapi.witheldokan.com/storage/seif-pharmacies/uploads/608373.webp|https://masterapi.witheldokan.com/storage/seif-pharmacies/uploads/345403.webp|https://masterapi.witheldokan.com/storage/seif-pharmacies/uploads/233088.webp|https://masterapi.witheldokan.com/storage/seif-pharmacies/uploads/382832.webp|https://masterapi.witheldokan.com/storage/seif-pharmacies/uploads/279789.webp|https://masterapi.witheldokan.com/storage/seif-pharmacies/uploads/284684.webp|https://masterapi.witheldokan.com/storage/seif-pharmacies/uploads/610676.webp|https://masterapi.witheldokan.com/storage/seif-pharmacies/uploads/604629.webp,https://seif-online.com/en/product/every-day-essentials/women-care
Hair Styling Electronics,,,Apply,Medicine,,Download App Now,,,https://masterapi.witheldokan.com/storage/seif-pharmacies/uploads/616265-1759399562.webp|https://masterapi.witheldokan.com/storage/seif-pharmacies/uploads/611381.webp|https://masterapi.witheldokan.com/storage/seif-pharmacies/uploads/383302.webp|https://masterapi.witheldokan.com/storage/seif-pharmacies/uploads/384395.webp|https://masterapi.witheldokan.com/storage/seif-pharmacies/uploads/605791.webp|https://masterapi.witheldokan.com/storage/seif-pharmacies/uploads/608131.webp|https://masterapi.witheldokan.com/storage/seif-pharmacies/uploads/608136.webp|https://masterapi.witheldokan.com/storage/seif-pharmacies/uploads/616243-1759399594.webp,https://seif-online.com/en/product/every-day-essentials/women-care/hair-styling-electronics
Hair Removal Products,,,Apply,Medicine,,Download App Now,,,https://masterapi.witheldokan.com/storage/seif-pharmacies/uploads/382939.webp|https://masterapi.witheldokan.com/storage/seif-pharmacies/uploads/604094.webp|https://masterapi.witheldokan.com/storage/seif-pharmacies/uploads/150864.webp|https://masterapi.witheldokan.com/storage/seif-pharmacies/uploads/358730.webp|https://masterapi.witheldokan.com/storage/seif-pharmacies/uploads/608373.webp|https://masterapi.witheldokan.com/storage/seif-pharmacies/uploads/389511.webp|https://masterapi.witheldokan.com/storage/seif-pharmacies/uploads/50208.webp|https://masterapi.witheldokan.com/storage/seif-pharmacies/uploads/431476.webp|https://masterapi.witheldokan.com/storage/seif-pharmacies/uploads/50207.webp|https://masterapi.witheldokan.com/storage/seif-pharmacies/uploads/608372.webp|https://masterapi.witheldokan.com/storage/seif-pharmacies/uploads/290401.webp|https://masterapi.witheldokan.com/storage/seif-pharmacies/uploads/616388-1759230781.webp|https://masterapi.witheldokan.com/storage/seif-pharmacies/uploads/369784.webp|https://masterapi.witheldokan.com/storage/seif-pharmacies/uploads/616385-1759230915.webp|https://masterapi.witheldokan.com/storage/seif-pharmacies/uploads/616381-1759231016.webp|https://masterapi.witheldokan.com/storage/seif-pharmacies/uploads/616384-1759230886.webp|https://masterapi.witheldokan.com/storage/seif-pharmacies/uploads/616386-1759230852.webp|https://masterapi.witheldokan.com/storage/seif-pharmacies/uploads/369789.webp|https://cdn.supercommerce.io/seif-pharmacies/uploads/384541-1768729966.webp|https://cdn.supercommerce.io/seif-pharmacies/uploads/616389-1768736290.webp|https://masterapi.witheldokan.com/storage/seif-pharmacies/uploads/167847.webp|https://masterapi.witheldokan.com/storage/seif-pharmacies/uploads/208572.webp,https://seif-online.com/en/product/every-day-essentials/women-care/hair-removal-products
Women Sanitary Care,,,Apply,Medicine,,Download App Now,,,https://masterapi.witheldokan.com/storage/seif-pharmacies/uploads/2555.webp|https://masterapi.witheldokan.com/storage/seif-pharmacies/uploads/129714.webp|https://masterapi.witheldokan.com/storage/seif-pharmacies/uploads/1961.webp|https://masterapi.witheldokan.com/storage/seif-pharmacies/uploads/608710.webp|https://masterapi.witheldokan.com/storage/seif-pharmacies/uploads/616710-1759143083.webp|https://masterapi.witheldokan.com/storage/seif-pharmacies/uploads/160384.webp|https://masterapi.witheldokan.com/storage/seif-pharmacies/uploads/608716.webp|https://masterapi.witheldokan.com/storage/seif-pharmacies/uploads/2663.webp|https://masterapi.witheldokan.com/storage/seif-pharmacies/uploads/129713.webp|https://masterapi.witheldokan.com/storage/seif-pharmacies/uploads/611844-1757579485.webp|https://masterapi.witheldokan.com/storage/seif-pharmacies/uploads/321988.webp|https://masterapi.witheldokan.com/storage/seif-pharmacies/uploads/281686.webp|https://masterapi.witheldokan.com/storage/seif-pharmacies/uploads/616078-1757840195.webp|https://cdn.supercommerce.io/seif-pharmacies/uploads/607053.webp|https://masterapi.witheldokan.com/storage/seif-pharmacies/uploads/616452-1757569639.webp|https://masterapi.witheldokan.com/storage/seif-pharmacies/uploads/356936.webp|https://masterapi.witheldokan.com/storage/seif-pharmacies/uploads/2656.webp|https://masterapi.witheldokan.com/storage/seif-pharmacies/uploads/385401.webp|https://masterapi.witheldokan.com/storage/seif-pharmacies/uploads/2446.webp|https://cdn.supercommerce.io/seif-pharmacies/uploads/618235-1773820016.webp|https://masterapi.witheldokan.com/storage/seif-pharmacies/uploads/334788.webp|https://masterapi.witheldokan.com/storage/seif-pharmacies/uploads/614767.webp|https://masterapi.witheldokan.com/storage/seif-pharmacies/uploads/161922.webp,https://seif-online.com/en/product/every-day-essentials/women-care/women-sanitary-care
Electric Hair Removal Machines,,,Apply,Medicine,,Download App Now,,,https://masterapi.witheldokan.com/storage/seif-pharmacies/uploads/349825.webp|https://masterapi.witheldokan.com/storage/seif-pharmacies/uploads/338092.webp|https://masterapi.witheldokan.com/storage/seif-pharmacies/uploads/605880.webp|https://masterapi.witheldokan.com/storage/seif-pharmacies/uploads/614332.webp|https://masterapi.witheldokan.com/storage/seif-pharmacies/uploads/354533.webp|https://masterapi.witheldokan.com/storage/seif-pharmacies/uploads/603928.webp|https://masterapi.witheldokan.com/storage/seif-pharmacies/uploads/614330.webp,https://seif-online.com/en/product/every-day-essentials/women-care/electric-hair-removal-machines
Sanitary Napkins,,,Apply,Medicine,,Download App Now,,,https://cdn.supercommerce.io/seif-pharmacies/uploads/616749-1768722188.webp|https://masterapi.witheldokan.com/storage/seif-pharmacies/uploads/606856.webp|https://masterapi.witheldokan.com/storage/seif-pharmacies/uploads/51146.webp|https://masterapi.witheldokan.com/storage/seif-pharmacies/uploads/88162.webp|https://masterapi.witheldokan.com/storage/seif-pharmacies/uploads/80522.webp|https://masterapi.witheldokan.com/storage/seif-pharmacies/uploads/369283.webp|https://cdn.supercommerce.io/seif-pharmacies/uploads/616748.webp|https://masterapi.witheldokan.com/storage/seif-pharmacies/uploads/345403.webp|https://masterapi.witheldokan.com/storage/seif-pharmacies/uploads/233088.webp|https://masterapi.witheldokan.com/storage/seif-pharmacies/uploads/382832.webp|https://masterapi.witheldokan.com/storage/seif-pharmacies/uploads/279789.webp|https://masterapi.witheldokan.com/storage/seif-pharmacies/uploads/284684.webp|https://masterapi.witheldokan.com/storage/seif-pharmacies/uploads/610676.webp|https://masterapi.witheldokan.com/storage/seif-pharmacies/uploads/604629.webp|https://cdn.supercommerce.io/seif-pharmacies/uploads/281543.webp|https://masterapi.witheldokan.com/storage/seif-pharmacies/uploads/51145.webp|https://masterapi.witheldokan.com/storage/seif-pharmacies/uploads/80406.webp|https://masterapi.witheldokan.com/storage/seif-pharmacies/uploads/610678.webp|https://masterapi.witheldokan.com/storage/seif-pharmacies/uploads/253557.webp|https://masterapi.witheldokan.com/storage/seif-pharmacies/uploads/608106.webp,https://seif-online.com/en/product/every-day-essentials/women-care/sanitary-napkins
Bath & Body,,,Apply,Medicine,,Download App Now,,,https://cdn.supercommerce.io/seif-pharmacies/uploads/615736.webp|https://masterapi.witheldokan.com/storage/seif-pharmacies/uploads/615736- WNP-1754217384.webp|https://cdn.supercommerce.io/seif-pharmacies/uploads/615737.webp|https://masterapi.witheldokan.com/storage/seif-pharmacies/uploads/615737-wnp-1754285268.webp|https://cdn.supercommerce.io/seif-pharmacies/uploads/615734.webp|https://masterapi.witheldokan.com/storage/seif-pharmacies/uploads/615734-WNP-1754216838.webp|https://cdn.supercommerce.io/seif-pharmacies/uploads/615738.webp|https://masterapi.witheldokan.com/storage/seif-pharmacies/uploads/615738- WNP-1754217583.webp|https://cdn.supercommerce.io/seif-pharmacies/uploads/615735.webp|https://masterapi.witheldokan.com/storage/seif-pharmacies/uploads/615735- wnp-1754285056.webp|https://masterapi.witheldokan.com/storage/seif-pharmacies/uploads/386699.webp|https://masterapi.witheldokan.com/storage/seif-pharmacies/uploads/386698.webp|https://masterapi.witheldokan.com/storage/seif-pharmacies/uploads/614591-1759928245.webp|https://cdn.supercommerce.io/seif-pharmacies/uploads/613823-1771232292.webp|https://masterapi.witheldokan.com/storage/seif-pharmacies/uploads/616975-1759825565.webp|https://masterapi.witheldokan.com/storage/seif-pharmacies/uploads/616402-1759312040.webp|https://masterapi.witheldokan.com/storage/seif-pharmacies/uploads/607054.webp|https://masterapi.witheldokan.com/storage/seif-pharmacies/uploads/613475.webp|https://masterapi.witheldokan.com/storage/seif-pharmacies/uploads/602118.webp|https://masterapi.witheldokan.com/storage/seif-pharmacies/uploads/602120.webp,https://seif-online.com/en/product/every-day-essentials/bath-body
Bath Loof,,,Apply,Medicine,,Download App Now,,,https://masterapi.witheldokan.com/storage/seif-pharmacies/uploads/604162.webp|https://masterapi.witheldokan.com/storage/seif-pharmacies/uploads/604253.webp|https://masterapi.witheldokan.com/storage/seif-pharmacies/uploads/604249.webp|https://masterapi.witheldokan.com/storage/seif-pharmacies/uploads/604262.webp|https://masterapi.witheldokan.com/storage/seif-pharmacies/uploads/604254.webp|https://masterapi.witheldokan.com/storage/seif-pharmacies/uploads/604259.webp|https://masterapi.witheldokan.com/storage/seif-pharmacies/uploads/604257.webp|https://masterapi.witheldokan.com/storage/seif-pharmacies/uploads/604252.webp|https://masterapi.witheldokan.com/storage/seif-pharmacies/uploads/604256.webp,https://seif-online.com/en/product/every-day-essentials/bath-body/bath-loof
Hand Wash,,,Apply,Medicine,,Download App Now,,,https://masterapi.witheldokan.com/storage/seif-pharmacies/uploads/386699.webp|https://masterapi.witheldokan.com/storage/seif-pharmacies/uploads/386698.webp|https://masterapi.witheldokan.com/storage/seif-pharmacies/uploads/614591-1759928245.webp|https://cdn.supercommerce.io/seif-pharmacies/uploads/613823-1771232292.webp|https://masterapi.witheldokan.com/storage/seif-pharmacies/uploads/613475.webp|https://masterapi.witheldokan.com/storage/seif-pharmacies/uploads/606438.webp|https://masterapi.witheldokan.com/storage/seif-pharmacies/uploads/395884.webp|https://cdn.supercommerce.io/seif-pharmacies/uploads/613822-1771232115.webp|https://masterapi.witheldokan.com/storage/seif-pharmacies/uploads/614590-1759928278.webp|https://masterapi.witheldokan.com/storage/seif-pharmacies/uploads/167480.webp|https://cdn.supercommerce.io/seif-pharmacies/uploads/613825-1771232469.webp,https://seif-online.com/en/product/every-day-essentials/bath-body/hand-wash
Body Wash,,,Apply,Medicine,,Download App Now,,,https://cdn.supercommerce.io/seif-pharmacies/uploads/615736.webp|https://masterapi.witheldokan.com/storage/seif-pharmacies/uploads/615736- WNP-1754217384.webp|https://cdn.supercommerce.io/seif-pharmacies/uploads/615737.webp|https://masterapi.witheldokan.com/storage/seif-pharmacies/uploads/615737-wnp-1754285268.webp|https://cdn.supercommerce.io/seif-pharmacies/uploads/615734.webp|https://masterapi.witheldokan.com/storage/seif-pharmacies/uploads/615734-WNP-1754216838.webp|https://cdn.supercommerce.io/seif-pharmacies/uploads/615738.webp|https://masterapi.witheldokan.com/storage/seif-pharmacies/uploads/615738- WNP-1754217583.webp|https://cdn.supercommerce.io/seif-pharmacies/uploads/615735.webp|https://masterapi.witheldokan.com/storage/seif-pharmacies/uploads/615735- wnp-1754285056.webp|https://masterapi.witheldokan.com/storage/seif-pharmacies/uploads/616975-1759825565.webp|https://masterapi.witheldokan.com/storage/seif-pharmacies/uploads/616402-1759312040.webp|https://masterapi.witheldokan.com/storage/seif-pharmacies/uploads/607054.webp|https://masterapi.witheldokan.com/storage/seif-pharmacies/uploads/602118.webp|https://masterapi.witheldokan.com/storage/seif-pharmacies/uploads/602120.webp|https://masterapi.witheldokan.com/storage/seif-pharmacies/uploads/602116.webp|https://masterapi.witheldokan.com/storage/seif-pharmacies/uploads/602117.webp|https://masterapi.witheldokan.com/storage/seif-pharmacies/uploads/617536.webp|https://masterapi.witheldokan.com/storage/seif-pharmacies/uploads/611958-1757572205.webp|https://masterapi.witheldokan.com/storage/seif-pharmacies/uploads/617535-(1).webp|https://masterapi.witheldokan.com/storage/seif-pharmacies/uploads/602119.webp|https://masterapi.witheldokan.com/storage/seif-pharmacies/uploads/606848.webp|https://cdn.supercommerce.io/seif-pharmacies/uploads/606846-1768724143.webp|https://masterapi.witheldokan.com/storage/seif-pharmacies/uploads/606847-1761048985.webp|https://cdn.supercommerce.io/seif-pharmacies/uploads/613523-1774336433.webp|https://cdn.supercommerce.io/seif-pharmacies/uploads/608976-1768725983.webp|https://cdn.supercommerce.io/seif-pharmacies/uploads/614370-1773402304.webp,https://seif-online.com/en/product/every-day-essentials/bath-body/body-wash
Body Fresheners,,,Apply,Medicine,,Download App Now,,,https://cdn.supercommerce.io/seif-pharmacies/uploads/615768.webp|https://masterapi.witheldokan.com/storage/seif-pharmacies/uploads/615768--1753883301.webp|https://cdn.supercommerce.io/seif-pharmacies/uploads/615770.webp|https://cdn.supercommerce.io/seif-pharmacies/uploads/615773.webp|https://cdn.supercommerce.io/seif-pharmacies/uploads/615772.webp|https://cdn.supercommerce.io/seif-pharmacies/uploads/615767.webp|https://cdn.supercommerce.io/seif-pharmacies/uploads/615771.webp|https://cdn.supercommerce.io/seif-pharmacies/uploads/615931-1768726598.webp|https://cdn.supercommerce.io/seif-pharmacies/uploads/615769.webp|https://masterapi.witheldokan.com/storage/seif-pharmacies/uploads/615769--1753883117.webp|https://masterapi.witheldokan.com/storage/seif-pharmacies/uploads/604586.webp|https://masterapi.witheldokan.com/storage/seif-pharmacies/uploads/613856.webp|https://masterapi.witheldokan.com/storage/seif-pharmacies/uploads/382595.webp|https://masterapi.witheldokan.com/storage/seif-pharmacies/uploads/382594.webp|https://masterapi.witheldokan.com/storage/seif-pharmacies/uploads/399407.webp|https://masterapi.witheldokan.com/storage/seif-pharmacies/uploads/382591.webp|https://masterapi.witheldokan.com/storage/seif-pharmacies/uploads/378268.webp|https://cdn.supercommerce.io/seif-pharmacies/uploads/615078.webp|https://masterapi.witheldokan.com/storage/seif-pharmacies/uploads/5725.webp|https://masterapi.witheldokan.com/storage/seif-pharmacies/uploads/614773webp-1753950065.webp|https://masterapi.witheldokan.com/storage/seif-pharmacies/uploads/5713.webp|https://masterapi.witheldokan.com/storage/seif-pharmacies/uploads/613858.webp|https://cdn.supercommerce.io/seif-pharmacies/uploads/615079-1768735784.webp|https://cdn.supercommerce.io/seif-pharmacies/uploads/615700.webp|https://masterapi.witheldokan.com/storage/seif-pharmacies/uploads/5712.webp|https://masterapi.witheldokan.com/storage/seif-pharmacies/uploads/607052.webp,https://seif-online.com/en/product/every-day-essentials/body-fresheners
Deodrant Cream,,,Apply,Medicine,,Download App Now,,,https://masterapi.witheldokan.com/storage/seif-pharmacies/uploads/4617.webp|https://masterapi.witheldokan.com/storage/seif-pharmacies/uploads/65627.webp|https://masterapi.witheldokan.com/storage/seif-pharmacies/uploads/65628.webp|https://cdn.supercommerce.io/seif-pharmacies/uploads/607989.webp|https://masterapi.witheldokan.com/storage/seif-pharmacies/uploads/606365.webp|https://cdn.supercommerce.io/seif-pharmacies/uploads/607002.webp|https://cdn.supercommerce.io/seif-pharmacies/uploads/607988.webp|https://masterapi.witheldokan.com/storage/seif-pharmacies/uploads/327296.webp|https://masterapi.witheldokan.com/storage/seif-pharmacies/uploads/227998.webp|https://masterapi.witheldokan.com/storage/seif-pharmacies/uploads/228016.webp|https://masterapi.witheldokan.com/storage/seif-pharmacies/uploads/228015.webp|https://masterapi.witheldokan.com/storage/seif-pharmacies/uploads/354866.webp|https://cdn.supercommerce.io/seif-pharmacies/uploads/607001.webp|https://cdn.supercommerce.io/seif-pharmacies/uploads/607990.webp|https://masterapi.witheldokan.com/storage/seif-pharmacies/uploads/4618.webp|https://masterapi.witheldokan.com/storage/seif-pharmacies/uploads/338087.webp,https://seif-online.com/en/product/every-day-essentials/body-fresheners/deodrant-cream
Body Mist,,,Apply,Medicine,,Download App Now,,,https://masterapi.witheldokan.com/storage/seif-pharmacies/uploads/5713.webp|https://masterapi.witheldokan.com/storage/seif-pharmacies/uploads/610570.webp|https://masterapi.witheldokan.com/storage/seif-pharmacies/uploads/610569.webp|https://masterapi.witheldokan.com/storage/seif-pharmacies/uploads/608796.webp|https://masterapi.witheldokan.com/storage/seif-pharmacies/uploads/613446-1757573851.webp|https://masterapi.witheldokan.com/storage/seif-pharmacies/uploads/602122.webp|https://masterapi.witheldokan.com/storage/seif-pharmacies/uploads/602141.webp|https://masterapi.witheldokan.com/storage/seif-pharmacies/uploads/611934-1758717741.webp|https://masterapi.witheldokan.com/storage/seif-pharmacies/uploads/602125.webp|https://masterapi.witheldokan.com/storage/seif-pharmacies/uploads/608793-1758717641.webp|https://masterapi.witheldokan.com/storage/seif-pharmacies/uploads/613444-1757573455.webp|https://masterapi.witheldokan.com/storage/seif-pharmacies/uploads/613445-1757573817.webp|https://masterapi.witheldokan.com/storage/seif-pharmacies/uploads/602138.webp|https://masterapi.witheldokan.com/storage/seif-pharmacies/uploads/613442-1757573246.webp|https://masterapi.witheldokan.com/storage/seif-pharmacies/uploads/372411-1758717492.webp|https://masterapi.witheldokan.com/storage/seif-pharmacies/uploads/372419-1758717994.webp|https://masterapi.witheldokan.com/storage/seif-pharmacies/uploads/611932-1758717669.webp|https://masterapi.witheldokan.com/storage/seif-pharmacies/uploads/611936-1758717810.webp|https://masterapi.witheldokan.com/storage/seif-pharmacies/uploads/372406-1758717427.webp|https://masterapi.witheldokan.com/storage/seif-pharmacies/uploads/611935-1758717782.webp|https://masterapi.witheldokan.com/storage/seif-pharmacies/uploads/608794.webp|https://masterapi.witheldokan.com/storage/seif-pharmacies/uploads/611937-1758717849.webp|https://masterapi.witheldokan.com/storage/seif-pharmacies/uploads/613443-1757573345.webp,https://seif-online.com/en/product/every-day-essentials/body-fresheners/body-mist
Body Cologne,,,Apply,Medicine,,Download App Now,,,https://masterapi.witheldokan.com/storage/seif-pharmacies/uploads/5725.webp|https://masterapi.witheldokan.com/storage/seif-pharmacies/uploads/5712.webp|https://masterapi.witheldokan.com/storage/seif-pharmacies/uploads/8950.webp|https://masterapi.witheldokan.com/storage/seif-pharmacies/uploads/5710.webp|https://masterapi.witheldokan.com/storage/seif-pharmacies/uploads/386342.webp|https://masterapi.witheldokan.com/storage/seif-pharmacies/uploads/173491.webp|https://masterapi.witheldokan.com/storage/seif-pharmacies/uploads/5717.webp|https://masterapi.witheldokan.com/storage/seif-pharmacies/uploads/5722.webp|https://masterapi.witheldokan.com/storage/seif-pharmacies/uploads/5726.webp|https://masterapi.witheldokan.com/storage/seif-pharmacies/uploads/386339.webp|https://masterapi.witheldokan.com/storage/seif-pharmacies/uploads/47904.webp|https://masterapi.witheldokan.com/storage/seif-pharmacies/uploads/5708.webp|https://masterapi.witheldokan.com/storage/seif-pharmacies/uploads/386343.webp|https://masterapi.witheldokan.com/storage/seif-pharmacies/uploads/5714.webp|https://masterapi.witheldokan.com/storage/seif-pharmacies/uploads/165396.webp|https://masterapi.witheldokan.com/storage/seif-pharmacies/uploads/386340.webp|https://masterapi.witheldokan.com/storage/seif-pharmacies/uploads/386345.webp|https://masterapi.witheldokan.com/storage/seif-pharmacies/uploads/386341.webp|https://masterapi.witheldokan.com/storage/seif-pharmacies/uploads/5709.webp,https://seif-online.com/en/product/every-day-essentials/body-fresheners/body-cologne
Deodrant Stick,,,Apply,Medicine,,Download App Now,,,https://masterapi.witheldokan.com/storage/seif-pharmacies/uploads/614773webp-1753950065.webp|https://masterapi.witheldokan.com/storage/seif-pharmacies/uploads/614775-1756213855.webp|https://masterapi.witheldokan.com/storage/seif-pharmacies/uploads/609212.webp|https://masterapi.witheldokan.com/storage/seif-pharmacies/uploads/614774.webp|https://masterapi.witheldokan.com/storage/seif-pharmacies/uploads/608761.webp|https://masterapi.witheldokan.com/storage/seif-pharmacies/uploads/616851.webp|https://cdn.supercommerce.io/seif-pharmacies/uploads/616852-1770898145.webp|https://masterapi.witheldokan.com/storage/seif-pharmacies/uploads/608758.webp|https://masterapi.witheldokan.com/storage/seif-pharmacies/uploads/608686.webp|https://cdn.supercommerce.io/seif-pharmacies/uploads/616849-1770897012.webp|https://masterapi.witheldokan.com/storage/seif-pharmacies/uploads/606969.webp|https://masterapi.witheldokan.com/storage/seif-pharmacies/uploads/264919.webp,https://seif-online.com/en/product/every-day-essentials/body-fresheners/deodrant-stick
Body Spray,,,Apply,Medicine,,Download App Now,,,https://masterapi.witheldokan.com/storage/seif-pharmacies/uploads/382595.webp|https://masterapi.witheldokan.com/storage/seif-pharmacies/uploads/382594.webp|https://masterapi.witheldokan.com/storage/seif-pharmacies/uploads/382591.webp|https://cdn.supercommerce.io/seif-pharmacies/uploads/615078.webp|https://cdn.supercommerce.io/seif-pharmacies/uploads/615079-1768735784.webp|https://cdn.supercommerce.io/seif-pharmacies/uploads/615700.webp|https://masterapi.witheldokan.com/storage/seif-pharmacies/uploads/382593.webp|https://masterapi.witheldokan.com/storage/seif-pharmacies/uploads/165111.webp|https://masterapi.witheldokan.com/storage/seif-pharmacies/uploads/616164-1759394336.webp|https://masterapi.witheldokan.com/storage/seif-pharmacies/uploads/609458.webp|https://cdn.supercommerce.io/seif-pharmacies/uploads/615180.webp|https://masterapi.witheldokan.com/storage/seif-pharmacies/uploads/609678.webp|https://masterapi.witheldokan.com/storage/seif-pharmacies/uploads/320400.webp|https://cdn.supercommerce.io/seif-pharmacies/uploads/614498-1770290553.webp|https://masterapi.witheldokan.com/storage/seif-pharmacies/uploads/372416.webp|https://cdn.supercommerce.io/seif-pharmacies/uploads/614496-1770290307.webp|https://masterapi.witheldokan.com/storage/seif-pharmacies/uploads/608197.webp|https://cdn.supercommerce.io/seif-pharmacies/uploads/618580-1775464653.webp|https://masterapi.witheldokan.com/storage/seif-pharmacies/uploads/403570.webp|https://masterapi.witheldokan.com/storage/seif-pharmacies/uploads/616678..jfif-1756213357.webp|https://cdn.supercommerce.io/seif-pharmacies/uploads/618581-1775464822.webp,https://seif-online.com/en/product/every-day-essentials/body-fresheners/body-spray
Deodrant Roll On,,,Apply,Medicine,,Download App Now,,,https://cdn.supercommerce.io/seif-pharmacies/uploads/615768.webp|https://masterapi.witheldokan.com/storage/seif-pharmacies/uploads/615768--1753883301.webp|https://cdn.supercommerce.io/seif-pharmacies/uploads/615770.webp|https://cdn.supercommerce.io/seif-pharmacies/uploads/615773.webp|https://cdn.supercommerce.io/seif-pharmacies/uploads/615772.webp|https://cdn.supercommerce.io/seif-pharmacies/uploads/615767.webp|https://cdn.supercommerce.io/seif-pharmacies/uploads/615771.webp|https://cdn.supercommerce.io/seif-pharmacies/uploads/615931-1768726598.webp|https://cdn.supercommerce.io/seif-pharmacies/uploads/615769.webp|https://masterapi.witheldokan.com/storage/seif-pharmacies/uploads/615769--1753883117.webp|https://masterapi.witheldokan.com/storage/seif-pharmacies/uploads/604586.webp|https://masterapi.witheldokan.com/storage/seif-pharmacies/uploads/613856.webp|https://masterapi.witheldokan.com/storage/seif-pharmacies/uploads/399407.webp|https://masterapi.witheldokan.com/storage/seif-pharmacies/uploads/378268.webp|https://masterapi.witheldokan.com/storage/seif-pharmacies/uploads/613858.webp|https://masterapi.witheldokan.com/storage/seif-pharmacies/uploads/607052.webp|https://masterapi.witheldokan.com/storage/seif-pharmacies/uploads/613359-1761482194.webp|https://masterapi.witheldokan.com/storage/seif-pharmacies/uploads/612298.webp|https://masterapi.witheldokan.com/storage/seif-pharmacies/uploads/608718.webp|https://masterapi.witheldokan.com/storage/seif-pharmacies/uploads/613360-1761482217.webp|https://masterapi.witheldokan.com/storage/seif-pharmacies/uploads/613358-1761482173.webp|https://masterapi.witheldokan.com/storage/seif-pharmacies/uploads/615682webp-1753969117.webp|https://masterapi.witheldokan.com/storage/seif-pharmacies/uploads/608946.webp|https://masterapi.witheldokan.com/storage/seif-pharmacies/uploads/608719.webp|https://masterapi.witheldokan.com/storage/seif-pharmacies/uploads/401370.webp|https://masterapi.witheldokan.com/storage/seif-pharmacies/uploads/613448-1757573934.webp,https://seif-online.com/en/product/every-day-essentials/body-fresheners/deodrant-roll-on
Man Care,,,Apply,Medicine,,Download App Now,,,https://masterapi.witheldokan.com/storage/seif-pharmacies/uploads/43864.webp|https://masterapi.witheldokan.com/storage/seif-pharmacies/uploads/280240.webp|https://masterapi.witheldokan.com/storage/seif-pharmacies/uploads/207925.webp|https://masterapi.witheldokan.com/storage/seif-pharmacies/uploads/88652.webp|https://masterapi.witheldokan.com/storage/seif-pharmacies/uploads/370693.webp|https://masterapi.witheldokan.com/storage/seif-pharmacies/uploads/616403-1759230559.webp|https://masterapi.witheldokan.com/storage/seif-pharmacies/uploads/616405-1759230493.webp|https://masterapi.witheldokan.com/storage/seif-pharmacies/uploads/137598.webp|https://masterapi.witheldokan.com/storage/seif-pharmacies/uploads/370691.webp|https://masterapi.witheldokan.com/storage/seif-pharmacies/uploads/370689.webp|https://masterapi.witheldokan.com/storage/seif-pharmacies/uploads/606819.webp|https://masterapi.witheldokan.com/storage/seif-pharmacies/uploads/608683.webp|https://masterapi.witheldokan.com/storage/seif-pharmacies/uploads/385665.webp|https://masterapi.witheldokan.com/storage/seif-pharmacies/uploads/30951.webp|https://masterapi.witheldokan.com/storage/seif-pharmacies/uploads/605801.webp|https://masterapi.witheldokan.com/storage/seif-pharmacies/uploads/616404-1759230588.webp|https://masterapi.witheldokan.com/storage/seif-pharmacies/uploads/348747.webp|https://masterapi.witheldokan.com/storage/seif-pharmacies/uploads/369774.webp|https://masterapi.witheldokan.com/storage/seif-pharmacies/uploads/203955.webp|https://masterapi.witheldokan.com/storage/seif-pharmacies/uploads/616406-1759230454.webp|https://masterapi.witheldokan.com/storage/seif-pharmacies/uploads/369775.webp,https://seif-online.com/en/product/every-day-essentials/man-care
Shaving Machines,,,Apply,Medicine,,Download App Now,,,https://masterapi.witheldokan.com/storage/seif-pharmacies/uploads/43864.webp|https://masterapi.witheldokan.com/storage/seif-pharmacies/uploads/280240.webp|https://masterapi.witheldokan.com/storage/seif-pharmacies/uploads/207925.webp|https://masterapi.witheldokan.com/storage/seif-pharmacies/uploads/88652.webp|https://masterapi.witheldokan.com/storage/seif-pharmacies/uploads/137598.webp|https://masterapi.witheldokan.com/storage/seif-pharmacies/uploads/606819.webp|https://masterapi.witheldokan.com/storage/seif-pharmacies/uploads/385665.webp|https://masterapi.witheldokan.com/storage/seif-pharmacies/uploads/30951.webp|https://masterapi.witheldokan.com/storage/seif-pharmacies/uploads/605801.webp|https://masterapi.witheldokan.com/storage/seif-pharmacies/uploads/348747.webp|https://masterapi.witheldokan.com/storage/seif-pharmacies/uploads/610465.webp|https://masterapi.witheldokan.com/storage/seif-pharmacies/uploads/365741.webp|https://masterapi.witheldokan.com/storage/seif-pharmacies/uploads/610463.webp|https://masterapi.witheldokan.com/storage/seif-pharmacies/uploads/354884.webp|https://masterapi.witheldokan.com/storage/seif-pharmacies/uploads/610466.webp|https://masterapi.witheldokan.com/storage/seif-pharmacies/uploads/385664.webp|https://masterapi.witheldokan.com/storage/seif-pharmacies/uploads/383805.webp|https://masterapi.witheldokan.com/storage/seif-pharmacies/uploads/610469.webp|https://masterapi.witheldokan.com/storage/seif-pharmacies/uploads/334758.webp,https://seif-online.com/en/product/every-day-essentials/man-care/shaving-machines
Beard Care,,,Apply,Medicine,,Download App Now,,,https://cdn.supercommerce.io/seif-pharmacies/uploads/617615-1768910702.webp|https://cdn.supercommerce.io/seif-pharmacies/uploads/618060-1768479177.webp|https://masterapi.witheldokan.com/storage/seif-pharmacies/uploads/403132.webp|https://masterapi.witheldokan.com/storage/seif-pharmacies/uploads/609211.webp,https://seif-online.com/en/product/every-day-essentials/man-care/beard-care
Shave & After Shave Products,,,Apply,Medicine,,Download App Now,,,https://masterapi.witheldokan.com/storage/seif-pharmacies/uploads/370693.webp|https://masterapi.witheldokan.com/storage/seif-pharmacies/uploads/616403-1759230559.webp|https://masterapi.witheldokan.com/storage/seif-pharmacies/uploads/616405-1759230493.webp|https://masterapi.witheldokan.com/storage/seif-pharmacies/uploads/370691.webp|https://masterapi.witheldokan.com/storage/seif-pharmacies/uploads/370689.webp|https://masterapi.witheldokan.com/storage/seif-pharmacies/uploads/608683.webp|https://masterapi.witheldokan.com/storage/seif-pharmacies/uploads/616404-1759230588.webp|https://masterapi.witheldokan.com/storage/seif-pharmacies/uploads/369774.webp|https://masterapi.witheldokan.com/storage/seif-pharmacies/uploads/203955.webp|https://masterapi.witheldokan.com/storage/seif-pharmacies/uploads/616406-1759230454.webp|https://masterapi.witheldokan.com/storage/seif-pharmacies/uploads/369775.webp|https://masterapi.witheldokan.com/storage/seif-pharmacies/uploads/616407-1759230524.webp|https://masterapi.witheldokan.com/storage/seif-pharmacies/uploads/52808.webp|https://masterapi.witheldokan.com/storage/seif-pharmacies/uploads/403093.webp|https://masterapi.witheldokan.com/storage/seif-pharmacies/uploads/17035.webp|https://masterapi.witheldokan.com/storage/seif-pharmacies/uploads/616411-1759153183.webp|https://masterapi.witheldokan.com/storage/seif-pharmacies/uploads/616408-1759230378.webp|https://cdn.supercommerce.io/seif-pharmacies/uploads/618236-1773820203.webp|https://masterapi.witheldokan.com/storage/seif-pharmacies/uploads/616409-1759230417.webp|https://masterapi.witheldokan.com/storage/seif-pharmacies/uploads/616410-1759153151.webp|https://masterapi.witheldokan.com/storage/seif-pharmacies/uploads/370690.webp|https://masterapi.witheldokan.com/storage/seif-pharmacies/uploads/369776.webp,https://seif-online.com/en/product/every-day-essentials/man-care/shave-after-shave-products
Shaving & Trimming Electronics,,,Apply,Medicine,,Download App Now,,,https://masterapi.witheldokan.com/storage/seif-pharmacies/uploads/616151-1759394846.webp|https://masterapi.witheldokan.com/storage/seif-pharmacies/uploads/603883.webp|https://masterapi.witheldokan.com/storage/seif-pharmacies/uploads/616144-1759394732.webp|https://masterapi.witheldokan.com/storage/seif-pharmacies/uploads/616146-1759394757.webp|https://masterapi.witheldokan.com/storage/seif-pharmacies/uploads/616147-1759394790.webp|https://masterapi.witheldokan.com/storage/seif-pharmacies/uploads/616148-1759394677.webp|https://masterapi.witheldokan.com/storage/seif-pharmacies/uploads/616149-1759394704.webp|https://masterapi.witheldokan.com/storage/seif-pharmacies/uploads/616150-1759394654.webp|https://masterapi.witheldokan.com/storage/seif-pharmacies/uploads/616152-1759394821.webp|https://masterapi.witheldokan.com/storage/seif-pharmacies/uploads/616153-1759394622.webp,https://seif-online.com/en/product/every-day-essentials/man-care/shaving-trimming-electronics
Home Care&Hygienics,,,Apply,Medicine,,Download App Now,,,https://masterapi.witheldokan.com/storage/seif-pharmacies/uploads/4219.webp|https://masterapi.witheldokan.com/storage/seif-pharmacies/uploads/302531.webp|https://masterapi.witheldokan.com/storage/seif-pharmacies/uploads/403163.webp|https://masterapi.witheldokan.com/storage/seif-pharmacies/uploads/265038.webp|https://masterapi.witheldokan.com/storage/seif-pharmacies/uploads/315872.webp|https://masterapi.witheldokan.com/storage/seif-pharmacies/uploads/264225.webp|https://masterapi.witheldokan.com/storage/seif-pharmacies/uploads/276752.webp|https://masterapi.witheldokan.com/storage/seif-pharmacies/uploads/376171.webp|https://masterapi.witheldokan.com/storage/seif-pharmacies/uploads/207371-1761467544.webp|https://masterapi.witheldokan.com/storage/seif-pharmacies/uploads/375255.webp|https://masterapi.witheldokan.com/storage/seif-pharmacies/uploads/4218.webp|https://masterapi.witheldokan.com/storage/seif-pharmacies/uploads/70308.webp|https://masterapi.witheldokan.com/storage/seif-pharmacies/uploads/60043.webp,https://seif-online.com/en/product/every-day-essentials/general/home-carehygienics
Elderly Care,,,Apply,Medicine,,Download App Now,,,https://masterapi.witheldokan.com/storage/seif-pharmacies/uploads/611400.webp|https://masterapi.witheldokan.com/storage/seif-pharmacies/uploads/134032.webp|https://masterapi.witheldokan.com/storage/seif-pharmacies/uploads/312366.webp|https://masterapi.witheldokan.com/storage/seif-pharmacies/uploads/611399.webp|https://masterapi.witheldokan.com/storage/seif-pharmacies/uploads/382352.webp|https://masterapi.witheldokan.com/storage/seif-pharmacies/uploads/107003.webp|https://masterapi.witheldokan.com/storage/seif-pharmacies/uploads/383564.webp|https://masterapi.witheldokan.com/storage/seif-pharmacies/uploads/107004.webp|https://masterapi.witheldokan.com/storage/seif-pharmacies/uploads/386171.webp|https://cdn.supercommerce.io/seif-pharmacies/uploads/615004-1768728635.webp|https://cdn.supercommerce.io/seif-pharmacies/uploads/615008-1768732934.webp|https://masterapi.witheldokan.com/storage/seif-pharmacies/uploads/602017.webp|https://masterapi.witheldokan.com/storage/seif-pharmacies/uploads/611398.webp|https://cdn.supercommerce.io/seif-pharmacies/uploads/615005-1768731733.webp|https://cdn.supercommerce.io/seif-pharmacies/uploads/20931528-1768732795.webp|https://cdn.supercommerce.io/seif-pharmacies/uploads/615003-1768725207.webp|https://cdn.supercommerce.io/seif-pharmacies/uploads/615007-1768733574.webp|https://masterapi.witheldokan.com/storage/seif-pharmacies/uploads/385773.webp|https://masterapi.witheldokan.com/storage/seif-pharmacies/uploads/394766.webp|https://masterapi.witheldokan.com/storage/seif-pharmacies/uploads/602058.webp|https://masterapi.witheldokan.com/storage/seif-pharmacies/uploads/385772.webp,https://seif-online.com/en/product/every-day-essentials/general/elderly-care
Hair Treatment,,,Apply,Medicine,,Download App Now,,,https://masterapi.witheldokan.com/storage/seif-pharmacies/uploads/602538.webp|https://masterapi.witheldokan.com/storage/seif-pharmacies/uploads/607707.webp|https://masterapi.witheldokan.com/storage/seif-pharmacies/uploads/319002.webp|https://masterapi.witheldokan.com/storage/seif-pharmacies/uploads/617565-(1).webp|https://masterapi.witheldokan.com/storage/seif-pharmacies/uploads/399409.webp|https://masterapi.witheldokan.com/storage/seif-pharmacies/uploads/606191.webp|https://masterapi.witheldokan.com/storage/seif-pharmacies/uploads/614745.webp|https://masterapi.witheldokan.com/storage/seif-pharmacies/uploads/614744.webp|https://masterapi.witheldokan.com/storage/seif-pharmacies/uploads/614746.webp|https://masterapi.witheldokan.com/storage/seif-pharmacies/uploads/343153.webp|https://masterapi.witheldokan.com/storage/seif-pharmacies/uploads/403906.webp|https://masterapi.witheldokan.com/storage/seif-pharmacies/uploads/608148.webp|https://masterapi.witheldokan.com/storage/seif-pharmacies/uploads/324581.webp|https://masterapi.witheldokan.com/storage/seif-pharmacies/uploads/284941.webp|https://masterapi.witheldokan.com/storage/seif-pharmacies/uploads/35676.webp|https://masterapi.witheldokan.com/storage/seif-pharmacies/uploads/399411.webp|https://masterapi.witheldokan.com/storage/seif-pharmacies/uploads/605343.webp|https://masterapi.witheldokan.com/storage/seif-pharmacies/uploads/31001.webp|https://masterapi.witheldokan.com/storage/seif-pharmacies/uploads/431206.webp|https://masterapi.witheldokan.com/storage/seif-pharmacies/uploads/610375.webp|https://masterapi.witheldokan.com/storage/seif-pharmacies/uploads/602239.webp|https://masterapi.witheldokan.com/storage/seif-pharmacies/uploads/605346.webp|https://masterapi.witheldokan.com/storage/seif-pharmacies/uploads/8063.webp,https://seif-online.com/en/product/hair-care/general/hair-treatment
Hair Oil & Serum,,,Apply,Medicine,,Download App Now,,,https://masterapi.witheldokan.com/storage/seif-pharmacies/uploads/612292.webp|https://cdn.supercommerce.io/seif-pharmacies/uploads/617406.webp|https://masterapi.witheldokan.com/storage/seif-pharmacies/uploads/608254.webp|https://cdn.supercommerce.io/seif-pharmacies/uploads/608815.webp|https://masterapi.witheldokan.com/storage/seif-pharmacies/uploads/608814.webp|https://masterapi.witheldokan.com/storage/seif-pharmacies/uploads/617102-1759064367.webp|https://masterapi.witheldokan.com/storage/seif-pharmacies/uploads/613301.webp|https://masterapi.witheldokan.com/storage/seif-pharmacies/uploads/606190.webp|https://masterapi.witheldokan.com/storage/seif-pharmacies/uploads/318318.webp|https://masterapi.witheldokan.com/storage/seif-pharmacies/uploads/613300.webp|https://masterapi.witheldokan.com/storage/seif-pharmacies/uploads/610814.webp|https://masterapi.witheldokan.com/storage/seif-pharmacies/uploads/610816.webp|https://masterapi.witheldokan.com/storage/seif-pharmacies/uploads/603864.webp|https://masterapi.witheldokan.com/storage/seif-pharmacies/uploads/612038.webp|https://masterapi.witheldokan.com/storage/seif-pharmacies/uploads/608785-1751962531.webp|https://masterapi.witheldokan.com/storage/seif-pharmacies/uploads/602889.webp|https://masterapi.witheldokan.com/storage/seif-pharmacies/uploads/350000.webp|https://masterapi.witheldokan.com/storage/seif-pharmacies/uploads/608253.webp|https://cdn.supercommerce.io/seif-pharmacies/uploads/611249.webp|https://masterapi.witheldokan.com/storage/seif-pharmacies/uploads/612293.webp|https://masterapi.witheldokan.com/storage/seif-pharmacies/uploads/613750-1756644521.webp|https://masterapi.witheldokan.com/storage/seif-pharmacies/uploads/403034.webp|https://masterapi.witheldokan.com/storage/seif-pharmacies/uploads/610815.webp,https://seif-online.com/en/product/hair-care/general/hair-oil-serum
Hair Styling,,,Apply,Medicine,,Download App Now,,,https://cdn.supercommerce.io/seif-pharmacies/uploads/616542.webp|https://masterapi.witheldokan.com/storage/seif-pharmacies/uploads/602390-1760878921.webp|https://masterapi.witheldokan.com/storage/seif-pharmacies/uploads/602389-1760878862.webp|https://cdn.supercommerce.io/seif-pharmacies/uploads/614865.webp|https://masterapi.witheldokan.com/storage/seif-pharmacies/uploads/318093.webp|https://masterapi.witheldokan.com/storage/seif-pharmacies/uploads/602392-1760878776.webp|https://masterapi.witheldokan.com/storage/seif-pharmacies/uploads/609306.webp|https://masterapi.witheldokan.com/storage/seif-pharmacies/uploads/180984-1761467194.webp|https://masterapi.witheldokan.com/storage/seif-pharmacies/uploads/347426.webp|https://masterapi.witheldokan.com/storage/seif-pharmacies/uploads/317069.webp|https://masterapi.witheldokan.com/storage/seif-pharmacies/uploads/616401-1759312074.webp|https://masterapi.witheldokan.com/storage/seif-pharmacies/uploads/57594.webp|https://masterapi.witheldokan.com/storage/seif-pharmacies/uploads/397012.webp|https://masterapi.witheldokan.com/storage/seif-pharmacies/uploads/370301.webp|https://cdn.supercommerce.io/seif-pharmacies/uploads/613961-1768470987.webp|https://masterapi.witheldokan.com/storage/seif-pharmacies/uploads/271478.webp|https://masterapi.witheldokan.com/storage/seif-pharmacies/uploads/609305.webp|https://masterapi.witheldokan.com/storage/seif-pharmacies/uploads/611194.webp|https://masterapi.witheldokan.com/storage/seif-pharmacies/uploads/611205.webp|https://masterapi.witheldokan.com/storage/seif-pharmacies/uploads/613297.webp|https://masterapi.witheldokan.com/storage/seif-pharmacies/uploads/614864.webp|https://masterapi.witheldokan.com/storage/seif-pharmacies/uploads/602393.webp|https://masterapi.witheldokan.com/storage/seif-pharmacies/uploads/383994.webp,https://seif-online.com/en/product/hair-care/general/hair-styling
Hair Conditioner,,,Apply,Medicine,,Download App Now,,,https://cdn.supercommerce.io/seif-pharmacies/uploads/616541.webp|https://masterapi.witheldokan.com/storage/seif-pharmacies/uploads/615349.webp|https://masterapi.witheldokan.com/storage/seif-pharmacies/uploads/611560.webp|https://cdn.supercommerce.io/seif-pharmacies/uploads/608813.webp|https://masterapi.witheldokan.com/storage/seif-pharmacies/uploads/403032.webp|https://masterapi.witheldokan.com/storage/seif-pharmacies/uploads/602882.webp|https://masterapi.witheldokan.com/storage/seif-pharmacies/uploads/276484.webp|https://masterapi.witheldokan.com/storage/seif-pharmacies/uploads/609638.webp|https://masterapi.witheldokan.com/storage/seif-pharmacies/uploads/609642-1756017745.webp|https://masterapi.witheldokan.com/storage/seif-pharmacies/uploads/612312-1756017998.webp|https://masterapi.witheldokan.com/storage/seif-pharmacies/uploads/612313.webp|https://masterapi.witheldokan.com/storage/seif-pharmacies/uploads/54285.webp|https://masterapi.witheldokan.com/storage/seif-pharmacies/uploads/610806.webp|https://masterapi.witheldokan.com/storage/seif-pharmacies/uploads/401024.webp|https://masterapi.witheldokan.com/storage/seif-pharmacies/uploads/160480.webp|https://masterapi.witheldokan.com/storage/seif-pharmacies/uploads/276493.webp|https://masterapi.witheldokan.com/storage/seif-pharmacies/uploads/602884.webp|https://masterapi.witheldokan.com/storage/seif-pharmacies/uploads/614807-1762944010.webp|https://masterapi.witheldokan.com/storage/seif-pharmacies/uploads/302220.webp|https://masterapi.witheldokan.com/storage/seif-pharmacies/uploads/615628-1758548421.webp|https://masterapi.witheldokan.com/storage/seif-pharmacies/uploads/612757-1754398371.webp|https://masterapi.witheldokan.com/storage/seif-pharmacies/uploads/609639.webp|https://masterapi.witheldokan.com/storage/seif-pharmacies/uploads/615985.webp|https://masterapi.witheldokan.com/storage/seif-pharmacies/uploads/614806-1762943989.webp,https://seif-online.com/en/product/hair-care/general/hair-conditioner
Hair Colorings,,,Apply,Medicine,,Download App Now,,,https://masterapi.witheldokan.com/storage/seif-pharmacies/uploads/61865.webp|https://cdn.supercommerce.io/seif-pharmacies/uploads/383201.webp|https://masterapi.witheldokan.com/storage/seif-pharmacies/uploads/94147.webp|https://masterapi.witheldokan.com/storage/seif-pharmacies/uploads/230104-1760951528.webp|https://masterapi.witheldokan.com/storage/seif-pharmacies/uploads/160614-1760951337.webp|https://masterapi.witheldokan.com/storage/seif-pharmacies/uploads/48924.webp|https://masterapi.witheldokan.com/storage/seif-pharmacies/uploads/230103-1760951505.webp|https://masterapi.witheldokan.com/storage/seif-pharmacies/uploads/28770.webp|https://masterapi.witheldokan.com/storage/seif-pharmacies/uploads/403024.webp|https://masterapi.witheldokan.com/storage/seif-pharmacies/uploads/4615.webp|https://masterapi.witheldokan.com/storage/seif-pharmacies/uploads/151767.webp|https://masterapi.witheldokan.com/storage/seif-pharmacies/uploads/322179.webp|https://masterapi.witheldokan.com/storage/seif-pharmacies/uploads/99062.webp|https://masterapi.witheldokan.com/storage/seif-pharmacies/uploads/173664-1760951441.webp|https://masterapi.witheldokan.com/storage/seif-pharmacies/uploads/403025.webp|https://masterapi.witheldokan.com/storage/seif-pharmacies/uploads/403027.webp|https://masterapi.witheldokan.com/storage/seif-pharmacies/uploads/304299-1760951733.webp|https://masterapi.witheldokan.com/storage/seif-pharmacies/uploads/99061.webp|https://masterapi.witheldokan.com/storage/seif-pharmacies/uploads/99074.webp|https://masterapi.witheldokan.com/storage/seif-pharmacies/uploads/99077.webp|https://masterapi.witheldokan.com/storage/seif-pharmacies/uploads/94146.webp,https://seif-online.com/en/product/hair-care/general/hair-colorings
Hair Shampoo,,,Apply,Medicine,,Download App Now,,,https://cdn.supercommerce.io/seif-pharmacies/uploads/616540.webp|https://cdn.supercommerce.io/seif-pharmacies/uploads/608810.webp|https://masterapi.witheldokan.com/storage/seif-pharmacies/uploads/608811.webp|https://masterapi.witheldokan.com/storage/seif-pharmacies/uploads/602880.webp|https://masterapi.witheldokan.com/storage/seif-pharmacies/uploads/383996-1763382953.webp|https://masterapi.witheldokan.com/storage/seif-pharmacies/uploads/602879.webp|https://masterapi.witheldokan.com/storage/seif-pharmacies/uploads/305264.webp|https://masterapi.witheldokan.com/storage/seif-pharmacies/uploads/602881.webp|https://masterapi.witheldokan.com/storage/seif-pharmacies/uploads/403031.webp|https://masterapi.witheldokan.com/storage/seif-pharmacies/uploads/335514.webp|https://masterapi.witheldokan.com/storage/seif-pharmacies/uploads/613299.webp|https://masterapi.witheldokan.com/storage/seif-pharmacies/uploads/403029.webp|https://masterapi.witheldokan.com/storage/seif-pharmacies/uploads/612756-1754397952.webp|https://masterapi.witheldokan.com/storage/seif-pharmacies/uploads/615629.webp|https://masterapi.witheldokan.com/storage/seif-pharmacies/uploads/615626-1754818513.webp|https://masterapi.witheldokan.com/storage/seif-pharmacies/uploads/302938.webp|https://masterapi.witheldokan.com/storage/seif-pharmacies/uploads/397112.webp|https://masterapi.witheldokan.com/storage/seif-pharmacies/uploads/397113.webp|https://masterapi.witheldokan.com/storage/seif-pharmacies/uploads/614805-1762943970.webp|https://masterapi.witheldokan.com/storage/seif-pharmacies/uploads/276476.webp|https://masterapi.witheldokan.com/storage/seif-pharmacies/uploads/615677-1758179863.webp|https://masterapi.witheldokan.com/storage/seif-pharmacies/uploads/612311-1756018054.webp|https://masterapi.witheldokan.com/storage/seif-pharmacies/uploads/276475.webp|https://masterapi.witheldokan.com/storage/seif-pharmacies/uploads/276488.webp,https://seif-online.com/en/product/hair-care/general/hair-shampoo
Hair Cure & Lice Treatment,,,Apply,Medicine,,Download App Now,,,https://masterapi.witheldokan.com/storage/seif-pharmacies/uploads/608206.webp|https://cdn.supercommerce.io/seif-pharmacies/uploads/609613.webp,https://seif-online.com/en/product/hair-care/general/hair-cure-lice-treatment
Hair Mask,,,Apply,Medicine,,Download App Now,,,https://masterapi.witheldokan.com/storage/seif-pharmacies/uploads/403743.webp|https://cdn.supercommerce.io/seif-pharmacies/uploads/616543.webp|https://masterapi.witheldokan.com/storage/seif-pharmacies/uploads/614866.webp|https://masterapi.witheldokan.com/storage/seif-pharmacies/uploads/611901-1751962211.webp|https://cdn.supercommerce.io/seif-pharmacies/uploads/608812.webp|https://masterapi.witheldokan.com/storage/seif-pharmacies/uploads/614863.webp|https://masterapi.witheldokan.com/storage/seif-pharmacies/uploads/615348.webp|https://masterapi.witheldokan.com/storage/seif-pharmacies/uploads/613298.webp|https://masterapi.witheldokan.com/storage/seif-pharmacies/uploads/610809.webp|https://masterapi.witheldokan.com/storage/seif-pharmacies/uploads/610807.webp|https://masterapi.witheldokan.com/storage/seif-pharmacies/uploads/608225.webp|https://masterapi.witheldokan.com/storage/seif-pharmacies/uploads/602885.webp|https://masterapi.witheldokan.com/storage/seif-pharmacies/uploads/602887.webp|https://masterapi.witheldokan.com/storage/seif-pharmacies/uploads/617727-1763382615.webp|https://masterapi.witheldokan.com/storage/seif-pharmacies/uploads/610808.webp|https://masterapi.witheldokan.com/storage/seif-pharmacies/uploads/602886.webp|https://masterapi.witheldokan.com/storage/seif-pharmacies/uploads/614931-1759930798.webp|https://masterapi.witheldokan.com/storage/seif-pharmacies/uploads/382662.webp|https://masterapi.witheldokan.com/storage/seif-pharmacies/uploads/614749.webp|https://masterapi.witheldokan.com/storage/seif-pharmacies/uploads/382663.webp|https://masterapi.witheldokan.com/storage/seif-pharmacies/uploads/616730.webp|https://masterapi.witheldokan.com/storage/seif-pharmacies/uploads/614308.webp|https://masterapi.witheldokan.com/storage/seif-pharmacies/uploads/614750.webp,https://seif-online.com/en/product/hair-care/general/hair-mask
Condoms,,,Apply,Medicine,,Download App Now,,,https://masterapi.witheldokan.com/storage/seif-pharmacies/uploads/161509-1756642099.jfif|https://masterapi.witheldokan.com/storage/seif-pharmacies/uploads/259554.webp|https://masterapi.witheldokan.com/storage/seif-pharmacies/uploads/605007-1762944686.webp|https://masterapi.witheldokan.com/storage/seif-pharmacies/uploads/161503-1762944575.webp|https://masterapi.witheldokan.com/storage/seif-pharmacies/uploads/601214-1762944659.webp|https://masterapi.witheldokan.com/storage/seif-pharmacies/uploads/161502-1762944548.webp|https://masterapi.witheldokan.com/storage/seif-pharmacies/uploads/284762.webp|https://masterapi.witheldokan.com/storage/seif-pharmacies/uploads/605008-1762944711.webp|https://cdn.supercommerce.io/seif-pharmacies/uploads/60718-1773228020.webp|https://masterapi.witheldokan.com/storage/seif-pharmacies/uploads/357442.webp|https://cdn.supercommerce.io/seif-pharmacies/uploads/614934.webp|https://masterapi.witheldokan.com/storage/seif-pharmacies/uploads/234923.webp|https://cdn.supercommerce.io/seif-pharmacies/uploads/60716-1773227573.webp|https://masterapi.witheldokan.com/storage/seif-pharmacies/uploads/357443.webp|https://masterapi.witheldokan.com/storage/seif-pharmacies/uploads/601209-1762944603.webp|https://cdn.supercommerce.io/seif-pharmacies/uploads/300689-1773231047.webp|https://cdn.supercommerce.io/seif-pharmacies/uploads/357255-1772881798.webp|https://cdn.supercommerce.io/seif-pharmacies/uploads/196200-1773228177.webp|https://cdn.supercommerce.io/seif-pharmacies/uploads/618448-1773313718.webp|https://cdn.supercommerce.io/seif-pharmacies/uploads/618446-1773313610.webp|https://cdn.supercommerce.io/seif-pharmacies/uploads/618397-1773313509.webp|https://masterapi.witheldokan.com/storage/seif-pharmacies/uploads/58431.webp|https://cdn.supercommerce.io/seif-pharmacies/uploads/357253-1772881616.webp|https://cdn.supercommerce.io/seif-pharmacies/uploads/616603-1772881976.webp,https://seif-online.com/en/product/sexual-health/general/condoms
Male Sexual Tonics,,,Apply,Medicine,,Download App Now,,,https://masterapi.witheldokan.com/storage/seif-pharmacies/uploads/277889.webp|https://masterapi.witheldokan.com/storage/seif-pharmacies/uploads/57562.webp|https://masterapi.witheldokan.com/storage/seif-pharmacies/uploads/612933.webp|https://masterapi.witheldokan.com/storage/seif-pharmacies/uploads/383424.webp|https://masterapi.witheldokan.com/storage/seif-pharmacies/uploads/85731.webp|https://masterapi.witheldokan.com/storage/seif-pharmacies/uploads/608819.webp|https://masterapi.witheldokan.com/storage/seif-pharmacies/uploads/610263.webp|https://masterapi.witheldokan.com/storage/seif-pharmacies/uploads/228378.webp|https://masterapi.witheldokan.com/storage/seif-pharmacies/uploads/617341-1762262538.webp|https://masterapi.witheldokan.com/storage/seif-pharmacies/uploads/389950.webp|https://masterapi.witheldokan.com/storage/seif-pharmacies/uploads/16324.webp|https://masterapi.witheldokan.com/storage/seif-pharmacies/uploads/373674.webp|https://cdn.supercommerce.io/seif-pharmacies/uploads/616689-1773232228.webp|https://masterapi.witheldokan.com/storage/seif-pharmacies/uploads/383134.webp|https://masterapi.witheldokan.com/storage/seif-pharmacies/uploads/373535.webp|https://masterapi.witheldokan.com/storage/seif-pharmacies/uploads/615560-1762855328.webp|https://masterapi.witheldokan.com/storage/seif-pharmacies/uploads/615125-1756642155.jfif|https://masterapi.witheldokan.com/storage/seif-pharmacies/uploads/317794.webp|https://masterapi.witheldokan.com/storage/seif-pharmacies/uploads/340057.webp|https://masterapi.witheldokan.com/storage/seif-pharmacies/uploads/301490.webp|https://masterapi.witheldokan.com/storage/seif-pharmacies/uploads/612812.webp|https://masterapi.witheldokan.com/storage/seif-pharmacies/uploads/378028.webp|https://cdn.supercommerce.io/seif-pharmacies/uploads/616690-1773232150.webp,https://seif-online.com/en/product/sexual-health/general/male-sexual-tonics
Lubricants & Moisturizers,,,Apply,Medicine,,Download App Now,,,https://masterapi.witheldokan.com/storage/seif-pharmacies/uploads/90387.webp|https://masterapi.witheldokan.com/storage/seif-pharmacies/uploads/300507.webp|https://masterapi.witheldokan.com/storage/seif-pharmacies/uploads/300505.webp|https://masterapi.witheldokan.com/storage/seif-pharmacies/uploads/614229-1756643115.jfif|https://masterapi.witheldokan.com/storage/seif-pharmacies/uploads/614228-1756643174.jfif|https://masterapi.witheldokan.com/storage/seif-pharmacies/uploads/614230-1756643230.jfif|https://masterapi.witheldokan.com/storage/seif-pharmacies/uploads/614227-1756643022.jfif|https://masterapi.witheldokan.com/storage/seif-pharmacies/uploads/327402.webp|https://masterapi.witheldokan.com/storage/seif-pharmacies/uploads/383948.webp|https://masterapi.witheldokan.com/storage/seif-pharmacies/uploads/259775.webp|https://masterapi.witheldokan.com/storage/seif-pharmacies/uploads/338660.webp|https://masterapi.witheldokan.com/storage/seif-pharmacies/uploads/202926.webp|https://masterapi.witheldokan.com/storage/seif-pharmacies/uploads/338659.webp|https://masterapi.witheldokan.com/storage/seif-pharmacies/uploads/218320.webp|https://masterapi.witheldokan.com/storage/seif-pharmacies/uploads/393760.webp|https://masterapi.witheldokan.com/storage/seif-pharmacies/uploads/393763.webp|https://masterapi.witheldokan.com/storage/seif-pharmacies/uploads/3054.webp|https://masterapi.witheldokan.com/storage/seif-pharmacies/uploads/310564.webp|https://masterapi.witheldokan.com/storage/seif-pharmacies/uploads/348209.webp|https://masterapi.witheldokan.com/storage/seif-pharmacies/uploads/357923.webp|https://masterapi.witheldokan.com/storage/seif-pharmacies/uploads/357927.webp|https://masterapi.witheldokan.com/storage/seif-pharmacies/uploads/362149.webp|https://masterapi.witheldokan.com/storage/seif-pharmacies/uploads/393758.webp,https://seif-online.com/en/product/sexual-health/general/lubricants-moisturizers
Contraceptives,,,Apply,Medicine,,Download App Now,,,https://masterapi.witheldokan.com/storage/seif-pharmacies/uploads/1984.webp|https://masterapi.witheldokan.com/storage/seif-pharmacies/uploads/98205.webp|https://masterapi.witheldokan.com/storage/seif-pharmacies/uploads/336979.webp|https://masterapi.witheldokan.com/storage/seif-pharmacies/uploads/363100.webp|https://masterapi.witheldokan.com/storage/seif-pharmacies/uploads/606350.webp|https://masterapi.witheldokan.com/storage/seif-pharmacies/uploads/250915.webp|https://masterapi.witheldokan.com/storage/seif-pharmacies/uploads/385052.webp|https://masterapi.witheldokan.com/storage/seif-pharmacies/uploads/345688.webp|https://masterapi.witheldokan.com/storage/seif-pharmacies/uploads/608816.webp|https://masterapi.witheldokan.com/storage/seif-pharmacies/uploads/390033.webp|https://masterapi.witheldokan.com/storage/seif-pharmacies/uploads/401468.webp|https://masterapi.witheldokan.com/storage/seif-pharmacies/uploads/383917-1756631916.jfif|https://masterapi.witheldokan.com/storage/seif-pharmacies/uploads/383922.webp|https://masterapi.witheldokan.com/storage/seif-pharmacies/uploads/181790.webp|https://masterapi.witheldokan.com/storage/seif-pharmacies/uploads/313299.webp|https://masterapi.witheldokan.com/storage/seif-pharmacies/uploads/367836.webp|https://masterapi.witheldokan.com/storage/seif-pharmacies/uploads/384415.webp|https://cdn.supercommerce.io/seif-pharmacies/uploads/602774-1770723962.webp|https://masterapi.witheldokan.com/storage/seif-pharmacies/uploads/609489.webp|https://masterapi.witheldokan.com/storage/seif-pharmacies/uploads/1944.webp|https://masterapi.witheldokan.com/storage/seif-pharmacies/uploads/167417.webp|https://masterapi.witheldokan.com/storage/seif-pharmacies/uploads/299324.webp|https://masterapi.witheldokan.com/storage/seif-pharmacies/uploads/377541.webp|https://masterapi.witheldokan.com/storage/seif-pharmacies/uploads/378708.webp,https://seif-online.com/en/product/sexual-health/general/contraceptives
Nebulizer & Accessories,,,Apply,Medicine,,Download App Now,,,https://masterapi.witheldokan.com/storage/seif-pharmacies/uploads/215917.webp|https://masterapi.witheldokan.com/storage/seif-pharmacies/uploads/616502-1759153076.webp|https://masterapi.witheldokan.com/storage/seif-pharmacies/uploads/610209.webp|https://masterapi.witheldokan.com/storage/seif-pharmacies/uploads/610208.webp|https://masterapi.witheldokan.com/storage/seif-pharmacies/uploads/322833.webp|https://masterapi.witheldokan.com/storage/seif-pharmacies/uploads/614362-1760271080.webp|https://masterapi.witheldokan.com/storage/seif-pharmacies/uploads/610210.webp|https://masterapi.witheldokan.com/storage/seif-pharmacies/uploads/321314.webp|https://masterapi.witheldokan.com/storage/seif-pharmacies/uploads/49142.webp|https://masterapi.witheldokan.com/storage/seif-pharmacies/uploads/395092.webp,https://seif-online.com/en/product/medical-equipment-supplies/general/nebulizer-accessories
First Aid & Disposables,,,Apply,Medicine,,Download App Now,,,https://masterapi.witheldokan.com/storage/seif-pharmacies/uploads/5.webp|https://masterapi.witheldokan.com/storage/seif-pharmacies/uploads/10.webp|https://masterapi.witheldokan.com/storage/seif-pharmacies/uploads/387630.webp|https://masterapi.witheldokan.com/storage/seif-pharmacies/uploads/396366.webp|https://masterapi.witheldokan.com/storage/seif-pharmacies/uploads/396362.webp|https://masterapi.witheldokan.com/storage/seif-pharmacies/uploads/396369.webp|https://masterapi.witheldokan.com/storage/seif-pharmacies/uploads/3.webp|https://masterapi.witheldokan.com/storage/seif-pharmacies/uploads/396372.webp|https://masterapi.witheldokan.com/storage/seif-pharmacies/uploads/149225.webp|https://masterapi.witheldokan.com/storage/seif-pharmacies/uploads/388717.webp,https://seif-online.com/en/product/medical-equipment-supplies/general/first-aid-disposables
Medical Supplies,,,Apply,Medicine,,Download App Now,,,https://masterapi.witheldokan.com/storage/seif-pharmacies/uploads/8819.webp|https://masterapi.witheldokan.com/storage/seif-pharmacies/uploads/614544-1759929403.webp|https://masterapi.witheldokan.com/storage/seif-pharmacies/uploads/612893.webp|https://masterapi.witheldokan.com/storage/seif-pharmacies/uploads/612894.webp|https://masterapi.witheldokan.com/storage/seif-pharmacies/uploads/612895.webp|https://masterapi.witheldokan.com/storage/seif-pharmacies/uploads/612892.webp|https://masterapi.witheldokan.com/storage/seif-pharmacies/uploads/613031.webp|https://masterapi.witheldokan.com/storage/seif-pharmacies/uploads/612897.webp|https://masterapi.witheldokan.com/storage/seif-pharmacies/uploads/616500-1759152869.webp|https://masterapi.witheldokan.com/storage/seif-pharmacies/uploads/613030.webp|https://masterapi.witheldokan.com/storage/seif-pharmacies/uploads/616501-1759152898.webp|https://masterapi.witheldokan.com/storage/seif-pharmacies/uploads/613032.webp|https://masterapi.witheldokan.com/storage/seif-pharmacies/uploads/386327.webp,https://seif-online.com/en/product/medical-equipment-supplies/general/medical-supplies
Thermometers,,,Apply,Medicine,,Download App Now,,,https://masterapi.witheldokan.com/storage/seif-pharmacies/uploads/31218.webp|https://masterapi.witheldokan.com/storage/seif-pharmacies/uploads/102146.webp|https://masterapi.witheldokan.com/storage/seif-pharmacies/uploads/68555.webp|https://masterapi.witheldokan.com/storage/seif-pharmacies/uploads/159269.webp|https://masterapi.witheldokan.com/storage/seif-pharmacies/uploads/395888.webp|https://masterapi.witheldokan.com/storage/seif-pharmacies/uploads/395886.webp|https://masterapi.witheldokan.com/storage/seif-pharmacies/uploads/388303.webp|https://masterapi.witheldokan.com/storage/seif-pharmacies/uploads/88660.webp|https://masterapi.witheldokan.com/storage/seif-pharmacies/uploads/384990-1761053613.webp,https://seif-online.com/en/product/medical-equipment-supplies/general/thermometers
Scales,,,Apply,Medicine,,Download App Now,,,https://masterapi.witheldokan.com/storage/seif-pharmacies/uploads/377523.webp|https://masterapi.witheldokan.com/storage/seif-pharmacies/uploads/614684.webp|https://masterapi.witheldokan.com/storage/seif-pharmacies/uploads/260071.webp|https://masterapi.witheldokan.com/storage/seif-pharmacies/uploads/614689.webp|https://masterapi.witheldokan.com/storage/seif-pharmacies/uploads/614690.webp|https://masterapi.witheldokan.com/storage/seif-pharmacies/uploads/614691.webp|https://masterapi.witheldokan.com/storage/seif-pharmacies/uploads/614686.webp|https://masterapi.witheldokan.com/storage/seif-pharmacies/uploads/609985.webp|https://masterapi.witheldokan.com/storage/seif-pharmacies/uploads/611024.webp,https://seif-online.com/en/product/medical-equipment-supplies/general/scales
Pain Management / Heating Pads,,,Apply,Medicine,,Download App Now,,,https://masterapi.witheldokan.com/storage/seif-pharmacies/uploads/13818.webp|https://masterapi.witheldokan.com/storage/seif-pharmacies/uploads/616708-1759143353.webp|https://masterapi.witheldokan.com/storage/seif-pharmacies/uploads/314077.webp|https://masterapi.witheldokan.com/storage/seif-pharmacies/uploads/612891.webp|https://masterapi.witheldokan.com/storage/seif-pharmacies/uploads/611510.webp|https://masterapi.witheldokan.com/storage/seif-pharmacies/uploads/611508.webp|https://masterapi.witheldokan.com/storage/seif-pharmacies/uploads/611507.webp|https://masterapi.witheldokan.com/storage/seif-pharmacies/uploads/611503.webp|https://masterapi.witheldokan.com/storage/seif-pharmacies/uploads/611512.webp|https://masterapi.witheldokan.com/storage/seif-pharmacies/uploads/611511.webp,https://seif-online.com/en/product/medical-equipment-supplies/general/pain-management-heating-pads
Wheel Chairs & Crutches,,,Apply,Medicine,,Download App Now,,,https://masterapi.witheldokan.com/storage/seif-pharmacies/uploads/614610-1759928034.webp|https://masterapi.witheldokan.com/storage/seif-pharmacies/uploads/614461-1759928934.webp|https://masterapi.witheldokan.com/storage/seif-pharmacies/uploads/614398.webp|https://masterapi.witheldokan.com/storage/seif-pharmacies/uploads/614607-1759928437.webp|https://masterapi.witheldokan.com/storage/seif-pharmacies/uploads/614609-1759928148.webp|https://masterapi.witheldokan.com/storage/seif-pharmacies/uploads/616288-1759325343.webp|https://cdn.supercommerce.io/seif-pharmacies/uploads/612138-1774090593.webp,https://seif-online.com/en/product/medical-equipment-supplies/general/wheel-chairs-crutches
Face Masks & Gloves,,,Apply,Medicine,,Download App Now,,,https://masterapi.witheldokan.com/storage/seif-pharmacies/uploads/403290.webp|https://masterapi.witheldokan.com/storage/seif-pharmacies/uploads/389472.webp|https://masterapi.witheldokan.com/storage/seif-pharmacies/uploads/403262.webp|https://masterapi.witheldokan.com/storage/seif-pharmacies/uploads/171605.webp|https://masterapi.witheldokan.com/storage/seif-pharmacies/uploads/616707-1759143313.webp|https://masterapi.witheldokan.com/storage/seif-pharmacies/uploads/384398.webp|https://masterapi.witheldokan.com/storage/seif-pharmacies/uploads/388149.webp|https://masterapi.witheldokan.com/storage/seif-pharmacies/uploads/403261.webp|https://masterapi.witheldokan.com/storage/seif-pharmacies/uploads/4541.webp|https://masterapi.witheldokan.com/storage/seif-pharmacies/uploads/4538.webp|https://masterapi.witheldokan.com/storage/seif-pharmacies/uploads/611402.webp|https://masterapi.witheldokan.com/storage/seif-pharmacies/uploads/611405.webp,https://seif-online.com/en/product/medical-equipment-supplies/general/face-masks-gloves
Compression& Hosier,,,Apply,Medicine,,Download App Now,,,https://masterapi.witheldokan.com/storage/seif-pharmacies/uploads/94040.webp|https://masterapi.witheldokan.com/storage/seif-pharmacies/uploads/396379.webp|https://masterapi.witheldokan.com/storage/seif-pharmacies/uploads/396378.webp|https://masterapi.witheldokan.com/storage/seif-pharmacies/uploads/62594.webp|https://masterapi.witheldokan.com/storage/seif-pharmacies/uploads/94050.webp|https://masterapi.witheldokan.com/storage/seif-pharmacies/uploads/94047.webp,https://seif-online.com/en/product/medical-equipment-supplies/general/compression-hosier
Blood Pressure Monitors,,,Apply,Medicine,,Download App Now,,,https://masterapi.witheldokan.com/storage/seif-pharmacies/uploads/614321.webp|https://masterapi.witheldokan.com/storage/seif-pharmacies/uploads/614319.webp|https://masterapi.witheldokan.com/storage/seif-pharmacies/uploads/614317.webp|https://masterapi.witheldokan.com/storage/seif-pharmacies/uploads/614318.webp|https://masterapi.witheldokan.com/storage/seif-pharmacies/uploads/614320.webp|https://masterapi.witheldokan.com/storage/seif-pharmacies/uploads/404265.webp|https://masterapi.witheldokan.com/storage/seif-pharmacies/uploads/151284.webp|https://masterapi.witheldokan.com/storage/seif-pharmacies/uploads/393366.webp|https://masterapi.witheldokan.com/storage/seif-pharmacies/uploads/18596.webp|https://masterapi.witheldokan.com/storage/seif-pharmacies/uploads/393367.webp|https://masterapi.witheldokan.com/storage/seif-pharmacies/uploads/395889.webp|https://masterapi.witheldokan.com/storage/seif-pharmacies/uploads/303146.webp|https://masterapi.witheldokan.com/storage/seif-pharmacies/uploads/75193.webp|https://masterapi.witheldokan.com/storage/seif-pharmacies/uploads/322729.webp|https://masterapi.witheldokan.com/storage/seif-pharmacies/uploads/396021.webp|https://masterapi.witheldokan.com/storage/seif-pharmacies/uploads/322339.webp|https://masterapi.witheldokan.com/storage/seif-pharmacies/uploads/608888.webp,https://seif-online.com/en/product/medical-equipment-supplies/general/blood-pressure-monitors
Alcohol & Sanitizers,,,Apply,Medicine,,Download App Now,,,https://masterapi.witheldokan.com/storage/seif-pharmacies/uploads/385187.webp|https://masterapi.witheldokan.com/storage/seif-pharmacies/uploads/403182.webp|https://masterapi.witheldokan.com/storage/seif-pharmacies/uploads/307118.webp|https://masterapi.witheldokan.com/storage/seif-pharmacies/uploads/403183.webp,https://seif-online.com/en/product/medical-equipment-supplies/general/alcohol-sanitizers
Diabetes Care,,,Apply,Medicine,,Download App Now,,,https://masterapi.witheldokan.com/storage/seif-pharmacies/uploads/388960.webp|https://masterapi.witheldokan.com/storage/seif-pharmacies/uploads/357389.webp|https://masterapi.witheldokan.com/storage/seif-pharmacies/uploads/614503-1759929166.webp|https://masterapi.witheldokan.com/storage/seif-pharmacies/uploads/607893.webp|https://cdn.supercommerce.io/seif-pharmacies/uploads/403042.webp|https://masterapi.witheldokan.com/storage/seif-pharmacies/uploads/54022.webp|https://masterapi.witheldokan.com/storage/seif-pharmacies/uploads/610726.webp|https://masterapi.witheldokan.com/storage/seif-pharmacies/uploads/336412.webp|https://masterapi.witheldokan.com/storage/seif-pharmacies/uploads/396126.webp|https://masterapi.witheldokan.com/storage/seif-pharmacies/uploads/396125.webp|https://masterapi.witheldokan.com/storage/seif-pharmacies/uploads/322470.webp,https://seif-online.com/en/product/medical-equipment-supplies/general/diabetes-care
Braces & Supports,,,Apply,Medicine,,Download App Now,,,https://masterapi.witheldokan.com/storage/seif-pharmacies/uploads/616530-1759152577.webp|https://masterapi.witheldokan.com/storage/seif-pharmacies/uploads/616529-1759152546.webp|https://masterapi.witheldokan.com/storage/seif-pharmacies/uploads/616527-1759152614.webp|https://masterapi.witheldokan.com/storage/seif-pharmacies/uploads/614613-1759928008.webp|https://masterapi.witheldokan.com/storage/seif-pharmacies/uploads/610178.webp|https://masterapi.witheldokan.com/storage/seif-pharmacies/uploads/616526-1759152673.webp|https://masterapi.witheldokan.com/storage/seif-pharmacies/uploads/610717.webp|https://masterapi.witheldokan.com/storage/seif-pharmacies/uploads/610180.webp|https://masterapi.witheldokan.com/storage/seif-pharmacies/uploads/610174.webp|https://masterapi.witheldokan.com/storage/seif-pharmacies/uploads/610177.webp|https://masterapi.witheldokan.com/storage/seif-pharmacies/uploads/610175.webp|https://masterapi.witheldokan.com/storage/seif-pharmacies/uploads/610173.webp|https://masterapi.witheldokan.com/storage/seif-pharmacies/uploads/610185.webp|https://masterapi.witheldokan.com/storage/seif-pharmacies/uploads/610176.webp|https://masterapi.witheldokan.com/storage/seif-pharmacies/uploads/610187.webp|https://masterapi.witheldokan.com/storage/seif-pharmacies/uploads/610179.webp|https://masterapi.witheldokan.com/storage/seif-pharmacies/uploads/610192.webp|https://masterapi.witheldokan.com/storage/seif-pharmacies/uploads/610191.webp,https://seif-online.com/en/product/medical-equipment-supplies/general/braces-supports
Comfort & Relaxation,,,Apply,Medicine,,Download App Now,,,https://masterapi.witheldokan.com/storage/seif-pharmacies/uploads/398101.webp|https://masterapi.witheldokan.com/storage/seif-pharmacies/uploads/431662.webp|https://masterapi.witheldokan.com/storage/seif-pharmacies/uploads/432382.webp|https://masterapi.witheldokan.com/storage/seif-pharmacies/uploads/616294-1759321064.webp|https://masterapi.witheldokan.com/storage/seif-pharmacies/uploads/608138.webp|https://masterapi.witheldokan.com/storage/seif-pharmacies/uploads/614361-1760270979.webp|https://masterapi.witheldokan.com/storage/seif-pharmacies/uploads/399766.webp|https://masterapi.witheldokan.com/storage/seif-pharmacies/uploads/341740-1761219531.webp|https://masterapi.witheldokan.com/storage/seif-pharmacies/uploads/323868.webp,https://seif-online.com/en/product/medical-equipment-supplies/general/comfort-relaxation
Pulse Oximeters,,,Apply,Medicine,,Download App Now,,,https://masterapi.witheldokan.com/storage/seif-pharmacies/uploads/614833.webp|https://masterapi.witheldokan.com/storage/seif-pharmacies/uploads/403283.webp|https://masterapi.witheldokan.com/storage/seif-pharmacies/uploads/386320.webp|https://masterapi.witheldokan.com/storage/seif-pharmacies/uploads/397281.webp,https://seif-online.com/en/product/medical-equipment-supplies/general/pulse-oximeters
Insoles & Foot Health,,,Apply,Medicine,,Download App Now,,,https://masterapi.witheldokan.com/storage/seif-pharmacies/uploads/367756.webp|https://masterapi.witheldokan.com/storage/seif-pharmacies/uploads/218458.webp,https://seif-online.com/en/product/medical-equipment-supplies/general/insoles-foot-health
Fitness & Slimming,,,Apply,Medicine,,Download App Now,,,https://masterapi.witheldokan.com/storage/seif-pharmacies/uploads/254228.webp|https://masterapi.witheldokan.com/storage/seif-pharmacies/uploads/616592-1759143638.webp|https://masterapi.witheldokan.com/storage/seif-pharmacies/uploads/338775.webp|https://masterapi.witheldokan.com/storage/seif-pharmacies/uploads/355003.webp|https://masterapi.witheldokan.com/storage/seif-pharmacies/uploads/370709-1761218701.webp,https://seif-online.com/en/product/medical-equipment-supplies/general/fitness-slimming
Artixiban 5 Mg 30 Tab (2+1) #,,,Apply,Medicine,,Download App Now,,,https://masterapi.witheldokan.com/storage/seif-pharmacies/uploads/607429-1760869559.webp|https://cdn.supercommerce.io/seif-pharmacies/uploads/615722-1774955061.webp|https://cdn.supercommerce.io/seif-pharmacies/uploads/615723-1774955209.webp|https://cdn.supercommerce.io/seif-pharmacies/uploads/615724-1774955295.webp|https://cdn.supercommerce.io/seif-pharmacies/uploads/615725-1774955362.webp|https://masterapi.witheldokan.com/storage/seif-pharmacies/uploads/615726-1763304163.webp|https://cdn.supercommerce.io/seif-pharmacies/uploads/615760-1769413082.webp|https://masterapi.witheldokan.com/storage/seif-pharmacies/uploads/615848-(1).webp|https://cdn.supercommerce.io/seif-pharmacies/uploads/615913.webp|https://cdn.supercommerce.io/seif-pharmacies/uploads/615917.webp|https://cdn.supercommerce.io/seif-pharmacies/uploads/615931-1768726598.webp|https://cdn.supercommerce.io/seif-pharmacies/uploads/615932.webp|https://cdn.supercommerce.io/seif-pharmacies/uploads/615936-1771232883.webp|https://masterapi.witheldokan.com/storage/seif-pharmacies/uploads/615985.webp|https://masterapi.witheldokan.com/storage/seif-pharmacies/uploads/615986.webp|https://cdn.supercommerce.io/seif-pharmacies/uploads/616000.webp|https://cdn.supercommerce.io/seif-pharmacies/uploads/616001-1770017787.webp|https://cdn.supercommerce.io/seif-pharmacies/uploads/616002-1770018856.webp|https://masterapi.witheldokan.com/storage/seif-pharmacies/uploads/616072webp-1753949284.webp|https://masterapi.witheldokan.com/storage/seif-pharmacies/uploads/99061-1751188828.webp|https://masterapi.witheldokan.com/storage/seif-pharmacies/uploads/389692-1760964822.webp|https://masterapi.witheldokan.com/storage/seif-pharmacies/uploads/614599-1759928490.webp|https://cdn.supercommerce.io/seif-pharmacies/uploads/614809-1775483567.webp,https://seif-online.com/en/products/deals?sort=high-discount
=======
Body Care,,,Apply,Skin Care,,Download App Now,,,https://masterapi.witheldokan.com/storage/seif-pharmacies/uploads/602540.webp|https://masterapi.witheldokan.com/storage/seif-pharmacies/uploads/612871.webp|https://masterapi.witheldokan.com/storage/seif-pharmacies/uploads/612870.webp|https://masterapi.witheldokan.com/storage/seif-pharmacies/uploads/609037.webp|https://masterapi.witheldokan.com/storage/seif-pharmacies/uploads/602142.webp|https://cdn.supercommerce.io/seif-pharmacies/uploads/602143-1773396103.webp|https://masterapi.witheldokan.com/storage/seif-pharmacies/uploads/602146.webp|https://masterapi.witheldokan.com/storage/seif-pharmacies/uploads/602145.webp|https://masterapi.witheldokan.com/storage/seif-pharmacies/uploads/608247.webp|https://masterapi.witheldokan.com/storage/seif-pharmacies/uploads/602144.webp|https://masterapi.witheldokan.com/storage/seif-pharmacies/uploads/404164.webp|https://masterapi.witheldokan.com/storage/seif-pharmacies/uploads/34027.webp|https://masterapi.witheldokan.com/storage/seif-pharmacies/uploads/57243-1762157036.webp|https://masterapi.witheldokan.com/storage/seif-pharmacies/uploads/616377-1756631632.webp|https://masterapi.witheldokan.com/storage/seif-pharmacies/uploads/610156.webp|https://masterapi.witheldokan.com/storage/seif-pharmacies/uploads/404166.webp|https://masterapi.witheldokan.com/storage/seif-pharmacies/uploads/321924.webp|https://masterapi.witheldokan.com/storage/seif-pharmacies/uploads/610157.webp|https://masterapi.witheldokan.com/storage/seif-pharmacies/uploads/615492-1759067774.webp|https://masterapi.witheldokan.com/storage/seif-pharmacies/uploads/404161.webp|https://masterapi.witheldokan.com/storage/seif-pharmacies/uploads/616378-1756631793.webp|https://cdn.supercommerce.io/seif-pharmacies/uploads/618730-1775473369.webp,https://seif-online.com/en/product/skin-care/body-care
Scars & Stretchmarks,,,Apply,Skin Care,,Download App Now,,,https://masterapi.witheldokan.com/storage/seif-pharmacies/uploads/57243-1762157036.webp|https://masterapi.witheldokan.com/storage/seif-pharmacies/uploads/610156.webp|https://masterapi.witheldokan.com/storage/seif-pharmacies/uploads/610157.webp|https://masterapi.witheldokan.com/storage/seif-pharmacies/uploads/616196-1757583397.webp|https://masterapi.witheldokan.com/storage/seif-pharmacies/uploads/614725.webp|https://masterapi.witheldokan.com/storage/seif-pharmacies/uploads/616198-1757583574.webp|https://masterapi.witheldokan.com/storage/seif-pharmacies/uploads/605365.webp|https://masterapi.witheldokan.com/storage/seif-pharmacies/uploads/609845.webp|https://masterapi.witheldokan.com/storage/seif-pharmacies/uploads/609846.webp|https://masterapi.witheldokan.com/storage/seif-pharmacies/uploads/396067.webp|https://masterapi.witheldokan.com/storage/seif-pharmacies/uploads/389160.webp|https://masterapi.witheldokan.com/storage/seif-pharmacies/uploads/609843.webp|https://masterapi.witheldokan.com/storage/seif-pharmacies/uploads/610373.webp|https://masterapi.witheldokan.com/storage/seif-pharmacies/uploads/609848.webp|https://masterapi.witheldokan.com/storage/seif-pharmacies/uploads/610050.webp|https://masterapi.witheldokan.com/storage/seif-pharmacies/uploads/609842.webp|https://masterapi.witheldokan.com/storage/seif-pharmacies/uploads/610372.webp|https://masterapi.witheldokan.com/storage/seif-pharmacies/uploads/262477.webp|https://masterapi.witheldokan.com/storage/seif-pharmacies/uploads/383520.webp|https://masterapi.witheldokan.com/storage/seif-pharmacies/uploads/604907.webp,https://seif-online.com/en/product/skin-care/body-care/scars-stretchmarks
Body Scrub,,,Apply,Skin Care,,Download App Now,,,https://masterapi.witheldokan.com/storage/seif-pharmacies/uploads/404164.webp|https://masterapi.witheldokan.com/storage/seif-pharmacies/uploads/404166.webp|https://masterapi.witheldokan.com/storage/seif-pharmacies/uploads/404161.webp|https://masterapi.witheldokan.com/storage/seif-pharmacies/uploads/303449.webp|https://masterapi.witheldokan.com/storage/seif-pharmacies/uploads/338516.webp|https://masterapi.witheldokan.com/storage/seif-pharmacies/uploads/610307.webp|https://masterapi.witheldokan.com/storage/seif-pharmacies/uploads/227581.webp|https://masterapi.witheldokan.com/storage/seif-pharmacies/uploads/384205.webp|https://masterapi.witheldokan.com/storage/seif-pharmacies/uploads/404163.webp|https://masterapi.witheldokan.com/storage/seif-pharmacies/uploads/120828.webp|https://masterapi.witheldokan.com/storage/seif-pharmacies/uploads/120822.webp|https://masterapi.witheldokan.com/storage/seif-pharmacies/uploads/610662.webp|https://masterapi.witheldokan.com/storage/seif-pharmacies/uploads/610663.webp|https://masterapi.witheldokan.com/storage/seif-pharmacies/uploads/610661.webp|https://masterapi.witheldokan.com/storage/seif-pharmacies/uploads/120826.webp|https://masterapi.witheldokan.com/storage/seif-pharmacies/uploads/601542.webp,https://seif-online.com/en/product/skin-care/body-care/body-scrub
Body Moisturizers,,,Apply,Skin Care,,Download App Now,,,https://masterapi.witheldokan.com/storage/seif-pharmacies/uploads/602540.webp|https://masterapi.witheldokan.com/storage/seif-pharmacies/uploads/612871.webp|https://masterapi.witheldokan.com/storage/seif-pharmacies/uploads/612870.webp|https://masterapi.witheldokan.com/storage/seif-pharmacies/uploads/609037.webp|https://masterapi.witheldokan.com/storage/seif-pharmacies/uploads/602142.webp|https://cdn.supercommerce.io/seif-pharmacies/uploads/602143-1773396103.webp|https://masterapi.witheldokan.com/storage/seif-pharmacies/uploads/602146.webp|https://masterapi.witheldokan.com/storage/seif-pharmacies/uploads/602145.webp|https://masterapi.witheldokan.com/storage/seif-pharmacies/uploads/608247.webp|https://masterapi.witheldokan.com/storage/seif-pharmacies/uploads/602144.webp|https://masterapi.witheldokan.com/storage/seif-pharmacies/uploads/34027.webp|https://masterapi.witheldokan.com/storage/seif-pharmacies/uploads/616377-1756631632.webp|https://masterapi.witheldokan.com/storage/seif-pharmacies/uploads/321924.webp|https://masterapi.witheldokan.com/storage/seif-pharmacies/uploads/615492-1759067774.webp|https://masterapi.witheldokan.com/storage/seif-pharmacies/uploads/616378-1756631793.webp|https://cdn.supercommerce.io/seif-pharmacies/uploads/618730-1775473369.webp|https://masterapi.witheldokan.com/storage/seif-pharmacies/uploads/361918.webp|https://cdn.supercommerce.io/seif-pharmacies/uploads/618731-1775465389.webp|https://masterapi.witheldokan.com/storage/seif-pharmacies/uploads/361919.webp|https://masterapi.witheldokan.com/storage/seif-pharmacies/uploads/606664.webp|https://masterapi.witheldokan.com/storage/seif-pharmacies/uploads/30459.webp|https://masterapi.witheldokan.com/storage/seif-pharmacies/uploads/610256-1761141282.webp|https://masterapi.witheldokan.com/storage/seif-pharmacies/uploads/610257-1761141319.webp,https://seif-online.com/en/product/skin-care/body-care/body-moisturizers
Hand Care & Foot,,,Apply,Skin Care,,Download App Now,,,https://masterapi.witheldokan.com/storage/seif-pharmacies/uploads/612044.webp|https://masterapi.witheldokan.com/storage/seif-pharmacies/uploads/157178.webp|https://masterapi.witheldokan.com/storage/seif-pharmacies/uploads/607051.webp|https://masterapi.witheldokan.com/storage/seif-pharmacies/uploads/610430.webp|https://cdn.supercommerce.io/seif-pharmacies/uploads/618110-1768487357.webp|https://masterapi.witheldokan.com/storage/seif-pharmacies/uploads/611965-1757573152.webp|https://masterapi.witheldokan.com/storage/seif-pharmacies/uploads/105493.webp|https://masterapi.witheldokan.com/storage/seif-pharmacies/uploads/607183.webp|https://masterapi.witheldokan.com/storage/seif-pharmacies/uploads/607182.webp|https://masterapi.witheldokan.com/storage/seif-pharmacies/uploads/51874.webp|https://masterapi.witheldokan.com/storage/seif-pharmacies/uploads/615909-1754398919.webp|https://masterapi.witheldokan.com/storage/seif-pharmacies/uploads/321870-1759065465.webp|https://masterapi.witheldokan.com/storage/seif-pharmacies/uploads/617024-1758095225.webp|https://masterapi.witheldokan.com/storage/seif-pharmacies/uploads/601152.webp|https://masterapi.witheldokan.com/storage/seif-pharmacies/uploads/385069.webp|https://masterapi.witheldokan.com/storage/seif-pharmacies/uploads/609465.webp|https://masterapi.witheldokan.com/storage/seif-pharmacies/uploads/616618-1756039628.webp,https://seif-online.com/en/product/skin-care/hand-care-foot
Foot Care,,,Apply,Skin Care,,Download App Now,,,https://masterapi.witheldokan.com/storage/seif-pharmacies/uploads/157178.webp|https://masterapi.witheldokan.com/storage/seif-pharmacies/uploads/607051.webp|https://masterapi.witheldokan.com/storage/seif-pharmacies/uploads/610430.webp|https://masterapi.witheldokan.com/storage/seif-pharmacies/uploads/105493.webp|https://masterapi.witheldokan.com/storage/seif-pharmacies/uploads/607183.webp|https://masterapi.witheldokan.com/storage/seif-pharmacies/uploads/607182.webp|https://masterapi.witheldokan.com/storage/seif-pharmacies/uploads/51874.webp|https://masterapi.witheldokan.com/storage/seif-pharmacies/uploads/604338.webp|https://masterapi.witheldokan.com/storage/seif-pharmacies/uploads/607891.webp|https://masterapi.witheldokan.com/storage/seif-pharmacies/uploads/610455.webp|https://masterapi.witheldokan.com/storage/seif-pharmacies/uploads/610457.webp|https://masterapi.witheldokan.com/storage/seif-pharmacies/uploads/609166.webp|https://masterapi.witheldokan.com/storage/seif-pharmacies/uploads/7922.webp|https://masterapi.witheldokan.com/storage/seif-pharmacies/uploads/610453.webp,https://seif-online.com/en/product/skin-care/hand-care-foot/foot-care
Hand Moisturizers,,,Apply,Skin Care,,Download App Now,,,https://masterapi.witheldokan.com/storage/seif-pharmacies/uploads/612044.webp|https://cdn.supercommerce.io/seif-pharmacies/uploads/618110-1768487357.webp|https://masterapi.witheldokan.com/storage/seif-pharmacies/uploads/611965-1757573152.webp|https://masterapi.witheldokan.com/storage/seif-pharmacies/uploads/615909-1754398919.webp|https://masterapi.witheldokan.com/storage/seif-pharmacies/uploads/321870-1759065465.webp|https://masterapi.witheldokan.com/storage/seif-pharmacies/uploads/617024-1758095225.webp|https://masterapi.witheldokan.com/storage/seif-pharmacies/uploads/601152.webp|https://masterapi.witheldokan.com/storage/seif-pharmacies/uploads/385069.webp|https://masterapi.witheldokan.com/storage/seif-pharmacies/uploads/609465.webp|https://masterapi.witheldokan.com/storage/seif-pharmacies/uploads/616618-1756039628.webp|https://masterapi.witheldokan.com/storage/seif-pharmacies/uploads/609466.webp|https://masterapi.witheldokan.com/storage/seif-pharmacies/uploads/610454.webp|https://cdn.supercommerce.io/seif-pharmacies/uploads/613516-1774335039.webp|https://masterapi.witheldokan.com/storage/seif-pharmacies/uploads/609464.webp|https://cdn.supercommerce.io/seif-pharmacies/uploads/613524-1774336511.webp|https://masterapi.witheldokan.com/storage/seif-pharmacies/uploads/173656.webp|https://masterapi.witheldokan.com/storage/seif-pharmacies/uploads/609462.webp|https://masterapi.witheldokan.com/storage/seif-pharmacies/uploads/373859.webp|https://masterapi.witheldokan.com/storage/seif-pharmacies/uploads/373861.webp|https://cdn.supercommerce.io/seif-pharmacies/uploads/613520-1774336162.webp,https://seif-online.com/en/product/skin-care/hand-care-foot/hand-moisturizers
Face Care,,,Apply,Skin Care,,Download App Now,,,https://masterapi.witheldokan.com/storage/seif-pharmacies/uploads/344484.webp|https://masterapi.witheldokan.com/storage/seif-pharmacies/uploads/7934.webp|https://masterapi.witheldokan.com/storage/seif-pharmacies/uploads/608246.webp|https://masterapi.witheldokan.com/storage/seif-pharmacies/uploads/610572.webp|https://masterapi.witheldokan.com/storage/seif-pharmacies/uploads/7935.webp|https://masterapi.witheldokan.com/storage/seif-pharmacies/uploads/608244.webp|https://masterapi.witheldokan.com/storage/seif-pharmacies/uploads/610170.webp|https://masterapi.witheldokan.com/storage/seif-pharmacies/uploads/401153.webp|https://masterapi.witheldokan.com/storage/seif-pharmacies/uploads/356933.webp|https://masterapi.witheldokan.com/storage/seif-pharmacies/uploads/356938.webp|https://masterapi.witheldokan.com/storage/seif-pharmacies/uploads/608245.webp|https://masterapi.witheldokan.com/storage/seif-pharmacies/uploads/610172.webp|https://masterapi.witheldokan.com/storage/seif-pharmacies/uploads/377369-1756644251.webp|https://masterapi.witheldokan.com/storage/seif-pharmacies/uploads/610573.webp|https://masterapi.witheldokan.com/storage/seif-pharmacies/uploads/610571.webp|https://masterapi.witheldokan.com/storage/seif-pharmacies/uploads/614764.webp|https://masterapi.witheldokan.com/storage/seif-pharmacies/uploads/609396.webp|https://masterapi.witheldokan.com/storage/seif-pharmacies/uploads/11811.webp|https://masterapi.witheldokan.com/storage/seif-pharmacies/uploads/52626 webp-1754315206.webp|https://masterapi.witheldokan.com/storage/seif-pharmacies/uploads/612022.webp|https://masterapi.witheldokan.com/storage/seif-pharmacies/uploads/608668.webp|https://cdn.supercommerce.io/seif-pharmacies/uploads/615117.webp|https://cdn.supercommerce.io/seif-pharmacies/uploads/616807-1774953079.webp,https://seif-online.com/en/product/skin-care/face-care
Skin Cleansers,,,Apply,Skin Care,,Download App Now,,,https://masterapi.witheldokan.com/storage/seif-pharmacies/uploads/356938.webp|https://masterapi.witheldokan.com/storage/seif-pharmacies/uploads/612022.webp|https://cdn.supercommerce.io/seif-pharmacies/uploads/615117.webp|https://masterapi.witheldokan.com/storage/seif-pharmacies/uploads/601108.webp|https://masterapi.witheldokan.com/storage/seif-pharmacies/uploads/613356-1761482124.webp|https://masterapi.witheldokan.com/storage/seif-pharmacies/uploads/615152-1757839910.webp|https://masterapi.witheldokan.com/storage/seif-pharmacies/uploads/404145.webp|https://masterapi.witheldokan.com/storage/seif-pharmacies/uploads/608226.webp|https://masterapi.witheldokan.com/storage/seif-pharmacies/uploads/611556-1755779594.webp|https://masterapi.witheldokan.com/storage/seif-pharmacies/uploads/608712.webp|https://masterapi.witheldokan.com/storage/seif-pharmacies/uploads/389948.webp|https://cdn.supercommerce.io/seif-pharmacies/uploads/616096-1774723510.webp|https://masterapi.witheldokan.com/storage/seif-pharmacies/uploads/608387.webp|https://masterapi.witheldokan.com/storage/seif-pharmacies/uploads/610413.webp|https://masterapi.witheldokan.com/storage/seif-pharmacies/uploads/613357-1761482151.webp|https://masterapi.witheldokan.com/storage/seif-pharmacies/uploads/65120.webp|https://masterapi.witheldokan.com/storage/seif-pharmacies/uploads/602682.webp|https://masterapi.witheldokan.com/storage/seif-pharmacies/uploads/616507-1757575996.webp|https://masterapi.witheldokan.com/storage/seif-pharmacies/uploads/397570.webp|https://masterapi.witheldokan.com/storage/seif-pharmacies/uploads/607818.webp|https://masterapi.witheldokan.com/storage/seif-pharmacies/uploads/404144.webp|https://masterapi.witheldokan.com/storage/seif-pharmacies/uploads/612376-1758026356.webp|https://masterapi.witheldokan.com/storage/seif-pharmacies/uploads/356934.webp|https://masterapi.witheldokan.com/storage/seif-pharmacies/uploads/608388-1757572063.webp,https://seif-online.com/en/product/skin-care/face-care/skin-cleansers
Skin Moisturizers,,,Apply,Skin Care,,Download App Now,,,https://masterapi.witheldokan.com/storage/seif-pharmacies/uploads/7934.webp|https://masterapi.witheldokan.com/storage/seif-pharmacies/uploads/7935.webp|https://masterapi.witheldokan.com/storage/seif-pharmacies/uploads/356933.webp|https://masterapi.witheldokan.com/storage/seif-pharmacies/uploads/614764.webp|https://masterapi.witheldokan.com/storage/seif-pharmacies/uploads/11811.webp|https://masterapi.witheldokan.com/storage/seif-pharmacies/uploads/608668.webp|https://cdn.supercommerce.io/seif-pharmacies/uploads/616807-1774953079.webp|https://cdn.supercommerce.io/seif-pharmacies/uploads/615917.webp|https://masterapi.witheldokan.com/storage/seif-pharmacies/uploads/300286.webp|https://masterapi.witheldokan.com/storage/seif-pharmacies/uploads/612604-1761048352.webp|https://masterapi.witheldokan.com/storage/seif-pharmacies/uploads/614763.webp|https://masterapi.witheldokan.com/storage/seif-pharmacies/uploads/610042.webp|https://masterapi.witheldokan.com/storage/seif-pharmacies/uploads/609951.webp|https://masterapi.witheldokan.com/storage/seif-pharmacies/uploads/348365.webp|https://masterapi.witheldokan.com/storage/seif-pharmacies/uploads/601569.webp|https://masterapi.witheldokan.com/storage/seif-pharmacies/uploads/601573.webp|https://masterapi.witheldokan.com/storage/seif-pharmacies/uploads/616197-1757583493.webp|https://masterapi.witheldokan.com/storage/seif-pharmacies/uploads/6872.webp|https://masterapi.witheldokan.com/storage/seif-pharmacies/uploads/348706.webp|https://masterapi.witheldokan.com/storage/seif-pharmacies/uploads/612605.webp|https://masterapi.witheldokan.com/storage/seif-pharmacies/uploads/62076.webp,https://seif-online.com/en/product/skin-care/face-care/skin-moisturizers
Sun Care,,,Apply,Skin Care,,Download App Now,,,https://masterapi.witheldokan.com/storage/seif-pharmacies/uploads/344484.webp|https://masterapi.witheldokan.com/storage/seif-pharmacies/uploads/608246.webp|https://masterapi.witheldokan.com/storage/seif-pharmacies/uploads/608244.webp|https://masterapi.witheldokan.com/storage/seif-pharmacies/uploads/401153.webp|https://masterapi.witheldokan.com/storage/seif-pharmacies/uploads/608245.webp|https://masterapi.witheldokan.com/storage/seif-pharmacies/uploads/377369-1756644251.webp|https://masterapi.witheldokan.com/storage/seif-pharmacies/uploads/609396.webp|https://masterapi.witheldokan.com/storage/seif-pharmacies/uploads/52626 webp-1754315206.webp|https://masterapi.witheldokan.com/storage/seif-pharmacies/uploads/611911 wnp-1754313551.webp|https://masterapi.witheldokan.com/storage/seif-pharmacies/uploads/613367-1761482365.webp|https://masterapi.witheldokan.com/storage/seif-pharmacies/uploads/615122.webp|https://masterapi.witheldokan.com/storage/seif-pharmacies/uploads/612183.webp|https://masterapi.witheldokan.com/storage/seif-pharmacies/uploads/613368-1761482393.webp|https://masterapi.witheldokan.com/storage/seif-pharmacies/uploads/615463-1756023294.webp|https://masterapi.witheldokan.com/storage/seif-pharmacies/uploads/612761-1754398017.webp|https://masterapi.witheldokan.com/storage/seif-pharmacies/uploads/613369-1761482416.webp|https://masterapi.witheldokan.com/storage/seif-pharmacies/uploads/602383.webp|https://masterapi.witheldokan.com/storage/seif-pharmacies/uploads/613366-1761482342.webp|https://masterapi.witheldokan.com/storage/seif-pharmacies/uploads/615151-1757839879.webp|https://masterapi.witheldokan.com/storage/seif-pharmacies/uploads/611962.webp|https://masterapi.witheldokan.com/storage/seif-pharmacies/uploads/616700-1757576101.webp|https://masterapi.witheldokan.com/storage/seif-pharmacies/uploads/611960.webp|https://masterapi.witheldokan.com/storage/seif-pharmacies/uploads/609543.webp|https://masterapi.witheldokan.com/storage/seif-pharmacies/uploads/613133.webp,https://seif-online.com/en/product/skin-care/face-care/sun-care
Facial Toners & Serums,,,Apply,Skin Care,,Download App Now,,,https://masterapi.witheldokan.com/storage/seif-pharmacies/uploads/610572.webp|https://masterapi.witheldokan.com/storage/seif-pharmacies/uploads/610573.webp|https://masterapi.witheldokan.com/storage/seif-pharmacies/uploads/610571.webp|https://masterapi.witheldokan.com/storage/seif-pharmacies/uploads/608713.webp|https://masterapi.witheldokan.com/storage/seif-pharmacies/uploads/614731.webp|https://masterapi.witheldokan.com/storage/seif-pharmacies/uploads/610431.webp|https://masterapi.witheldokan.com/storage/seif-pharmacies/uploads/610290.webp|https://masterapi.witheldokan.com/storage/seif-pharmacies/uploads/615121.webp|https://masterapi.witheldokan.com/storage/seif-pharmacies/uploads/608715.webp|https://masterapi.witheldokan.com/storage/seif-pharmacies/uploads/615464-1756023394.webp|https://cdn.supercommerce.io/seif-pharmacies/uploads/607050-1768737548.webp|https://masterapi.witheldokan.com/storage/seif-pharmacies/uploads/614800-1759931329.webp|https://masterapi.witheldokan.com/storage/seif-pharmacies/uploads/607535-1758176452.webp|https://masterapi.witheldokan.com/storage/seif-pharmacies/uploads/610432.webp|https://masterapi.witheldokan.com/storage/seif-pharmacies/uploads/616077-1757840159.webp|https://masterapi.witheldokan.com/storage/seif-pharmacies/uploads/612523.webp|https://masterapi.witheldokan.com/storage/seif-pharmacies/uploads/612294.webp|https://masterapi.witheldokan.com/storage/seif-pharmacies/uploads/612297.webp|https://cdn.supercommerce.io/seif-pharmacies/uploads/615467-1769343829.webp|https://masterapi.witheldokan.com/storage/seif-pharmacies/uploads/602539.webp|https://masterapi.witheldokan.com/storage/seif-pharmacies/uploads/383799.webp|https://masterapi.witheldokan.com/storage/seif-pharmacies/uploads/612522.webp|https://masterapi.witheldokan.com/storage/seif-pharmacies/uploads/616322-1759321900.webp|https://masterapi.witheldokan.com/storage/seif-pharmacies/uploads/617027-1760534760.webp,https://seif-online.com/en/product/skin-care/face-care/facial-toners-serums
Eye Cream & Contour,,,Apply,Skin Care,,Download App Now,,,https://masterapi.witheldokan.com/storage/seif-pharmacies/uploads/605394-1758176673.webp|https://masterapi.witheldokan.com/storage/seif-pharmacies/uploads/611474.webp|https://masterapi.witheldokan.com/storage/seif-pharmacies/uploads/323556.webp|https://masterapi.witheldokan.com/storage/seif-pharmacies/uploads/398069.webp|https://masterapi.witheldokan.com/storage/seif-pharmacies/uploads/615118-1757584362.webp|https://masterapi.witheldokan.com/storage/seif-pharmacies/uploads/611724-1756018145.webp|https://masterapi.witheldokan.com/storage/seif-pharmacies/uploads/604881.webp|https://masterapi.witheldokan.com/storage/seif-pharmacies/uploads/309727.webp|https://masterapi.witheldokan.com/storage/seif-pharmacies/uploads/616318-1757832529.webp|https://masterapi.witheldokan.com/storage/seif-pharmacies/uploads/613363-1761482268.webp|https://masterapi.witheldokan.com/storage/seif-pharmacies/uploads/613919.webp|https://masterapi.witheldokan.com/storage/seif-pharmacies/uploads/382583.webp|https://masterapi.witheldokan.com/storage/seif-pharmacies/uploads/607996.webp|https://masterapi.witheldokan.com/storage/seif-pharmacies/uploads/611492.webp|https://masterapi.witheldokan.com/storage/seif-pharmacies/uploads/605901-1756018233.webp|https://masterapi.witheldokan.com/storage/seif-pharmacies/uploads/58956.webp|https://masterapi.witheldokan.com/storage/seif-pharmacies/uploads/608947.webp|https://masterapi.witheldokan.com/storage/seif-pharmacies/uploads/616141-1759394179.webp|https://cdn.supercommerce.io/seif-pharmacies/uploads/618086-1770890717.webp|https://masterapi.witheldokan.com/storage/seif-pharmacies/uploads/384407.webp|https://masterapi.witheldokan.com/storage/seif-pharmacies/uploads/315816-1761140706.webp|https://masterapi.witheldokan.com/storage/seif-pharmacies/uploads/614933-1759930745.webp,https://seif-online.com/en/product/skin-care/face-care/eye-cream-contour
Makeup Removers,,,Apply,Skin Care,,Download App Now,,,https://masterapi.witheldokan.com/storage/seif-pharmacies/uploads/610170.webp|https://masterapi.witheldokan.com/storage/seif-pharmacies/uploads/610172.webp|https://masterapi.witheldokan.com/storage/seif-pharmacies/uploads/615120.webp|https://masterapi.witheldokan.com/storage/seif-pharmacies/uploads/614732.webp|https://masterapi.witheldokan.com/storage/seif-pharmacies/uploads/610169.webp|https://masterapi.witheldokan.com/storage/seif-pharmacies/uploads/371647.webp|https://masterapi.witheldokan.com/storage/seif-pharmacies/uploads/386702.webp|https://masterapi.witheldokan.com/storage/seif-pharmacies/uploads/335870.webp|https://masterapi.witheldokan.com/storage/seif-pharmacies/uploads/323555.webp|https://masterapi.witheldokan.com/storage/seif-pharmacies/uploads/403036.webp|https://masterapi.witheldokan.com/storage/seif-pharmacies/uploads/616071-1756017624.webp|https://masterapi.witheldokan.com/storage/seif-pharmacies/uploads/386703.webp|https://masterapi.witheldokan.com/storage/seif-pharmacies/uploads/404117.webp|https://masterapi.witheldokan.com/storage/seif-pharmacies/uploads/615643-1757588753.webp|https://cdn.supercommerce.io/seif-pharmacies/uploads/618510-1771915111.webp|https://masterapi.witheldokan.com/storage/seif-pharmacies/uploads/610171.webp|https://masterapi.witheldokan.com/storage/seif-pharmacies/uploads/612047.jfif-1756212848.webp|https://masterapi.witheldokan.com/storage/seif-pharmacies/uploads/606135.webp|https://masterapi.witheldokan.com/storage/seif-pharmacies/uploads/212690.png|https://masterapi.witheldokan.com/storage/seif-pharmacies/uploads/18425.png|https://masterapi.witheldokan.com/storage/seif-pharmacies/uploads/616711-1758781719.webp|https://cdn.supercommerce.io/seif-pharmacies/uploads/126138-1770208927.webp|https://masterapi.witheldokan.com/storage/seif-pharmacies/uploads/616712-1758782525.webp,https://seif-online.com/en/product/skin-care/face-care/makeup-removers
Facial Masks & Scrubs,,,Apply,Skin Care,,Download App Now,,,https://masterapi.witheldokan.com/storage/seif-pharmacies/uploads/397525.webp|https://masterapi.witheldokan.com/storage/seif-pharmacies/uploads/404174.webp|https://masterapi.witheldokan.com/storage/seif-pharmacies/uploads/404173.webp|https://masterapi.witheldokan.com/storage/seif-pharmacies/uploads/601568.webp|https://masterapi.witheldokan.com/storage/seif-pharmacies/uploads/613450-1757574004.webp|https://masterapi.witheldokan.com/storage/seif-pharmacies/uploads/602864.webp|https://masterapi.witheldokan.com/storage/seif-pharmacies/uploads/602878.webp|https://masterapi.witheldokan.com/storage/seif-pharmacies/uploads/404168.webp|https://masterapi.witheldokan.com/storage/seif-pharmacies/uploads/602873.webp|https://masterapi.witheldokan.com/storage/seif-pharmacies/uploads/404138.webp|https://masterapi.witheldokan.com/storage/seif-pharmacies/uploads/88457.webp|https://masterapi.witheldokan.com/storage/seif-pharmacies/uploads/608389.webp|https://masterapi.witheldokan.com/storage/seif-pharmacies/uploads/397528.webp|https://masterapi.witheldokan.com/storage/seif-pharmacies/uploads/601104.webp|https://masterapi.witheldokan.com/storage/seif-pharmacies/uploads/601567.webp|https://masterapi.witheldokan.com/storage/seif-pharmacies/uploads/602876.webp|https://masterapi.witheldokan.com/storage/seif-pharmacies/uploads/602877.webp|https://masterapi.witheldokan.com/storage/seif-pharmacies/uploads/602875.webp|https://masterapi.witheldokan.com/storage/seif-pharmacies/uploads/404141.webp|https://masterapi.witheldokan.com/storage/seif-pharmacies/uploads/404139.webp|https://masterapi.witheldokan.com/storage/seif-pharmacies/uploads/404143.webp|https://masterapi.witheldokan.com/storage/seif-pharmacies/uploads/404142.webp|https://masterapi.witheldokan.com/storage/seif-pharmacies/uploads/604954-1755781062.webp|https://masterapi.witheldokan.com/storage/seif-pharmacies/uploads/161480.webp,https://seif-online.com/en/product/skin-care/face-care/facial-masks-scrubs
Skin Care,,,Apply,Skin Care,,Download App Now,,,https://masterapi.witheldokan.com/storage/seif-pharmacies/uploads/602540.webp|https://cdn.supercommerce.io/seif-pharmacies/uploads/617407.webp|https://masterapi.witheldokan.com/storage/seif-pharmacies/uploads/612871.webp|https://masterapi.witheldokan.com/storage/seif-pharmacies/uploads/344484.webp|https://masterapi.witheldokan.com/storage/seif-pharmacies/uploads/612870.webp|https://masterapi.witheldokan.com/storage/seif-pharmacies/uploads/7934.webp|https://masterapi.witheldokan.com/storage/seif-pharmacies/uploads/48907.webp|https://masterapi.witheldokan.com/storage/seif-pharmacies/uploads/608246.webp|https://masterapi.witheldokan.com/storage/seif-pharmacies/uploads/608381-1757571919.webp|https://masterapi.witheldokan.com/storage/seif-pharmacies/uploads/609037.webp|https://masterapi.witheldokan.com/storage/seif-pharmacies/uploads/614915-1759931979.webp|https://masterapi.witheldokan.com/storage/seif-pharmacies/uploads/612044.webp|https://masterapi.witheldokan.com/storage/seif-pharmacies/uploads/610572.webp|https://masterapi.witheldokan.com/storage/seif-pharmacies/uploads/608384.webp|https://masterapi.witheldokan.com/storage/seif-pharmacies/uploads/612041-1758782017.webp|https://masterapi.witheldokan.com/storage/seif-pharmacies/uploads/7935.webp|https://masterapi.witheldokan.com/storage/seif-pharmacies/uploads/613364-1761482291.webp|https://masterapi.witheldokan.com/storage/seif-pharmacies/uploads/403918.webp|https://masterapi.witheldokan.com/storage/seif-pharmacies/uploads/608244.webp|https://masterapi.witheldokan.com/storage/seif-pharmacies/uploads/157178.webp|https://masterapi.witheldokan.com/storage/seif-pharmacies/uploads/610170.webp,https://seif-online.com/en/product/skin-care
Face Massagers & Derma Rollers,,,Apply,Skin Care,,Download App Now,,,https://masterapi.witheldokan.com/storage/seif-pharmacies/uploads/382883.webp|https://masterapi.witheldokan.com/storage/seif-pharmacies/uploads/383796.webp|https://masterapi.witheldokan.com/storage/seif-pharmacies/uploads/404356.webp|https://masterapi.witheldokan.com/storage/seif-pharmacies/uploads/340497.webp|https://masterapi.witheldokan.com/storage/seif-pharmacies/uploads/321723.webp|https://masterapi.witheldokan.com/storage/seif-pharmacies/uploads/322534.webp|https://masterapi.witheldokan.com/storage/seif-pharmacies/uploads/377832.webp|https://masterapi.witheldokan.com/storage/seif-pharmacies/uploads/383052.webp|https://masterapi.witheldokan.com/storage/seif-pharmacies/uploads/350166-1761219302.webp|https://masterapi.witheldokan.com/storage/seif-pharmacies/uploads/365749.webp|https://masterapi.witheldokan.com/storage/seif-pharmacies/uploads/377844.webp,https://seif-online.com/en/product/skin-care/general/face-massagers-derma-rollers
Lip Care,,,Apply,Skin Care,,Download App Now,,,https://masterapi.witheldokan.com/storage/seif-pharmacies/uploads/48907.webp|https://masterapi.witheldokan.com/storage/seif-pharmacies/uploads/608381-1757571919.webp|https://masterapi.witheldokan.com/storage/seif-pharmacies/uploads/614915-1759931979.webp|https://masterapi.witheldokan.com/storage/seif-pharmacies/uploads/608384.webp|https://masterapi.witheldokan.com/storage/seif-pharmacies/uploads/612041-1758782017.webp|https://masterapi.witheldokan.com/storage/seif-pharmacies/uploads/613364-1761482291.webp|https://masterapi.witheldokan.com/storage/seif-pharmacies/uploads/403918.webp|https://masterapi.witheldokan.com/storage/seif-pharmacies/uploads/612042.webp|https://masterapi.witheldokan.com/storage/seif-pharmacies/uploads/614917-1759931954.webp|https://masterapi.witheldokan.com/storage/seif-pharmacies/uploads/610043.webp|https://masterapi.witheldokan.com/storage/seif-pharmacies/uploads/608382.webp|https://masterapi.witheldokan.com/storage/seif-pharmacies/uploads/612043-1758782187.webp|https://masterapi.witheldokan.com/storage/seif-pharmacies/uploads/614918-1759931907.webp|https://masterapi.witheldokan.com/storage/seif-pharmacies/uploads/608383.webp|https://masterapi.witheldokan.com/storage/seif-pharmacies/uploads/54920.webp|https://masterapi.witheldokan.com/storage/seif-pharmacies/uploads/614916-1759931929.webp|https://masterapi.witheldokan.com/storage/seif-pharmacies/uploads/279829.webp|https://masterapi.witheldokan.com/storage/seif-pharmacies/uploads/606425.webp|https://cdn.supercommerce.io/seif-pharmacies/uploads/618343-1775458048.webp|https://masterapi.witheldokan.com/storage/seif-pharmacies/uploads/307532.webp|https://masterapi.witheldokan.com/storage/seif-pharmacies/uploads/611083-1758116366.webp|https://cdn.supercommerce.io/seif-pharmacies/uploads/618342-1775457913.webp|https://masterapi.witheldokan.com/storage/seif-pharmacies/uploads/608868.webp|https://cdn.supercommerce.io/seif-pharmacies/uploads/618341-1775457626.webp,https://seif-online.com/en/product/skin-care/general/lip-care
Skin Whitening,,,Apply,Skin Care,,Download App Now,,,https://masterapi.witheldokan.com/storage/seif-pharmacies/uploads/616193-1757583038.webp|https://masterapi.witheldokan.com/storage/seif-pharmacies/uploads/614838-1757579334.webp|https://masterapi.witheldokan.com/storage/seif-pharmacies/uploads/318458.webp|https://masterapi.witheldokan.com/storage/seif-pharmacies/uploads/612762.webp|https://masterapi.witheldokan.com/storage/seif-pharmacies/uploads/608188.webp|https://masterapi.witheldokan.com/storage/seif-pharmacies/uploads/356931.webp|https://masterapi.witheldokan.com/storage/seif-pharmacies/uploads/615119.webp|https://masterapi.witheldokan.com/storage/seif-pharmacies/uploads/612763.webp|https://cdn.supercommerce.io/seif-pharmacies/uploads/615466-1768720184.webp|https://masterapi.witheldokan.com/storage/seif-pharmacies/uploads/612414.webp|https://masterapi.witheldokan.com/storage/seif-pharmacies/uploads/607819.webp|https://masterapi.witheldokan.com/storage/seif-pharmacies/uploads/608250.webp|https://masterapi.witheldokan.com/storage/seif-pharmacies/uploads/609669.webp|https://masterapi.witheldokan.com/storage/seif-pharmacies/uploads/615465-1756023825.webp|https://masterapi.witheldokan.com/storage/seif-pharmacies/uploads/609210.webp|https://masterapi.witheldokan.com/storage/seif-pharmacies/uploads/616079-1757840271.webp|https://masterapi.witheldokan.com/storage/seif-pharmacies/uploads/606195.webp|https://masterapi.witheldokan.com/storage/seif-pharmacies/uploads/385644.webp|https://masterapi.witheldokan.com/storage/seif-pharmacies/uploads/317286.webp|https://masterapi.witheldokan.com/storage/seif-pharmacies/uploads/616505-1757575808.webp|https://masterapi.witheldokan.com/storage/seif-pharmacies/uploads/395052.webp|https://masterapi.witheldokan.com/storage/seif-pharmacies/uploads/616506-1757575917.webp|https://masterapi.witheldokan.com/storage/seif-pharmacies/uploads/324008.webp,https://seif-online.com/en/product/skin-care/general/skin-whitening
Acne Preparations,,,Apply,Skin Care,,Download App Now,,,https://cdn.supercommerce.io/seif-pharmacies/uploads/617407.webp|https://masterapi.witheldokan.com/storage/seif-pharmacies/uploads/616485-1759233740.webp|https://masterapi.witheldokan.com/storage/seif-pharmacies/uploads/356937.webp|https://masterapi.witheldokan.com/storage/seif-pharmacies/uploads/612287-1754695555.webp|https://masterapi.witheldokan.com/storage/seif-pharmacies/uploads/608249-1763020309.webp|https://masterapi.witheldokan.com/storage/seif-pharmacies/uploads/611473.webp|https://masterapi.witheldokan.com/storage/seif-pharmacies/uploads/614766.webp|https://masterapi.witheldokan.com/storage/seif-pharmacies/uploads/614765.webp|https://masterapi.witheldokan.com/storage/seif-pharmacies/uploads/387613-1761141202.webp|https://masterapi.witheldokan.com/storage/seif-pharmacies/uploads/393466.webp|https://masterapi.witheldokan.com/storage/seif-pharmacies/uploads/616496-1759233248.webp|https://masterapi.witheldokan.com/storage/seif-pharmacies/uploads/372014-1761141136.webp|https://masterapi.witheldokan.com/storage/seif-pharmacies/uploads/611557-1755781466.webp|https://masterapi.witheldokan.com/storage/seif-pharmacies/uploads/616909-1760605652.webp|https://masterapi.witheldokan.com/storage/seif-pharmacies/uploads/612286-1754695490.webp|https://masterapi.witheldokan.com/storage/seif-pharmacies/uploads/617021.webp|https://masterapi.witheldokan.com/storage/seif-pharmacies/uploads/611554-1755782968.webp|https://masterapi.witheldokan.com/storage/seif-pharmacies/uploads/403280-1761141264.webp|https://masterapi.witheldokan.com/storage/seif-pharmacies/uploads/617041.webp|https://masterapi.witheldokan.com/storage/seif-pharmacies/uploads/62078.webp|https://masterapi.witheldokan.com/storage/seif-pharmacies/uploads/382570-1761140598.webp,https://seif-online.com/en/product/skin-care/general/acne-preparations
Anti-Ageing,,,Apply,Skin Care,,Download App Now,,,https://masterapi.witheldokan.com/storage/seif-pharmacies/uploads/609647.webp|https://masterapi.witheldokan.com/storage/seif-pharmacies/uploads/613762.webp|https://masterapi.witheldokan.com/storage/seif-pharmacies/uploads/605318.webp|https://masterapi.witheldokan.com/storage/seif-pharmacies/uploads/309833.webp|https://masterapi.witheldokan.com/storage/seif-pharmacies/uploads/605920.webp|https://masterapi.witheldokan.com/storage/seif-pharmacies/uploads/607482.webp|https://masterapi.witheldokan.com/storage/seif-pharmacies/uploads/616488-1760534918.webp|https://masterapi.witheldokan.com/storage/seif-pharmacies/uploads/616484-1759233826.webp|https://masterapi.witheldokan.com/storage/seif-pharmacies/uploads/616076-1757840122.webp|https://masterapi.witheldokan.com/storage/seif-pharmacies/uploads/396665-1757585277.webp|https://masterapi.witheldokan.com/storage/seif-pharmacies/uploads/605902.webp|https://masterapi.witheldokan.com/storage/seif-pharmacies/uploads/601579.webp|https://masterapi.witheldokan.com/storage/seif-pharmacies/uploads/601580.webp|https://masterapi.witheldokan.com/storage/seif-pharmacies/uploads/614760.webp|https://masterapi.witheldokan.com/storage/seif-pharmacies/uploads/617256-1762559281.webp|https://masterapi.witheldokan.com/storage/seif-pharmacies/uploads/609398.webp|https://masterapi.witheldokan.com/storage/seif-pharmacies/uploads/616310-1759320954.webp|https://masterapi.witheldokan.com/storage/seif-pharmacies/uploads/327441.webp|https://masterapi.witheldokan.com/storage/seif-pharmacies/uploads/601920-1761140818.webp|https://masterapi.witheldokan.com/storage/seif-pharmacies/uploads/617257-1762559170.webp|https://masterapi.witheldokan.com/storage/seif-pharmacies/uploads/617258-1762558992.webp|https://masterapi.witheldokan.com/storage/seif-pharmacies/uploads/604880.webp,https://seif-online.com/en/product/skin-care/general/anti-ageing
Baby Nutrition,,,Apply,Skin Care,,Download App Now,,,https://masterapi.witheldokan.com/storage/seif-pharmacies/uploads/374038.webp|https://masterapi.witheldokan.com/storage/seif-pharmacies/uploads/347024.webp|https://masterapi.witheldokan.com/storage/seif-pharmacies/uploads/373948.webp|https://masterapi.witheldokan.com/storage/seif-pharmacies/uploads/373963.webp|https://masterapi.witheldokan.com/storage/seif-pharmacies/uploads/388393.webp|https://masterapi.witheldokan.com/storage/seif-pharmacies/uploads/610327.webp|https://masterapi.witheldokan.com/storage/seif-pharmacies/uploads/388392.webp|https://masterapi.witheldokan.com/storage/seif-pharmacies/uploads/388394.webp|https://masterapi.witheldokan.com/storage/seif-pharmacies/uploads/373967.webp|https://masterapi.witheldokan.com/storage/seif-pharmacies/uploads/608887.webp|https://masterapi.witheldokan.com/storage/seif-pharmacies/uploads/388395.webp|https://masterapi.witheldokan.com/storage/seif-pharmacies/uploads/608886.webp|https://masterapi.witheldokan.com/storage/seif-pharmacies/uploads/376020.webp|https://masterapi.witheldokan.com/storage/seif-pharmacies/uploads/610329.webp|https://masterapi.witheldokan.com/storage/seif-pharmacies/uploads/376023.webp|https://masterapi.witheldokan.com/storage/seif-pharmacies/uploads/376018.webp|https://masterapi.witheldokan.com/storage/seif-pharmacies/uploads/610330.webp|https://masterapi.witheldokan.com/storage/seif-pharmacies/uploads/373955.webp|https://masterapi.witheldokan.com/storage/seif-pharmacies/uploads/373964.webp|https://masterapi.witheldokan.com/storage/seif-pharmacies/uploads/373972.webp|https://masterapi.witheldokan.com/storage/seif-pharmacies/uploads/373977.webp,https://seif-online.com/en/product/mom-baby/baby-nutrition
Baby Feeding Accessories,,,Apply,Skin Care,,Download App Now,,,https://masterapi.witheldokan.com/storage/seif-pharmacies/uploads/374038.webp|https://masterapi.witheldokan.com/storage/seif-pharmacies/uploads/347024.webp|https://masterapi.witheldokan.com/storage/seif-pharmacies/uploads/373948.webp|https://masterapi.witheldokan.com/storage/seif-pharmacies/uploads/373963.webp|https://masterapi.witheldokan.com/storage/seif-pharmacies/uploads/388393.webp|https://masterapi.witheldokan.com/storage/seif-pharmacies/uploads/610327.webp|https://masterapi.witheldokan.com/storage/seif-pharmacies/uploads/388392.webp|https://masterapi.witheldokan.com/storage/seif-pharmacies/uploads/388394.webp|https://masterapi.witheldokan.com/storage/seif-pharmacies/uploads/373967.webp|https://masterapi.witheldokan.com/storage/seif-pharmacies/uploads/608887.webp|https://masterapi.witheldokan.com/storage/seif-pharmacies/uploads/388395.webp|https://masterapi.witheldokan.com/storage/seif-pharmacies/uploads/608886.webp|https://masterapi.witheldokan.com/storage/seif-pharmacies/uploads/376020.webp|https://masterapi.witheldokan.com/storage/seif-pharmacies/uploads/610329.webp|https://masterapi.witheldokan.com/storage/seif-pharmacies/uploads/376023.webp|https://masterapi.witheldokan.com/storage/seif-pharmacies/uploads/376018.webp|https://masterapi.witheldokan.com/storage/seif-pharmacies/uploads/610330.webp|https://masterapi.witheldokan.com/storage/seif-pharmacies/uploads/373955.webp|https://masterapi.witheldokan.com/storage/seif-pharmacies/uploads/373964.webp|https://masterapi.witheldokan.com/storage/seif-pharmacies/uploads/373972.webp|https://masterapi.witheldokan.com/storage/seif-pharmacies/uploads/373977.webp,https://seif-online.com/en/product/mom-baby/baby-nutrition/baby-feeding-accessories
Baby Food,,,Apply,Skin Care,,Download App Now,,,https://masterapi.witheldokan.com/storage/seif-pharmacies/uploads/3900.webp|https://masterapi.witheldokan.com/storage/seif-pharmacies/uploads/3897.webp|https://masterapi.witheldokan.com/storage/seif-pharmacies/uploads/2153.webp|https://masterapi.witheldokan.com/storage/seif-pharmacies/uploads/55092.webp|https://masterapi.witheldokan.com/storage/seif-pharmacies/uploads/41513.webp|https://masterapi.witheldokan.com/storage/seif-pharmacies/uploads/3907.webp|https://masterapi.witheldokan.com/storage/seif-pharmacies/uploads/30115.webp|https://masterapi.witheldokan.com/storage/seif-pharmacies/uploads/3902.webp|https://masterapi.witheldokan.com/storage/seif-pharmacies/uploads/3904.webp|https://masterapi.witheldokan.com/storage/seif-pharmacies/uploads/3905.webp|https://masterapi.witheldokan.com/storage/seif-pharmacies/uploads/3903.webp|https://masterapi.witheldokan.com/storage/seif-pharmacies/uploads/324568.webp|https://masterapi.witheldokan.com/storage/seif-pharmacies/uploads/399795.webp|https://masterapi.witheldokan.com/storage/seif-pharmacies/uploads/395566.webp|https://masterapi.witheldokan.com/storage/seif-pharmacies/uploads/324563.webp|https://masterapi.witheldokan.com/storage/seif-pharmacies/uploads/350002.webp|https://masterapi.witheldokan.com/storage/seif-pharmacies/uploads/614447-1759928884.webp|https://masterapi.witheldokan.com/storage/seif-pharmacies/uploads/324458.webp|https://masterapi.witheldokan.com/storage/seif-pharmacies/uploads/185283.webp|https://masterapi.witheldokan.com/storage/seif-pharmacies/uploads/132553.webp|https://masterapi.witheldokan.com/storage/seif-pharmacies/uploads/132475.webp|https://masterapi.witheldokan.com/storage/seif-pharmacies/uploads/343669.webp|https://masterapi.witheldokan.com/storage/seif-pharmacies/uploads/400793.webp|https://masterapi.witheldokan.com/storage/seif-pharmacies/uploads/3898.webp,https://seif-online.com/en/product/mom-baby/baby-nutrition/baby-food
Nutrition Supplements,,,Apply,Skin Care,,Download App Now,,,https://masterapi.witheldokan.com/storage/seif-pharmacies/uploads/48189.webp|https://masterapi.witheldokan.com/storage/seif-pharmacies/uploads/44929.webp|https://masterapi.witheldokan.com/storage/seif-pharmacies/uploads/3783.webp|https://masterapi.witheldokan.com/storage/seif-pharmacies/uploads/343670.webp|https://masterapi.witheldokan.com/storage/seif-pharmacies/uploads/607073.webp,https://seif-online.com/en/product/mom-baby/baby-nutrition/nutrition-supplements
Baby Milk,,,Apply,Skin Care,,Download App Now,,,https://masterapi.witheldokan.com/storage/seif-pharmacies/uploads/398056.webp|https://masterapi.witheldokan.com/storage/seif-pharmacies/uploads/432327.webp|https://masterapi.witheldokan.com/storage/seif-pharmacies/uploads/398055.webp|https://masterapi.witheldokan.com/storage/seif-pharmacies/uploads/3784.webp|https://masterapi.witheldokan.com/storage/seif-pharmacies/uploads/3779.webp|https://masterapi.witheldokan.com/storage/seif-pharmacies/uploads/35639.webp|https://masterapi.witheldokan.com/storage/seif-pharmacies/uploads/431770.webp|https://masterapi.witheldokan.com/storage/seif-pharmacies/uploads/48865.webp|https://masterapi.witheldokan.com/storage/seif-pharmacies/uploads/601611.webp|https://masterapi.witheldokan.com/storage/seif-pharmacies/uploads/601612.webp|https://masterapi.witheldokan.com/storage/seif-pharmacies/uploads/114357.webp|https://masterapi.witheldokan.com/storage/seif-pharmacies/uploads/74509.webp|https://masterapi.witheldokan.com/storage/seif-pharmacies/uploads/347792.webp|https://masterapi.witheldokan.com/storage/seif-pharmacies/uploads/385453.webp|https://masterapi.witheldokan.com/storage/seif-pharmacies/uploads/136805.webp|https://masterapi.witheldokan.com/storage/seif-pharmacies/uploads/400936.webp|https://masterapi.witheldokan.com/storage/seif-pharmacies/uploads/126140.webp|https://masterapi.witheldokan.com/storage/seif-pharmacies/uploads/431002.webp|https://masterapi.witheldokan.com/storage/seif-pharmacies/uploads/601613.webp|https://masterapi.witheldokan.com/storage/seif-pharmacies/uploads/359122.webp|https://masterapi.witheldokan.com/storage/seif-pharmacies/uploads/306096.webp|https://masterapi.witheldokan.com/storage/seif-pharmacies/uploads/432450.webp|https://masterapi.witheldokan.com/storage/seif-pharmacies/uploads/614837-1759931010.webp|https://masterapi.witheldokan.com/storage/seif-pharmacies/uploads/399732.webp,https://seif-online.com/en/product/mom-baby/baby-nutrition/baby-milk
Baby Care,,,Apply,Skin Care,,Download App Now,,,https://masterapi.witheldokan.com/storage/seif-pharmacies/uploads/11.webp|https://masterapi.witheldokan.com/storage/seif-pharmacies/uploads/609535.webp|https://masterapi.witheldokan.com/storage/seif-pharmacies/uploads/608322.webp|https://masterapi.witheldokan.com/storage/seif-pharmacies/uploads/601858.webp|https://masterapi.witheldokan.com/storage/seif-pharmacies/uploads/403302.webp|https://masterapi.witheldokan.com/storage/seif-pharmacies/uploads/310791.webp|https://masterapi.witheldokan.com/storage/seif-pharmacies/uploads/310788.webp|https://masterapi.witheldokan.com/storage/seif-pharmacies/uploads/389787.webp|https://masterapi.witheldokan.com/storage/seif-pharmacies/uploads/4534.webp|https://masterapi.witheldokan.com/storage/seif-pharmacies/uploads/4116.webp|https://masterapi.witheldokan.com/storage/seif-pharmacies/uploads/606084.webp|https://masterapi.witheldokan.com/storage/seif-pharmacies/uploads/400385.webp|https://masterapi.witheldokan.com/storage/seif-pharmacies/uploads/613453.webp|https://masterapi.witheldokan.com/storage/seif-pharmacies/uploads/376630.webp|https://masterapi.witheldokan.com/storage/seif-pharmacies/uploads/18806.webp|https://masterapi.witheldokan.com/storage/seif-pharmacies/uploads/378296.webp|https://masterapi.witheldokan.com/storage/seif-pharmacies/uploads/403305.webp|https://masterapi.witheldokan.com/storage/seif-pharmacies/uploads/376649.webp|https://masterapi.witheldokan.com/storage/seif-pharmacies/uploads/376650.webp|https://masterapi.witheldokan.com/storage/seif-pharmacies/uploads/607180.webp|https://masterapi.witheldokan.com/storage/seif-pharmacies/uploads/215916.webp|https://masterapi.witheldokan.com/storage/seif-pharmacies/uploads/378297.webp|https://masterapi.witheldokan.com/storage/seif-pharmacies/uploads/607181.webp|https://masterapi.witheldokan.com/storage/seif-pharmacies/uploads/613084.webp,https://seif-online.com/en/product/mom-baby/baby-care
Baby Skin Care,,,Apply,Skin Care,,Download App Now,,,https://masterapi.witheldokan.com/storage/seif-pharmacies/uploads/606084.webp|https://masterapi.witheldokan.com/storage/seif-pharmacies/uploads/376630.webp|https://masterapi.witheldokan.com/storage/seif-pharmacies/uploads/378296.webp|https://masterapi.witheldokan.com/storage/seif-pharmacies/uploads/376649.webp|https://masterapi.witheldokan.com/storage/seif-pharmacies/uploads/376650.webp|https://masterapi.witheldokan.com/storage/seif-pharmacies/uploads/378297.webp|https://masterapi.witheldokan.com/storage/seif-pharmacies/uploads/604521.webp|https://masterapi.witheldokan.com/storage/seif-pharmacies/uploads/615158-1757840072.webp|https://masterapi.witheldokan.com/storage/seif-pharmacies/uploads/612771.webp|https://masterapi.witheldokan.com/storage/seif-pharmacies/uploads/60685.webp|https://masterapi.witheldokan.com/storage/seif-pharmacies/uploads/606090.webp|https://masterapi.witheldokan.com/storage/seif-pharmacies/uploads/615156-1757840013.webp|https://masterapi.witheldokan.com/storage/seif-pharmacies/uploads/612056.webp|https://masterapi.witheldokan.com/storage/seif-pharmacies/uploads/608228.webp|https://masterapi.witheldokan.com/storage/seif-pharmacies/uploads/609450.webp|https://masterapi.witheldokan.com/storage/seif-pharmacies/uploads/614777.webp|https://masterapi.witheldokan.com/storage/seif-pharmacies/uploads/393470.webp|https://masterapi.witheldokan.com/storage/seif-pharmacies/uploads/608523.webp|https://masterapi.witheldokan.com/storage/seif-pharmacies/uploads/617402-1762162967.webp|https://masterapi.witheldokan.com/storage/seif-pharmacies/uploads/397827.webp,https://seif-online.com/en/product/mom-baby/baby-care/baby-skin-care
Nappy Care & diaper cream,,,Apply,Skin Care,,Download App Now,,,https://masterapi.witheldokan.com/storage/seif-pharmacies/uploads/607180.webp|https://masterapi.witheldokan.com/storage/seif-pharmacies/uploads/607181.webp|https://masterapi.witheldokan.com/storage/seif-pharmacies/uploads/615155-1757839990.webp|https://masterapi.witheldokan.com/storage/seif-pharmacies/uploads/615483-1759067814.webp|https://masterapi.witheldokan.com/storage/seif-pharmacies/uploads/611845.webp|https://masterapi.witheldokan.com/storage/seif-pharmacies/uploads/612770.webp|https://masterapi.witheldokan.com/storage/seif-pharmacies/uploads/608521.webp|https://masterapi.witheldokan.com/storage/seif-pharmacies/uploads/601083.webp|https://masterapi.witheldokan.com/storage/seif-pharmacies/uploads/611833.webp|https://masterapi.witheldokan.com/storage/seif-pharmacies/uploads/612190.webp|https://masterapi.witheldokan.com/storage/seif-pharmacies/uploads/389806.webp|https://masterapi.witheldokan.com/storage/seif-pharmacies/uploads/611467.webp|https://masterapi.witheldokan.com/storage/seif-pharmacies/uploads/611832.webp|https://masterapi.witheldokan.com/storage/seif-pharmacies/uploads/16596.webp|https://masterapi.witheldokan.com/storage/seif-pharmacies/uploads/431921.webp|https://masterapi.witheldokan.com/storage/seif-pharmacies/uploads/609501.webp,https://seif-online.com/en/product/mom-baby/baby-care/nappy-care-diaper-cream
Kids Toothpaste,,,Apply,Skin Care,,Download App Now,,,https://masterapi.witheldokan.com/storage/seif-pharmacies/uploads/613453.webp|https://masterapi.witheldokan.com/storage/seif-pharmacies/uploads/613084.webp|https://masterapi.witheldokan.com/storage/seif-pharmacies/uploads/608191.webp|https://masterapi.witheldokan.com/storage/seif-pharmacies/uploads/69288.webp|https://masterapi.witheldokan.com/storage/seif-pharmacies/uploads/608637.webp|https://masterapi.witheldokan.com/storage/seif-pharmacies/uploads/612304.webp|https://masterapi.witheldokan.com/storage/seif-pharmacies/uploads/69287.webp|https://masterapi.witheldokan.com/storage/seif-pharmacies/uploads/608524.webp|https://masterapi.witheldokan.com/storage/seif-pharmacies/uploads/388698.webp|https://masterapi.witheldokan.com/storage/seif-pharmacies/uploads/202967.webp|https://masterapi.witheldokan.com/storage/seif-pharmacies/uploads/49903.webp|https://masterapi.witheldokan.com/storage/seif-pharmacies/uploads/10401.webp|https://masterapi.witheldokan.com/storage/seif-pharmacies/uploads/611618.webp|https://masterapi.witheldokan.com/storage/seif-pharmacies/uploads/617761.webp|https://masterapi.witheldokan.com/storage/seif-pharmacies/uploads/617760.webp|https://masterapi.witheldokan.com/storage/seif-pharmacies/uploads/300813.webp|https://masterapi.witheldokan.com/storage/seif-pharmacies/uploads/609377.webp,https://seif-online.com/en/product/mom-baby/baby-care/kids-toothpaste
Baby Sun Care,,,Apply,Skin Care,,Download App Now,,,https://masterapi.witheldokan.com/storage/seif-pharmacies/uploads/615462-1756023222.webp|https://masterapi.witheldokan.com/storage/seif-pharmacies/uploads/615461-1756023081.webp|https://masterapi.witheldokan.com/storage/seif-pharmacies/uploads/609587-1758026079.webp|https://masterapi.witheldokan.com/storage/seif-pharmacies/uploads/616271-1759399491.webp|https://masterapi.witheldokan.com/storage/seif-pharmacies/uploads/275208.webp|https://masterapi.witheldokan.com/storage/seif-pharmacies/uploads/608229-1757242478.webp|https://masterapi.witheldokan.com/storage/seif-pharmacies/uploads/120458.webp|https://masterapi.witheldokan.com/storage/seif-pharmacies/uploads/605806.webp|https://masterapi.witheldokan.com/storage/seif-pharmacies/uploads/610540.webp|https://masterapi.witheldokan.com/storage/seif-pharmacies/uploads/290478.webp|https://masterapi.witheldokan.com/storage/seif-pharmacies/uploads/345200.webp|https://masterapi.witheldokan.com/storage/seif-pharmacies/uploads/251609-1761473731.webp,https://seif-online.com/en/product/mom-baby/baby-care/baby-sun-care
Baby Health Care,,,Apply,Skin Care,,Download App Now,,,https://masterapi.witheldokan.com/storage/seif-pharmacies/uploads/11.webp|https://masterapi.witheldokan.com/storage/seif-pharmacies/uploads/609535.webp|https://masterapi.witheldokan.com/storage/seif-pharmacies/uploads/608322.webp|https://masterapi.witheldokan.com/storage/seif-pharmacies/uploads/601858.webp|https://masterapi.witheldokan.com/storage/seif-pharmacies/uploads/403302.webp|https://masterapi.witheldokan.com/storage/seif-pharmacies/uploads/310791.webp|https://masterapi.witheldokan.com/storage/seif-pharmacies/uploads/310788.webp|https://masterapi.witheldokan.com/storage/seif-pharmacies/uploads/389787.webp|https://masterapi.witheldokan.com/storage/seif-pharmacies/uploads/4534.webp|https://masterapi.witheldokan.com/storage/seif-pharmacies/uploads/4116.webp|https://masterapi.witheldokan.com/storage/seif-pharmacies/uploads/400385.webp|https://masterapi.witheldokan.com/storage/seif-pharmacies/uploads/18806.webp|https://masterapi.witheldokan.com/storage/seif-pharmacies/uploads/403305.webp|https://masterapi.witheldokan.com/storage/seif-pharmacies/uploads/215916.webp|https://masterapi.witheldokan.com/storage/seif-pharmacies/uploads/322954.webp|https://masterapi.witheldokan.com/storage/seif-pharmacies/uploads/389474.webp|https://masterapi.witheldokan.com/storage/seif-pharmacies/uploads/610326.webp|https://masterapi.witheldokan.com/storage/seif-pharmacies/uploads/219119.webp|https://masterapi.witheldokan.com/storage/seif-pharmacies/uploads/612896.webp|https://masterapi.witheldokan.com/storage/seif-pharmacies/uploads/612898.webp|https://masterapi.witheldokan.com/storage/seif-pharmacies/uploads/610325.webp|https://masterapi.witheldokan.com/storage/seif-pharmacies/uploads/29719.webp|https://masterapi.witheldokan.com/storage/seif-pharmacies/uploads/608513.webp,https://seif-online.com/en/product/mom-baby/baby-care/baby-health-care
Baby Toiletries & Bath Accessories,,,Apply,Skin Care,,Download App Now,,,https://masterapi.witheldokan.com/storage/seif-pharmacies/uploads/156221.webp|https://masterapi.witheldokan.com/storage/seif-pharmacies/uploads/84003.webp|https://masterapi.witheldokan.com/storage/seif-pharmacies/uploads/180614.webp|https://masterapi.witheldokan.com/storage/seif-pharmacies/uploads/934.webp|https://masterapi.witheldokan.com/storage/seif-pharmacies/uploads/295287.webp|https://masterapi.witheldokan.com/storage/seif-pharmacies/uploads/935.webp|https://masterapi.witheldokan.com/storage/seif-pharmacies/uploads/615149-1757842618.jpg|https://masterapi.witheldokan.com/storage/seif-pharmacies/uploads/376633.webp|https://masterapi.witheldokan.com/storage/seif-pharmacies/uploads/611491-1755686028.webp|https://masterapi.witheldokan.com/storage/seif-pharmacies/uploads/309798.webp|https://masterapi.witheldokan.com/storage/seif-pharmacies/uploads/299480.webp|https://masterapi.witheldokan.com/storage/seif-pharmacies/uploads/606095.webp|https://masterapi.witheldokan.com/storage/seif-pharmacies/uploads/615150-1757839839.webp|https://masterapi.witheldokan.com/storage/seif-pharmacies/uploads/376635.webp|https://masterapi.witheldokan.com/storage/seif-pharmacies/uploads/615148-1757839786.webp|https://masterapi.witheldokan.com/storage/seif-pharmacies/uploads/615154-1757839964.webp|https://masterapi.witheldokan.com/storage/seif-pharmacies/uploads/612768.webp|https://masterapi.witheldokan.com/storage/seif-pharmacies/uploads/609039.webp|https://masterapi.witheldokan.com/storage/seif-pharmacies/uploads/614776.webp|https://masterapi.witheldokan.com/storage/seif-pharmacies/uploads/611952-1754555274.webp|https://masterapi.witheldokan.com/storage/seif-pharmacies/uploads/604161.webp|https://masterapi.witheldokan.com/storage/seif-pharmacies/uploads/388543.webp|https://masterapi.witheldokan.com/storage/seif-pharmacies/uploads/612767.webp|https://masterapi.witheldokan.com/storage/seif-pharmacies/uploads/616145-1759394573.webp,https://seif-online.com/en/product/mom-baby/baby-care/baby-toiletries-bath-accessories
Baby Accessories,,,Apply,Skin Care,,Download App Now,,,https://cdn.supercommerce.io/seif-pharmacies/uploads/321569-1769937414.webp|https://masterapi.witheldokan.com/storage/seif-pharmacies/uploads/612233.webp|https://masterapi.witheldokan.com/storage/seif-pharmacies/uploads/610323.webp|https://masterapi.witheldokan.com/storage/seif-pharmacies/uploads/611541.webp|https://masterapi.witheldokan.com/storage/seif-pharmacies/uploads/371119.webp|https://masterapi.witheldokan.com/storage/seif-pharmacies/uploads/388549.webp|https://masterapi.witheldokan.com/storage/seif-pharmacies/uploads/388550.webp|https://masterapi.witheldokan.com/storage/seif-pharmacies/uploads/608526.webp|https://masterapi.witheldokan.com/storage/seif-pharmacies/uploads/373956.webp|https://masterapi.witheldokan.com/storage/seif-pharmacies/uploads/610321.webp|https://masterapi.witheldokan.com/storage/seif-pharmacies/uploads/612409.webp|https://masterapi.witheldokan.com/storage/seif-pharmacies/uploads/610324.webp|https://masterapi.witheldokan.com/storage/seif-pharmacies/uploads/373958.webp|https://masterapi.witheldokan.com/storage/seif-pharmacies/uploads/377989.webp|https://masterapi.witheldokan.com/storage/seif-pharmacies/uploads/610322.webp|https://masterapi.witheldokan.com/storage/seif-pharmacies/uploads/612371.webp|https://masterapi.witheldokan.com/storage/seif-pharmacies/uploads/172268.webp|https://masterapi.witheldokan.com/storage/seif-pharmacies/uploads/612303.webp,https://seif-online.com/en/product/mom-baby/baby-accessories
Medical Earrings,,,Apply,Skin Care,,Download App Now,,,https://cdn.supercommerce.io/seif-pharmacies/uploads/321569-1769937414.webp|https://masterapi.witheldokan.com/storage/seif-pharmacies/uploads/385166.webp|https://masterapi.witheldokan.com/storage/seif-pharmacies/uploads/385167.webp|https://masterapi.witheldokan.com/storage/seif-pharmacies/uploads/385168.webp|https://masterapi.witheldokan.com/storage/seif-pharmacies/uploads/610995.webp|https://masterapi.witheldokan.com/storage/seif-pharmacies/uploads/610996.webp|https://masterapi.witheldokan.com/storage/seif-pharmacies/uploads/610997.webp,https://seif-online.com/en/product/mom-baby/baby-accessories/medical-earrings
Kids Toothbrush,,,Apply,Skin Care,,Download App Now,,,https://masterapi.witheldokan.com/storage/seif-pharmacies/uploads/371119.webp|https://masterapi.witheldokan.com/storage/seif-pharmacies/uploads/388550.webp|https://masterapi.witheldokan.com/storage/seif-pharmacies/uploads/608526.webp|https://masterapi.witheldokan.com/storage/seif-pharmacies/uploads/612409.webp|https://masterapi.witheldokan.com/storage/seif-pharmacies/uploads/617762.webp|https://masterapi.witheldokan.com/storage/seif-pharmacies/uploads/376106.webp|https://masterapi.witheldokan.com/storage/seif-pharmacies/uploads/617763.webp|https://masterapi.witheldokan.com/storage/seif-pharmacies/uploads/617764.webp|https://masterapi.witheldokan.com/storage/seif-pharmacies/uploads/609807.webp|https://masterapi.witheldokan.com/storage/seif-pharmacies/uploads/349931.webp|https://masterapi.witheldokan.com/storage/seif-pharmacies/uploads/605874.webp|https://masterapi.witheldokan.com/storage/seif-pharmacies/uploads/609808.webp|https://masterapi.witheldokan.com/storage/seif-pharmacies/uploads/609809.webp|https://masterapi.witheldokan.com/storage/seif-pharmacies/uploads/617765.webp,https://seif-online.com/en/product/mom-baby/baby-accessories/kids-toothbrush
Baby Equipment& Pacifiers,,,Apply,Skin Care,,Download App Now,,,https://masterapi.witheldokan.com/storage/seif-pharmacies/uploads/612233.webp|https://masterapi.witheldokan.com/storage/seif-pharmacies/uploads/610323.webp|https://masterapi.witheldokan.com/storage/seif-pharmacies/uploads/611541.webp|https://masterapi.witheldokan.com/storage/seif-pharmacies/uploads/388549.webp|https://masterapi.witheldokan.com/storage/seif-pharmacies/uploads/373956.webp|https://masterapi.witheldokan.com/storage/seif-pharmacies/uploads/610321.webp|https://masterapi.witheldokan.com/storage/seif-pharmacies/uploads/610324.webp|https://masterapi.witheldokan.com/storage/seif-pharmacies/uploads/373958.webp|https://masterapi.witheldokan.com/storage/seif-pharmacies/uploads/377989.webp|https://masterapi.witheldokan.com/storage/seif-pharmacies/uploads/610322.webp|https://masterapi.witheldokan.com/storage/seif-pharmacies/uploads/612371.webp|https://masterapi.witheldokan.com/storage/seif-pharmacies/uploads/172268.webp|https://masterapi.witheldokan.com/storage/seif-pharmacies/uploads/612303.webp|https://masterapi.witheldokan.com/storage/seif-pharmacies/uploads/612359.webp|https://masterapi.witheldokan.com/storage/seif-pharmacies/uploads/602329-(1).webp|https://masterapi.witheldokan.com/storage/seif-pharmacies/uploads/373957.webp|https://masterapi.witheldokan.com/storage/seif-pharmacies/uploads/388554.webp|https://masterapi.witheldokan.com/storage/seif-pharmacies/uploads/612363.webp|https://masterapi.witheldokan.com/storage/seif-pharmacies/uploads/602330.webp|https://masterapi.witheldokan.com/storage/seif-pharmacies/uploads/611546.webp,https://seif-online.com/en/product/mom-baby/baby-accessories/baby-equipment-pacifiers
Mom Care,,,Apply,Skin Care,,Download App Now,,,https://masterapi.witheldokan.com/storage/seif-pharmacies/uploads/2749.webp|https://masterapi.witheldokan.com/storage/seif-pharmacies/uploads/376027.webp|https://masterapi.witheldokan.com/storage/seif-pharmacies/uploads/610409.webp|https://masterapi.witheldokan.com/storage/seif-pharmacies/uploads/611914.webp|https://masterapi.witheldokan.com/storage/seif-pharmacies/uploads/388546.webp|https://masterapi.witheldokan.com/storage/seif-pharmacies/uploads/431098.webp|https://masterapi.witheldokan.com/storage/seif-pharmacies/uploads/611501.webp|https://masterapi.witheldokan.com/storage/seif-pharmacies/uploads/611502.webp|https://masterapi.witheldokan.com/storage/seif-pharmacies/uploads/611465.webp|https://masterapi.witheldokan.com/storage/seif-pharmacies/uploads/80407.webp|https://masterapi.witheldokan.com/storage/seif-pharmacies/uploads/253453.webp|https://masterapi.witheldokan.com/storage/seif-pharmacies/uploads/383886.webp|https://masterapi.witheldokan.com/storage/seif-pharmacies/uploads/389664.webp|https://masterapi.witheldokan.com/storage/seif-pharmacies/uploads/613791.webp|https://masterapi.witheldokan.com/storage/seif-pharmacies/uploads/609504.webp|https://masterapi.witheldokan.com/storage/seif-pharmacies/uploads/383871.webp|https://masterapi.witheldokan.com/storage/seif-pharmacies/uploads/356147.webp|https://masterapi.witheldokan.com/storage/seif-pharmacies/uploads/610483.webp,https://seif-online.com/en/product/mom-baby/mom-care
Breastfeeding Supplies,,,Apply,Skin Care,,Download App Now,,,https://masterapi.witheldokan.com/storage/seif-pharmacies/uploads/376027.webp|https://masterapi.witheldokan.com/storage/seif-pharmacies/uploads/610409.webp|https://masterapi.witheldokan.com/storage/seif-pharmacies/uploads/388546.webp|https://masterapi.witheldokan.com/storage/seif-pharmacies/uploads/431098.webp|https://masterapi.witheldokan.com/storage/seif-pharmacies/uploads/611501.webp|https://masterapi.witheldokan.com/storage/seif-pharmacies/uploads/611502.webp|https://masterapi.witheldokan.com/storage/seif-pharmacies/uploads/383886.webp|https://masterapi.witheldokan.com/storage/seif-pharmacies/uploads/613791.webp|https://masterapi.witheldokan.com/storage/seif-pharmacies/uploads/383871.webp|https://masterapi.witheldokan.com/storage/seif-pharmacies/uploads/610483.webp|https://masterapi.witheldokan.com/storage/seif-pharmacies/uploads/324142.webp|https://masterapi.witheldokan.com/storage/seif-pharmacies/uploads/390642.webp|https://masterapi.witheldokan.com/storage/seif-pharmacies/uploads/403751.webp,https://seif-online.com/en/product/mom-baby/mom-care/breastfeeding-supplies
Pregnancy Check,,,Apply,Skin Care,,Download App Now,,,https://masterapi.witheldokan.com/storage/seif-pharmacies/uploads/2749.webp|https://masterapi.witheldokan.com/storage/seif-pharmacies/uploads/356146.webp,https://seif-online.com/en/product/mom-baby/mom-care/pregnancy-check
Ovulation Check,,,Apply,Skin Care,,Download App Now,,,https://masterapi.witheldokan.com/storage/seif-pharmacies/uploads/253453.webp|https://masterapi.witheldokan.com/storage/seif-pharmacies/uploads/356147.webp,https://seif-online.com/en/product/mom-baby/mom-care/ovulation-check
Mom Skin Care,,,Apply,Skin Care,,Download App Now,,,https://masterapi.witheldokan.com/storage/seif-pharmacies/uploads/611914.webp|https://masterapi.witheldokan.com/storage/seif-pharmacies/uploads/611465.webp|https://masterapi.witheldokan.com/storage/seif-pharmacies/uploads/80407.webp|https://masterapi.witheldokan.com/storage/seif-pharmacies/uploads/389664.webp|https://masterapi.witheldokan.com/storage/seif-pharmacies/uploads/609504.webp|https://masterapi.witheldokan.com/storage/seif-pharmacies/uploads/262480.webp|https://masterapi.witheldokan.com/storage/seif-pharmacies/uploads/322223.webp|https://masterapi.witheldokan.com/storage/seif-pharmacies/uploads/379189.webp|https://masterapi.witheldokan.com/storage/seif-pharmacies/uploads/395893.webp|https://masterapi.witheldokan.com/storage/seif-pharmacies/uploads/601638.webp|https://masterapi.witheldokan.com/storage/seif-pharmacies/uploads/609503.webp,https://seif-online.com/en/product/mom-baby/mom-care/mom-skin-care
Baby Diapers & Wips,,,Apply,Skin Care,,Download App Now,,,https://cdn.supercommerce.io/seif-pharmacies/uploads/615697-1768470260.webp|https://cdn.supercommerce.io/seif-pharmacies/uploads/615693-1768469618.webp|https://masterapi.witheldokan.com/storage/seif-pharmacies/uploads/611266.webp|https://masterapi.witheldokan.com/storage/seif-pharmacies/uploads/613033.webp|https://masterapi.witheldokan.com/storage/seif-pharmacies/uploads/608955.webp|https://cdn.supercommerce.io/seif-pharmacies/uploads/615692-1768469494.webp|https://cdn.supercommerce.io/seif-pharmacies/uploads/615694-1768469734.webp|https://cdn.supercommerce.io/seif-pharmacies/uploads/615698-1768470353.webp|https://masterapi.witheldokan.com/storage/seif-pharmacies/uploads/615710 wnp-1754312907.webp|https://cdn.supercommerce.io/seif-pharmacies/uploads/615695-1768469831.webp|https://masterapi.witheldokan.com/storage/seif-pharmacies/uploads/613340.webp|https://masterapi.witheldokan.com/storage/seif-pharmacies/uploads/613339.webp|https://masterapi.witheldokan.com/storage/seif-pharmacies/uploads/611274.webp|https://masterapi.witheldokan.com/storage/seif-pharmacies/uploads/611276.webp|https://masterapi.witheldokan.com/storage/seif-pharmacies/uploads/611273.webp|https://masterapi.witheldokan.com/storage/seif-pharmacies/uploads/611726.webp|https://masterapi.witheldokan.com/storage/seif-pharmacies/uploads/615654-1758461334.webp,https://seif-online.com/en/product/mom-baby/baby-diapers-wips
Baby Diapers,,,Apply,Skin Care,,Download App Now,,,https://masterapi.witheldokan.com/storage/seif-pharmacies/uploads/615710 wnp-1754312907.webp|https://masterapi.witheldokan.com/storage/seif-pharmacies/uploads/615654-1758461334.webp|https://masterapi.witheldokan.com/storage/seif-pharmacies/uploads/279628.webp|https://masterapi.witheldokan.com/storage/seif-pharmacies/uploads/615653-1758461287.webp|https://masterapi.witheldokan.com/storage/seif-pharmacies/uploads/279627.webp|https://masterapi.witheldokan.com/storage/seif-pharmacies/uploads/312822.webp|https://masterapi.witheldokan.com/storage/seif-pharmacies/uploads/279596.webp|https://masterapi.witheldokan.com/storage/seif-pharmacies/uploads/394614.webp|https://masterapi.witheldokan.com/storage/seif-pharmacies/uploads/615651-1758461041.webp|https://masterapi.witheldokan.com/storage/seif-pharmacies/uploads/279629.webp|https://masterapi.witheldokan.com/storage/seif-pharmacies/uploads/279626.webp|https://masterapi.witheldokan.com/storage/seif-pharmacies/uploads/615655-1758461395.webp|https://masterapi.witheldokan.com/storage/seif-pharmacies/uploads/279630.webp|https://masterapi.witheldokan.com/storage/seif-pharmacies/uploads/279597.webp|https://masterapi.witheldokan.com/storage/seif-pharmacies/uploads/279595.webp|https://cdn.supercommerce.io/seif-pharmacies/uploads/617576-1768746058.webp|https://cdn.supercommerce.io/seif-pharmacies/uploads/617578-1768746694.webp|https://cdn.supercommerce.io/seif-pharmacies/uploads/617577-1768746380.webp|https://cdn.supercommerce.io/seif-pharmacies/uploads/618153-1770281183.webp|https://masterapi.witheldokan.com/storage/seif-pharmacies/uploads/279598.webp|https://masterapi.witheldokan.com/storage/seif-pharmacies/uploads/617539-1762951917.webp|https://masterapi.witheldokan.com/storage/seif-pharmacies/uploads/617540-1762951948.webp|https://masterapi.witheldokan.com/storage/seif-pharmacies/uploads/279602.webp|https://masterapi.witheldokan.com/storage/seif-pharmacies/uploads/279605.webp,https://seif-online.com/en/product/mom-baby/baby-diapers-wips/baby-diapers
Baby Wipes,,,Apply,Skin Care,,Download App Now,,,https://cdn.supercommerce.io/seif-pharmacies/uploads/615697-1768470260.webp|https://cdn.supercommerce.io/seif-pharmacies/uploads/615693-1768469618.webp|https://masterapi.witheldokan.com/storage/seif-pharmacies/uploads/611266.webp|https://masterapi.witheldokan.com/storage/seif-pharmacies/uploads/613033.webp|https://masterapi.witheldokan.com/storage/seif-pharmacies/uploads/608955.webp|https://cdn.supercommerce.io/seif-pharmacies/uploads/615692-1768469494.webp|https://cdn.supercommerce.io/seif-pharmacies/uploads/615694-1768469734.webp|https://cdn.supercommerce.io/seif-pharmacies/uploads/615698-1768470353.webp|https://cdn.supercommerce.io/seif-pharmacies/uploads/615695-1768469831.webp|https://masterapi.witheldokan.com/storage/seif-pharmacies/uploads/613340.webp|https://masterapi.witheldokan.com/storage/seif-pharmacies/uploads/613339.webp|https://masterapi.witheldokan.com/storage/seif-pharmacies/uploads/611274.webp|https://masterapi.witheldokan.com/storage/seif-pharmacies/uploads/611276.webp|https://masterapi.witheldokan.com/storage/seif-pharmacies/uploads/611273.webp|https://masterapi.witheldokan.com/storage/seif-pharmacies/uploads/611726.webp|https://masterapi.witheldokan.com/storage/seif-pharmacies/uploads/265497.webp,https://seif-online.com/en/product/mom-baby/baby-diapers-wips/baby-wipes
Headache&Fever,,,Apply,Skin Care,,Download App Now,,,https://masterapi.witheldokan.com/storage/seif-pharmacies/uploads/610139-1760273439.webp|https://masterapi.witheldokan.com/storage/seif-pharmacies/uploads/264781.webp|https://masterapi.witheldokan.com/storage/seif-pharmacies/uploads/3005.webp|https://masterapi.witheldokan.com/storage/seif-pharmacies/uploads/2218.webp|https://masterapi.witheldokan.com/storage/seif-pharmacies/uploads/613697.webp|https://masterapi.witheldokan.com/storage/seif-pharmacies/uploads/617532-1763285781.webp|https://masterapi.witheldokan.com/storage/seif-pharmacies/uploads/231707.webp|https://masterapi.witheldokan.com/storage/seif-pharmacies/uploads/860.webp|https://masterapi.witheldokan.com/storage/seif-pharmacies/uploads/180318.webp|https://masterapi.witheldokan.com/storage/seif-pharmacies/uploads/694.webp|https://masterapi.witheldokan.com/storage/seif-pharmacies/uploads/373656.webp|https://masterapi.witheldokan.com/storage/seif-pharmacies/uploads/65552.webp|https://masterapi.witheldokan.com/storage/seif-pharmacies/uploads/26862.webp|https://masterapi.witheldokan.com/storage/seif-pharmacies/uploads/266951.webp|https://cdn.supercommerce.io/seif-pharmacies/uploads/618321-1773212760.webp|https://masterapi.witheldokan.com/storage/seif-pharmacies/uploads/59666.webp|https://masterapi.witheldokan.com/storage/seif-pharmacies/uploads/26861.webp|https://masterapi.witheldokan.com/storage/seif-pharmacies/uploads/59465.webp|https://masterapi.witheldokan.com/storage/seif-pharmacies/uploads/316661.webp|https://masterapi.witheldokan.com/storage/seif-pharmacies/uploads/2192.webp|https://masterapi.witheldokan.com/storage/seif-pharmacies/uploads/617533-1763285750.webp|https://masterapi.witheldokan.com/storage/seif-pharmacies/uploads/98526.webp,https://seif-online.com/en/product/medicine/headachefever
Migraine Treatment,,,Apply,Skin Care,,Download App Now,,,https://masterapi.witheldokan.com/storage/seif-pharmacies/uploads/180318.webp|https://cdn.supercommerce.io/seif-pharmacies/uploads/618321-1773212760.webp|https://masterapi.witheldokan.com/storage/seif-pharmacies/uploads/316661.webp|https://masterapi.witheldokan.com/storage/seif-pharmacies/uploads/403633.webp|https://masterapi.witheldokan.com/storage/seif-pharmacies/uploads/106906.webp|https://masterapi.witheldokan.com/storage/seif-pharmacies/uploads/304358.webp|https://cdn.supercommerce.io/seif-pharmacies/uploads/618083.webp|https://masterapi.witheldokan.com/storage/seif-pharmacies/uploads/49991.webp|https://masterapi.witheldokan.com/storage/seif-pharmacies/uploads/55640.webp|https://masterapi.witheldokan.com/storage/seif-pharmacies/uploads/323243.webp|https://masterapi.witheldokan.com/storage/seif-pharmacies/uploads/336386.webp|https://masterapi.witheldokan.com/storage/seif-pharmacies/uploads/384006.webp|https://masterapi.witheldokan.com/storage/seif-pharmacies/uploads/393303.webp|https://masterapi.witheldokan.com/storage/seif-pharmacies/uploads/393546.webp|https://masterapi.witheldokan.com/storage/seif-pharmacies/uploads/403632.webp|https://masterapi.witheldokan.com/storage/seif-pharmacies/uploads/608424.webp|https://masterapi.witheldokan.com/storage/seif-pharmacies/uploads/611979.webp|https://masterapi.witheldokan.com/storage/seif-pharmacies/uploads/612911.webp|https://masterapi.witheldokan.com/storage/seif-pharmacies/uploads/611673-1760272483.webp,https://seif-online.com/en/product/medicine/headachefever/migraine-treatment
Non- Narcotic Analgesic,,,Apply,Skin Care,,Download App Now,,,https://masterapi.witheldokan.com/storage/seif-pharmacies/uploads/610139-1760273439.webp|https://masterapi.witheldokan.com/storage/seif-pharmacies/uploads/264781.webp|https://masterapi.witheldokan.com/storage/seif-pharmacies/uploads/3005.webp|https://masterapi.witheldokan.com/storage/seif-pharmacies/uploads/2218.webp|https://masterapi.witheldokan.com/storage/seif-pharmacies/uploads/613697.webp|https://masterapi.witheldokan.com/storage/seif-pharmacies/uploads/617532-1763285781.webp|https://masterapi.witheldokan.com/storage/seif-pharmacies/uploads/231707.webp|https://masterapi.witheldokan.com/storage/seif-pharmacies/uploads/860.webp|https://masterapi.witheldokan.com/storage/seif-pharmacies/uploads/694.webp|https://masterapi.witheldokan.com/storage/seif-pharmacies/uploads/373656.webp|https://masterapi.witheldokan.com/storage/seif-pharmacies/uploads/65552.webp|https://masterapi.witheldokan.com/storage/seif-pharmacies/uploads/26862.webp|https://masterapi.witheldokan.com/storage/seif-pharmacies/uploads/266951.webp|https://masterapi.witheldokan.com/storage/seif-pharmacies/uploads/59666.webp|https://masterapi.witheldokan.com/storage/seif-pharmacies/uploads/26861.webp|https://masterapi.witheldokan.com/storage/seif-pharmacies/uploads/59465.webp|https://masterapi.witheldokan.com/storage/seif-pharmacies/uploads/2192.webp|https://masterapi.witheldokan.com/storage/seif-pharmacies/uploads/617533-1763285750.webp|https://masterapi.witheldokan.com/storage/seif-pharmacies/uploads/98526.webp|https://masterapi.witheldokan.com/storage/seif-pharmacies/uploads/1991.webp|https://masterapi.witheldokan.com/storage/seif-pharmacies/uploads/721.webp|https://masterapi.witheldokan.com/storage/seif-pharmacies/uploads/2197.webp,https://seif-online.com/en/product/medicine/headachefever/non-narcotic-analgesic
Food & Beverages,,,Apply,Skin Care,,Download App Now,,,https://masterapi.witheldokan.com/storage/seif-pharmacies/uploads/377527.webp|https://masterapi.witheldokan.com/storage/seif-pharmacies/uploads/30519.webp|https://masterapi.witheldokan.com/storage/seif-pharmacies/uploads/322249.webp|https://masterapi.witheldokan.com/storage/seif-pharmacies/uploads/375209.webp,https://seif-online.com/en/product/medicine/food-beverages
Salt Substitute,,,Apply,Skin Care,,Download App Now,,,https://masterapi.witheldokan.com/storage/seif-pharmacies/uploads/377527.webp|https://masterapi.witheldokan.com/storage/seif-pharmacies/uploads/30519.webp,https://seif-online.com/en/product/medicine/food-beverages/salt-substitute
Honey & Bee products,,,Apply,Skin Care,,Download App Now,,,https://masterapi.witheldokan.com/storage/seif-pharmacies/uploads/322249.webp|https://masterapi.witheldokan.com/storage/seif-pharmacies/uploads/375209.webp,https://seif-online.com/en/product/medicine/food-beverages/honey-bee-products
Vitamins &/Or Minerals,,,Apply,Skin Care,,Download App Now,,,https://masterapi.witheldokan.com/storage/seif-pharmacies/uploads/396518.webp|https://masterapi.witheldokan.com/storage/seif-pharmacies/uploads/431663.webp|https://masterapi.witheldokan.com/storage/seif-pharmacies/uploads/38474.webp|https://masterapi.witheldokan.com/storage/seif-pharmacies/uploads/168846.webp|https://masterapi.witheldokan.com/storage/seif-pharmacies/uploads/388776.webp|https://masterapi.witheldokan.com/storage/seif-pharmacies/uploads/47841.webp|https://masterapi.witheldokan.com/storage/seif-pharmacies/uploads/38104.webp|https://masterapi.witheldokan.com/storage/seif-pharmacies/uploads/48881.webp|https://masterapi.witheldokan.com/storage/seif-pharmacies/uploads/296331.webp|https://masterapi.witheldokan.com/storage/seif-pharmacies/uploads/614721.webp|https://cdn.supercommerce.io/seif-pharmacies/uploads/617990-1769499682.webp|https://masterapi.witheldokan.com/storage/seif-pharmacies/uploads/32406.webp|https://masterapi.witheldokan.com/storage/seif-pharmacies/uploads/604352.webp|https://masterapi.witheldokan.com/storage/seif-pharmacies/uploads/377842.webp|https://masterapi.witheldokan.com/storage/seif-pharmacies/uploads/45031.webp|https://masterapi.witheldokan.com/storage/seif-pharmacies/uploads/608452.webp|https://masterapi.witheldokan.com/storage/seif-pharmacies/uploads/601590.webp|https://masterapi.witheldokan.com/storage/seif-pharmacies/uploads/382743.webp|https://masterapi.witheldokan.com/storage/seif-pharmacies/uploads/30361.webp|https://masterapi.witheldokan.com/storage/seif-pharmacies/uploads/99033.webp|https://masterapi.witheldokan.com/storage/seif-pharmacies/uploads/46130.webp|https://cdn.supercommerce.io/seif-pharmacies/uploads/618044-1769519690.webp|https://masterapi.witheldokan.com/storage/seif-pharmacies/uploads/397466.webp,https://seif-online.com/en/product/medicine/vitamins-or-minerals
Eye Aid Vitamin,,,Apply,Skin Care,,Download App Now,,,,https://seif-online.com/en/product/medicine/vitamins-or-minerals/eye-aid-vitamin
Multivitamins,,,Apply,Skin Care,,Download App Now,,,https://masterapi.witheldokan.com/storage/seif-pharmacies/uploads/396518.webp|https://masterapi.witheldokan.com/storage/seif-pharmacies/uploads/431663.webp|https://masterapi.witheldokan.com/storage/seif-pharmacies/uploads/38474.webp|https://masterapi.witheldokan.com/storage/seif-pharmacies/uploads/168846.webp|https://masterapi.witheldokan.com/storage/seif-pharmacies/uploads/388776.webp|https://masterapi.witheldokan.com/storage/seif-pharmacies/uploads/47841.webp|https://masterapi.witheldokan.com/storage/seif-pharmacies/uploads/38104.webp|https://masterapi.witheldokan.com/storage/seif-pharmacies/uploads/48881.webp|https://masterapi.witheldokan.com/storage/seif-pharmacies/uploads/296331.webp|https://masterapi.witheldokan.com/storage/seif-pharmacies/uploads/614721.webp|https://cdn.supercommerce.io/seif-pharmacies/uploads/617990-1769499682.webp|https://masterapi.witheldokan.com/storage/seif-pharmacies/uploads/32406.webp|https://masterapi.witheldokan.com/storage/seif-pharmacies/uploads/604352.webp|https://masterapi.witheldokan.com/storage/seif-pharmacies/uploads/377842.webp|https://masterapi.witheldokan.com/storage/seif-pharmacies/uploads/45031.webp|https://masterapi.witheldokan.com/storage/seif-pharmacies/uploads/608452.webp|https://masterapi.witheldokan.com/storage/seif-pharmacies/uploads/601590.webp|https://masterapi.witheldokan.com/storage/seif-pharmacies/uploads/382743.webp|https://masterapi.witheldokan.com/storage/seif-pharmacies/uploads/30361.webp|https://masterapi.witheldokan.com/storage/seif-pharmacies/uploads/99033.webp|https://masterapi.witheldokan.com/storage/seif-pharmacies/uploads/46130.webp|https://cdn.supercommerce.io/seif-pharmacies/uploads/618044-1769519690.webp|https://masterapi.witheldokan.com/storage/seif-pharmacies/uploads/397466.webp,https://seif-online.com/en/product/medicine/vitamins-or-minerals/multivitamins
Hair Tonic,,,Apply,Skin Care,,Download App Now,,,https://cdn.supercommerce.io/seif-pharmacies/uploads/617099.jpg|https://masterapi.witheldokan.com/storage/seif-pharmacies/uploads/613293.webp|https://masterapi.witheldokan.com/storage/seif-pharmacies/uploads/604862.webp|https://cdn.supercommerce.io/seif-pharmacies/uploads/615110-1773215235.webp|https://cdn.supercommerce.io/seif-pharmacies/uploads/616796-1775469654.webp|https://masterapi.witheldokan.com/storage/seif-pharmacies/uploads/614874.webp|https://cdn.supercommerce.io/seif-pharmacies/uploads/617888-1769518429.webp|https://masterapi.witheldokan.com/storage/seif-pharmacies/uploads/374299.webp|https://masterapi.witheldokan.com/storage/seif-pharmacies/uploads/608235.webp|https://masterapi.witheldokan.com/storage/seif-pharmacies/uploads/608732.webp,https://seif-online.com/en/product/medicine/vitamins-or-minerals/hair-tonic-vitamin
Mouth & Gum Care,,,Apply,Skin Care,,Download App Now,,,https://masterapi.witheldokan.com/storage/seif-pharmacies/uploads/2711.webp|https://masterapi.witheldokan.com/storage/seif-pharmacies/uploads/613747.webp|https://masterapi.witheldokan.com/storage/seif-pharmacies/uploads/2134.webp|https://masterapi.witheldokan.com/storage/seif-pharmacies/uploads/3412.webp|https://masterapi.witheldokan.com/storage/seif-pharmacies/uploads/613748.webp|https://masterapi.witheldokan.com/storage/seif-pharmacies/uploads/67092.webp|https://masterapi.witheldokan.com/storage/seif-pharmacies/uploads/63226.webp|https://masterapi.witheldokan.com/storage/seif-pharmacies/uploads/403759.webp|https://masterapi.witheldokan.com/storage/seif-pharmacies/uploads/607542.webp|https://masterapi.witheldokan.com/storage/seif-pharmacies/uploads/52962.webp|https://masterapi.witheldokan.com/storage/seif-pharmacies/uploads/2290.webp|https://masterapi.witheldokan.com/storage/seif-pharmacies/uploads/63229.webp|https://masterapi.witheldokan.com/storage/seif-pharmacies/uploads/179594.webp|https://masterapi.witheldokan.com/storage/seif-pharmacies/uploads/609033.webp|https://masterapi.witheldokan.com/storage/seif-pharmacies/uploads/347731.webp|https://masterapi.witheldokan.com/storage/seif-pharmacies/uploads/609034.webp|https://cdn.supercommerce.io/seif-pharmacies/uploads/311593.webp,https://seif-online.com/en/product/medicine/mouth-gum-care
Mouthwash & Gargle.,,,Apply,Skin Care,,Download App Now,,,https://masterapi.witheldokan.com/storage/seif-pharmacies/uploads/2134.webp|https://masterapi.witheldokan.com/storage/seif-pharmacies/uploads/403759.webp|https://masterapi.witheldokan.com/storage/seif-pharmacies/uploads/52962.webp|https://masterapi.witheldokan.com/storage/seif-pharmacies/uploads/347731.webp|https://masterapi.witheldokan.com/storage/seif-pharmacies/uploads/312080.webp|https://masterapi.witheldokan.com/storage/seif-pharmacies/uploads/69028.webp|https://masterapi.witheldokan.com/storage/seif-pharmacies/uploads/115869.webp|https://masterapi.witheldokan.com/storage/seif-pharmacies/uploads/3454.webp|https://masterapi.witheldokan.com/storage/seif-pharmacies/uploads/613417.webp|https://masterapi.witheldokan.com/storage/seif-pharmacies/uploads/602244.webp|https://masterapi.witheldokan.com/storage/seif-pharmacies/uploads/346561.webp|https://masterapi.witheldokan.com/storage/seif-pharmacies/uploads/305279.webp|https://masterapi.witheldokan.com/storage/seif-pharmacies/uploads/305278.webp|https://masterapi.witheldokan.com/storage/seif-pharmacies/uploads/324875.webp|https://masterapi.witheldokan.com/storage/seif-pharmacies/uploads/611651.webp|https://masterapi.witheldokan.com/storage/seif-pharmacies/uploads/606292.webp|https://masterapi.witheldokan.com/storage/seif-pharmacies/uploads/611652.webp|https://masterapi.witheldokan.com/storage/seif-pharmacies/uploads/401336.webp|https://masterapi.witheldokan.com/storage/seif-pharmacies/uploads/113725.webp,https://seif-online.com/en/product/medicine/mouth-gum-care/mouthwash-gargle-medicines
Teeth & Gum Care,,,Apply,Skin Care,,Download App Now,,,https://masterapi.witheldokan.com/storage/seif-pharmacies/uploads/321828.webp,https://seif-online.com/en/product/medicine/mouth-gum-care/teeth-gum-care
Lozenges,,,Apply,Skin Care,,Download App Now,,,https://masterapi.witheldokan.com/storage/seif-pharmacies/uploads/2711.webp|https://masterapi.witheldokan.com/storage/seif-pharmacies/uploads/613747.webp|https://masterapi.witheldokan.com/storage/seif-pharmacies/uploads/613748.webp|https://masterapi.witheldokan.com/storage/seif-pharmacies/uploads/63226.webp|https://masterapi.witheldokan.com/storage/seif-pharmacies/uploads/63229.webp|https://masterapi.witheldokan.com/storage/seif-pharmacies/uploads/609033.webp|https://masterapi.witheldokan.com/storage/seif-pharmacies/uploads/609034.webp|https://masterapi.witheldokan.com/storage/seif-pharmacies/uploads/613749.webp|https://masterapi.witheldokan.com/storage/seif-pharmacies/uploads/609035.webp|https://masterapi.witheldokan.com/storage/seif-pharmacies/uploads/230200.webp|https://masterapi.witheldokan.com/storage/seif-pharmacies/uploads/614687.webp|https://masterapi.witheldokan.com/storage/seif-pharmacies/uploads/382424.webp|https://masterapi.witheldokan.com/storage/seif-pharmacies/uploads/138696.webp|https://masterapi.witheldokan.com/storage/seif-pharmacies/uploads/382426.webp|https://masterapi.witheldokan.com/storage/seif-pharmacies/uploads/321996.webp|https://masterapi.witheldokan.com/storage/seif-pharmacies/uploads/61209.webp|https://masterapi.witheldokan.com/storage/seif-pharmacies/uploads/604658-1760877902.webp|https://masterapi.witheldokan.com/storage/seif-pharmacies/uploads/278226.webp|https://masterapi.witheldokan.com/storage/seif-pharmacies/uploads/299780.webp,https://seif-online.com/en/product/medicine/mouth-gum-care/lozenges
Topical Treatment Of The Mouth,,,Apply,Skin Care,,Download App Now,,,https://masterapi.witheldokan.com/storage/seif-pharmacies/uploads/3412.webp|https://masterapi.witheldokan.com/storage/seif-pharmacies/uploads/67092.webp|https://masterapi.witheldokan.com/storage/seif-pharmacies/uploads/607542.webp|https://masterapi.witheldokan.com/storage/seif-pharmacies/uploads/2290.webp|https://masterapi.witheldokan.com/storage/seif-pharmacies/uploads/179594.webp|https://cdn.supercommerce.io/seif-pharmacies/uploads/311593.webp|https://masterapi.witheldokan.com/storage/seif-pharmacies/uploads/303576.webp|https://masterapi.witheldokan.com/storage/seif-pharmacies/uploads/317038.webp|https://masterapi.witheldokan.com/storage/seif-pharmacies/uploads/65762.webp|https://masterapi.witheldokan.com/storage/seif-pharmacies/uploads/89830.webp|https://masterapi.witheldokan.com/storage/seif-pharmacies/uploads/611653.webp|https://masterapi.witheldokan.com/storage/seif-pharmacies/uploads/303580.webp|https://masterapi.witheldokan.com/storage/seif-pharmacies/uploads/365884.webp|https://masterapi.witheldokan.com/storage/seif-pharmacies/uploads/233414.webp|https://masterapi.witheldokan.com/storage/seif-pharmacies/uploads/612560.webp|https://masterapi.witheldokan.com/storage/seif-pharmacies/uploads/263834.webp|https://masterapi.witheldokan.com/storage/seif-pharmacies/uploads/317235.webp|https://masterapi.witheldokan.com/storage/seif-pharmacies/uploads/306.webp|https://masterapi.witheldokan.com/storage/seif-pharmacies/uploads/1543.webp,https://seif-online.com/en/product/medicine/mouth-gum-care/topical-treatment-of-the-mouth
Topical Prepareation,,,Apply,Skin Care,,Download App Now,,,https://masterapi.witheldokan.com/storage/seif-pharmacies/uploads/394707.webp|https://cdn.supercommerce.io/seif-pharmacies/uploads/617890-1769517874.webp|https://masterapi.witheldokan.com/storage/seif-pharmacies/uploads/2496.webp|https://masterapi.witheldokan.com/storage/seif-pharmacies/uploads/156221.webp|https://masterapi.witheldokan.com/storage/seif-pharmacies/uploads/1055.webp|https://masterapi.witheldokan.com/storage/seif-pharmacies/uploads/1446.webp|https://masterapi.witheldokan.com/storage/seif-pharmacies/uploads/263832.webp|https://masterapi.witheldokan.com/storage/seif-pharmacies/uploads/127899.webp|https://masterapi.witheldokan.com/storage/seif-pharmacies/uploads/13883.webp|https://masterapi.witheldokan.com/storage/seif-pharmacies/uploads/1510.webp|https://masterapi.witheldokan.com/storage/seif-pharmacies/uploads/385702.webp|https://masterapi.witheldokan.com/storage/seif-pharmacies/uploads/84003.webp|https://masterapi.witheldokan.com/storage/seif-pharmacies/uploads/90025.webp|https://masterapi.witheldokan.com/storage/seif-pharmacies/uploads/614427-1759928718.webp|https://masterapi.witheldokan.com/storage/seif-pharmacies/uploads/338174.webp|https://masterapi.witheldokan.com/storage/seif-pharmacies/uploads/180614.webp|https://masterapi.witheldokan.com/storage/seif-pharmacies/uploads/934.webp|https://masterapi.witheldokan.com/storage/seif-pharmacies/uploads/389988.webp,https://seif-online.com/en/product/medicine/topical-prepareation
Anti-Virals,,,Apply,Skin Care,,Download App Now,,,https://masterapi.witheldokan.com/storage/seif-pharmacies/uploads/1288.webp|https://masterapi.witheldokan.com/storage/seif-pharmacies/uploads/302365.webp|https://masterapi.witheldokan.com/storage/seif-pharmacies/uploads/373675.webp,https://seif-online.com/en/product/medicine/topical-prepareation/anti-virals-medicine
Soothing / Protective,,,Apply,Skin Care,,Download App Now,,,https://masterapi.witheldokan.com/storage/seif-pharmacies/uploads/263832.webp|https://masterapi.witheldokan.com/storage/seif-pharmacies/uploads/179748.webp|https://masterapi.witheldokan.com/storage/seif-pharmacies/uploads/397129.webp|https://masterapi.witheldokan.com/storage/seif-pharmacies/uploads/309728.webp|https://masterapi.witheldokan.com/storage/seif-pharmacies/uploads/395153.webp|https://masterapi.witheldokan.com/storage/seif-pharmacies/uploads/612447-1759907204.webp|https://masterapi.witheldokan.com/storage/seif-pharmacies/uploads/612448-1759907438.webp|https://masterapi.witheldokan.com/storage/seif-pharmacies/uploads/612446-1759906193.webp|https://masterapi.witheldokan.com/storage/seif-pharmacies/uploads/611846-1757579773.webp|https://masterapi.witheldokan.com/storage/seif-pharmacies/uploads/614724.webp|https://masterapi.witheldokan.com/storage/seif-pharmacies/uploads/388655.webp|https://masterapi.witheldokan.com/storage/seif-pharmacies/uploads/297831.webp|https://masterapi.witheldokan.com/storage/seif-pharmacies/uploads/610440.webp|https://masterapi.witheldokan.com/storage/seif-pharmacies/uploads/397130.webp,https://seif-online.com/en/product/medicine/topical-prepareation/soothing-protective
Burns/Wounds,,,Apply,Skin Care,,Download App Now,,,https://cdn.supercommerce.io/seif-pharmacies/uploads/617890-1769517874.webp|https://masterapi.witheldokan.com/storage/seif-pharmacies/uploads/13883.webp|https://masterapi.witheldokan.com/storage/seif-pharmacies/uploads/338174.webp|https://masterapi.witheldokan.com/storage/seif-pharmacies/uploads/92802.webp|https://masterapi.witheldokan.com/storage/seif-pharmacies/uploads/359336.webp|https://masterapi.witheldokan.com/storage/seif-pharmacies/uploads/202875.webp|https://masterapi.witheldokan.com/storage/seif-pharmacies/uploads/26711.webp|https://masterapi.witheldokan.com/storage/seif-pharmacies/uploads/3480.webp|https://masterapi.witheldokan.com/storage/seif-pharmacies/uploads/615167-1759906222.webp|https://masterapi.witheldokan.com/storage/seif-pharmacies/uploads/349378.webp|https://masterapi.witheldokan.com/storage/seif-pharmacies/uploads/322691.webp|https://masterapi.witheldokan.com/storage/seif-pharmacies/uploads/389927.webp|https://masterapi.witheldokan.com/storage/seif-pharmacies/uploads/432383.webp|https://masterapi.witheldokan.com/storage/seif-pharmacies/uploads/614789.webp|https://masterapi.witheldokan.com/storage/seif-pharmacies/uploads/613767-1759908148.webp,https://seif-online.com/en/product/medicine/topical-prepareation/burns-wounds
Skin Depigmentation,,,Apply,Skin Care,,Download App Now,,,https://masterapi.witheldokan.com/storage/seif-pharmacies/uploads/3184.webp|https://masterapi.witheldokan.com/storage/seif-pharmacies/uploads/321384.webp|https://masterapi.witheldokan.com/storage/seif-pharmacies/uploads/398267.webp|https://masterapi.witheldokan.com/storage/seif-pharmacies/uploads/274350.webp|https://masterapi.witheldokan.com/storage/seif-pharmacies/uploads/143436.webp|https://masterapi.witheldokan.com/storage/seif-pharmacies/uploads/324627.webp|https://masterapi.witheldokan.com/storage/seif-pharmacies/uploads/324625.webp|https://masterapi.witheldokan.com/storage/seif-pharmacies/uploads/171039.webp|https://masterapi.witheldokan.com/storage/seif-pharmacies/uploads/103704.webp|https://masterapi.witheldokan.com/storage/seif-pharmacies/uploads/321443.webp|https://masterapi.witheldokan.com/storage/seif-pharmacies/uploads/304368.webp|https://masterapi.witheldokan.com/storage/seif-pharmacies/uploads/608842-1760358776.webp|https://masterapi.witheldokan.com/storage/seif-pharmacies/uploads/377560.webp|https://masterapi.witheldokan.com/storage/seif-pharmacies/uploads/277351.webp|https://masterapi.witheldokan.com/storage/seif-pharmacies/uploads/306949.webp|https://masterapi.witheldokan.com/storage/seif-pharmacies/uploads/606288.webp,https://seif-online.com/en/product/medicine/topical-prepareation/skin-depigmentation
Body Firming & Anti-Ageing,,,Apply,Skin Care,,Download App Now,,,https://masterapi.witheldokan.com/storage/seif-pharmacies/uploads/401071.webp|https://masterapi.witheldokan.com/storage/seif-pharmacies/uploads/313298.webp|https://masterapi.witheldokan.com/storage/seif-pharmacies/uploads/386695.webp|https://masterapi.witheldokan.com/storage/seif-pharmacies/uploads/358197.webp|https://masterapi.witheldokan.com/storage/seif-pharmacies/uploads/395905.webp|https://masterapi.witheldokan.com/storage/seif-pharmacies/uploads/608846-1760358953.webp,https://seif-online.com/en/product/medicine/topical-prepareation/body-firming-anti-ageing
Alopecia Treatment,,,Apply,Skin Care,,Download App Now,,,https://masterapi.witheldokan.com/storage/seif-pharmacies/uploads/68390.webp|https://masterapi.witheldokan.com/storage/seif-pharmacies/uploads/76438.webp|https://masterapi.witheldokan.com/storage/seif-pharmacies/uploads/340334.webp|https://masterapi.witheldokan.com/storage/seif-pharmacies/uploads/208147.webp|https://masterapi.witheldokan.com/storage/seif-pharmacies/uploads/608162.webp|https://masterapi.witheldokan.com/storage/seif-pharmacies/uploads/2785.webp|https://masterapi.witheldokan.com/storage/seif-pharmacies/uploads/181165.webp,https://seif-online.com/en/product/medicine/topical-prepareation/alopecia-treatment
Varicose Veins,,,Apply,Skin Care,,Download App Now,,,https://masterapi.witheldokan.com/storage/seif-pharmacies/uploads/150688.webp|https://masterapi.witheldokan.com/storage/seif-pharmacies/uploads/161829.webp|https://masterapi.witheldokan.com/storage/seif-pharmacies/uploads/161830.webp|https://masterapi.witheldokan.com/storage/seif-pharmacies/uploads/294733.webp|https://masterapi.witheldokan.com/storage/seif-pharmacies/uploads/349443.webp|https://masterapi.witheldokan.com/storage/seif-pharmacies/uploads/168224.webp|https://masterapi.witheldokan.com/storage/seif-pharmacies/uploads/601597.webp|https://masterapi.witheldokan.com/storage/seif-pharmacies/uploads/167.webp|https://masterapi.witheldokan.com/storage/seif-pharmacies/uploads/196598.webp|https://masterapi.witheldokan.com/storage/seif-pharmacies/uploads/265262.webp|https://masterapi.witheldokan.com/storage/seif-pharmacies/uploads/601596.webp,https://seif-online.com/en/product/medicine/topical-prepareation/varicose-veins
Anthelmintics.,,,Apply,Skin Care,,Download App Now,,,https://masterapi.witheldokan.com/storage/seif-pharmacies/uploads/241579.webp|https://masterapi.witheldokan.com/storage/seif-pharmacies/uploads/69382.webp|https://masterapi.witheldokan.com/storage/seif-pharmacies/uploads/605367.webp|https://masterapi.witheldokan.com/storage/seif-pharmacies/uploads/1477.webp|https://masterapi.witheldokan.com/storage/seif-pharmacies/uploads/177399.webp|https://masterapi.witheldokan.com/storage/seif-pharmacies/uploads/88703.webp|https://masterapi.witheldokan.com/storage/seif-pharmacies/uploads/606633.webp|https://masterapi.witheldokan.com/storage/seif-pharmacies/uploads/376514.webp|https://masterapi.witheldokan.com/storage/seif-pharmacies/uploads/606870.webp|https://cdn.supercommerce.io/seif-pharmacies/uploads/614782-1769435101.webp|https://masterapi.witheldokan.com/storage/seif-pharmacies/uploads/614785.webp|https://masterapi.witheldokan.com/storage/seif-pharmacies/uploads/48283.webp|https://masterapi.witheldokan.com/storage/seif-pharmacies/uploads/50722.webp|https://masterapi.witheldokan.com/storage/seif-pharmacies/uploads/80667.webp|https://masterapi.witheldokan.com/storage/seif-pharmacies/uploads/118366.webp|https://masterapi.witheldokan.com/storage/seif-pharmacies/uploads/356128.webp|https://masterapi.witheldokan.com/storage/seif-pharmacies/uploads/357972.webp|https://masterapi.witheldokan.com/storage/seif-pharmacies/uploads/607941-1760362454.webp|https://masterapi.witheldokan.com/storage/seif-pharmacies/uploads/607942-1760362547.webp,https://seif-online.com/en/product/medicine/topical-prepareation/anthelmintics-gastro-intestinal-tract-4
Psoriasis/Eczema,,,Apply,Skin Care,,Download App Now,,,https://masterapi.witheldokan.com/storage/seif-pharmacies/uploads/88140.webp|https://masterapi.witheldokan.com/storage/seif-pharmacies/uploads/1014.webp|https://masterapi.witheldokan.com/storage/seif-pharmacies/uploads/161940.webp|https://masterapi.witheldokan.com/storage/seif-pharmacies/uploads/156381.webp|https://masterapi.witheldokan.com/storage/seif-pharmacies/uploads/88141.webp|https://masterapi.witheldokan.com/storage/seif-pharmacies/uploads/317085.webp|https://masterapi.witheldokan.com/storage/seif-pharmacies/uploads/65776.webp|https://masterapi.witheldokan.com/storage/seif-pharmacies/uploads/608949-1760357835.webp|https://masterapi.witheldokan.com/storage/seif-pharmacies/uploads/65399.webp|https://masterapi.witheldokan.com/storage/seif-pharmacies/uploads/1010.webp|https://masterapi.witheldokan.com/storage/seif-pharmacies/uploads/371698.webp|https://masterapi.witheldokan.com/storage/seif-pharmacies/uploads/222395.webp|https://masterapi.witheldokan.com/storage/seif-pharmacies/uploads/255935.webp|https://masterapi.witheldokan.com/storage/seif-pharmacies/uploads/283910.webp|https://masterapi.witheldokan.com/storage/seif-pharmacies/uploads/386747.webp,https://seif-online.com/en/product/medicine/topical-prepareation/psoriasis-eczema
Sun Screen,,,Apply,Skin Care,,Download App Now,,,,https://seif-online.com/en/product/medicine/topical-prepareation/sun-screen
Astringent,,,Apply,Skin Care,,Download App Now,,,,https://seif-online.com/en/product/medicine/topical-prepareation/astringent
Local Anaesthetic,,,Apply,Skin Care,,Download App Now,,,https://masterapi.witheldokan.com/storage/seif-pharmacies/uploads/604642.webp|https://masterapi.witheldokan.com/storage/seif-pharmacies/uploads/155071.webp|https://masterapi.witheldokan.com/storage/seif-pharmacies/uploads/298172.webp|https://masterapi.witheldokan.com/storage/seif-pharmacies/uploads/28023.webp|https://masterapi.witheldokan.com/storage/seif-pharmacies/uploads/607.webp|https://masterapi.witheldokan.com/storage/seif-pharmacies/uploads/3475.webp|https://masterapi.witheldokan.com/storage/seif-pharmacies/uploads/41188.webp,https://seif-online.com/en/product/medicine/topical-prepareation/local-anaesthetic
Anti-Dandruff,,,Apply,Skin Care,,Download App Now,,,https://masterapi.witheldokan.com/storage/seif-pharmacies/uploads/30720.webp|https://masterapi.witheldokan.com/storage/seif-pharmacies/uploads/140083.webp|https://masterapi.witheldokan.com/storage/seif-pharmacies/uploads/344631.webp|https://masterapi.witheldokan.com/storage/seif-pharmacies/uploads/367483.webp|https://masterapi.witheldokan.com/storage/seif-pharmacies/uploads/89371.webp|https://masterapi.witheldokan.com/storage/seif-pharmacies/uploads/308307.webp|https://masterapi.witheldokan.com/storage/seif-pharmacies/uploads/130383.webp|https://masterapi.witheldokan.com/storage/seif-pharmacies/uploads/314708.webp|https://masterapi.witheldokan.com/storage/seif-pharmacies/uploads/368952.webp|https://masterapi.witheldokan.com/storage/seif-pharmacies/uploads/604758.webp|https://masterapi.witheldokan.com/storage/seif-pharmacies/uploads/207386.webp|https://masterapi.witheldokan.com/storage/seif-pharmacies/uploads/257922.webp|https://masterapi.witheldokan.com/storage/seif-pharmacies/uploads/266401.webp|https://masterapi.witheldokan.com/storage/seif-pharmacies/uploads/300186.webp|https://masterapi.witheldokan.com/storage/seif-pharmacies/uploads/315869.webp|https://masterapi.witheldokan.com/storage/seif-pharmacies/uploads/361238.webp|https://masterapi.witheldokan.com/storage/seif-pharmacies/uploads/368954.webp|https://masterapi.witheldokan.com/storage/seif-pharmacies/uploads/378673.webp|https://masterapi.witheldokan.com/storage/seif-pharmacies/uploads/383148.webp,https://seif-online.com/en/product/medicine/topical-prepareation/anti-dandruff
Anti- Fungals,,,Apply,Skin Care,,Download App Now,,,https://masterapi.witheldokan.com/storage/seif-pharmacies/uploads/1332.webp|https://masterapi.witheldokan.com/storage/seif-pharmacies/uploads/90025.webp|https://masterapi.witheldokan.com/storage/seif-pharmacies/uploads/208094.webp|https://masterapi.witheldokan.com/storage/seif-pharmacies/uploads/3350.webp|https://masterapi.witheldokan.com/storage/seif-pharmacies/uploads/34677.webp|https://masterapi.witheldokan.com/storage/seif-pharmacies/uploads/51698.webp|https://masterapi.witheldokan.com/storage/seif-pharmacies/uploads/63222.webp|https://masterapi.witheldokan.com/storage/seif-pharmacies/uploads/46239.webp|https://masterapi.witheldokan.com/storage/seif-pharmacies/uploads/2502.webp|https://masterapi.witheldokan.com/storage/seif-pharmacies/uploads/68204.webp|https://masterapi.witheldokan.com/storage/seif-pharmacies/uploads/207933.webp|https://masterapi.witheldokan.com/storage/seif-pharmacies/uploads/377690.webp|https://masterapi.witheldokan.com/storage/seif-pharmacies/uploads/2636.webp|https://masterapi.witheldokan.com/storage/seif-pharmacies/uploads/37872.webp|https://masterapi.witheldokan.com/storage/seif-pharmacies/uploads/601830.webp|https://masterapi.witheldokan.com/storage/seif-pharmacies/uploads/1478.webp|https://masterapi.witheldokan.com/storage/seif-pharmacies/uploads/382995.webp|https://masterapi.witheldokan.com/storage/seif-pharmacies/uploads/234132.webp|https://masterapi.witheldokan.com/storage/seif-pharmacies/uploads/1340.webp|https://masterapi.witheldokan.com/storage/seif-pharmacies/uploads/383866.webp|https://masterapi.witheldokan.com/storage/seif-pharmacies/uploads/90026.webp|https://masterapi.witheldokan.com/storage/seif-pharmacies/uploads/1299.webp|https://masterapi.witheldokan.com/storage/seif-pharmacies/uploads/357917.webp,https://seif-online.com/en/product/medicine/topical-prepareation/anti-fungals
Male Sex Horm / Androgens,,,Apply,Skin Care,,Download App Now,,,https://masterapi.witheldokan.com/storage/seif-pharmacies/uploads/265.webp|https://masterapi.witheldokan.com/storage/seif-pharmacies/uploads/251069.webp|https://masterapi.witheldokan.com/storage/seif-pharmacies/uploads/301975.webp,https://seif-online.com/en/product/medicine/topical-prepareation/male-sex-horm-androgens
Hair Tonic.,,,Apply,Skin Care,,Download App Now,,,https://masterapi.witheldokan.com/storage/seif-pharmacies/uploads/79921.webp|https://masterapi.witheldokan.com/storage/seif-pharmacies/uploads/397943.webp|https://masterapi.witheldokan.com/storage/seif-pharmacies/uploads/614450-1759928987.webp|https://masterapi.witheldokan.com/storage/seif-pharmacies/uploads/47372.webp|https://masterapi.witheldokan.com/storage/seif-pharmacies/uploads/312188.webp|https://masterapi.witheldokan.com/storage/seif-pharmacies/uploads/309781.webp|https://masterapi.witheldokan.com/storage/seif-pharmacies/uploads/241015.webp|https://masterapi.witheldokan.com/storage/seif-pharmacies/uploads/304374.webp|https://masterapi.witheldokan.com/storage/seif-pharmacies/uploads/357974.webp|https://masterapi.witheldokan.com/storage/seif-pharmacies/uploads/192261.webp,https://seif-online.com/en/product/medicine/topical-prepareation/hair-tonic
Medical Soap,,,Apply,Skin Care,,Download App Now,,,https://masterapi.witheldokan.com/storage/seif-pharmacies/uploads/372573-1761054507.webp,https://seif-online.com/en/product/medicine/topical-prepareation/medical-soap
Haemorrhoids & Anal Fissures,,,Apply,Skin Care,,Download App Now,,,https://masterapi.witheldokan.com/storage/seif-pharmacies/uploads/3359.webp|https://masterapi.witheldokan.com/storage/seif-pharmacies/uploads/3358.webp|https://masterapi.witheldokan.com/storage/seif-pharmacies/uploads/155004.webp|https://masterapi.witheldokan.com/storage/seif-pharmacies/uploads/2706.webp|https://masterapi.witheldokan.com/storage/seif-pharmacies/uploads/155005.webp|https://masterapi.witheldokan.com/storage/seif-pharmacies/uploads/221451.webp|https://masterapi.witheldokan.com/storage/seif-pharmacies/uploads/1172.webp|https://masterapi.witheldokan.com/storage/seif-pharmacies/uploads/1173.webp|https://masterapi.witheldokan.com/storage/seif-pharmacies/uploads/2680.webp|https://masterapi.witheldokan.com/storage/seif-pharmacies/uploads/62438.webp|https://masterapi.witheldokan.com/storage/seif-pharmacies/uploads/62441.webp|https://masterapi.witheldokan.com/storage/seif-pharmacies/uploads/151430.webp|https://masterapi.witheldokan.com/storage/seif-pharmacies/uploads/198564.webp|https://masterapi.witheldokan.com/storage/seif-pharmacies/uploads/305575.webp,https://seif-online.com/en/product/medicine/topical-prepareation/haemorrhoids-anal-fissures
Warts&Anti-Corn Preparations,,,Apply,Skin Care,,Download App Now,,,https://masterapi.witheldokan.com/storage/seif-pharmacies/uploads/1055.webp|https://masterapi.witheldokan.com/storage/seif-pharmacies/uploads/2679.webp|https://masterapi.witheldokan.com/storage/seif-pharmacies/uploads/397798.webp|https://masterapi.witheldokan.com/storage/seif-pharmacies/uploads/608915-1760358138.webp|https://masterapi.witheldokan.com/storage/seif-pharmacies/uploads/197230.webp|https://masterapi.witheldokan.com/storage/seif-pharmacies/uploads/385133.webp,https://seif-online.com/en/product/medicine/topical-prepareation/wartsanti-corn-preparations
Anti-Biotics,,,Apply,Skin Care,,Download App Now,,,https://masterapi.witheldokan.com/storage/seif-pharmacies/uploads/156221.webp|https://masterapi.witheldokan.com/storage/seif-pharmacies/uploads/84003.webp|https://masterapi.witheldokan.com/storage/seif-pharmacies/uploads/180614.webp|https://masterapi.witheldokan.com/storage/seif-pharmacies/uploads/934.webp|https://masterapi.witheldokan.com/storage/seif-pharmacies/uploads/295287.webp|https://masterapi.witheldokan.com/storage/seif-pharmacies/uploads/935.webp|https://masterapi.witheldokan.com/storage/seif-pharmacies/uploads/309798.webp|https://masterapi.witheldokan.com/storage/seif-pharmacies/uploads/299480.webp|https://masterapi.witheldokan.com/storage/seif-pharmacies/uploads/184872.webp|https://masterapi.witheldokan.com/storage/seif-pharmacies/uploads/69004.webp|https://masterapi.witheldokan.com/storage/seif-pharmacies/uploads/35177.webp|https://masterapi.witheldokan.com/storage/seif-pharmacies/uploads/40580.webp|https://masterapi.witheldokan.com/storage/seif-pharmacies/uploads/3627.webp|https://masterapi.witheldokan.com/storage/seif-pharmacies/uploads/605736.webp|https://masterapi.witheldokan.com/storage/seif-pharmacies/uploads/143034.webp|https://masterapi.witheldokan.com/storage/seif-pharmacies/uploads/2765.webp|https://masterapi.witheldokan.com/storage/seif-pharmacies/uploads/40578.webp|https://masterapi.witheldokan.com/storage/seif-pharmacies/uploads/42425.webp|https://masterapi.witheldokan.com/storage/seif-pharmacies/uploads/85056.webp,https://seif-online.com/en/product/medicine/topical-prepareation/anti-biotics-medicine
Topical Anti- Biotic,,,Apply,Skin Care,,Download App Now,,,https://masterapi.witheldokan.com/storage/seif-pharmacies/uploads/159782.webp,https://seif-online.com/en/product/medicine/topical-prepareation/topical-anti-biotic-topical-prepareation-4
Anti-Acne,,,Apply,Skin Care,,Download App Now,,,https://cdn.supercommerce.io/seif-pharmacies/uploads/614402.jpeg|https://masterapi.witheldokan.com/storage/seif-pharmacies/uploads/43132.webp|https://masterapi.witheldokan.com/storage/seif-pharmacies/uploads/86488.webp|https://masterapi.witheldokan.com/storage/seif-pharmacies/uploads/324745.webp|https://masterapi.witheldokan.com/storage/seif-pharmacies/uploads/157499.webp|https://masterapi.witheldokan.com/storage/seif-pharmacies/uploads/254919.webp|https://masterapi.witheldokan.com/storage/seif-pharmacies/uploads/29275.webp|https://masterapi.witheldokan.com/storage/seif-pharmacies/uploads/303147.webp|https://masterapi.witheldokan.com/storage/seif-pharmacies/uploads/162782.webp|https://masterapi.witheldokan.com/storage/seif-pharmacies/uploads/234682.webp|https://masterapi.witheldokan.com/storage/seif-pharmacies/uploads/608843-1760358810.webp|https://masterapi.witheldokan.com/storage/seif-pharmacies/uploads/356131.webp|https://masterapi.witheldokan.com/storage/seif-pharmacies/uploads/185538.webp|https://masterapi.witheldokan.com/storage/seif-pharmacies/uploads/309084.webp,https://seif-online.com/en/product/medicine/topical-prepareation/anti-acne
Blank,,,Apply,Skin Care,,Download App Now,,,https://masterapi.witheldokan.com/storage/seif-pharmacies/uploads/394707.webp|https://masterapi.witheldokan.com/storage/seif-pharmacies/uploads/2496.webp|https://masterapi.witheldokan.com/storage/seif-pharmacies/uploads/371825.webp|https://masterapi.witheldokan.com/storage/seif-pharmacies/uploads/2206.webp|https://masterapi.witheldokan.com/storage/seif-pharmacies/uploads/389350.webp,https://seif-online.com/en/product/medicine/topical-prepareation/blank
Anti-Fungal & Steroid,,,Apply,Skin Care,,Download App Now,,,https://masterapi.witheldokan.com/storage/seif-pharmacies/uploads/3147.webp|https://masterapi.witheldokan.com/storage/seif-pharmacies/uploads/3467.webp|https://masterapi.witheldokan.com/storage/seif-pharmacies/uploads/167175.webp|https://masterapi.witheldokan.com/storage/seif-pharmacies/uploads/1958.webp|https://masterapi.witheldokan.com/storage/seif-pharmacies/uploads/275279.webp|https://masterapi.witheldokan.com/storage/seif-pharmacies/uploads/26418.webp|https://masterapi.witheldokan.com/storage/seif-pharmacies/uploads/306824.webp|https://masterapi.witheldokan.com/storage/seif-pharmacies/uploads/356136.webp|https://masterapi.witheldokan.com/storage/seif-pharmacies/uploads/605872-1760876730.webp,https://seif-online.com/en/product/medicine/topical-prepareation/anti-fungal-steroid
Antiseptic,,,Apply,Skin Care,,Download App Now,,,https://masterapi.witheldokan.com/storage/seif-pharmacies/uploads/349258.webp|https://masterapi.witheldokan.com/storage/seif-pharmacies/uploads/385549.webp|https://masterapi.witheldokan.com/storage/seif-pharmacies/uploads/341657.webp|https://masterapi.witheldokan.com/storage/seif-pharmacies/uploads/369188.webp|https://masterapi.witheldokan.com/storage/seif-pharmacies/uploads/377663.webp|https://masterapi.witheldokan.com/storage/seif-pharmacies/uploads/321017-1761223692.webp|https://masterapi.witheldokan.com/storage/seif-pharmacies/uploads/389452.webp|https://masterapi.witheldokan.com/storage/seif-pharmacies/uploads/187508.webp|https://masterapi.witheldokan.com/storage/seif-pharmacies/uploads/614376-1760270864.webp,https://seif-online.com/en/product/medicine/topical-prepareation/antiseptic
Scabies & Lice,,,Apply,Skin Care,,Download App Now,,,https://masterapi.witheldokan.com/storage/seif-pharmacies/uploads/398016.webp|https://masterapi.witheldokan.com/storage/seif-pharmacies/uploads/51538.webp|https://masterapi.witheldokan.com/storage/seif-pharmacies/uploads/51700.webp|https://masterapi.witheldokan.com/storage/seif-pharmacies/uploads/3792.webp,https://seif-online.com/en/product/medicine/topical-prepareation/scabies-lice
Vitiligo Treatment,,,Apply,Skin Care,,Download App Now,,,https://masterapi.witheldokan.com/storage/seif-pharmacies/uploads/960.webp,https://seif-online.com/en/product/medicine/topical-prepareation/vitiligo-treatment
Steroid,,,Apply,Skin Care,,Download App Now,,,https://masterapi.witheldokan.com/storage/seif-pharmacies/uploads/389988.webp|https://masterapi.witheldokan.com/storage/seif-pharmacies/uploads/2025.webp|https://masterapi.witheldokan.com/storage/seif-pharmacies/uploads/53675.webp|https://masterapi.witheldokan.com/storage/seif-pharmacies/uploads/185718.webp|https://masterapi.witheldokan.com/storage/seif-pharmacies/uploads/2050.webp|https://masterapi.witheldokan.com/storage/seif-pharmacies/uploads/53365.webp|https://masterapi.witheldokan.com/storage/seif-pharmacies/uploads/922.webp|https://masterapi.witheldokan.com/storage/seif-pharmacies/uploads/921.webp|https://masterapi.witheldokan.com/storage/seif-pharmacies/uploads/95281.webp|https://masterapi.witheldokan.com/storage/seif-pharmacies/uploads/95285.webp|https://masterapi.witheldokan.com/storage/seif-pharmacies/uploads/91166.webp|https://masterapi.witheldokan.com/storage/seif-pharmacies/uploads/98199.webp|https://masterapi.witheldokan.com/storage/seif-pharmacies/uploads/347428.webp|https://masterapi.witheldokan.com/storage/seif-pharmacies/uploads/3494.webp|https://masterapi.witheldokan.com/storage/seif-pharmacies/uploads/51689.webp|https://masterapi.witheldokan.com/storage/seif-pharmacies/uploads/136170.webp|https://masterapi.witheldokan.com/storage/seif-pharmacies/uploads/107583.webp|https://masterapi.witheldokan.com/storage/seif-pharmacies/uploads/1230.webp|https://masterapi.witheldokan.com/storage/seif-pharmacies/uploads/1995.webp,https://seif-online.com/en/product/medicine/topical-prepareation/steroid
Steroid & Anti-Biotic,,,Apply,Skin Care,,Download App Now,,,https://masterapi.witheldokan.com/storage/seif-pharmacies/uploads/1510.webp|https://masterapi.witheldokan.com/storage/seif-pharmacies/uploads/2764.webp|https://masterapi.witheldokan.com/storage/seif-pharmacies/uploads/398153.webp|https://masterapi.witheldokan.com/storage/seif-pharmacies/uploads/180615.webp|https://masterapi.witheldokan.com/storage/seif-pharmacies/uploads/602292.webp|https://masterapi.witheldokan.com/storage/seif-pharmacies/uploads/44838.webp|https://masterapi.witheldokan.com/storage/seif-pharmacies/uploads/41949.webp|https://masterapi.witheldokan.com/storage/seif-pharmacies/uploads/299483.webp|https://masterapi.witheldokan.com/storage/seif-pharmacies/uploads/143033.webp|https://masterapi.witheldokan.com/storage/seif-pharmacies/uploads/103710.webp|https://masterapi.witheldokan.com/storage/seif-pharmacies/uploads/976.webp|https://masterapi.witheldokan.com/storage/seif-pharmacies/uploads/161585.webp|https://masterapi.witheldokan.com/storage/seif-pharmacies/uploads/222933.webp|https://masterapi.witheldokan.com/storage/seif-pharmacies/uploads/1221.webp|https://masterapi.witheldokan.com/storage/seif-pharmacies/uploads/1509.webp|https://masterapi.witheldokan.com/storage/seif-pharmacies/uploads/1998.webp|https://masterapi.witheldokan.com/storage/seif-pharmacies/uploads/3275.webp|https://masterapi.witheldokan.com/storage/seif-pharmacies/uploads/3729.webp|https://masterapi.witheldokan.com/storage/seif-pharmacies/uploads/3730.webp|https://masterapi.witheldokan.com/storage/seif-pharmacies/uploads/20185.webp,https://seif-online.com/en/product/medicine/topical-prepareation/steroid-anti-biotic
Analgesic / A. Rheumatic,,,Apply,Skin Care,,Download App Now,,,https://masterapi.witheldokan.com/storage/seif-pharmacies/uploads/1446.webp|https://masterapi.witheldokan.com/storage/seif-pharmacies/uploads/127899.webp|https://masterapi.witheldokan.com/storage/seif-pharmacies/uploads/385702.webp|https://masterapi.witheldokan.com/storage/seif-pharmacies/uploads/614427-1759928718.webp|https://masterapi.witheldokan.com/storage/seif-pharmacies/uploads/1428.webp|https://masterapi.witheldokan.com/storage/seif-pharmacies/uploads/614428-1759928693.webp|https://masterapi.witheldokan.com/storage/seif-pharmacies/uploads/276065.webp|https://masterapi.witheldokan.com/storage/seif-pharmacies/uploads/312957.webp|https://masterapi.witheldokan.com/storage/seif-pharmacies/uploads/404029.webp|https://masterapi.witheldokan.com/storage/seif-pharmacies/uploads/3304.webp|https://masterapi.witheldokan.com/storage/seif-pharmacies/uploads/180743.webp|https://masterapi.witheldokan.com/storage/seif-pharmacies/uploads/372134.webp|https://masterapi.witheldokan.com/storage/seif-pharmacies/uploads/211991.webp|https://masterapi.witheldokan.com/storage/seif-pharmacies/uploads/52821.webp|https://masterapi.witheldokan.com/storage/seif-pharmacies/uploads/430949.webp,https://seif-online.com/en/product/medicine/endocrine-system/analgesic-a-rheumatic
"Eye,Ear,Nose",,,Apply,Skin Care,,Download App Now,,,https://masterapi.witheldokan.com/storage/seif-pharmacies/uploads/1380.webp|https://masterapi.witheldokan.com/storage/seif-pharmacies/uploads/254132.webp|https://masterapi.witheldokan.com/storage/seif-pharmacies/uploads/78120.webp|https://masterapi.witheldokan.com/storage/seif-pharmacies/uploads/81298.webp|https://masterapi.witheldokan.com/storage/seif-pharmacies/uploads/215027.webp|https://masterapi.witheldokan.com/storage/seif-pharmacies/uploads/786.webp|https://masterapi.witheldokan.com/storage/seif-pharmacies/uploads/1381.webp|https://masterapi.witheldokan.com/storage/seif-pharmacies/uploads/212008.webp|https://masterapi.witheldokan.com/storage/seif-pharmacies/uploads/397807.webp|https://masterapi.witheldokan.com/storage/seif-pharmacies/uploads/382881.webp|https://masterapi.witheldokan.com/storage/seif-pharmacies/uploads/29090.webp|https://masterapi.witheldokan.com/storage/seif-pharmacies/uploads/64634.webp|https://masterapi.witheldokan.com/storage/seif-pharmacies/uploads/288102.webp|https://masterapi.witheldokan.com/storage/seif-pharmacies/uploads/323673.webp|https://masterapi.witheldokan.com/storage/seif-pharmacies/uploads/383712.webp|https://masterapi.witheldokan.com/storage/seif-pharmacies/uploads/180301.webp|https://masterapi.witheldokan.com/storage/seif-pharmacies/uploads/395863.webp|https://masterapi.witheldokan.com/storage/seif-pharmacies/uploads/51767.webp|https://masterapi.witheldokan.com/storage/seif-pharmacies/uploads/115759.webp|https://masterapi.witheldokan.com/storage/seif-pharmacies/uploads/358691.webp|https://masterapi.witheldokan.com/storage/seif-pharmacies/uploads/94930.webp,https://seif-online.com/en/product/medicine/eye-medicines
Topical Anti-Biotic,,,Apply,Skin Care,,Download App Now,,,https://masterapi.witheldokan.com/storage/seif-pharmacies/uploads/115759.webp|https://masterapi.witheldokan.com/storage/seif-pharmacies/uploads/1312.webp|https://masterapi.witheldokan.com/storage/seif-pharmacies/uploads/2235.webp|https://masterapi.witheldokan.com/storage/seif-pharmacies/uploads/302824.webp|https://masterapi.witheldokan.com/storage/seif-pharmacies/uploads/30929.webp|https://masterapi.witheldokan.com/storage/seif-pharmacies/uploads/245020.webp|https://masterapi.witheldokan.com/storage/seif-pharmacies/uploads/261254.webp|https://masterapi.witheldokan.com/storage/seif-pharmacies/uploads/51691.webp|https://masterapi.witheldokan.com/storage/seif-pharmacies/uploads/295400.webp|https://masterapi.witheldokan.com/storage/seif-pharmacies/uploads/321088.webp|https://masterapi.witheldokan.com/storage/seif-pharmacies/uploads/299992.webp|https://masterapi.witheldokan.com/storage/seif-pharmacies/uploads/398745.webp|https://masterapi.witheldokan.com/storage/seif-pharmacies/uploads/53972.webp|https://masterapi.witheldokan.com/storage/seif-pharmacies/uploads/284127.webp|https://cdn.supercommerce.io/seif-pharmacies/uploads/617941-1769517196.webp|https://masterapi.witheldokan.com/storage/seif-pharmacies/uploads/29196.webp,https://seif-online.com/en/product/medicine/eye-medicines/topical-anti-biotic
Ear Preparation,,,Apply,Skin Care,,Download App Now,,,https://masterapi.witheldokan.com/storage/seif-pharmacies/uploads/51767.webp|https://masterapi.witheldokan.com/storage/seif-pharmacies/uploads/32666.webp|https://masterapi.witheldokan.com/storage/seif-pharmacies/uploads/38225.webp|https://masterapi.witheldokan.com/storage/seif-pharmacies/uploads/42299.webp|https://masterapi.witheldokan.com/storage/seif-pharmacies/uploads/317245.webp|https://masterapi.witheldokan.com/storage/seif-pharmacies/uploads/307145.webp|https://masterapi.witheldokan.com/storage/seif-pharmacies/uploads/33503.webp|https://masterapi.witheldokan.com/storage/seif-pharmacies/uploads/251062.webp,https://seif-online.com/en/product/medicine/eye-medicines/ear-preparation
Eye Irrigation,,,Apply,Skin Care,,Download App Now,,,https://masterapi.witheldokan.com/storage/seif-pharmacies/uploads/254132.webp|https://masterapi.witheldokan.com/storage/seif-pharmacies/uploads/81298.webp|https://masterapi.witheldokan.com/storage/seif-pharmacies/uploads/212008.webp|https://masterapi.witheldokan.com/storage/seif-pharmacies/uploads/382881.webp|https://masterapi.witheldokan.com/storage/seif-pharmacies/uploads/288102.webp|https://masterapi.witheldokan.com/storage/seif-pharmacies/uploads/323673.webp|https://masterapi.witheldokan.com/storage/seif-pharmacies/uploads/358691.webp|https://masterapi.witheldokan.com/storage/seif-pharmacies/uploads/303399.webp|https://masterapi.witheldokan.com/storage/seif-pharmacies/uploads/379365.webp|https://masterapi.witheldokan.com/storage/seif-pharmacies/uploads/71353.webp|https://masterapi.witheldokan.com/storage/seif-pharmacies/uploads/165376.webp|https://masterapi.witheldokan.com/storage/seif-pharmacies/uploads/176232.webp|https://masterapi.witheldokan.com/storage/seif-pharmacies/uploads/157522.webp,https://seif-online.com/en/product/medicine/eye-medicines/eye-irrigation
Contact Lens Care,,,Apply,Skin Care,,Download App Now,,,https://masterapi.witheldokan.com/storage/seif-pharmacies/uploads/46152.webp|https://masterapi.witheldokan.com/storage/seif-pharmacies/uploads/296227.webp,https://seif-online.com/en/product/medicine/eye-medicines/contact-lens-care
Topical Steroid & Anti-Biotic,,,Apply,Skin Care,,Download App Now,,,https://masterapi.witheldokan.com/storage/seif-pharmacies/uploads/397807.webp|https://masterapi.witheldokan.com/storage/seif-pharmacies/uploads/37916.webp|https://masterapi.witheldokan.com/storage/seif-pharmacies/uploads/11240.webp|https://masterapi.witheldokan.com/storage/seif-pharmacies/uploads/53973.webp|https://masterapi.witheldokan.com/storage/seif-pharmacies/uploads/113085.webp|https://masterapi.witheldokan.com/storage/seif-pharmacies/uploads/110210.webp|https://masterapi.witheldokan.com/storage/seif-pharmacies/uploads/403504.webp|https://masterapi.witheldokan.com/storage/seif-pharmacies/uploads/99585.webp|https://masterapi.witheldokan.com/storage/seif-pharmacies/uploads/379469.webp|https://masterapi.witheldokan.com/storage/seif-pharmacies/uploads/312915.webp|https://masterapi.witheldokan.com/storage/seif-pharmacies/uploads/65868.webp|https://masterapi.witheldokan.com/storage/seif-pharmacies/uploads/156464.webp|https://masterapi.witheldokan.com/storage/seif-pharmacies/uploads/401138.webp,https://seif-online.com/en/product/medicine/eye-medicines/topical-steroid-anti-biotic
Eye Local Anaesthetic.,,,Apply,Skin Care,,Download App Now,,,https://masterapi.witheldokan.com/storage/seif-pharmacies/uploads/2123.webp|https://masterapi.witheldokan.com/storage/seif-pharmacies/uploads/295136.webp|https://masterapi.witheldokan.com/storage/seif-pharmacies/uploads/2224.webp|https://masterapi.witheldokan.com/storage/seif-pharmacies/uploads/347026.webp|https://masterapi.witheldokan.com/storage/seif-pharmacies/uploads/240680.webp|https://masterapi.witheldokan.com/storage/seif-pharmacies/uploads/389366.webp,https://seif-online.com/en/product/medicine/eye-medicines/eye-local-anaesthetic
Topical Anti-Viral,,,Apply,Skin Care,,Download App Now,,,https://masterapi.witheldokan.com/storage/seif-pharmacies/uploads/316639.webp,https://seif-online.com/en/product/medicine/eye-medicines/topical-anti-viral
Glaucoma Treatment,,,Apply,Skin Care,,Download App Now,,,https://masterapi.witheldokan.com/storage/seif-pharmacies/uploads/64634.webp|https://masterapi.witheldokan.com/storage/seif-pharmacies/uploads/180301.webp|https://masterapi.witheldokan.com/storage/seif-pharmacies/uploads/35466.webp|https://masterapi.witheldokan.com/storage/seif-pharmacies/uploads/221415.webp|https://masterapi.witheldokan.com/storage/seif-pharmacies/uploads/83913.webp|https://masterapi.witheldokan.com/storage/seif-pharmacies/uploads/141380.webp|https://masterapi.witheldokan.com/storage/seif-pharmacies/uploads/209.webp|https://masterapi.witheldokan.com/storage/seif-pharmacies/uploads/159909.webp|https://masterapi.witheldokan.com/storage/seif-pharmacies/uploads/271476.webp|https://masterapi.witheldokan.com/storage/seif-pharmacies/uploads/296218.webp|https://masterapi.witheldokan.com/storage/seif-pharmacies/uploads/271655-1761473616.webp|https://masterapi.witheldokan.com/storage/seif-pharmacies/uploads/271473.webp|https://masterapi.witheldokan.com/storage/seif-pharmacies/uploads/610051-1760273831.webp|https://masterapi.witheldokan.com/storage/seif-pharmacies/uploads/144815.webp|https://masterapi.witheldokan.com/storage/seif-pharmacies/uploads/2139.webp|https://masterapi.witheldokan.com/storage/seif-pharmacies/uploads/36690.webp|https://masterapi.witheldokan.com/storage/seif-pharmacies/uploads/93039.webp|https://masterapi.witheldokan.com/storage/seif-pharmacies/uploads/316144.webp|https://masterapi.witheldokan.com/storage/seif-pharmacies/uploads/363482.webp,https://seif-online.com/en/product/medicine/eye-medicines/glaucoma-treatment
Nose Preparation,,,Apply,Skin Care,,Download App Now,,,https://masterapi.witheldokan.com/storage/seif-pharmacies/uploads/1380.webp|https://masterapi.witheldokan.com/storage/seif-pharmacies/uploads/78120.webp|https://masterapi.witheldokan.com/storage/seif-pharmacies/uploads/215027.webp|https://masterapi.witheldokan.com/storage/seif-pharmacies/uploads/1381.webp|https://masterapi.witheldokan.com/storage/seif-pharmacies/uploads/29090.webp|https://masterapi.witheldokan.com/storage/seif-pharmacies/uploads/383712.webp|https://masterapi.witheldokan.com/storage/seif-pharmacies/uploads/395863.webp|https://masterapi.witheldokan.com/storage/seif-pharmacies/uploads/60759.webp|https://masterapi.witheldokan.com/storage/seif-pharmacies/uploads/3747.webp|https://masterapi.witheldokan.com/storage/seif-pharmacies/uploads/87978.webp|https://masterapi.witheldokan.com/storage/seif-pharmacies/uploads/60760.webp|https://masterapi.witheldokan.com/storage/seif-pharmacies/uploads/122628.webp|https://masterapi.witheldokan.com/storage/seif-pharmacies/uploads/349714.webp|https://masterapi.witheldokan.com/storage/seif-pharmacies/uploads/327395.webp|https://masterapi.witheldokan.com/storage/seif-pharmacies/uploads/60758.webp|https://masterapi.witheldokan.com/storage/seif-pharmacies/uploads/317792.webp|https://masterapi.witheldokan.com/storage/seif-pharmacies/uploads/605732.webp|https://masterapi.witheldokan.com/storage/seif-pharmacies/uploads/269806.webp,https://seif-online.com/en/product/medicine/eye-medicines/nose-preparation
Eye Allergy & Inflammation,,,Apply,Skin Care,,Download App Now,,,https://masterapi.witheldokan.com/storage/seif-pharmacies/uploads/786.webp|https://masterapi.witheldokan.com/storage/seif-pharmacies/uploads/307739.webp|https://masterapi.witheldokan.com/storage/seif-pharmacies/uploads/159591.webp|https://masterapi.witheldokan.com/storage/seif-pharmacies/uploads/284326.webp|https://masterapi.witheldokan.com/storage/seif-pharmacies/uploads/103310.webp|https://masterapi.witheldokan.com/storage/seif-pharmacies/uploads/361169.webp|https://masterapi.witheldokan.com/storage/seif-pharmacies/uploads/303425.webp|https://masterapi.witheldokan.com/storage/seif-pharmacies/uploads/284823.webp|https://masterapi.witheldokan.com/storage/seif-pharmacies/uploads/608881-1760358362.webp|https://masterapi.witheldokan.com/storage/seif-pharmacies/uploads/313201.webp|https://masterapi.witheldokan.com/storage/seif-pharmacies/uploads/360242.webp|https://masterapi.witheldokan.com/storage/seif-pharmacies/uploads/51695.webp|https://masterapi.witheldokan.com/storage/seif-pharmacies/uploads/370381.webp|https://masterapi.witheldokan.com/storage/seif-pharmacies/uploads/614891-1759931883.webp,https://seif-online.com/en/product/medicine/eye-medicines/eye-allergy-inflammation
Mydriatics,,,Apply,Skin Care,,Download App Now,,,https://masterapi.witheldokan.com/storage/seif-pharmacies/uploads/312183.webp|https://masterapi.witheldokan.com/storage/seif-pharmacies/uploads/401091.webp,https://seif-online.com/en/product/medicine/eye-medicines/mydriatics
Topical Steroid,,,Apply,Skin Care,,Download App Now,,,https://masterapi.witheldokan.com/storage/seif-pharmacies/uploads/94930.webp|https://masterapi.witheldokan.com/storage/seif-pharmacies/uploads/165045.webp|https://masterapi.witheldokan.com/storage/seif-pharmacies/uploads/385129.webp|https://masterapi.witheldokan.com/storage/seif-pharmacies/uploads/317305.webp|https://masterapi.witheldokan.com/storage/seif-pharmacies/uploads/285154.webp|https://masterapi.witheldokan.com/storage/seif-pharmacies/uploads/340246.webp|https://masterapi.witheldokan.com/storage/seif-pharmacies/uploads/65862.webp|https://masterapi.witheldokan.com/storage/seif-pharmacies/uploads/2960.webp|https://masterapi.witheldokan.com/storage/seif-pharmacies/uploads/617110-1759063841.webp|https://masterapi.witheldokan.com/storage/seif-pharmacies/uploads/617111-1759063797.webp,https://seif-online.com/en/product/medicine/eye-medicines/topical-steroid
Central Nervous System,,,Apply,Skin Care,,Download App Now,,,https://masterapi.witheldokan.com/storage/seif-pharmacies/uploads/608891.webp|https://masterapi.witheldokan.com/storage/seif-pharmacies/uploads/608680.webp|https://masterapi.witheldokan.com/storage/seif-pharmacies/uploads/608043-1760362052.webp|https://masterapi.witheldokan.com/storage/seif-pharmacies/uploads/608508.webp|https://masterapi.witheldokan.com/storage/seif-pharmacies/uploads/140201.webp|https://masterapi.witheldokan.com/storage/seif-pharmacies/uploads/76059.webp|https://masterapi.witheldokan.com/storage/seif-pharmacies/uploads/57288.webp|https://masterapi.witheldokan.com/storage/seif-pharmacies/uploads/385216.webp|https://masterapi.witheldokan.com/storage/seif-pharmacies/uploads/60604.webp|https://masterapi.witheldokan.com/storage/seif-pharmacies/uploads/305103.webp|https://masterapi.witheldokan.com/storage/seif-pharmacies/uploads/3106.webp|https://masterapi.witheldokan.com/storage/seif-pharmacies/uploads/161969.webp|https://masterapi.witheldokan.com/storage/seif-pharmacies/uploads/604977.webp|https://masterapi.witheldokan.com/storage/seif-pharmacies/uploads/139588.webp|https://masterapi.witheldokan.com/storage/seif-pharmacies/uploads/614722.webp|https://masterapi.witheldokan.com/storage/seif-pharmacies/uploads/72127.webp|https://masterapi.witheldokan.com/storage/seif-pharmacies/uploads/610908.webp|https://masterapi.witheldokan.com/storage/seif-pharmacies/uploads/367986.webp|https://masterapi.witheldokan.com/storage/seif-pharmacies/uploads/202127.webp|https://masterapi.witheldokan.com/storage/seif-pharmacies/uploads/1455.webp|https://masterapi.witheldokan.com/storage/seif-pharmacies/uploads/207428.webp|https://masterapi.witheldokan.com/storage/seif-pharmacies/uploads/182669.webp,https://seif-online.com/en/product/medicine/central-nervous-system
Local Anaesthetic.,,,Apply,Skin Care,,Download App Now,,,https://masterapi.witheldokan.com/storage/seif-pharmacies/uploads/66467.webp|https://masterapi.witheldokan.com/storage/seif-pharmacies/uploads/300369.webp|https://masterapi.witheldokan.com/storage/seif-pharmacies/uploads/42430.webp|https://masterapi.witheldokan.com/storage/seif-pharmacies/uploads/66468.webp|https://masterapi.witheldokan.com/storage/seif-pharmacies/uploads/271770.webp,https://seif-online.com/en/product/medicine/central-nervous-system/local-anaesthetic-central
Psychotic Disorders,,,Apply,Skin Care,,Download App Now,,,https://masterapi.witheldokan.com/storage/seif-pharmacies/uploads/182669.webp|https://masterapi.witheldokan.com/storage/seif-pharmacies/uploads/610352.webp|https://masterapi.witheldokan.com/storage/seif-pharmacies/uploads/349038.webp|https://masterapi.witheldokan.com/storage/seif-pharmacies/uploads/229325.webp|https://masterapi.witheldokan.com/storage/seif-pharmacies/uploads/88705.webp|https://masterapi.witheldokan.com/storage/seif-pharmacies/uploads/88704.webp|https://masterapi.witheldokan.com/storage/seif-pharmacies/uploads/185949.webp|https://masterapi.witheldokan.com/storage/seif-pharmacies/uploads/602103.webp|https://masterapi.witheldokan.com/storage/seif-pharmacies/uploads/607184-1760869709.webp|https://masterapi.witheldokan.com/storage/seif-pharmacies/uploads/118796.webp|https://masterapi.witheldokan.com/storage/seif-pharmacies/uploads/178937.webp|https://masterapi.witheldokan.com/storage/seif-pharmacies/uploads/81959.webp|https://masterapi.witheldokan.com/storage/seif-pharmacies/uploads/384656.webp|https://masterapi.witheldokan.com/storage/seif-pharmacies/uploads/77129.webp|https://masterapi.witheldokan.com/storage/seif-pharmacies/uploads/600991.webp|https://masterapi.witheldokan.com/storage/seif-pharmacies/uploads/1932.webp|https://masterapi.witheldokan.com/storage/seif-pharmacies/uploads/175816.webp|https://masterapi.witheldokan.com/storage/seif-pharmacies/uploads/216334.webp|https://masterapi.witheldokan.com/storage/seif-pharmacies/uploads/20881.webp|https://masterapi.witheldokan.com/storage/seif-pharmacies/uploads/80681.webp|https://masterapi.witheldokan.com/storage/seif-pharmacies/uploads/24649.webp|https://masterapi.witheldokan.com/storage/seif-pharmacies/uploads/33685.webp|https://masterapi.witheldokan.com/storage/seif-pharmacies/uploads/161066.webp,https://seif-online.com/en/product/medicine/central-nervous-system/psychotic-disorders
Sedatives & Hypnotics,,,Apply,Skin Care,,Download App Now,,,https://masterapi.witheldokan.com/storage/seif-pharmacies/uploads/608508.webp|https://masterapi.witheldokan.com/storage/seif-pharmacies/uploads/616577-1762844932.webp|https://masterapi.witheldokan.com/storage/seif-pharmacies/uploads/611596.webp|https://masterapi.witheldokan.com/storage/seif-pharmacies/uploads/610297-1760272579.webp|https://masterapi.witheldokan.com/storage/seif-pharmacies/uploads/18565.webp|https://masterapi.witheldokan.com/storage/seif-pharmacies/uploads/609656.webp|https://masterapi.witheldokan.com/storage/seif-pharmacies/uploads/612444.webp|https://masterapi.witheldokan.com/storage/seif-pharmacies/uploads/431570.webp|https://masterapi.witheldokan.com/storage/seif-pharmacies/uploads/88.webp|https://masterapi.witheldokan.com/storage/seif-pharmacies/uploads/2877.webp|https://masterapi.witheldokan.com/storage/seif-pharmacies/uploads/611480.webp|https://masterapi.witheldokan.com/storage/seif-pharmacies/uploads/397593.webp|https://masterapi.witheldokan.com/storage/seif-pharmacies/uploads/611606.webp|https://masterapi.witheldokan.com/storage/seif-pharmacies/uploads/307126.webp|https://masterapi.witheldokan.com/storage/seif-pharmacies/uploads/431725.webp|https://masterapi.witheldokan.com/storage/seif-pharmacies/uploads/614859-1759932052.webp|https://masterapi.witheldokan.com/storage/seif-pharmacies/uploads/613079.webp,https://seif-online.com/en/product/medicine/central-nervous-system/sedatives-hypnotics
Cerebral Stimulant,,,Apply,Skin Care,,Download App Now,,,https://masterapi.witheldokan.com/storage/seif-pharmacies/uploads/57288.webp|https://masterapi.witheldokan.com/storage/seif-pharmacies/uploads/161969.webp|https://masterapi.witheldokan.com/storage/seif-pharmacies/uploads/263729.webp|https://masterapi.witheldokan.com/storage/seif-pharmacies/uploads/122423.webp|https://masterapi.witheldokan.com/storage/seif-pharmacies/uploads/610711.webp|https://masterapi.witheldokan.com/storage/seif-pharmacies/uploads/609960-1760274367.webp|https://masterapi.witheldokan.com/storage/seif-pharmacies/uploads/19785.webp|https://masterapi.witheldokan.com/storage/seif-pharmacies/uploads/611047.webp|https://masterapi.witheldokan.com/storage/seif-pharmacies/uploads/611655.webp|https://masterapi.witheldokan.com/storage/seif-pharmacies/uploads/33909.webp|https://masterapi.witheldokan.com/storage/seif-pharmacies/uploads/610710.webp|https://masterapi.witheldokan.com/storage/seif-pharmacies/uploads/378759.webp|https://masterapi.witheldokan.com/storage/seif-pharmacies/uploads/344396.webp|https://masterapi.witheldokan.com/storage/seif-pharmacies/uploads/612936.webp|https://masterapi.witheldokan.com/storage/seif-pharmacies/uploads/612748.webp|https://masterapi.witheldokan.com/storage/seif-pharmacies/uploads/609967-1760274531.webp|https://masterapi.witheldokan.com/storage/seif-pharmacies/uploads/381777.webp|https://masterapi.witheldokan.com/storage/seif-pharmacies/uploads/2753.webp|https://masterapi.witheldokan.com/storage/seif-pharmacies/uploads/614363-1760270896.webp|https://masterapi.witheldokan.com/storage/seif-pharmacies/uploads/19786.webp,https://seif-online.com/en/product/medicine/central-nervous-system/cerebral-stimulant
Alzheimer Treatment,,,Apply,Skin Care,,Download App Now,,,https://masterapi.witheldokan.com/storage/seif-pharmacies/uploads/611317.webp|https://masterapi.witheldokan.com/storage/seif-pharmacies/uploads/199119.webp|https://masterapi.witheldokan.com/storage/seif-pharmacies/uploads/81983.webp|https://masterapi.witheldokan.com/storage/seif-pharmacies/uploads/285949.webp|https://masterapi.witheldokan.com/storage/seif-pharmacies/uploads/253555.webp|https://masterapi.witheldokan.com/storage/seif-pharmacies/uploads/290250.webp|https://masterapi.witheldokan.com/storage/seif-pharmacies/uploads/265911.webp|https://masterapi.witheldokan.com/storage/seif-pharmacies/uploads/168059.webp|https://masterapi.witheldokan.com/storage/seif-pharmacies/uploads/312130.webp|https://masterapi.witheldokan.com/storage/seif-pharmacies/uploads/336348.webp|https://masterapi.witheldokan.com/storage/seif-pharmacies/uploads/232910.webp|https://masterapi.witheldokan.com/storage/seif-pharmacies/uploads/296286.webp|https://masterapi.witheldokan.com/storage/seif-pharmacies/uploads/117519.webp|https://masterapi.witheldokan.com/storage/seif-pharmacies/uploads/23518.webp|https://masterapi.witheldokan.com/storage/seif-pharmacies/uploads/612471.webp|https://masterapi.witheldokan.com/storage/seif-pharmacies/uploads/605029.webp|https://masterapi.witheldokan.com/storage/seif-pharmacies/uploads/284097.webp|https://masterapi.witheldokan.com/storage/seif-pharmacies/uploads/17394.webp|https://masterapi.witheldokan.com/storage/seif-pharmacies/uploads/17392.webp|https://masterapi.witheldokan.com/storage/seif-pharmacies/uploads/17393.webp|https://masterapi.witheldokan.com/storage/seif-pharmacies/uploads/116107.webp|https://masterapi.witheldokan.com/storage/seif-pharmacies/uploads/139300.webp|https://masterapi.witheldokan.com/storage/seif-pharmacies/uploads/144702.webp,https://seif-online.com/en/product/medicine/central-nervous-system/alzheimer-treatment
Anti-Parkinsonism,,,Apply,Skin Care,,Download App Now,,,https://masterapi.witheldokan.com/storage/seif-pharmacies/uploads/367986.webp|https://masterapi.witheldokan.com/storage/seif-pharmacies/uploads/88770.webp|https://masterapi.witheldokan.com/storage/seif-pharmacies/uploads/63515.webp|https://masterapi.witheldokan.com/storage/seif-pharmacies/uploads/607539.webp|https://masterapi.witheldokan.com/storage/seif-pharmacies/uploads/358494.webp|https://masterapi.witheldokan.com/storage/seif-pharmacies/uploads/371694.webp|https://masterapi.witheldokan.com/storage/seif-pharmacies/uploads/185286.webp|https://masterapi.witheldokan.com/storage/seif-pharmacies/uploads/607606.webp|https://masterapi.witheldokan.com/storage/seif-pharmacies/uploads/184425.webp|https://masterapi.witheldokan.com/storage/seif-pharmacies/uploads/178384.webp|https://masterapi.witheldokan.com/storage/seif-pharmacies/uploads/222391.webp|https://masterapi.witheldokan.com/storage/seif-pharmacies/uploads/606002.webp|https://masterapi.witheldokan.com/storage/seif-pharmacies/uploads/276186.webp|https://masterapi.witheldokan.com/storage/seif-pharmacies/uploads/606652.webp|https://masterapi.witheldokan.com/storage/seif-pharmacies/uploads/33553.webp|https://masterapi.witheldokan.com/storage/seif-pharmacies/uploads/95636.webp|https://masterapi.witheldokan.com/storage/seif-pharmacies/uploads/134304.webp|https://masterapi.witheldokan.com/storage/seif-pharmacies/uploads/136671.webp|https://masterapi.witheldokan.com/storage/seif-pharmacies/uploads/136673.webp|https://masterapi.witheldokan.com/storage/seif-pharmacies/uploads/137432.webp|https://masterapi.witheldokan.com/storage/seif-pharmacies/uploads/323000.webp,https://seif-online.com/en/product/medicine/central-nervous-system/anti-parkinsonism
Cns Stimulants,,,Apply,Skin Care,,Download App Now,,,https://masterapi.witheldokan.com/storage/seif-pharmacies/uploads/299403.webp|https://masterapi.witheldokan.com/storage/seif-pharmacies/uploads/383868.webp|https://masterapi.witheldokan.com/storage/seif-pharmacies/uploads/400118.webp|https://masterapi.witheldokan.com/storage/seif-pharmacies/uploads/612177.webp|https://masterapi.witheldokan.com/storage/seif-pharmacies/uploads/614820-1759931221.webp|https://masterapi.witheldokan.com/storage/seif-pharmacies/uploads/397475.webp|https://masterapi.witheldokan.com/storage/seif-pharmacies/uploads/614570-1759928618.webp|https://masterapi.witheldokan.com/storage/seif-pharmacies/uploads/611873.webp|https://masterapi.witheldokan.com/storage/seif-pharmacies/uploads/384076.webp|https://masterapi.witheldokan.com/storage/seif-pharmacies/uploads/612956.webp,https://seif-online.com/en/product/medicine/central-nervous-system/cns-stimulants
General Anaesthetic,,,Apply,Skin Care,,Download App Now,,,https://masterapi.witheldokan.com/storage/seif-pharmacies/uploads/2207.webp,https://seif-online.com/en/product/medicine/central-nervous-system/general-anaesthetic
Anti-Epileptic & A. Convulsant,,,Apply,Skin Care,,Download App Now,,,https://masterapi.witheldokan.com/storage/seif-pharmacies/uploads/140201.webp|https://masterapi.witheldokan.com/storage/seif-pharmacies/uploads/385216.webp|https://masterapi.witheldokan.com/storage/seif-pharmacies/uploads/60604.webp|https://masterapi.witheldokan.com/storage/seif-pharmacies/uploads/3106.webp|https://masterapi.witheldokan.com/storage/seif-pharmacies/uploads/139588.webp|https://masterapi.witheldokan.com/storage/seif-pharmacies/uploads/72127.webp|https://masterapi.witheldokan.com/storage/seif-pharmacies/uploads/610908.webp|https://masterapi.witheldokan.com/storage/seif-pharmacies/uploads/202127.webp|https://masterapi.witheldokan.com/storage/seif-pharmacies/uploads/1455.webp|https://masterapi.witheldokan.com/storage/seif-pharmacies/uploads/385217.webp|https://masterapi.witheldokan.com/storage/seif-pharmacies/uploads/204182.webp|https://masterapi.witheldokan.com/storage/seif-pharmacies/uploads/431687.webp|https://masterapi.witheldokan.com/storage/seif-pharmacies/uploads/404063.webp|https://masterapi.witheldokan.com/storage/seif-pharmacies/uploads/123410.webp|https://masterapi.witheldokan.com/storage/seif-pharmacies/uploads/157916.webp|https://masterapi.witheldokan.com/storage/seif-pharmacies/uploads/316477.webp|https://masterapi.witheldokan.com/storage/seif-pharmacies/uploads/610909.webp|https://masterapi.witheldokan.com/storage/seif-pharmacies/uploads/202128.webp|https://masterapi.witheldokan.com/storage/seif-pharmacies/uploads/606169.webp|https://masterapi.witheldokan.com/storage/seif-pharmacies/uploads/26632.webp|https://masterapi.witheldokan.com/storage/seif-pharmacies/uploads/148376.webp|https://masterapi.witheldokan.com/storage/seif-pharmacies/uploads/431435.webp|https://masterapi.witheldokan.com/storage/seif-pharmacies/uploads/290350.webp,https://seif-online.com/en/product/medicine/central-nervous-system/anti-epileptic-a-convulsant
Neurotonic,,,Apply,Skin Care,,Download App Now,,,https://masterapi.witheldokan.com/storage/seif-pharmacies/uploads/608891.webp|https://masterapi.witheldokan.com/storage/seif-pharmacies/uploads/608680.webp|https://masterapi.witheldokan.com/storage/seif-pharmacies/uploads/608043-1760362052.webp|https://masterapi.witheldokan.com/storage/seif-pharmacies/uploads/614722.webp|https://masterapi.witheldokan.com/storage/seif-pharmacies/uploads/207428.webp|https://masterapi.witheldokan.com/storage/seif-pharmacies/uploads/608208.webp|https://masterapi.witheldokan.com/storage/seif-pharmacies/uploads/612455.webp|https://masterapi.witheldokan.com/storage/seif-pharmacies/uploads/608044-1760362074.webp|https://masterapi.witheldokan.com/storage/seif-pharmacies/uploads/253345.webp|https://masterapi.witheldokan.com/storage/seif-pharmacies/uploads/312088.webp|https://cdn.supercommerce.io/seif-pharmacies/uploads/612301-1769436525.webp|https://masterapi.witheldokan.com/storage/seif-pharmacies/uploads/614958.webp|https://masterapi.witheldokan.com/storage/seif-pharmacies/uploads/614758.webp|https://masterapi.witheldokan.com/storage/seif-pharmacies/uploads/608740.webp|https://masterapi.witheldokan.com/storage/seif-pharmacies/uploads/88773.webp|https://masterapi.witheldokan.com/storage/seif-pharmacies/uploads/97395.webp|https://masterapi.witheldokan.com/storage/seif-pharmacies/uploads/608672.webp,https://seif-online.com/en/product/medicine/central-nervous-system/neurotonic
Anti-Depressant,,,Apply,Skin Care,,Download App Now,,,https://masterapi.witheldokan.com/storage/seif-pharmacies/uploads/76059.webp|https://masterapi.witheldokan.com/storage/seif-pharmacies/uploads/305103.webp|https://masterapi.witheldokan.com/storage/seif-pharmacies/uploads/604977.webp|https://masterapi.witheldokan.com/storage/seif-pharmacies/uploads/400783.webp|https://masterapi.witheldokan.com/storage/seif-pharmacies/uploads/315437.webp|https://masterapi.witheldokan.com/storage/seif-pharmacies/uploads/284774.webp|https://masterapi.witheldokan.com/storage/seif-pharmacies/uploads/315433.webp|https://masterapi.witheldokan.com/storage/seif-pharmacies/uploads/601961.webp|https://masterapi.witheldokan.com/storage/seif-pharmacies/uploads/365015.webp|https://masterapi.witheldokan.com/storage/seif-pharmacies/uploads/157664.webp|https://masterapi.witheldokan.com/storage/seif-pharmacies/uploads/336977.webp|https://masterapi.witheldokan.com/storage/seif-pharmacies/uploads/305166.webp|https://masterapi.witheldokan.com/storage/seif-pharmacies/uploads/605332.webp|https://masterapi.witheldokan.com/storage/seif-pharmacies/uploads/301837.webp|https://masterapi.witheldokan.com/storage/seif-pharmacies/uploads/602399.webp|https://masterapi.witheldokan.com/storage/seif-pharmacies/uploads/603765.webp|https://masterapi.witheldokan.com/storage/seif-pharmacies/uploads/305168.webp|https://masterapi.witheldokan.com/storage/seif-pharmacies/uploads/118788.webp|https://masterapi.witheldokan.com/storage/seif-pharmacies/uploads/321992.webp|https://masterapi.witheldokan.com/storage/seif-pharmacies/uploads/70991.webp|https://masterapi.witheldokan.com/storage/seif-pharmacies/uploads/281545.webp|https://masterapi.witheldokan.com/storage/seif-pharmacies/uploads/92572.webp|https://masterapi.witheldokan.com/storage/seif-pharmacies/uploads/609654-1760357756.webp,https://seif-online.com/en/product/medicine/central-nervous-system/anti-depressant
ADHD(Attent.Deficit.Hyperac.D),,,Apply,Skin Care,,Download App Now,,,https://masterapi.witheldokan.com/storage/seif-pharmacies/uploads/182674.webp|https://masterapi.witheldokan.com/storage/seif-pharmacies/uploads/389699.webp|https://masterapi.witheldokan.com/storage/seif-pharmacies/uploads/182673.webp|https://masterapi.witheldokan.com/storage/seif-pharmacies/uploads/182675.webp|https://masterapi.witheldokan.com/storage/seif-pharmacies/uploads/182670.webp|https://masterapi.witheldokan.com/storage/seif-pharmacies/uploads/607572-1760363053.webp|https://masterapi.witheldokan.com/storage/seif-pharmacies/uploads/182672.webp|https://masterapi.witheldokan.com/storage/seif-pharmacies/uploads/173496.webp|https://masterapi.witheldokan.com/storage/seif-pharmacies/uploads/289162.webp|https://masterapi.witheldokan.com/storage/seif-pharmacies/uploads/300724.webp|https://masterapi.witheldokan.com/storage/seif-pharmacies/uploads/300725.webp|https://masterapi.witheldokan.com/storage/seif-pharmacies/uploads/300726.webp|https://masterapi.witheldokan.com/storage/seif-pharmacies/uploads/300727.webp|https://masterapi.witheldokan.com/storage/seif-pharmacies/uploads/300729.webp|https://masterapi.witheldokan.com/storage/seif-pharmacies/uploads/382854.webp,https://seif-online.com/en/product/medicine/central-nervous-system/adhdattent-deficit-hyperac-d
Miscellaneous,,,Apply,Skin Care,,Download App Now,,,https://masterapi.witheldokan.com/storage/seif-pharmacies/uploads/397922.webp|https://masterapi.witheldokan.com/storage/seif-pharmacies/uploads/319068.webp|https://masterapi.witheldokan.com/storage/seif-pharmacies/uploads/605970.webp|https://masterapi.witheldokan.com/storage/seif-pharmacies/uploads/99511.webp|https://masterapi.witheldokan.com/storage/seif-pharmacies/uploads/171775.webp|https://masterapi.witheldokan.com/storage/seif-pharmacies/uploads/265825.webp|https://masterapi.witheldokan.com/storage/seif-pharmacies/uploads/605847.webp|https://masterapi.witheldokan.com/storage/seif-pharmacies/uploads/383098.webp|https://masterapi.witheldokan.com/storage/seif-pharmacies/uploads/382495.webp|https://masterapi.witheldokan.com/storage/seif-pharmacies/uploads/382496.webp|https://masterapi.witheldokan.com/storage/seif-pharmacies/uploads/609680-1760357668.webp|https://masterapi.witheldokan.com/storage/seif-pharmacies/uploads/1658.webp|https://masterapi.witheldokan.com/storage/seif-pharmacies/uploads/1916.webp|https://masterapi.witheldokan.com/storage/seif-pharmacies/uploads/16454.webp|https://masterapi.witheldokan.com/storage/seif-pharmacies/uploads/37776.webp|https://masterapi.witheldokan.com/storage/seif-pharmacies/uploads/85756.webp,https://seif-online.com/en/product/medicine/miscellaneous
Anti-Dote,,,Apply,Skin Care,,Download App Now,,,https://masterapi.witheldokan.com/storage/seif-pharmacies/uploads/319068.webp|https://masterapi.witheldokan.com/storage/seif-pharmacies/uploads/605970.webp|https://masterapi.witheldokan.com/storage/seif-pharmacies/uploads/99511.webp|https://masterapi.witheldokan.com/storage/seif-pharmacies/uploads/171775.webp|https://masterapi.witheldokan.com/storage/seif-pharmacies/uploads/265825.webp|https://masterapi.witheldokan.com/storage/seif-pharmacies/uploads/605847.webp|https://masterapi.witheldokan.com/storage/seif-pharmacies/uploads/383098.webp|https://masterapi.witheldokan.com/storage/seif-pharmacies/uploads/382495.webp|https://masterapi.witheldokan.com/storage/seif-pharmacies/uploads/382496.webp|https://masterapi.witheldokan.com/storage/seif-pharmacies/uploads/180698.webp|https://masterapi.witheldokan.com/storage/seif-pharmacies/uploads/208086.webp|https://masterapi.witheldokan.com/storage/seif-pharmacies/uploads/605320-1760877029.webp,https://seif-online.com/en/product/medicine/miscellaneous/anti-dote
Anaemia,,,Apply,Skin Care,,Download App Now,,,https://masterapi.witheldokan.com/storage/seif-pharmacies/uploads/397922.webp|https://masterapi.witheldokan.com/storage/seif-pharmacies/uploads/609680-1760357668.webp|https://masterapi.witheldokan.com/storage/seif-pharmacies/uploads/1658.webp|https://masterapi.witheldokan.com/storage/seif-pharmacies/uploads/1916.webp|https://masterapi.witheldokan.com/storage/seif-pharmacies/uploads/16454.webp|https://masterapi.witheldokan.com/storage/seif-pharmacies/uploads/37776.webp|https://masterapi.witheldokan.com/storage/seif-pharmacies/uploads/85756.webp|https://masterapi.witheldokan.com/storage/seif-pharmacies/uploads/148069.webp|https://masterapi.witheldokan.com/storage/seif-pharmacies/uploads/148070.webp|https://masterapi.witheldokan.com/storage/seif-pharmacies/uploads/148071.webp|https://masterapi.witheldokan.com/storage/seif-pharmacies/uploads/204229.webp|https://masterapi.witheldokan.com/storage/seif-pharmacies/uploads/301150.webp|https://masterapi.witheldokan.com/storage/seif-pharmacies/uploads/336968.webp,https://seif-online.com/en/product/medicine/miscellaneous/anaemia
Infections,,,Apply,Skin Care,,Download App Now,,,https://masterapi.witheldokan.com/storage/seif-pharmacies/uploads/40413.webp|https://masterapi.witheldokan.com/storage/seif-pharmacies/uploads/404028.webp|https://masterapi.witheldokan.com/storage/seif-pharmacies/uploads/33953.webp|https://masterapi.witheldokan.com/storage/seif-pharmacies/uploads/1332.webp|https://masterapi.witheldokan.com/storage/seif-pharmacies/uploads/211115.webp|https://masterapi.witheldokan.com/storage/seif-pharmacies/uploads/54235.webp|https://masterapi.witheldokan.com/storage/seif-pharmacies/uploads/62453.webp|https://masterapi.witheldokan.com/storage/seif-pharmacies/uploads/75843.webp|https://masterapi.witheldokan.com/storage/seif-pharmacies/uploads/1313.webp|https://masterapi.witheldokan.com/storage/seif-pharmacies/uploads/55222.webp|https://masterapi.witheldokan.com/storage/seif-pharmacies/uploads/2242.webp|https://masterapi.witheldokan.com/storage/seif-pharmacies/uploads/74737.webp|https://masterapi.witheldokan.com/storage/seif-pharmacies/uploads/37772.webp|https://masterapi.witheldokan.com/storage/seif-pharmacies/uploads/52515.webp|https://masterapi.witheldokan.com/storage/seif-pharmacies/uploads/169520.webp|https://masterapi.witheldokan.com/storage/seif-pharmacies/uploads/103982.webp|https://masterapi.witheldokan.com/storage/seif-pharmacies/uploads/262755.webp|https://masterapi.witheldokan.com/storage/seif-pharmacies/uploads/2062.webp|https://masterapi.witheldokan.com/storage/seif-pharmacies/uploads/2864.webp|https://masterapi.witheldokan.com/storage/seif-pharmacies/uploads/208094.webp|https://masterapi.witheldokan.com/storage/seif-pharmacies/uploads/610345.webp|https://masterapi.witheldokan.com/storage/seif-pharmacies/uploads/27561.webp|https://masterapi.witheldokan.com/storage/seif-pharmacies/uploads/317259.webp|https://masterapi.witheldokan.com/storage/seif-pharmacies/uploads/65890.webp,https://seif-online.com/en/product/medicine/infections
"Anthelmintics,",,,Apply,Skin Care,,Download App Now,,,https://masterapi.witheldokan.com/storage/seif-pharmacies/uploads/34627.webp|https://masterapi.witheldokan.com/storage/seif-pharmacies/uploads/34628.webp|https://masterapi.witheldokan.com/storage/seif-pharmacies/uploads/93639.webp|https://masterapi.witheldokan.com/storage/seif-pharmacies/uploads/184608.webp|https://masterapi.witheldokan.com/storage/seif-pharmacies/uploads/64736.webp|https://masterapi.witheldokan.com/storage/seif-pharmacies/uploads/321747.webp|https://masterapi.witheldokan.com/storage/seif-pharmacies/uploads/144676.webp|https://masterapi.witheldokan.com/storage/seif-pharmacies/uploads/65865.webp|https://masterapi.witheldokan.com/storage/seif-pharmacies/uploads/403411.webp|https://masterapi.witheldokan.com/storage/seif-pharmacies/uploads/7.webp|https://masterapi.witheldokan.com/storage/seif-pharmacies/uploads/6.webp|https://masterapi.witheldokan.com/storage/seif-pharmacies/uploads/82.webp|https://masterapi.witheldokan.com/storage/seif-pharmacies/uploads/863.webp|https://masterapi.witheldokan.com/storage/seif-pharmacies/uploads/13048.webp|https://masterapi.witheldokan.com/storage/seif-pharmacies/uploads/31143.webp|https://masterapi.witheldokan.com/storage/seif-pharmacies/uploads/268982.webp|https://masterapi.witheldokan.com/storage/seif-pharmacies/uploads/272575.webp|https://masterapi.witheldokan.com/storage/seif-pharmacies/uploads/307132.webp,https://seif-online.com/en/product/medicine/infections/anthelmintics
Anti- Fungals,,,Apply,Skin Care,,Download App Now,,,https://masterapi.witheldokan.com/storage/seif-pharmacies/uploads/1332.webp|https://masterapi.witheldokan.com/storage/seif-pharmacies/uploads/90025.webp|https://masterapi.witheldokan.com/storage/seif-pharmacies/uploads/208094.webp|https://masterapi.witheldokan.com/storage/seif-pharmacies/uploads/3350.webp|https://masterapi.witheldokan.com/storage/seif-pharmacies/uploads/34677.webp|https://masterapi.witheldokan.com/storage/seif-pharmacies/uploads/51698.webp|https://masterapi.witheldokan.com/storage/seif-pharmacies/uploads/63222.webp|https://masterapi.witheldokan.com/storage/seif-pharmacies/uploads/46239.webp|https://masterapi.witheldokan.com/storage/seif-pharmacies/uploads/2502.webp|https://masterapi.witheldokan.com/storage/seif-pharmacies/uploads/68204.webp|https://masterapi.witheldokan.com/storage/seif-pharmacies/uploads/207933.webp|https://masterapi.witheldokan.com/storage/seif-pharmacies/uploads/377690.webp|https://masterapi.witheldokan.com/storage/seif-pharmacies/uploads/2636.webp|https://masterapi.witheldokan.com/storage/seif-pharmacies/uploads/37872.webp|https://masterapi.witheldokan.com/storage/seif-pharmacies/uploads/601830.webp|https://masterapi.witheldokan.com/storage/seif-pharmacies/uploads/1478.webp|https://masterapi.witheldokan.com/storage/seif-pharmacies/uploads/382995.webp|https://masterapi.witheldokan.com/storage/seif-pharmacies/uploads/234132.webp|https://masterapi.witheldokan.com/storage/seif-pharmacies/uploads/1340.webp|https://masterapi.witheldokan.com/storage/seif-pharmacies/uploads/383866.webp|https://masterapi.witheldokan.com/storage/seif-pharmacies/uploads/90026.webp|https://masterapi.witheldokan.com/storage/seif-pharmacies/uploads/1299.webp|https://masterapi.witheldokan.com/storage/seif-pharmacies/uploads/357917.webp,https://seif-online.com/en/product/medicine/infections/anti-fungals
Immunomodulator.,,,Apply,Skin Care,,Download App Now,,,https://masterapi.witheldokan.com/storage/seif-pharmacies/uploads/1054.webp|https://masterapi.witheldokan.com/storage/seif-pharmacies/uploads/1034.webp|https://masterapi.witheldokan.com/storage/seif-pharmacies/uploads/154647.webp|https://masterapi.witheldokan.com/storage/seif-pharmacies/uploads/52940.webp|https://masterapi.witheldokan.com/storage/seif-pharmacies/uploads/62709.webp,https://seif-online.com/en/product/medicine/infections/immunomodulator-infections
Anti- Biotics,,,Apply,Skin Care,,Download App Now,,,https://masterapi.witheldokan.com/storage/seif-pharmacies/uploads/40413.webp|https://masterapi.witheldokan.com/storage/seif-pharmacies/uploads/404028.webp|https://masterapi.witheldokan.com/storage/seif-pharmacies/uploads/33953.webp|https://masterapi.witheldokan.com/storage/seif-pharmacies/uploads/211115.webp|https://masterapi.witheldokan.com/storage/seif-pharmacies/uploads/54235.webp|https://masterapi.witheldokan.com/storage/seif-pharmacies/uploads/62453.webp|https://masterapi.witheldokan.com/storage/seif-pharmacies/uploads/75843.webp|https://masterapi.witheldokan.com/storage/seif-pharmacies/uploads/1313.webp|https://masterapi.witheldokan.com/storage/seif-pharmacies/uploads/55222.webp|https://masterapi.witheldokan.com/storage/seif-pharmacies/uploads/2242.webp|https://masterapi.witheldokan.com/storage/seif-pharmacies/uploads/74737.webp|https://masterapi.witheldokan.com/storage/seif-pharmacies/uploads/37772.webp|https://masterapi.witheldokan.com/storage/seif-pharmacies/uploads/52515.webp|https://masterapi.witheldokan.com/storage/seif-pharmacies/uploads/169520.webp|https://masterapi.witheldokan.com/storage/seif-pharmacies/uploads/103982.webp|https://masterapi.witheldokan.com/storage/seif-pharmacies/uploads/262755.webp|https://masterapi.witheldokan.com/storage/seif-pharmacies/uploads/2062.webp|https://masterapi.witheldokan.com/storage/seif-pharmacies/uploads/2864.webp|https://masterapi.witheldokan.com/storage/seif-pharmacies/uploads/610345.webp|https://masterapi.witheldokan.com/storage/seif-pharmacies/uploads/27561.webp|https://masterapi.witheldokan.com/storage/seif-pharmacies/uploads/317259.webp|https://masterapi.witheldokan.com/storage/seif-pharmacies/uploads/65890.webp|https://masterapi.witheldokan.com/storage/seif-pharmacies/uploads/212685.webp|https://masterapi.witheldokan.com/storage/seif-pharmacies/uploads/52938.webp,https://seif-online.com/en/product/medicine/infections/anti-biotics
Anti- Virals,,,Apply,Skin Care,,Download App Now,,,https://masterapi.witheldokan.com/storage/seif-pharmacies/uploads/55483.webp|https://masterapi.witheldokan.com/storage/seif-pharmacies/uploads/50107.webp|https://masterapi.witheldokan.com/storage/seif-pharmacies/uploads/122129.webp|https://masterapi.witheldokan.com/storage/seif-pharmacies/uploads/50106.webp|https://masterapi.witheldokan.com/storage/seif-pharmacies/uploads/247406.webp|https://masterapi.witheldokan.com/storage/seif-pharmacies/uploads/53970.webp|https://cdn.supercommerce.io/seif-pharmacies/uploads/615778-1768577874.webp|https://cdn.supercommerce.io/seif-pharmacies/uploads/615777-1768577585.webp|https://masterapi.witheldokan.com/storage/seif-pharmacies/uploads/277964.webp|https://masterapi.witheldokan.com/storage/seif-pharmacies/uploads/233084.webp|https://masterapi.witheldokan.com/storage/seif-pharmacies/uploads/51287.webp|https://masterapi.witheldokan.com/storage/seif-pharmacies/uploads/1758.webp|https://masterapi.witheldokan.com/storage/seif-pharmacies/uploads/18561.webp|https://masterapi.witheldokan.com/storage/seif-pharmacies/uploads/51254.webp|https://masterapi.witheldokan.com/storage/seif-pharmacies/uploads/52280.webp|https://masterapi.witheldokan.com/storage/seif-pharmacies/uploads/93162.webp|https://masterapi.witheldokan.com/storage/seif-pharmacies/uploads/164770.webp|https://masterapi.witheldokan.com/storage/seif-pharmacies/uploads/261461.webp|https://masterapi.witheldokan.com/storage/seif-pharmacies/uploads/275790.webp|https://masterapi.witheldokan.com/storage/seif-pharmacies/uploads/299305.webp|https://masterapi.witheldokan.com/storage/seif-pharmacies/uploads/305139.webp,https://seif-online.com/en/product/medicine/infections/anti-virals
Anti- Acne,,,Apply,Skin Care,,Download App Now,,,https://masterapi.witheldokan.com/storage/seif-pharmacies/uploads/610346.webp|https://masterapi.witheldokan.com/storage/seif-pharmacies/uploads/610158-1760272800.webp|https://masterapi.witheldokan.com/storage/seif-pharmacies/uploads/156573.webp|https://masterapi.witheldokan.com/storage/seif-pharmacies/uploads/10314.webp|https://masterapi.witheldokan.com/storage/seif-pharmacies/uploads/98615.webp|https://masterapi.witheldokan.com/storage/seif-pharmacies/uploads/614956.webp|https://masterapi.witheldokan.com/storage/seif-pharmacies/uploads/614366-1760270941.webp|https://masterapi.witheldokan.com/storage/seif-pharmacies/uploads/75781.webp|https://masterapi.witheldokan.com/storage/seif-pharmacies/uploads/76996.webp|https://masterapi.witheldokan.com/storage/seif-pharmacies/uploads/98616.webp|https://masterapi.witheldokan.com/storage/seif-pharmacies/uploads/602549.webp|https://masterapi.witheldokan.com/storage/seif-pharmacies/uploads/614994.webp,https://seif-online.com/en/product/medicine/infections/anti-acne-infections-20
Vaccines,,,Apply,Skin Care,,Download App Now,,,https://masterapi.witheldokan.com/storage/seif-pharmacies/uploads/41102-1758966677.webp|https://masterapi.witheldokan.com/storage/seif-pharmacies/uploads/611412.webp|https://masterapi.witheldokan.com/storage/seif-pharmacies/uploads/35309.webp|https://masterapi.witheldokan.com/storage/seif-pharmacies/uploads/106234.webp,https://seif-online.com/en/product/medicine/infections/vaccines
Weight Control & Fitness,,,Apply,Skin Care,,Download App Now,,,https://masterapi.witheldokan.com/storage/seif-pharmacies/uploads/612526.webp|https://masterapi.witheldokan.com/storage/seif-pharmacies/uploads/614279.webp|https://masterapi.witheldokan.com/storage/seif-pharmacies/uploads/81709.webp|https://masterapi.witheldokan.com/storage/seif-pharmacies/uploads/36966.webp|https://masterapi.witheldokan.com/storage/seif-pharmacies/uploads/198668.webp|https://masterapi.witheldokan.com/storage/seif-pharmacies/uploads/202596.webp|https://masterapi.witheldokan.com/storage/seif-pharmacies/uploads/610841.webp|https://masterapi.witheldokan.com/storage/seif-pharmacies/uploads/388298.webp|https://masterapi.witheldokan.com/storage/seif-pharmacies/uploads/602081.webp|https://masterapi.witheldokan.com/storage/seif-pharmacies/uploads/233083.webp|https://cdn.supercommerce.io/seif-pharmacies/uploads/395936.webp|https://masterapi.witheldokan.com/storage/seif-pharmacies/uploads/611417.webp|https://masterapi.witheldokan.com/storage/seif-pharmacies/uploads/601122.webp|https://masterapi.witheldokan.com/storage/seif-pharmacies/uploads/3953.webp|https://masterapi.witheldokan.com/storage/seif-pharmacies/uploads/366114.webp|https://masterapi.witheldokan.com/storage/seif-pharmacies/uploads/608104-1760361966.webp|https://masterapi.witheldokan.com/storage/seif-pharmacies/uploads/55565.webp|https://masterapi.witheldokan.com/storage/seif-pharmacies/uploads/610842.webp|https://masterapi.witheldokan.com/storage/seif-pharmacies/uploads/613265.webp|https://masterapi.witheldokan.com/storage/seif-pharmacies/uploads/377691.webp|https://masterapi.witheldokan.com/storage/seif-pharmacies/uploads/608904.webp|https://masterapi.witheldokan.com/storage/seif-pharmacies/uploads/388296.webp,https://seif-online.com/en/product/medicine/weight-control-fitness
Appetite Control & Fat Burn,,,Apply,Skin Care,,Download App Now,,,https://masterapi.witheldokan.com/storage/seif-pharmacies/uploads/612526.webp|https://masterapi.witheldokan.com/storage/seif-pharmacies/uploads/198668.webp|https://masterapi.witheldokan.com/storage/seif-pharmacies/uploads/602081.webp|https://masterapi.witheldokan.com/storage/seif-pharmacies/uploads/233083.webp|https://cdn.supercommerce.io/seif-pharmacies/uploads/395936.webp|https://masterapi.witheldokan.com/storage/seif-pharmacies/uploads/601122.webp|https://masterapi.witheldokan.com/storage/seif-pharmacies/uploads/3953.webp|https://masterapi.witheldokan.com/storage/seif-pharmacies/uploads/613265.webp|https://masterapi.witheldokan.com/storage/seif-pharmacies/uploads/377691.webp|https://masterapi.witheldokan.com/storage/seif-pharmacies/uploads/608904.webp|https://masterapi.witheldokan.com/storage/seif-pharmacies/uploads/608907.webp|https://masterapi.witheldokan.com/storage/seif-pharmacies/uploads/608905.webp|https://masterapi.witheldokan.com/storage/seif-pharmacies/uploads/161800.webp|https://masterapi.witheldokan.com/storage/seif-pharmacies/uploads/608903.webp|https://masterapi.witheldokan.com/storage/seif-pharmacies/uploads/158427.webp|https://masterapi.witheldokan.com/storage/seif-pharmacies/uploads/78943.webp|https://masterapi.witheldokan.com/storage/seif-pharmacies/uploads/347063.webp|https://masterapi.witheldokan.com/storage/seif-pharmacies/uploads/613558.webp,https://seif-online.com/en/product/medicine/weight-control-fitness/appetite-control-fat-burn
Anabolic,,,Apply,Skin Care,,Download App Now,,,https://masterapi.witheldokan.com/storage/seif-pharmacies/uploads/614279.webp|https://masterapi.witheldokan.com/storage/seif-pharmacies/uploads/81709.webp|https://masterapi.witheldokan.com/storage/seif-pharmacies/uploads/36966.webp|https://masterapi.witheldokan.com/storage/seif-pharmacies/uploads/202596.webp|https://masterapi.witheldokan.com/storage/seif-pharmacies/uploads/610841.webp|https://masterapi.witheldokan.com/storage/seif-pharmacies/uploads/388298.webp|https://masterapi.witheldokan.com/storage/seif-pharmacies/uploads/611417.webp|https://masterapi.witheldokan.com/storage/seif-pharmacies/uploads/366114.webp|https://masterapi.witheldokan.com/storage/seif-pharmacies/uploads/608104-1760361966.webp|https://masterapi.witheldokan.com/storage/seif-pharmacies/uploads/55565.webp|https://masterapi.witheldokan.com/storage/seif-pharmacies/uploads/610842.webp|https://masterapi.witheldokan.com/storage/seif-pharmacies/uploads/388296.webp|https://masterapi.witheldokan.com/storage/seif-pharmacies/uploads/388295.webp|https://masterapi.witheldokan.com/storage/seif-pharmacies/uploads/610802.webp|https://masterapi.witheldokan.com/storage/seif-pharmacies/uploads/610840.webp|https://masterapi.witheldokan.com/storage/seif-pharmacies/uploads/388297.webp|https://masterapi.witheldokan.com/storage/seif-pharmacies/uploads/609148.webp|https://masterapi.witheldokan.com/storage/seif-pharmacies/uploads/3750.webp|https://masterapi.witheldokan.com/storage/seif-pharmacies/uploads/48809.webp|https://masterapi.witheldokan.com/storage/seif-pharmacies/uploads/610751.webp|https://masterapi.witheldokan.com/storage/seif-pharmacies/uploads/298124.webp|https://masterapi.witheldokan.com/storage/seif-pharmacies/uploads/48808.webp|https://masterapi.witheldokan.com/storage/seif-pharmacies/uploads/56250.webp|https://masterapi.witheldokan.com/storage/seif-pharmacies/uploads/610839.webp,https://seif-online.com/en/product/medicine/weight-control-fitness/anabolic
Sugar Substitutes,,,Apply,Skin Care,,Download App Now,,,https://masterapi.witheldokan.com/storage/seif-pharmacies/uploads/324023.webp|https://masterapi.witheldokan.com/storage/seif-pharmacies/uploads/607479.webp|https://masterapi.witheldokan.com/storage/seif-pharmacies/uploads/335300.webp|https://masterapi.witheldokan.com/storage/seif-pharmacies/uploads/96144.webp|https://masterapi.witheldokan.com/storage/seif-pharmacies/uploads/203425.webp|https://masterapi.witheldokan.com/storage/seif-pharmacies/uploads/315662.webp|https://masterapi.witheldokan.com/storage/seif-pharmacies/uploads/300335.webp|https://masterapi.witheldokan.com/storage/seif-pharmacies/uploads/394675.webp|https://masterapi.witheldokan.com/storage/seif-pharmacies/uploads/235407.webp|https://masterapi.witheldokan.com/storage/seif-pharmacies/uploads/2379.webp|https://masterapi.witheldokan.com/storage/seif-pharmacies/uploads/401525.webp|https://masterapi.witheldokan.com/storage/seif-pharmacies/uploads/336383.webp|https://masterapi.witheldokan.com/storage/seif-pharmacies/uploads/608731.webp|https://masterapi.witheldokan.com/storage/seif-pharmacies/uploads/2389.webp|https://masterapi.witheldokan.com/storage/seif-pharmacies/uploads/394674.webp|https://masterapi.witheldokan.com/storage/seif-pharmacies/uploads/604951.webp|https://masterapi.witheldokan.com/storage/seif-pharmacies/uploads/606022-1760876647.webp|https://masterapi.witheldokan.com/storage/seif-pharmacies/uploads/604958.webp|https://masterapi.witheldokan.com/storage/seif-pharmacies/uploads/2390.webp|https://masterapi.witheldokan.com/storage/seif-pharmacies/uploads/60324.webp|https://masterapi.witheldokan.com/storage/seif-pharmacies/uploads/602766.webp|https://masterapi.witheldokan.com/storage/seif-pharmacies/uploads/188062.webp,https://seif-online.com/en/product/medicine/weight-control-fitness/sugar-substitutes
Musculo-Skeletal System,,,Apply,Skin Care,,Download App Now,,,https://masterapi.witheldokan.com/storage/seif-pharmacies/uploads/142151.webp|https://masterapi.witheldokan.com/storage/seif-pharmacies/uploads/324698.webp|https://masterapi.witheldokan.com/storage/seif-pharmacies/uploads/55333.webp|https://masterapi.witheldokan.com/storage/seif-pharmacies/uploads/61955.webp|https://masterapi.witheldokan.com/storage/seif-pharmacies/uploads/53600.webp|https://masterapi.witheldokan.com/storage/seif-pharmacies/uploads/99389.webp|https://cdn.supercommerce.io/seif-pharmacies/uploads/396638.webp|https://masterapi.witheldokan.com/storage/seif-pharmacies/uploads/614719.webp|https://masterapi.witheldokan.com/storage/seif-pharmacies/uploads/3648.webp|https://masterapi.witheldokan.com/storage/seif-pharmacies/uploads/220694.webp|https://cdn.supercommerce.io/seif-pharmacies/uploads/401299.webp|https://masterapi.witheldokan.com/storage/seif-pharmacies/uploads/309686.webp|https://masterapi.witheldokan.com/storage/seif-pharmacies/uploads/318412.webp|https://masterapi.witheldokan.com/storage/seif-pharmacies/uploads/215193.webp|https://masterapi.witheldokan.com/storage/seif-pharmacies/uploads/119306.webp|https://masterapi.witheldokan.com/storage/seif-pharmacies/uploads/609799.webp|https://masterapi.witheldokan.com/storage/seif-pharmacies/uploads/143021.webp,https://seif-online.com/en/product/medicine/musculo-skeletal-system
Mytonics,,,Apply,Skin Care,,Download App Now,,,https://masterapi.witheldokan.com/storage/seif-pharmacies/uploads/57284.webp,https://seif-online.com/en/product/medicine/musculo-skeletal-system/mytonics
Gout Treatment,,,Apply,Skin Care,,Download App Now,,,https://masterapi.witheldokan.com/storage/seif-pharmacies/uploads/55333.webp|https://masterapi.witheldokan.com/storage/seif-pharmacies/uploads/309686.webp|https://masterapi.witheldokan.com/storage/seif-pharmacies/uploads/397.webp|https://masterapi.witheldokan.com/storage/seif-pharmacies/uploads/286406.webp|https://masterapi.witheldokan.com/storage/seif-pharmacies/uploads/281693.webp|https://masterapi.witheldokan.com/storage/seif-pharmacies/uploads/2124.webp|https://masterapi.witheldokan.com/storage/seif-pharmacies/uploads/368003.webp|https://masterapi.witheldokan.com/storage/seif-pharmacies/uploads/295733.webp|https://masterapi.witheldokan.com/storage/seif-pharmacies/uploads/347834.webp|https://masterapi.witheldokan.com/storage/seif-pharmacies/uploads/617085-1759064799.webp|https://masterapi.witheldokan.com/storage/seif-pharmacies/uploads/302177.webp|https://masterapi.witheldokan.com/storage/seif-pharmacies/uploads/286402.webp|https://masterapi.witheldokan.com/storage/seif-pharmacies/uploads/285080.webp|https://masterapi.witheldokan.com/storage/seif-pharmacies/uploads/312541.webp|https://masterapi.witheldokan.com/storage/seif-pharmacies/uploads/390.webp,https://seif-online.com/en/product/medicine/musculo-skeletal-system/gout-treatment
Analgesic/A. Rheumatic,,,Apply,Skin Care,,Download App Now,,,https://masterapi.witheldokan.com/storage/seif-pharmacies/uploads/61955.webp|https://masterapi.witheldokan.com/storage/seif-pharmacies/uploads/53600.webp|https://masterapi.witheldokan.com/storage/seif-pharmacies/uploads/99389.webp|https://masterapi.witheldokan.com/storage/seif-pharmacies/uploads/383971.webp|https://masterapi.witheldokan.com/storage/seif-pharmacies/uploads/38476.webp|https://masterapi.witheldokan.com/storage/seif-pharmacies/uploads/185434.webp|https://masterapi.witheldokan.com/storage/seif-pharmacies/uploads/196446.webp|https://masterapi.witheldokan.com/storage/seif-pharmacies/uploads/1402.webp|https://masterapi.witheldokan.com/storage/seif-pharmacies/uploads/199474.webp|https://masterapi.witheldokan.com/storage/seif-pharmacies/uploads/167055.webp|https://masterapi.witheldokan.com/storage/seif-pharmacies/uploads/87981.webp|https://masterapi.witheldokan.com/storage/seif-pharmacies/uploads/34825.webp|https://masterapi.witheldokan.com/storage/seif-pharmacies/uploads/397191.webp|https://masterapi.witheldokan.com/storage/seif-pharmacies/uploads/321751.webp|https://masterapi.witheldokan.com/storage/seif-pharmacies/uploads/309203.webp|https://masterapi.witheldokan.com/storage/seif-pharmacies/uploads/389252.webp|https://masterapi.witheldokan.com/storage/seif-pharmacies/uploads/183123.webp,https://seif-online.com/en/product/medicine/musculo-skeletal-system/analgesic-a-rheumatic-medicine
Skeletal Muscle Relaxant,,,Apply,Skin Care,,Download App Now,,,https://masterapi.witheldokan.com/storage/seif-pharmacies/uploads/142151.webp|https://masterapi.witheldokan.com/storage/seif-pharmacies/uploads/318412.webp|https://masterapi.witheldokan.com/storage/seif-pharmacies/uploads/119306.webp|https://masterapi.witheldokan.com/storage/seif-pharmacies/uploads/143021.webp|https://masterapi.witheldokan.com/storage/seif-pharmacies/uploads/303679.webp|https://masterapi.witheldokan.com/storage/seif-pharmacies/uploads/285703.webp|https://masterapi.witheldokan.com/storage/seif-pharmacies/uploads/109342.webp|https://masterapi.witheldokan.com/storage/seif-pharmacies/uploads/2245.webp|https://masterapi.witheldokan.com/storage/seif-pharmacies/uploads/295330.webp|https://masterapi.witheldokan.com/storage/seif-pharmacies/uploads/310946.webp|https://masterapi.witheldokan.com/storage/seif-pharmacies/uploads/305153.webp|https://masterapi.witheldokan.com/storage/seif-pharmacies/uploads/3167.webp|https://masterapi.witheldokan.com/storage/seif-pharmacies/uploads/44382.webp|https://masterapi.witheldokan.com/storage/seif-pharmacies/uploads/87514.webp|https://masterapi.witheldokan.com/storage/seif-pharmacies/uploads/177777.webp|https://masterapi.witheldokan.com/storage/seif-pharmacies/uploads/229329.webp,https://seif-online.com/en/product/medicine/musculo-skeletal-system/skeletal-muscle-relaxant
Osteoporosis/Arthritis Manag,,,Apply,Skin Care,,Download App Now,,,https://masterapi.witheldokan.com/storage/seif-pharmacies/uploads/324698.webp|https://cdn.supercommerce.io/seif-pharmacies/uploads/396638.webp|https://masterapi.witheldokan.com/storage/seif-pharmacies/uploads/614719.webp|https://masterapi.witheldokan.com/storage/seif-pharmacies/uploads/3648.webp|https://masterapi.witheldokan.com/storage/seif-pharmacies/uploads/220694.webp|https://cdn.supercommerce.io/seif-pharmacies/uploads/401299.webp|https://masterapi.witheldokan.com/storage/seif-pharmacies/uploads/215193.webp|https://masterapi.witheldokan.com/storage/seif-pharmacies/uploads/609799.webp|https://cdn.supercommerce.io/seif-pharmacies/uploads/403263.webp|https://cdn.supercommerce.io/seif-pharmacies/uploads/374574.webp|https://cdn.supercommerce.io/seif-pharmacies/uploads/611068-1773312960.webp|https://cdn.supercommerce.io/seif-pharmacies/uploads/401300-1773313182.webp|https://masterapi.witheldokan.com/storage/seif-pharmacies/uploads/431541.webp|https://masterapi.witheldokan.com/storage/seif-pharmacies/uploads/202834.webp|https://masterapi.witheldokan.com/storage/seif-pharmacies/uploads/610612.webp|https://masterapi.witheldokan.com/storage/seif-pharmacies/uploads/611864.webp,https://seif-online.com/en/product/medicine/musculo-skeletal-system/osteoporosis-arthritis-manag
Other Anti-Rheumatics,,,Apply,Skin Care,,Download App Now,,,https://masterapi.witheldokan.com/storage/seif-pharmacies/uploads/36064.webp|https://masterapi.witheldokan.com/storage/seif-pharmacies/uploads/17533.webp|https://masterapi.witheldokan.com/storage/seif-pharmacies/uploads/112818.webp|https://masterapi.witheldokan.com/storage/seif-pharmacies/uploads/44311.webp|https://masterapi.witheldokan.com/storage/seif-pharmacies/uploads/44312.webp|https://masterapi.witheldokan.com/storage/seif-pharmacies/uploads/393302.webp|https://masterapi.witheldokan.com/storage/seif-pharmacies/uploads/234260.webp|https://masterapi.witheldokan.com/storage/seif-pharmacies/uploads/313977.webp|https://cdn.supercommerce.io/seif-pharmacies/uploads/614736-1769430991.webp|https://masterapi.witheldokan.com/storage/seif-pharmacies/uploads/614735.webp|https://masterapi.witheldokan.com/storage/seif-pharmacies/uploads/58707.webp|https://masterapi.witheldokan.com/storage/seif-pharmacies/uploads/179117.webp|https://masterapi.witheldokan.com/storage/seif-pharmacies/uploads/342902.webp|https://masterapi.witheldokan.com/storage/seif-pharmacies/uploads/346642.webp,https://seif-online.com/en/product/medicine/musculo-skeletal-system/other-anti-rheumatics
Respiratory System,,,Apply,Skin Care,,Download App Now,,,https://masterapi.witheldokan.com/storage/seif-pharmacies/uploads/383069.webp|https://masterapi.witheldokan.com/storage/seif-pharmacies/uploads/63563.webp|https://masterapi.witheldokan.com/storage/seif-pharmacies/uploads/159693-1751977251.webp|https://masterapi.witheldokan.com/storage/seif-pharmacies/uploads/57613.webp|https://masterapi.witheldokan.com/storage/seif-pharmacies/uploads/611288.webp|https://masterapi.witheldokan.com/storage/seif-pharmacies/uploads/280401.webp|https://masterapi.witheldokan.com/storage/seif-pharmacies/uploads/57612.webp|https://masterapi.witheldokan.com/storage/seif-pharmacies/uploads/82444.webp|https://masterapi.witheldokan.com/storage/seif-pharmacies/uploads/39227.webp|https://masterapi.witheldokan.com/storage/seif-pharmacies/uploads/4028.webp|https://masterapi.witheldokan.com/storage/seif-pharmacies/uploads/322760.webp|https://masterapi.witheldokan.com/storage/seif-pharmacies/uploads/1235.webp|https://masterapi.witheldokan.com/storage/seif-pharmacies/uploads/608693.webp|https://masterapi.witheldokan.com/storage/seif-pharmacies/uploads/86085.webp|https://masterapi.witheldokan.com/storage/seif-pharmacies/uploads/231530.webp|https://masterapi.witheldokan.com/storage/seif-pharmacies/uploads/309683.webp|https://masterapi.witheldokan.com/storage/seif-pharmacies/uploads/601469.webp|https://masterapi.witheldokan.com/storage/seif-pharmacies/uploads/57608.webp|https://masterapi.witheldokan.com/storage/seif-pharmacies/uploads/613387.webp|https://masterapi.witheldokan.com/storage/seif-pharmacies/uploads/10653.webp|https://masterapi.witheldokan.com/storage/seif-pharmacies/uploads/152169.webp|https://masterapi.witheldokan.com/storage/seif-pharmacies/uploads/613388.webp|https://masterapi.witheldokan.com/storage/seif-pharmacies/uploads/55648.webp,https://seif-online.com/en/product/medicine/respiratory-system
Cough Expectorant & Sedative,,,Apply,Skin Care,,Download App Now,,,https://masterapi.witheldokan.com/storage/seif-pharmacies/uploads/159693-1751977251.webp|https://masterapi.witheldokan.com/storage/seif-pharmacies/uploads/82444.webp|https://masterapi.witheldokan.com/storage/seif-pharmacies/uploads/231530.webp|https://masterapi.witheldokan.com/storage/seif-pharmacies/uploads/613387.webp|https://masterapi.witheldokan.com/storage/seif-pharmacies/uploads/613388.webp|https://masterapi.witheldokan.com/storage/seif-pharmacies/uploads/601589.webp|https://masterapi.witheldokan.com/storage/seif-pharmacies/uploads/609522.webp|https://masterapi.witheldokan.com/storage/seif-pharmacies/uploads/54833.webp|https://masterapi.witheldokan.com/storage/seif-pharmacies/uploads/610227.webp|https://masterapi.witheldokan.com/storage/seif-pharmacies/uploads/612435.webp|https://masterapi.witheldokan.com/storage/seif-pharmacies/uploads/432178.webp|https://masterapi.witheldokan.com/storage/seif-pharmacies/uploads/60971.webp|https://masterapi.witheldokan.com/storage/seif-pharmacies/uploads/601076.webp|https://masterapi.witheldokan.com/storage/seif-pharmacies/uploads/606645.webp|https://masterapi.witheldokan.com/storage/seif-pharmacies/uploads/285659.webp|https://cdn.supercommerce.io/seif-pharmacies/uploads/617333.webp|https://masterapi.witheldokan.com/storage/seif-pharmacies/uploads/2189.webp|https://masterapi.witheldokan.com/storage/seif-pharmacies/uploads/39602.webp,https://seif-online.com/en/product/medicine/respiratory-system/cough-expectorant-sedative
Bronchodilator,,,Apply,Skin Care,,Download App Now,,,https://masterapi.witheldokan.com/storage/seif-pharmacies/uploads/39227.webp|https://masterapi.witheldokan.com/storage/seif-pharmacies/uploads/601469.webp|https://masterapi.witheldokan.com/storage/seif-pharmacies/uploads/382808.webp|https://masterapi.witheldokan.com/storage/seif-pharmacies/uploads/431319.webp|https://masterapi.witheldokan.com/storage/seif-pharmacies/uploads/56943.webp|https://masterapi.witheldokan.com/storage/seif-pharmacies/uploads/613547.webp|https://masterapi.witheldokan.com/storage/seif-pharmacies/uploads/1502.webp|https://masterapi.witheldokan.com/storage/seif-pharmacies/uploads/51978.webp|https://masterapi.witheldokan.com/storage/seif-pharmacies/uploads/3429.webp|https://masterapi.witheldokan.com/storage/seif-pharmacies/uploads/167653.webp|https://masterapi.witheldokan.com/storage/seif-pharmacies/uploads/64562.webp|https://masterapi.witheldokan.com/storage/seif-pharmacies/uploads/2596.webp|https://masterapi.witheldokan.com/storage/seif-pharmacies/uploads/281031.webp|https://masterapi.witheldokan.com/storage/seif-pharmacies/uploads/141660.webp|https://masterapi.witheldokan.com/storage/seif-pharmacies/uploads/608748.webp|https://masterapi.witheldokan.com/storage/seif-pharmacies/uploads/371127.webp|https://masterapi.witheldokan.com/storage/seif-pharmacies/uploads/1859.webp|https://masterapi.witheldokan.com/storage/seif-pharmacies/uploads/288625.webp|https://masterapi.witheldokan.com/storage/seif-pharmacies/uploads/388692.webp|https://masterapi.witheldokan.com/storage/seif-pharmacies/uploads/37871.webp|https://masterapi.witheldokan.com/storage/seif-pharmacies/uploads/252403.webp|https://masterapi.witheldokan.com/storage/seif-pharmacies/uploads/601468.webp|https://masterapi.witheldokan.com/storage/seif-pharmacies/uploads/157663.webp,https://seif-online.com/en/product/medicine/respiratory-system/bronchodilator
Anti-Catarrhals,,,Apply,Skin Care,,Download App Now,,,https://masterapi.witheldokan.com/storage/seif-pharmacies/uploads/383069.webp|https://masterapi.witheldokan.com/storage/seif-pharmacies/uploads/611288.webp|https://masterapi.witheldokan.com/storage/seif-pharmacies/uploads/86085.webp|https://masterapi.witheldokan.com/storage/seif-pharmacies/uploads/152169.webp|https://masterapi.witheldokan.com/storage/seif-pharmacies/uploads/221461.webp|https://masterapi.witheldokan.com/storage/seif-pharmacies/uploads/1993.webp|https://masterapi.witheldokan.com/storage/seif-pharmacies/uploads/286400.webp|https://masterapi.witheldokan.com/storage/seif-pharmacies/uploads/54090.webp|https://masterapi.witheldokan.com/storage/seif-pharmacies/uploads/25779.webp|https://masterapi.witheldokan.com/storage/seif-pharmacies/uploads/114544.webp|https://masterapi.witheldokan.com/storage/seif-pharmacies/uploads/25782.webp|https://masterapi.witheldokan.com/storage/seif-pharmacies/uploads/54174.webp|https://masterapi.witheldokan.com/storage/seif-pharmacies/uploads/34999.webp|https://masterapi.witheldokan.com/storage/seif-pharmacies/uploads/98846.webp|https://masterapi.witheldokan.com/storage/seif-pharmacies/uploads/66920.webp|https://masterapi.witheldokan.com/storage/seif-pharmacies/uploads/611916.webp|https://masterapi.witheldokan.com/storage/seif-pharmacies/uploads/2599.webp|https://masterapi.witheldokan.com/storage/seif-pharmacies/uploads/613400.webp|https://masterapi.witheldokan.com/storage/seif-pharmacies/uploads/135841.webp|https://masterapi.witheldokan.com/storage/seif-pharmacies/uploads/61003.webp|https://masterapi.witheldokan.com/storage/seif-pharmacies/uploads/369131.webp|https://masterapi.witheldokan.com/storage/seif-pharmacies/uploads/611396.webp|https://masterapi.witheldokan.com/storage/seif-pharmacies/uploads/289206.webp,https://seif-online.com/en/product/medicine/respiratory-system/anti-catarrhals
Anti- Histamines&Anti-Inflam,,,Apply,Skin Care,,Download App Now,,,https://masterapi.witheldokan.com/storage/seif-pharmacies/uploads/280401.webp|https://masterapi.witheldokan.com/storage/seif-pharmacies/uploads/57612.webp|https://masterapi.witheldokan.com/storage/seif-pharmacies/uploads/4028.webp|https://masterapi.witheldokan.com/storage/seif-pharmacies/uploads/322760.webp|https://masterapi.witheldokan.com/storage/seif-pharmacies/uploads/57608.webp|https://masterapi.witheldokan.com/storage/seif-pharmacies/uploads/10653.webp|https://masterapi.witheldokan.com/storage/seif-pharmacies/uploads/55648.webp|https://masterapi.witheldokan.com/storage/seif-pharmacies/uploads/147523.webp|https://masterapi.witheldokan.com/storage/seif-pharmacies/uploads/119082.webp|https://masterapi.witheldokan.com/storage/seif-pharmacies/uploads/265848.webp|https://masterapi.witheldokan.com/storage/seif-pharmacies/uploads/60339.webp|https://masterapi.witheldokan.com/storage/seif-pharmacies/uploads/611993.webp|https://masterapi.witheldokan.com/storage/seif-pharmacies/uploads/401154.webp|https://masterapi.witheldokan.com/storage/seif-pharmacies/uploads/841.webp|https://masterapi.witheldokan.com/storage/seif-pharmacies/uploads/34410.webp|https://masterapi.witheldokan.com/storage/seif-pharmacies/uploads/323745.webp|https://masterapi.witheldokan.com/storage/seif-pharmacies/uploads/401584.webp|https://masterapi.witheldokan.com/storage/seif-pharmacies/uploads/34413.webp|https://masterapi.witheldokan.com/storage/seif-pharmacies/uploads/88073.webp|https://masterapi.witheldokan.com/storage/seif-pharmacies/uploads/294882.webp|https://masterapi.witheldokan.com/storage/seif-pharmacies/uploads/253188.webp|https://masterapi.witheldokan.com/storage/seif-pharmacies/uploads/323513.webp,https://seif-online.com/en/product/medicine/respiratory-system/anti-histaminesanti-inflam
Nicotine Replacement Therapy,,,Apply,Skin Care,,Download App Now,,,https://masterapi.witheldokan.com/storage/seif-pharmacies/uploads/607730.webp,https://seif-online.com/en/product/medicine/respiratory-system/nicotine-replacement-therapy
Mucolytic / Muco-Regulator,,,Apply,Skin Care,,Download App Now,,,https://masterapi.witheldokan.com/storage/seif-pharmacies/uploads/63563.webp|https://masterapi.witheldokan.com/storage/seif-pharmacies/uploads/1235.webp|https://masterapi.witheldokan.com/storage/seif-pharmacies/uploads/396737.webp|https://masterapi.witheldokan.com/storage/seif-pharmacies/uploads/263193.webp|https://masterapi.witheldokan.com/storage/seif-pharmacies/uploads/259042.webp|https://masterapi.witheldokan.com/storage/seif-pharmacies/uploads/2474.webp|https://masterapi.witheldokan.com/storage/seif-pharmacies/uploads/3335.webp|https://masterapi.witheldokan.com/storage/seif-pharmacies/uploads/191.webp|https://masterapi.witheldokan.com/storage/seif-pharmacies/uploads/3346.webp|https://masterapi.witheldokan.com/storage/seif-pharmacies/uploads/350251.webp|https://masterapi.witheldokan.com/storage/seif-pharmacies/uploads/55462.webp|https://masterapi.witheldokan.com/storage/seif-pharmacies/uploads/2965.webp|https://masterapi.witheldokan.com/storage/seif-pharmacies/uploads/2702.webp|https://masterapi.witheldokan.com/storage/seif-pharmacies/uploads/611762.webp|https://masterapi.witheldokan.com/storage/seif-pharmacies/uploads/282378.webp|https://masterapi.witheldokan.com/storage/seif-pharmacies/uploads/3345.webp|https://masterapi.witheldokan.com/storage/seif-pharmacies/uploads/61377.webp|https://masterapi.witheldokan.com/storage/seif-pharmacies/uploads/322105.webp|https://masterapi.witheldokan.com/storage/seif-pharmacies/uploads/601912.webp|https://masterapi.witheldokan.com/storage/seif-pharmacies/uploads/611761.webp|https://masterapi.witheldokan.com/storage/seif-pharmacies/uploads/553.webp|https://masterapi.witheldokan.com/storage/seif-pharmacies/uploads/189.webp|https://masterapi.witheldokan.com/storage/seif-pharmacies/uploads/61376.webp,https://seif-online.com/en/product/medicine/respiratory-system/mucolytic-muco-regulator
Anti-Tussive,,,Apply,Skin Care,,Download App Now,,,https://masterapi.witheldokan.com/storage/seif-pharmacies/uploads/57613.webp|https://masterapi.witheldokan.com/storage/seif-pharmacies/uploads/608693.webp|https://masterapi.witheldokan.com/storage/seif-pharmacies/uploads/309683.webp|https://masterapi.witheldokan.com/storage/seif-pharmacies/uploads/612442.webp|https://masterapi.witheldokan.com/storage/seif-pharmacies/uploads/1211.webp|https://masterapi.witheldokan.com/storage/seif-pharmacies/uploads/459.webp|https://masterapi.witheldokan.com/storage/seif-pharmacies/uploads/404264.webp|https://masterapi.witheldokan.com/storage/seif-pharmacies/uploads/2712.webp|https://masterapi.witheldokan.com/storage/seif-pharmacies/uploads/178492.webp|https://masterapi.witheldokan.com/storage/seif-pharmacies/uploads/141357.webp|https://masterapi.witheldokan.com/storage/seif-pharmacies/uploads/67288.webp|https://masterapi.witheldokan.com/storage/seif-pharmacies/uploads/2129.webp|https://masterapi.witheldokan.com/storage/seif-pharmacies/uploads/2204.webp|https://masterapi.witheldokan.com/storage/seif-pharmacies/uploads/29276.webp|https://masterapi.witheldokan.com/storage/seif-pharmacies/uploads/109330.webp,https://seif-online.com/en/product/medicine/respiratory-system/anti-tussive
Gastro-Intestinal Tract,,,Apply,Skin Care,,Download App Now,,,https://masterapi.witheldokan.com/storage/seif-pharmacies/uploads/10593.webp|https://masterapi.witheldokan.com/storage/seif-pharmacies/uploads/48796.webp|https://masterapi.witheldokan.com/storage/seif-pharmacies/uploads/397215.webp|https://masterapi.witheldokan.com/storage/seif-pharmacies/uploads/262404.webp|https://masterapi.witheldokan.com/storage/seif-pharmacies/uploads/75749.webp|https://masterapi.witheldokan.com/storage/seif-pharmacies/uploads/302248.webp|https://masterapi.witheldokan.com/storage/seif-pharmacies/uploads/207702.webp|https://masterapi.witheldokan.com/storage/seif-pharmacies/uploads/2996.webp|https://masterapi.witheldokan.com/storage/seif-pharmacies/uploads/3007.webp|https://masterapi.witheldokan.com/storage/seif-pharmacies/uploads/75233.webp|https://masterapi.witheldokan.com/storage/seif-pharmacies/uploads/29324.webp|https://masterapi.witheldokan.com/storage/seif-pharmacies/uploads/171149.webp|https://masterapi.witheldokan.com/storage/seif-pharmacies/uploads/169518.webp|https://masterapi.witheldokan.com/storage/seif-pharmacies/uploads/26563.webp|https://masterapi.witheldokan.com/storage/seif-pharmacies/uploads/230596.webp|https://masterapi.witheldokan.com/storage/seif-pharmacies/uploads/3908.webp|https://masterapi.witheldokan.com/storage/seif-pharmacies/uploads/196505.webp|https://masterapi.witheldokan.com/storage/seif-pharmacies/uploads/75401.webp|https://cdn.supercommerce.io/seif-pharmacies/uploads/384755.webp|https://masterapi.witheldokan.com/storage/seif-pharmacies/uploads/400650.webp|https://masterapi.witheldokan.com/storage/seif-pharmacies/uploads/2610.webp|https://masterapi.witheldokan.com/storage/seif-pharmacies/uploads/375244.webp|https://masterapi.witheldokan.com/storage/seif-pharmacies/uploads/849.webp|https://cdn.supercommerce.io/seif-pharmacies/uploads/618049-1769519551.webp,https://seif-online.com/en/product/medicine/gastro-intestinal-tract
Antacids,,,Apply,Skin Care,,Download App Now,,,https://masterapi.witheldokan.com/storage/seif-pharmacies/uploads/171149.webp|https://masterapi.witheldokan.com/storage/seif-pharmacies/uploads/2610.webp|https://masterapi.witheldokan.com/storage/seif-pharmacies/uploads/611904.webp|https://masterapi.witheldokan.com/storage/seif-pharmacies/uploads/613497.webp|https://masterapi.witheldokan.com/storage/seif-pharmacies/uploads/47260.webp|https://masterapi.witheldokan.com/storage/seif-pharmacies/uploads/606741-1760869255.webp|https://masterapi.witheldokan.com/storage/seif-pharmacies/uploads/606742-1760869885.webp|https://masterapi.witheldokan.com/storage/seif-pharmacies/uploads/2217.webp|https://masterapi.witheldokan.com/storage/seif-pharmacies/uploads/3845.webp|https://masterapi.witheldokan.com/storage/seif-pharmacies/uploads/33.webp|https://masterapi.witheldokan.com/storage/seif-pharmacies/uploads/318075.webp|https://masterapi.witheldokan.com/storage/seif-pharmacies/uploads/611711.webp|https://masterapi.witheldokan.com/storage/seif-pharmacies/uploads/307300.webp|https://masterapi.witheldokan.com/storage/seif-pharmacies/uploads/609571.webp|https://masterapi.witheldokan.com/storage/seif-pharmacies/uploads/50649.webp|https://masterapi.witheldokan.com/storage/seif-pharmacies/uploads/75773.webp|https://masterapi.witheldokan.com/storage/seif-pharmacies/uploads/93108.webp|https://masterapi.witheldokan.com/storage/seif-pharmacies/uploads/296278.webp|https://masterapi.witheldokan.com/storage/seif-pharmacies/uploads/317061.webp|https://masterapi.witheldokan.com/storage/seif-pharmacies/uploads/383867.webp|https://masterapi.witheldokan.com/storage/seif-pharmacies/uploads/390538.webp|https://masterapi.witheldokan.com/storage/seif-pharmacies/uploads/610420.webp,https://seif-online.com/en/product/medicine/gastro-intestinal-tract/antacids
Cathartic/Laxative/Purgative,,,Apply,Skin Care,,Download App Now,,,https://masterapi.witheldokan.com/storage/seif-pharmacies/uploads/366055.webp|https://masterapi.witheldokan.com/storage/seif-pharmacies/uploads/2088.webp|https://masterapi.witheldokan.com/storage/seif-pharmacies/uploads/399574.webp|https://masterapi.witheldokan.com/storage/seif-pharmacies/uploads/975.webp|https://masterapi.witheldokan.com/storage/seif-pharmacies/uploads/382473.webp|https://masterapi.witheldokan.com/storage/seif-pharmacies/uploads/30432.webp|https://masterapi.witheldokan.com/storage/seif-pharmacies/uploads/26870.webp|https://masterapi.witheldokan.com/storage/seif-pharmacies/uploads/2291.webp|https://masterapi.witheldokan.com/storage/seif-pharmacies/uploads/604237.webp|https://masterapi.witheldokan.com/storage/seif-pharmacies/uploads/382472.webp|https://masterapi.witheldokan.com/storage/seif-pharmacies/uploads/46842.webp|https://masterapi.witheldokan.com/storage/seif-pharmacies/uploads/375760.webp|https://masterapi.witheldokan.com/storage/seif-pharmacies/uploads/322302.webp|https://masterapi.witheldokan.com/storage/seif-pharmacies/uploads/431454.webp|https://masterapi.witheldokan.com/storage/seif-pharmacies/uploads/199555.webp|https://masterapi.witheldokan.com/storage/seif-pharmacies/uploads/309271.webp|https://masterapi.witheldokan.com/storage/seif-pharmacies/uploads/372804.webp|https://masterapi.witheldokan.com/storage/seif-pharmacies/uploads/2872.webp|https://masterapi.witheldokan.com/storage/seif-pharmacies/uploads/265265.webp|https://masterapi.witheldokan.com/storage/seif-pharmacies/uploads/44123.webp|https://masterapi.witheldokan.com/storage/seif-pharmacies/uploads/602257.webp|https://masterapi.witheldokan.com/storage/seif-pharmacies/uploads/606591-1760869003.webp|https://masterapi.witheldokan.com/storage/seif-pharmacies/uploads/54009.webp,https://seif-online.com/en/product/medicine/gastro-intestinal-tract/cathartic-laxative-purgative
Anti-Flatulence,,,Apply,Skin Care,,Download App Now,,,https://masterapi.witheldokan.com/storage/seif-pharmacies/uploads/397215.webp|https://masterapi.witheldokan.com/storage/seif-pharmacies/uploads/26563.webp|https://masterapi.witheldokan.com/storage/seif-pharmacies/uploads/849.webp|https://masterapi.witheldokan.com/storage/seif-pharmacies/uploads/601898.webp|https://masterapi.witheldokan.com/storage/seif-pharmacies/uploads/610018.webp|https://masterapi.witheldokan.com/storage/seif-pharmacies/uploads/608210.webp|https://masterapi.witheldokan.com/storage/seif-pharmacies/uploads/613905.webp|https://masterapi.witheldokan.com/storage/seif-pharmacies/uploads/3411.webp|https://masterapi.witheldokan.com/storage/seif-pharmacies/uploads/612802.webp|https://masterapi.witheldokan.com/storage/seif-pharmacies/uploads/230839.webp|https://masterapi.witheldokan.com/storage/seif-pharmacies/uploads/612801.webp|https://masterapi.witheldokan.com/storage/seif-pharmacies/uploads/612803.webp|https://masterapi.witheldokan.com/storage/seif-pharmacies/uploads/612135.webp|https://masterapi.witheldokan.com/storage/seif-pharmacies/uploads/301659.webp|https://masterapi.witheldokan.com/storage/seif-pharmacies/uploads/613080.webp|https://cdn.supercommerce.io/seif-pharmacies/uploads/617339-1773216317.webp|https://masterapi.witheldokan.com/storage/seif-pharmacies/uploads/2731.webp|https://masterapi.witheldokan.com/storage/seif-pharmacies/uploads/602227.webp|https://masterapi.witheldokan.com/storage/seif-pharmacies/uploads/2729.webp|https://masterapi.witheldokan.com/storage/seif-pharmacies/uploads/2904.webp|https://masterapi.witheldokan.com/storage/seif-pharmacies/uploads/608661.webp|https://masterapi.witheldokan.com/storage/seif-pharmacies/uploads/2734.webp|https://masterapi.witheldokan.com/storage/seif-pharmacies/uploads/3337.webp,https://seif-online.com/en/product/medicine/gastro-intestinal-tract/anti-flatulence
Plasma Substituent/ Expander,,,Apply,Skin Care,,Download App Now,,,https://masterapi.witheldokan.com/storage/seif-pharmacies/uploads/607664.webp|https://masterapi.witheldokan.com/storage/seif-pharmacies/uploads/602688.webp|https://masterapi.witheldokan.com/storage/seif-pharmacies/uploads/608200.webp|https://cdn.supercommerce.io/seif-pharmacies/uploads/616013.webp|https://masterapi.witheldokan.com/storage/seif-pharmacies/uploads/608204.webp|https://masterapi.witheldokan.com/storage/seif-pharmacies/uploads/601831.webp|https://masterapi.witheldokan.com/storage/seif-pharmacies/uploads/248934.webp|https://masterapi.witheldokan.com/storage/seif-pharmacies/uploads/399802.webp|https://masterapi.witheldokan.com/storage/seif-pharmacies/uploads/274382.webp|https://masterapi.witheldokan.com/storage/seif-pharmacies/uploads/401074.webp|https://masterapi.witheldokan.com/storage/seif-pharmacies/uploads/610552.webp|https://masterapi.witheldokan.com/storage/seif-pharmacies/uploads/610553.webp|https://masterapi.witheldokan.com/storage/seif-pharmacies/uploads/610554.webp|https://masterapi.witheldokan.com/storage/seif-pharmacies/uploads/610556.webp,https://seif-online.com/en/product/medicine/gastro-intestinal-tract/plasma-substituent-expander-gastro
Liver Disease Management,,,Apply,Skin Care,,Download App Now,,,https://masterapi.witheldokan.com/storage/seif-pharmacies/uploads/169518.webp|https://masterapi.witheldokan.com/storage/seif-pharmacies/uploads/3908.webp|https://masterapi.witheldokan.com/storage/seif-pharmacies/uploads/88456.webp|https://masterapi.witheldokan.com/storage/seif-pharmacies/uploads/49355.webp|https://masterapi.witheldokan.com/storage/seif-pharmacies/uploads/259199.webp|https://masterapi.witheldokan.com/storage/seif-pharmacies/uploads/162342.webp|https://masterapi.witheldokan.com/storage/seif-pharmacies/uploads/601048.webp|https://masterapi.witheldokan.com/storage/seif-pharmacies/uploads/603502.webp|https://masterapi.witheldokan.com/storage/seif-pharmacies/uploads/610054-1760273472.webp|https://masterapi.witheldokan.com/storage/seif-pharmacies/uploads/2650.webp|https://masterapi.witheldokan.com/storage/seif-pharmacies/uploads/180493.webp|https://masterapi.witheldokan.com/storage/seif-pharmacies/uploads/51705.webp|https://masterapi.witheldokan.com/storage/seif-pharmacies/uploads/52278.webp|https://masterapi.witheldokan.com/storage/seif-pharmacies/uploads/61956.webp|https://masterapi.witheldokan.com/storage/seif-pharmacies/uploads/613276.webp|https://masterapi.witheldokan.com/storage/seif-pharmacies/uploads/42001.webp|https://masterapi.witheldokan.com/storage/seif-pharmacies/uploads/49705.webp|https://masterapi.witheldokan.com/storage/seif-pharmacies/uploads/51714.webp|https://masterapi.witheldokan.com/storage/seif-pharmacies/uploads/156367.webp|https://masterapi.witheldokan.com/storage/seif-pharmacies/uploads/612900.webp|https://masterapi.witheldokan.com/storage/seif-pharmacies/uploads/194531.webp|https://masterapi.witheldokan.com/storage/seif-pharmacies/uploads/57331.webp|https://masterapi.witheldokan.com/storage/seif-pharmacies/uploads/360293.webp,https://seif-online.com/en/product/medicine/gastro-intestinal-tract/liver-disease-management
Anti-Spasmodic,,,Apply,Skin Care,,Download App Now,,,https://masterapi.witheldokan.com/storage/seif-pharmacies/uploads/262404.webp|https://masterapi.witheldokan.com/storage/seif-pharmacies/uploads/207702.webp|https://masterapi.witheldokan.com/storage/seif-pharmacies/uploads/2996.webp|https://masterapi.witheldokan.com/storage/seif-pharmacies/uploads/75233.webp|https://masterapi.witheldokan.com/storage/seif-pharmacies/uploads/339215.webp|https://masterapi.witheldokan.com/storage/seif-pharmacies/uploads/53085.webp|https://masterapi.witheldokan.com/storage/seif-pharmacies/uploads/608918-1760358097.webp|https://masterapi.witheldokan.com/storage/seif-pharmacies/uploads/262394.webp|https://masterapi.witheldokan.com/storage/seif-pharmacies/uploads/273451.webp|https://masterapi.witheldokan.com/storage/seif-pharmacies/uploads/2517.webp|https://masterapi.witheldokan.com/storage/seif-pharmacies/uploads/272836.webp|https://masterapi.witheldokan.com/storage/seif-pharmacies/uploads/207938.webp|https://masterapi.witheldokan.com/storage/seif-pharmacies/uploads/170801.webp|https://masterapi.witheldokan.com/storage/seif-pharmacies/uploads/10343.webp|https://masterapi.witheldokan.com/storage/seif-pharmacies/uploads/315526.webp|https://masterapi.witheldokan.com/storage/seif-pharmacies/uploads/262393.webp|https://masterapi.witheldokan.com/storage/seif-pharmacies/uploads/2518.webp|https://masterapi.witheldokan.com/storage/seif-pharmacies/uploads/34141.webp|https://masterapi.witheldokan.com/storage/seif-pharmacies/uploads/42049.webp|https://masterapi.witheldokan.com/storage/seif-pharmacies/uploads/389810.webp|https://masterapi.witheldokan.com/storage/seif-pharmacies/uploads/109522.webp|https://masterapi.witheldokan.com/storage/seif-pharmacies/uploads/288584.webp|https://masterapi.witheldokan.com/storage/seif-pharmacies/uploads/170805.webp,https://seif-online.com/en/product/medicine/gastro-intestinal-tract/anti-spasmodic
Ulcer Treatment,,,Apply,Skin Care,,Download App Now,,,https://masterapi.witheldokan.com/storage/seif-pharmacies/uploads/10593.webp|https://masterapi.witheldokan.com/storage/seif-pharmacies/uploads/48796.webp|https://masterapi.witheldokan.com/storage/seif-pharmacies/uploads/75401.webp|https://cdn.supercommerce.io/seif-pharmacies/uploads/384755.webp|https://masterapi.witheldokan.com/storage/seif-pharmacies/uploads/400650.webp|https://cdn.supercommerce.io/seif-pharmacies/uploads/618049-1769519551.webp|https://masterapi.witheldokan.com/storage/seif-pharmacies/uploads/379466.webp|https://masterapi.witheldokan.com/storage/seif-pharmacies/uploads/2347.webp|https://masterapi.witheldokan.com/storage/seif-pharmacies/uploads/99390.webp|https://masterapi.witheldokan.com/storage/seif-pharmacies/uploads/364150.webp|https://masterapi.witheldokan.com/storage/seif-pharmacies/uploads/48797.webp|https://masterapi.witheldokan.com/storage/seif-pharmacies/uploads/613546.webp|https://masterapi.witheldokan.com/storage/seif-pharmacies/uploads/40421.webp|https://masterapi.witheldokan.com/storage/seif-pharmacies/uploads/274411.webp|https://masterapi.witheldokan.com/storage/seif-pharmacies/uploads/612880.webp|https://masterapi.witheldokan.com/storage/seif-pharmacies/uploads/105354.webp|https://masterapi.witheldokan.com/storage/seif-pharmacies/uploads/364017.webp|https://masterapi.witheldokan.com/storage/seif-pharmacies/uploads/180299.webp|https://masterapi.witheldokan.com/storage/seif-pharmacies/uploads/294757.webp|https://masterapi.witheldokan.com/storage/seif-pharmacies/uploads/379467.webp|https://masterapi.witheldokan.com/storage/seif-pharmacies/uploads/324022.webp|https://masterapi.witheldokan.com/storage/seif-pharmacies/uploads/235346.webp,https://seif-online.com/en/product/medicine/gastro-intestinal-tract/ulcer-treatment
Anti-Dysenteric/Amoebic/Paras,,,Apply,Skin Care,,Download App Now,,,https://masterapi.witheldokan.com/storage/seif-pharmacies/uploads/3007.webp|https://masterapi.witheldokan.com/storage/seif-pharmacies/uploads/253828.webp|https://masterapi.witheldokan.com/storage/seif-pharmacies/uploads/3008.webp|https://masterapi.witheldokan.com/storage/seif-pharmacies/uploads/209293.webp|https://masterapi.witheldokan.com/storage/seif-pharmacies/uploads/208883.webp|https://masterapi.witheldokan.com/storage/seif-pharmacies/uploads/2445.webp|https://masterapi.witheldokan.com/storage/seif-pharmacies/uploads/139077.webp|https://masterapi.witheldokan.com/storage/seif-pharmacies/uploads/160273.webp|https://masterapi.witheldokan.com/storage/seif-pharmacies/uploads/131926.webp|https://masterapi.witheldokan.com/storage/seif-pharmacies/uploads/32785.webp|https://masterapi.witheldokan.com/storage/seif-pharmacies/uploads/284623.webp|https://masterapi.witheldokan.com/storage/seif-pharmacies/uploads/2381.webp|https://masterapi.witheldokan.com/storage/seif-pharmacies/uploads/614828.webp|https://masterapi.witheldokan.com/storage/seif-pharmacies/uploads/2444.webp|https://masterapi.witheldokan.com/storage/seif-pharmacies/uploads/105334.webp|https://masterapi.witheldokan.com/storage/seif-pharmacies/uploads/51697.webp|https://masterapi.witheldokan.com/storage/seif-pharmacies/uploads/612476.webp|https://masterapi.witheldokan.com/storage/seif-pharmacies/uploads/121638.webp|https://masterapi.witheldokan.com/storage/seif-pharmacies/uploads/2174.webp|https://masterapi.witheldokan.com/storage/seif-pharmacies/uploads/245570.webp|https://masterapi.witheldokan.com/storage/seif-pharmacies/uploads/37931.webp|https://masterapi.witheldokan.com/storage/seif-pharmacies/uploads/113080.webp|https://masterapi.witheldokan.com/storage/seif-pharmacies/uploads/397024.webp|https://masterapi.witheldokan.com/storage/seif-pharmacies/uploads/608092-1760359149.webp,https://seif-online.com/en/product/medicine/gastro-intestinal-tract/anti-dysenteric-amoebic-paras
Anti-Diarrhoeal,,,Apply,Skin Care,,Download App Now,,,https://masterapi.witheldokan.com/storage/seif-pharmacies/uploads/196505.webp|https://masterapi.witheldokan.com/storage/seif-pharmacies/uploads/2966.webp|https://masterapi.witheldokan.com/storage/seif-pharmacies/uploads/2975.webp|https://masterapi.witheldokan.com/storage/seif-pharmacies/uploads/608952.webp|https://masterapi.witheldokan.com/storage/seif-pharmacies/uploads/14035.webp|https://masterapi.witheldokan.com/storage/seif-pharmacies/uploads/609948.webp|https://masterapi.witheldokan.com/storage/seif-pharmacies/uploads/152613.webp|https://masterapi.witheldokan.com/storage/seif-pharmacies/uploads/609947-1760274589.webp|https://masterapi.witheldokan.com/storage/seif-pharmacies/uploads/395942.webp|https://masterapi.witheldokan.com/storage/seif-pharmacies/uploads/53148.webp|https://cdn.supercommerce.io/seif-pharmacies/uploads/617951-1769509768.webp|https://masterapi.witheldokan.com/storage/seif-pharmacies/uploads/608909.webp|https://masterapi.witheldokan.com/storage/seif-pharmacies/uploads/602110.webp|https://masterapi.witheldokan.com/storage/seif-pharmacies/uploads/362103.webp|https://cdn.supercommerce.io/seif-pharmacies/uploads/617993-1769498341.webp|https://masterapi.witheldokan.com/storage/seif-pharmacies/uploads/608681.webp|https://masterapi.witheldokan.com/storage/seif-pharmacies/uploads/615029.webp|https://masterapi.witheldokan.com/storage/seif-pharmacies/uploads/66409.webp,https://seif-online.com/en/product/medicine/gastro-intestinal-tract/anti-diarrhoeal
Anti-Emetic,,,Apply,Skin Care,,Download App Now,,,https://masterapi.witheldokan.com/storage/seif-pharmacies/uploads/75749.webp|https://masterapi.witheldokan.com/storage/seif-pharmacies/uploads/230596.webp|https://masterapi.witheldokan.com/storage/seif-pharmacies/uploads/375244.webp|https://masterapi.witheldokan.com/storage/seif-pharmacies/uploads/382179.webp|https://masterapi.witheldokan.com/storage/seif-pharmacies/uploads/172093.webp|https://masterapi.witheldokan.com/storage/seif-pharmacies/uploads/161892.webp|https://masterapi.witheldokan.com/storage/seif-pharmacies/uploads/323277.webp|https://masterapi.witheldokan.com/storage/seif-pharmacies/uploads/160004.webp|https://masterapi.witheldokan.com/storage/seif-pharmacies/uploads/178196.webp|https://masterapi.witheldokan.com/storage/seif-pharmacies/uploads/30262.webp|https://masterapi.witheldokan.com/storage/seif-pharmacies/uploads/2359.webp|https://masterapi.witheldokan.com/storage/seif-pharmacies/uploads/286404.webp|https://masterapi.witheldokan.com/storage/seif-pharmacies/uploads/322650.webp|https://masterapi.witheldokan.com/storage/seif-pharmacies/uploads/148889.webp|https://masterapi.witheldokan.com/storage/seif-pharmacies/uploads/323159.webp|https://masterapi.witheldokan.com/storage/seif-pharmacies/uploads/277688.webp|https://masterapi.witheldokan.com/storage/seif-pharmacies/uploads/286410.webp|https://masterapi.witheldokan.com/storage/seif-pharmacies/uploads/606621-1760868935.webp|https://masterapi.witheldokan.com/storage/seif-pharmacies/uploads/55456.webp|https://masterapi.witheldokan.com/storage/seif-pharmacies/uploads/265240.webp|https://masterapi.witheldokan.com/storage/seif-pharmacies/uploads/390874.webp|https://masterapi.witheldokan.com/storage/seif-pharmacies/uploads/88496.webp|https://masterapi.witheldokan.com/storage/seif-pharmacies/uploads/609832.webp|https://masterapi.witheldokan.com/storage/seif-pharmacies/uploads/206350.webp,https://seif-online.com/en/product/medicine/gastro-intestinal-tract/anti-emetic
Digestive,,,Apply,Skin Care,,Download App Now,,,https://masterapi.witheldokan.com/storage/seif-pharmacies/uploads/302248.webp|https://masterapi.witheldokan.com/storage/seif-pharmacies/uploads/29324.webp|https://masterapi.witheldokan.com/storage/seif-pharmacies/uploads/2655.webp|https://cdn.supercommerce.io/seif-pharmacies/uploads/616687-1773233270.webp|https://masterapi.witheldokan.com/storage/seif-pharmacies/uploads/613152.webp|https://masterapi.witheldokan.com/storage/seif-pharmacies/uploads/614720.webp|https://masterapi.witheldokan.com/storage/seif-pharmacies/uploads/617114-1759839860.jpg|https://cdn.supercommerce.io/seif-pharmacies/uploads/616688-1773233347.webp|https://cdn.supercommerce.io/seif-pharmacies/uploads/618362-1772346214.webp|https://masterapi.witheldokan.com/storage/seif-pharmacies/uploads/612397.webp|https://masterapi.witheldokan.com/storage/seif-pharmacies/uploads/399728.webp|https://masterapi.witheldokan.com/storage/seif-pharmacies/uploads/266244.webp|https://masterapi.witheldokan.com/storage/seif-pharmacies/uploads/617338-1762262512.webp|https://masterapi.witheldokan.com/storage/seif-pharmacies/uploads/613583.webp|https://masterapi.witheldokan.com/storage/seif-pharmacies/uploads/612279.webp|https://masterapi.witheldokan.com/storage/seif-pharmacies/uploads/606373.webp|https://masterapi.witheldokan.com/storage/seif-pharmacies/uploads/613758.webp|https://masterapi.witheldokan.com/storage/seif-pharmacies/uploads/397437.webp|https://masterapi.witheldokan.com/storage/seif-pharmacies/uploads/612954.webp|https://masterapi.witheldokan.com/storage/seif-pharmacies/uploads/180554.webp|https://masterapi.witheldokan.com/storage/seif-pharmacies/uploads/609881.webp|https://masterapi.witheldokan.com/storage/seif-pharmacies/uploads/612014.webp,https://seif-online.com/en/product/medicine/gastro-intestinal-tract/digestive
Lipids Regulation.,,,Apply,Skin Care,,Download App Now,,,https://masterapi.witheldokan.com/storage/seif-pharmacies/uploads/179790.webp|https://masterapi.witheldokan.com/storage/seif-pharmacies/uploads/132132.webp|https://masterapi.witheldokan.com/storage/seif-pharmacies/uploads/179789.webp,https://seif-online.com/en/product/medicine/gastro-intestinal-tract/lipids-regulation-gastro
Gynaecology&Urinary Tract Dis,,,Apply,Skin Care,,Download App Now,,,https://masterapi.witheldokan.com/storage/seif-pharmacies/uploads/65002.webp|https://masterapi.witheldokan.com/storage/seif-pharmacies/uploads/83610.webp|https://masterapi.witheldokan.com/storage/seif-pharmacies/uploads/376123.webp|https://masterapi.witheldokan.com/storage/seif-pharmacies/uploads/1347.webp|https://masterapi.witheldokan.com/storage/seif-pharmacies/uploads/253749.webp|https://masterapi.witheldokan.com/storage/seif-pharmacies/uploads/389380.webp|https://masterapi.witheldokan.com/storage/seif-pharmacies/uploads/216050.webp|https://masterapi.witheldokan.com/storage/seif-pharmacies/uploads/284935.webp|https://masterapi.witheldokan.com/storage/seif-pharmacies/uploads/368187.webp|https://masterapi.witheldokan.com/storage/seif-pharmacies/uploads/380406.webp|https://masterapi.witheldokan.com/storage/seif-pharmacies/uploads/132407.webp|https://masterapi.witheldokan.com/storage/seif-pharmacies/uploads/362147.webp|https://masterapi.witheldokan.com/storage/seif-pharmacies/uploads/137701.webp|https://masterapi.witheldokan.com/storage/seif-pharmacies/uploads/847.webp|https://masterapi.witheldokan.com/storage/seif-pharmacies/uploads/41702.webp|https://masterapi.witheldokan.com/storage/seif-pharmacies/uploads/215112.webp|https://masterapi.witheldokan.com/storage/seif-pharmacies/uploads/29471.webp|https://masterapi.witheldokan.com/storage/seif-pharmacies/uploads/2884.webp|https://masterapi.witheldokan.com/storage/seif-pharmacies/uploads/148508.webp|https://masterapi.witheldokan.com/storage/seif-pharmacies/uploads/307022.webp|https://masterapi.witheldokan.com/storage/seif-pharmacies/uploads/2677.webp|https://masterapi.witheldokan.com/storage/seif-pharmacies/uploads/221452.webp|https://masterapi.witheldokan.com/storage/seif-pharmacies/uploads/233287.webp,https://seif-online.com/en/product/medicine/gynaecologyurinary-tract-dis
Prostatic Hyperplasia,,,Apply,Skin Care,,Download App Now,,,https://masterapi.witheldokan.com/storage/seif-pharmacies/uploads/65002.webp|https://masterapi.witheldokan.com/storage/seif-pharmacies/uploads/83610.webp|https://masterapi.witheldokan.com/storage/seif-pharmacies/uploads/376123.webp|https://masterapi.witheldokan.com/storage/seif-pharmacies/uploads/1347.webp|https://masterapi.witheldokan.com/storage/seif-pharmacies/uploads/389380.webp|https://masterapi.witheldokan.com/storage/seif-pharmacies/uploads/216050.webp|https://masterapi.witheldokan.com/storage/seif-pharmacies/uploads/368187.webp|https://masterapi.witheldokan.com/storage/seif-pharmacies/uploads/132407.webp|https://masterapi.witheldokan.com/storage/seif-pharmacies/uploads/362147.webp|https://masterapi.witheldokan.com/storage/seif-pharmacies/uploads/2884.webp|https://masterapi.witheldokan.com/storage/seif-pharmacies/uploads/148508.webp|https://masterapi.witheldokan.com/storage/seif-pharmacies/uploads/307022.webp|https://masterapi.witheldokan.com/storage/seif-pharmacies/uploads/2677.webp|https://masterapi.witheldokan.com/storage/seif-pharmacies/uploads/233287.webp|https://masterapi.witheldokan.com/storage/seif-pharmacies/uploads/1346.webp|https://masterapi.witheldokan.com/storage/seif-pharmacies/uploads/1967.webp|https://masterapi.witheldokan.com/storage/seif-pharmacies/uploads/42492.webp|https://masterapi.witheldokan.com/storage/seif-pharmacies/uploads/62522.webp|https://masterapi.witheldokan.com/storage/seif-pharmacies/uploads/196578.webp|https://masterapi.witheldokan.com/storage/seif-pharmacies/uploads/611725.webp|https://masterapi.witheldokan.com/storage/seif-pharmacies/uploads/612941.webp|https://masterapi.witheldokan.com/storage/seif-pharmacies/uploads/379156.webp|https://masterapi.witheldokan.com/storage/seif-pharmacies/uploads/171151.webp,https://seif-online.com/en/product/medicine/gynaecologyurinary-tract-dis/prostatic-hyperplasia
Menopausal&Gyn. Disorders,,,Apply,Skin Care,,Download App Now,,,https://masterapi.witheldokan.com/storage/seif-pharmacies/uploads/608502.webp|https://masterapi.witheldokan.com/storage/seif-pharmacies/uploads/45215.webp|https://masterapi.witheldokan.com/storage/seif-pharmacies/uploads/614430-1759929684.webp|https://masterapi.witheldokan.com/storage/seif-pharmacies/uploads/57252.webp|https://masterapi.witheldokan.com/storage/seif-pharmacies/uploads/400192.webp,https://seif-online.com/en/product/medicine/gynaecologyurinary-tract-dis/menopausalgyn-disorders
Urinary Tract Antiseptic,,,Apply,Skin Care,,Download App Now,,,https://masterapi.witheldokan.com/storage/seif-pharmacies/uploads/253749.webp|https://masterapi.witheldokan.com/storage/seif-pharmacies/uploads/137701.webp|https://masterapi.witheldokan.com/storage/seif-pharmacies/uploads/847.webp|https://masterapi.witheldokan.com/storage/seif-pharmacies/uploads/41702.webp|https://masterapi.witheldokan.com/storage/seif-pharmacies/uploads/29471.webp|https://masterapi.witheldokan.com/storage/seif-pharmacies/uploads/16456.webp|https://masterapi.witheldokan.com/storage/seif-pharmacies/uploads/67344.webp|https://masterapi.witheldokan.com/storage/seif-pharmacies/uploads/52437.webp|https://masterapi.witheldokan.com/storage/seif-pharmacies/uploads/2612.webp|https://masterapi.witheldokan.com/storage/seif-pharmacies/uploads/71951.webp|https://masterapi.witheldokan.com/storage/seif-pharmacies/uploads/136262.webp|https://masterapi.witheldokan.com/storage/seif-pharmacies/uploads/610484.webp|https://masterapi.witheldokan.com/storage/seif-pharmacies/uploads/604913.webp|https://masterapi.witheldokan.com/storage/seif-pharmacies/uploads/1127.webp|https://masterapi.witheldokan.com/storage/seif-pharmacies/uploads/613865.webp|https://masterapi.witheldokan.com/storage/seif-pharmacies/uploads/2623.webp|https://cdn.supercommerce.io/seif-pharmacies/uploads/618041-1769496908.webp|https://masterapi.witheldokan.com/storage/seif-pharmacies/uploads/312.webp|https://masterapi.witheldokan.com/storage/seif-pharmacies/uploads/3389.webp,https://seif-online.com/en/product/medicine/gynaecologyurinary-tract-dis/urinary-tract-antiseptic
Nocturnal Enuresis,,,Apply,Skin Care,,Download App Now,,,https://masterapi.witheldokan.com/storage/seif-pharmacies/uploads/284935.webp|https://masterapi.witheldokan.com/storage/seif-pharmacies/uploads/380406.webp|https://masterapi.witheldokan.com/storage/seif-pharmacies/uploads/215112.webp|https://masterapi.witheldokan.com/storage/seif-pharmacies/uploads/221452.webp|https://masterapi.witheldokan.com/storage/seif-pharmacies/uploads/383112.webp|https://masterapi.witheldokan.com/storage/seif-pharmacies/uploads/604326.webp|https://masterapi.witheldokan.com/storage/seif-pharmacies/uploads/323758.webp|https://masterapi.witheldokan.com/storage/seif-pharmacies/uploads/266099.webp|https://masterapi.witheldokan.com/storage/seif-pharmacies/uploads/274037.webp|https://masterapi.witheldokan.com/storage/seif-pharmacies/uploads/183546.webp|https://masterapi.witheldokan.com/storage/seif-pharmacies/uploads/383111.webp|https://masterapi.witheldokan.com/storage/seif-pharmacies/uploads/274038.webp|https://masterapi.witheldokan.com/storage/seif-pharmacies/uploads/378683.webp|https://masterapi.witheldokan.com/storage/seif-pharmacies/uploads/178227.webp|https://masterapi.witheldokan.com/storage/seif-pharmacies/uploads/603831.webp|https://masterapi.witheldokan.com/storage/seif-pharmacies/uploads/612974.webp|https://masterapi.witheldokan.com/storage/seif-pharmacies/uploads/341300.webp|https://masterapi.witheldokan.com/storage/seif-pharmacies/uploads/34681.webp|https://masterapi.witheldokan.com/storage/seif-pharmacies/uploads/375190.webp,https://seif-online.com/en/product/medicine/gynaecologyurinary-tract-dis/nocturnal-enuresis
Infertility Treatment,,,Apply,Skin Care,,Download App Now,,,https://cdn.supercommerce.io/seif-pharmacies/uploads/615559-1770716542.webp|https://masterapi.witheldokan.com/storage/seif-pharmacies/uploads/606528.webp|https://masterapi.witheldokan.com/storage/seif-pharmacies/uploads/612012.webp|https://cdn.supercommerce.io/seif-pharmacies/uploads/614757-1769430160.webp,https://seif-online.com/en/product/medicine/gynaecologyurinary-tract-dis/infertility-treatment-gynaecologyurinary-tract-dis-4
Immunological System,,,Apply,Skin Care,,Download App Now,,,https://masterapi.witheldokan.com/storage/seif-pharmacies/uploads/45547.webp|https://masterapi.witheldokan.com/storage/seif-pharmacies/uploads/93963.webp|https://masterapi.witheldokan.com/storage/seif-pharmacies/uploads/43502.webp|https://masterapi.witheldokan.com/storage/seif-pharmacies/uploads/1576.webp|https://masterapi.witheldokan.com/storage/seif-pharmacies/uploads/56507.webp|https://masterapi.witheldokan.com/storage/seif-pharmacies/uploads/390493.webp|https://cdn.supercommerce.io/seif-pharmacies/uploads/614734-1769431434.webp|https://masterapi.witheldokan.com/storage/seif-pharmacies/uploads/1630.webp|https://masterapi.witheldokan.com/storage/seif-pharmacies/uploads/1683.webp|https://masterapi.witheldokan.com/storage/seif-pharmacies/uploads/4001.webp|https://masterapi.witheldokan.com/storage/seif-pharmacies/uploads/10221.webp|https://masterapi.witheldokan.com/storage/seif-pharmacies/uploads/33508.webp|https://masterapi.witheldokan.com/storage/seif-pharmacies/uploads/111988.webp|https://masterapi.witheldokan.com/storage/seif-pharmacies/uploads/138225.webp|https://masterapi.witheldokan.com/storage/seif-pharmacies/uploads/167912.webp|https://masterapi.witheldokan.com/storage/seif-pharmacies/uploads/180789.webp|https://masterapi.witheldokan.com/storage/seif-pharmacies/uploads/182738.webp|https://masterapi.witheldokan.com/storage/seif-pharmacies/uploads/234541.webp|https://masterapi.witheldokan.com/storage/seif-pharmacies/uploads/264242.webp,https://seif-online.com/en/product/medicine/immunological-system
Interferons,,,Apply,Skin Care,,Download App Now,,,https://masterapi.witheldokan.com/storage/seif-pharmacies/uploads/45547.webp|https://masterapi.witheldokan.com/storage/seif-pharmacies/uploads/56507.webp|https://masterapi.witheldokan.com/storage/seif-pharmacies/uploads/180789.webp,https://seif-online.com/en/product/medicine/immunological-system/interferons
Immuno-Suppresives,,,Apply,Skin Care,,Download App Now,,,https://masterapi.witheldokan.com/storage/seif-pharmacies/uploads/93963.webp|https://masterapi.witheldokan.com/storage/seif-pharmacies/uploads/43502.webp|https://masterapi.witheldokan.com/storage/seif-pharmacies/uploads/1576.webp|https://masterapi.witheldokan.com/storage/seif-pharmacies/uploads/390493.webp|https://cdn.supercommerce.io/seif-pharmacies/uploads/614734-1769431434.webp|https://masterapi.witheldokan.com/storage/seif-pharmacies/uploads/1630.webp|https://masterapi.witheldokan.com/storage/seif-pharmacies/uploads/1683.webp|https://masterapi.witheldokan.com/storage/seif-pharmacies/uploads/4001.webp|https://masterapi.witheldokan.com/storage/seif-pharmacies/uploads/10221.webp|https://masterapi.witheldokan.com/storage/seif-pharmacies/uploads/33508.webp|https://masterapi.witheldokan.com/storage/seif-pharmacies/uploads/111988.webp|https://masterapi.witheldokan.com/storage/seif-pharmacies/uploads/138225.webp|https://masterapi.witheldokan.com/storage/seif-pharmacies/uploads/167912.webp|https://masterapi.witheldokan.com/storage/seif-pharmacies/uploads/182738.webp|https://masterapi.witheldokan.com/storage/seif-pharmacies/uploads/234541.webp|https://masterapi.witheldokan.com/storage/seif-pharmacies/uploads/264242.webp|https://masterapi.witheldokan.com/storage/seif-pharmacies/uploads/298495.webp|https://masterapi.witheldokan.com/storage/seif-pharmacies/uploads/321743.webp|https://masterapi.witheldokan.com/storage/seif-pharmacies/uploads/322103.webp,https://seif-online.com/en/product/medicine/immunological-system/immuno-suppresives
Cardio-Vascular System,,,Apply,Skin Care,,Download App Now,,,https://masterapi.witheldokan.com/storage/seif-pharmacies/uploads/601827.webp|https://masterapi.witheldokan.com/storage/seif-pharmacies/uploads/253569.webp|https://masterapi.witheldokan.com/storage/seif-pharmacies/uploads/2331.webp|https://masterapi.witheldokan.com/storage/seif-pharmacies/uploads/404343.webp|https://masterapi.witheldokan.com/storage/seif-pharmacies/uploads/186939.webp|https://masterapi.witheldokan.com/storage/seif-pharmacies/uploads/148001.webp|https://masterapi.witheldokan.com/storage/seif-pharmacies/uploads/189209.webp|https://masterapi.witheldokan.com/storage/seif-pharmacies/uploads/290181.webp|https://masterapi.witheldokan.com/storage/seif-pharmacies/uploads/45751.webp|https://masterapi.witheldokan.com/storage/seif-pharmacies/uploads/609961 (1)-1760274502.webp|https://masterapi.witheldokan.com/storage/seif-pharmacies/uploads/87629.webp|https://masterapi.witheldokan.com/storage/seif-pharmacies/uploads/183.webp|https://masterapi.witheldokan.com/storage/seif-pharmacies/uploads/218323.webp|https://masterapi.witheldokan.com/storage/seif-pharmacies/uploads/337001.webp|https://masterapi.witheldokan.com/storage/seif-pharmacies/uploads/87630.webp|https://masterapi.witheldokan.com/storage/seif-pharmacies/uploads/276824.webp|https://masterapi.witheldokan.com/storage/seif-pharmacies/uploads/60090.webp|https://masterapi.witheldokan.com/storage/seif-pharmacies/uploads/77680.webp|https://masterapi.witheldokan.com/storage/seif-pharmacies/uploads/29648.webp|https://masterapi.witheldokan.com/storage/seif-pharmacies/uploads/159695.webp|https://masterapi.witheldokan.com/storage/seif-pharmacies/uploads/277600.webp,https://seif-online.com/en/product/medicine/cardio-vascular-system
Vascularitics,,,Apply,Skin Care,,Download App Now,,,https://masterapi.witheldokan.com/storage/seif-pharmacies/uploads/253569.webp|https://masterapi.witheldokan.com/storage/seif-pharmacies/uploads/404343.webp|https://masterapi.witheldokan.com/storage/seif-pharmacies/uploads/148001.webp|https://masterapi.witheldokan.com/storage/seif-pharmacies/uploads/77680.webp|https://masterapi.witheldokan.com/storage/seif-pharmacies/uploads/277600.webp|https://masterapi.witheldokan.com/storage/seif-pharmacies/uploads/185537.webp|https://masterapi.witheldokan.com/storage/seif-pharmacies/uploads/1050.webp|https://masterapi.witheldokan.com/storage/seif-pharmacies/uploads/180701.webp|https://masterapi.witheldokan.com/storage/seif-pharmacies/uploads/616445.webp|https://masterapi.witheldokan.com/storage/seif-pharmacies/uploads/262596.webp|https://masterapi.witheldokan.com/storage/seif-pharmacies/uploads/390907.webp|https://masterapi.witheldokan.com/storage/seif-pharmacies/uploads/269850.webp|https://masterapi.witheldokan.com/storage/seif-pharmacies/uploads/2296.webp|https://masterapi.witheldokan.com/storage/seif-pharmacies/uploads/51312.webp|https://masterapi.witheldokan.com/storage/seif-pharmacies/uploads/607987-1760362380.webp|https://masterapi.witheldokan.com/storage/seif-pharmacies/uploads/184609.webp|https://cdn.supercommerce.io/seif-pharmacies/uploads/615639.webp|https://masterapi.witheldokan.com/storage/seif-pharmacies/uploads/57696.webp,https://seif-online.com/en/product/medicine/cardio-vascular-system/vascularitics
Anti-Coagulants,,,Apply,Skin Care,,Download App Now,,,https://masterapi.witheldokan.com/storage/seif-pharmacies/uploads/601827.webp|https://masterapi.witheldokan.com/storage/seif-pharmacies/uploads/186939.webp|https://masterapi.witheldokan.com/storage/seif-pharmacies/uploads/183.webp|https://masterapi.witheldokan.com/storage/seif-pharmacies/uploads/59574.webp|https://masterapi.witheldokan.com/storage/seif-pharmacies/uploads/2992.webp|https://masterapi.witheldokan.com/storage/seif-pharmacies/uploads/318081.webp|https://masterapi.witheldokan.com/storage/seif-pharmacies/uploads/318082.webp|https://masterapi.witheldokan.com/storage/seif-pharmacies/uploads/376696.webp|https://masterapi.witheldokan.com/storage/seif-pharmacies/uploads/10613.webp|https://masterapi.witheldokan.com/storage/seif-pharmacies/uploads/105891.webp|https://masterapi.witheldokan.com/storage/seif-pharmacies/uploads/317390.webp|https://masterapi.witheldokan.com/storage/seif-pharmacies/uploads/136449.webp|https://masterapi.witheldokan.com/storage/seif-pharmacies/uploads/25512.webp|https://masterapi.witheldokan.com/storage/seif-pharmacies/uploads/64746.webp|https://masterapi.witheldokan.com/storage/seif-pharmacies/uploads/93509.webp|https://masterapi.witheldokan.com/storage/seif-pharmacies/uploads/289179.webp|https://masterapi.witheldokan.com/storage/seif-pharmacies/uploads/608694.webp|https://masterapi.witheldokan.com/storage/seif-pharmacies/uploads/168634.webp|https://masterapi.witheldokan.com/storage/seif-pharmacies/uploads/321503.webp|https://masterapi.witheldokan.com/storage/seif-pharmacies/uploads/71954.webp|https://masterapi.witheldokan.com/storage/seif-pharmacies/uploads/295679.webp|https://masterapi.witheldokan.com/storage/seif-pharmacies/uploads/371048.webp,https://seif-online.com/en/product/medicine/cardio-vascular-system/anti-coagulants
Circulatory Disturbance Agent,,,Apply,Skin Care,,Download App Now,,,https://masterapi.witheldokan.com/storage/seif-pharmacies/uploads/365626.webp|https://masterapi.witheldokan.com/storage/seif-pharmacies/uploads/2185.webp|https://masterapi.witheldokan.com/storage/seif-pharmacies/uploads/305122.webp|https://masterapi.witheldokan.com/storage/seif-pharmacies/uploads/264839.webp|https://masterapi.witheldokan.com/storage/seif-pharmacies/uploads/80590.webp|https://masterapi.witheldokan.com/storage/seif-pharmacies/uploads/313238.webp|https://masterapi.witheldokan.com/storage/seif-pharmacies/uploads/265644.webp|https://masterapi.witheldokan.com/storage/seif-pharmacies/uploads/305306.webp|https://masterapi.witheldokan.com/storage/seif-pharmacies/uploads/613903.webp|https://masterapi.witheldokan.com/storage/seif-pharmacies/uploads/305165.webp|https://masterapi.witheldokan.com/storage/seif-pharmacies/uploads/3162.webp|https://masterapi.witheldokan.com/storage/seif-pharmacies/uploads/3483.webp|https://masterapi.witheldokan.com/storage/seif-pharmacies/uploads/144083.webp|https://masterapi.witheldokan.com/storage/seif-pharmacies/uploads/208820.webp|https://masterapi.witheldokan.com/storage/seif-pharmacies/uploads/612793.webp|https://masterapi.witheldokan.com/storage/seif-pharmacies/uploads/198572.webp,https://seif-online.com/en/product/medicine/cardio-vascular-system/circulatory-disturbance-agent
Haemostatics/Coagulants,,,Apply,Skin Care,,Download App Now,,,https://masterapi.witheldokan.com/storage/seif-pharmacies/uploads/48595.webp|https://masterapi.witheldokan.com/storage/seif-pharmacies/uploads/616578-1762845977.webp|https://masterapi.witheldokan.com/storage/seif-pharmacies/uploads/2770.webp|https://masterapi.witheldokan.com/storage/seif-pharmacies/uploads/48596.webp|https://masterapi.witheldokan.com/storage/seif-pharmacies/uploads/766.webp|https://masterapi.witheldokan.com/storage/seif-pharmacies/uploads/70659.webp|https://masterapi.witheldokan.com/storage/seif-pharmacies/uploads/38285.webp|https://masterapi.witheldokan.com/storage/seif-pharmacies/uploads/312407.webp|https://masterapi.witheldokan.com/storage/seif-pharmacies/uploads/24620.webp|https://masterapi.witheldokan.com/storage/seif-pharmacies/uploads/48548.webp|https://masterapi.witheldokan.com/storage/seif-pharmacies/uploads/614827.webp|https://cdn.supercommerce.io/seif-pharmacies/uploads/617992-1769499274.webp|https://masterapi.witheldokan.com/storage/seif-pharmacies/uploads/1949.webp|https://masterapi.witheldokan.com/storage/seif-pharmacies/uploads/29058.webp|https://masterapi.witheldokan.com/storage/seif-pharmacies/uploads/55856.webp|https://masterapi.witheldokan.com/storage/seif-pharmacies/uploads/57697.webp|https://masterapi.witheldokan.com/storage/seif-pharmacies/uploads/71934.webp|https://masterapi.witheldokan.com/storage/seif-pharmacies/uploads/204220.webp|https://masterapi.witheldokan.com/storage/seif-pharmacies/uploads/288755.webp,https://seif-online.com/en/product/medicine/cardio-vascular-system/haemostatics-coagulants
Congestive Heart Failure,,,Apply,Skin Care,,Download App Now,,,https://masterapi.witheldokan.com/storage/seif-pharmacies/uploads/347065.webp|https://masterapi.witheldokan.com/storage/seif-pharmacies/uploads/347066.webp|https://masterapi.witheldokan.com/storage/seif-pharmacies/uploads/355015.webp|https://masterapi.witheldokan.com/storage/seif-pharmacies/uploads/309965-1761226409.webp|https://masterapi.witheldokan.com/storage/seif-pharmacies/uploads/17064.webp,https://seif-online.com/en/product/medicine/cardio-vascular-system/congestive-heart-failure
Anti-Hypotension,,,Apply,Skin Care,,Download App Now,,,https://masterapi.witheldokan.com/storage/seif-pharmacies/uploads/3981.webp|https://masterapi.witheldokan.com/storage/seif-pharmacies/uploads/2370.webp|https://masterapi.witheldokan.com/storage/seif-pharmacies/uploads/35845.webp|https://masterapi.witheldokan.com/storage/seif-pharmacies/uploads/35825.webp,https://seif-online.com/en/product/medicine/cardio-vascular-system/anti-hypotension
Anti-Hypertensives,,,Apply,Skin Care,,Download App Now,,,https://masterapi.witheldokan.com/storage/seif-pharmacies/uploads/2331.webp|https://masterapi.witheldokan.com/storage/seif-pharmacies/uploads/290181.webp|https://masterapi.witheldokan.com/storage/seif-pharmacies/uploads/218323.webp|https://masterapi.witheldokan.com/storage/seif-pharmacies/uploads/60090.webp|https://masterapi.witheldokan.com/storage/seif-pharmacies/uploads/29648.webp|https://masterapi.witheldokan.com/storage/seif-pharmacies/uploads/159695.webp|https://masterapi.witheldokan.com/storage/seif-pharmacies/uploads/35853.webp|https://masterapi.witheldokan.com/storage/seif-pharmacies/uploads/252724.webp|https://masterapi.witheldokan.com/storage/seif-pharmacies/uploads/29647.webp|https://masterapi.witheldokan.com/storage/seif-pharmacies/uploads/208821.webp|https://masterapi.witheldokan.com/storage/seif-pharmacies/uploads/208858.webp|https://masterapi.witheldokan.com/storage/seif-pharmacies/uploads/159696.webp|https://masterapi.witheldokan.com/storage/seif-pharmacies/uploads/81982.webp|https://masterapi.witheldokan.com/storage/seif-pharmacies/uploads/60868.webp|https://masterapi.witheldokan.com/storage/seif-pharmacies/uploads/49226.webp|https://masterapi.witheldokan.com/storage/seif-pharmacies/uploads/139585.webp|https://masterapi.witheldokan.com/storage/seif-pharmacies/uploads/154976.webp|https://masterapi.witheldokan.com/storage/seif-pharmacies/uploads/699.webp|https://masterapi.witheldokan.com/storage/seif-pharmacies/uploads/134496.webp|https://masterapi.witheldokan.com/storage/seif-pharmacies/uploads/80057.webp|https://masterapi.witheldokan.com/storage/seif-pharmacies/uploads/326141.webp|https://masterapi.witheldokan.com/storage/seif-pharmacies/uploads/143036.webp,https://seif-online.com/en/product/medicine/cardio-vascular-system/anti-hypertensives
Lipids Regulation,,,Apply,Skin Care,,Download App Now,,,https://masterapi.witheldokan.com/storage/seif-pharmacies/uploads/189209.webp|https://masterapi.witheldokan.com/storage/seif-pharmacies/uploads/45751.webp|https://masterapi.witheldokan.com/storage/seif-pharmacies/uploads/609961 (1)-1760274502.webp|https://masterapi.witheldokan.com/storage/seif-pharmacies/uploads/87629.webp|https://masterapi.witheldokan.com/storage/seif-pharmacies/uploads/337001.webp|https://masterapi.witheldokan.com/storage/seif-pharmacies/uploads/87630.webp|https://masterapi.witheldokan.com/storage/seif-pharmacies/uploads/276824.webp|https://masterapi.witheldokan.com/storage/seif-pharmacies/uploads/604631.webp|https://masterapi.witheldokan.com/storage/seif-pharmacies/uploads/264674.webp|https://masterapi.witheldokan.com/storage/seif-pharmacies/uploads/346668.webp|https://masterapi.witheldokan.com/storage/seif-pharmacies/uploads/302520.webp|https://masterapi.witheldokan.com/storage/seif-pharmacies/uploads/343629.webp|https://masterapi.witheldokan.com/storage/seif-pharmacies/uploads/604630.webp|https://masterapi.witheldokan.com/storage/seif-pharmacies/uploads/124803.webp|https://masterapi.witheldokan.com/storage/seif-pharmacies/uploads/311870.webp|https://masterapi.witheldokan.com/storage/seif-pharmacies/uploads/358065.webp|https://masterapi.witheldokan.com/storage/seif-pharmacies/uploads/366447.webp|https://masterapi.witheldokan.com/storage/seif-pharmacies/uploads/609767-1760275271.webp|https://masterapi.witheldokan.com/storage/seif-pharmacies/uploads/389953.webp|https://masterapi.witheldokan.com/storage/seif-pharmacies/uploads/403448.webp,https://seif-online.com/en/product/medicine/cardio-vascular-system/lipids-regulation
Anti-Arrhythmics,,,Apply,Skin Care,,Download App Now,,,https://masterapi.witheldokan.com/storage/seif-pharmacies/uploads/43880.webp|https://masterapi.witheldokan.com/storage/seif-pharmacies/uploads/276559.webp|https://masterapi.witheldokan.com/storage/seif-pharmacies/uploads/3075.webp,https://seif-online.com/en/product/medicine/cardio-vascular-system/anti-arrhythmics
Angina Treatment,,,Apply,Skin Care,,Download App Now,,,https://masterapi.witheldokan.com/storage/seif-pharmacies/uploads/134498.webp|https://masterapi.witheldokan.com/storage/seif-pharmacies/uploads/2664.webp|https://masterapi.witheldokan.com/storage/seif-pharmacies/uploads/10334.webp|https://masterapi.witheldokan.com/storage/seif-pharmacies/uploads/267146.webp|https://masterapi.witheldokan.com/storage/seif-pharmacies/uploads/134497.webp|https://masterapi.witheldokan.com/storage/seif-pharmacies/uploads/383865.webp|https://masterapi.witheldokan.com/storage/seif-pharmacies/uploads/382527.webp|https://masterapi.witheldokan.com/storage/seif-pharmacies/uploads/308736.webp|https://masterapi.witheldokan.com/storage/seif-pharmacies/uploads/178376.webp|https://masterapi.witheldokan.com/storage/seif-pharmacies/uploads/2686.webp|https://masterapi.witheldokan.com/storage/seif-pharmacies/uploads/284104.webp|https://masterapi.witheldokan.com/storage/seif-pharmacies/uploads/181401.webp|https://masterapi.witheldokan.com/storage/seif-pharmacies/uploads/2687.webp|https://masterapi.witheldokan.com/storage/seif-pharmacies/uploads/383898.webp|https://masterapi.witheldokan.com/storage/seif-pharmacies/uploads/314496.webp|https://masterapi.witheldokan.com/storage/seif-pharmacies/uploads/284098.webp|https://masterapi.witheldokan.com/storage/seif-pharmacies/uploads/605588.webp|https://masterapi.witheldokan.com/storage/seif-pharmacies/uploads/601962.webp|https://masterapi.witheldokan.com/storage/seif-pharmacies/uploads/2665.webp|https://masterapi.witheldokan.com/storage/seif-pharmacies/uploads/601964.webp,https://seif-online.com/en/product/medicine/cardio-vascular-system/angina-treatment
Cancer Therapy,,,Apply,Skin Care,,Download App Now,,,https://masterapi.witheldokan.com/storage/seif-pharmacies/uploads/2478.webp|https://masterapi.witheldokan.com/storage/seif-pharmacies/uploads/17474.webp|https://masterapi.witheldokan.com/storage/seif-pharmacies/uploads/208231.webp|https://masterapi.witheldokan.com/storage/seif-pharmacies/uploads/53437.webp|https://masterapi.witheldokan.com/storage/seif-pharmacies/uploads/55793.webp|https://masterapi.witheldokan.com/storage/seif-pharmacies/uploads/299357.webp|https://masterapi.witheldokan.com/storage/seif-pharmacies/uploads/53168.webp|https://masterapi.witheldokan.com/storage/seif-pharmacies/uploads/299355.webp|https://masterapi.witheldokan.com/storage/seif-pharmacies/uploads/367659.webp|https://masterapi.witheldokan.com/storage/seif-pharmacies/uploads/197572.webp|https://masterapi.witheldokan.com/storage/seif-pharmacies/uploads/357930.webp,https://seif-online.com/en/product/medicine/cancer-therapy
Alkylating Agent,,,Apply,Skin Care,,Download App Now,,,https://masterapi.witheldokan.com/storage/seif-pharmacies/uploads/1714.webp|https://masterapi.witheldokan.com/storage/seif-pharmacies/uploads/48885.webp|https://masterapi.witheldokan.com/storage/seif-pharmacies/uploads/51168.webp|https://masterapi.witheldokan.com/storage/seif-pharmacies/uploads/220251.webp|https://masterapi.witheldokan.com/storage/seif-pharmacies/uploads/322222.webp|https://masterapi.witheldokan.com/storage/seif-pharmacies/uploads/381432.webp,https://seif-online.com/en/product/medicine/cancer-therapy/alkylating-agent
Monoclonal Antibodies,,,Apply,Skin Care,,Download App Now,,,https://masterapi.witheldokan.com/storage/seif-pharmacies/uploads/357930.webp|https://masterapi.witheldokan.com/storage/seif-pharmacies/uploads/289294.webp|https://masterapi.witheldokan.com/storage/seif-pharmacies/uploads/358272.webp,https://seif-online.com/en/product/medicine/cancer-therapy/monoclonal-antibodies
Cytostatic Anti-Androgen,,,Apply,Skin Care,,Download App Now,,,https://masterapi.witheldokan.com/storage/seif-pharmacies/uploads/53437.webp|https://masterapi.witheldokan.com/storage/seif-pharmacies/uploads/349404.webp|https://masterapi.witheldokan.com/storage/seif-pharmacies/uploads/300239.webp,https://seif-online.com/en/product/medicine/cancer-therapy/cytostatic-anti-androgen
Cytostatic ElGonadtropin Analogu,,,Apply,Skin Care,,Download App Now,,,https://masterapi.witheldokan.com/storage/seif-pharmacies/uploads/208231.webp|https://masterapi.witheldokan.com/storage/seif-pharmacies/uploads/75670.webp,https://seif-online.com/en/product/medicine/cancer-therapy/cytostatic-elgonadtropin-analogu
Enzyme Inhibitor,,,Apply,Skin Care,,Download App Now,,,https://masterapi.witheldokan.com/storage/seif-pharmacies/uploads/17474.webp|https://masterapi.witheldokan.com/storage/seif-pharmacies/uploads/55793.webp|https://masterapi.witheldokan.com/storage/seif-pharmacies/uploads/299357.webp|https://masterapi.witheldokan.com/storage/seif-pharmacies/uploads/53168.webp|https://masterapi.witheldokan.com/storage/seif-pharmacies/uploads/299355.webp|https://masterapi.witheldokan.com/storage/seif-pharmacies/uploads/197572.webp|https://masterapi.witheldokan.com/storage/seif-pharmacies/uploads/149008.webp|https://masterapi.witheldokan.com/storage/seif-pharmacies/uploads/376479.webp|https://masterapi.witheldokan.com/storage/seif-pharmacies/uploads/46136.webp|https://masterapi.witheldokan.com/storage/seif-pharmacies/uploads/84450.webp,https://seif-online.com/en/product/medicine/cancer-therapy/enzyme-inhibitor
Cytostatic Anti-Oestrogen,,,Apply,Skin Care,,Download App Now,,,https://masterapi.witheldokan.com/storage/seif-pharmacies/uploads/2478.webp|https://masterapi.witheldokan.com/storage/seif-pharmacies/uploads/49937.webp,https://seif-online.com/en/product/medicine/cancer-therapy/cytostatic-anti-oestrogen
Anti-Metabolites,,,Apply,Skin Care,,Download App Now,,,https://cdn.supercommerce.io/seif-pharmacies/uploads/231278-1769521234.webp|https://masterapi.witheldokan.com/storage/seif-pharmacies/uploads/32118.webp,https://seif-online.com/en/product/medicine/cancer-therapy/anti-metabolites
Neutropenia,,,Apply,Skin Care,,Download App Now,,,https://masterapi.witheldokan.com/storage/seif-pharmacies/uploads/1790.webp,https://seif-online.com/en/product/medicine/cancer-therapy/neutropenia
Immunomodulator,,,Apply,Skin Care,,Download App Now,,,https://masterapi.witheldokan.com/storage/seif-pharmacies/uploads/367659.webp|https://masterapi.witheldokan.com/storage/seif-pharmacies/uploads/365893.webp,https://seif-online.com/en/product/medicine/cancer-therapy/immunomodulator-system
Nutrients&Blood Electrolytes,,,Apply,Skin Care,,Download App Now,,,https://masterapi.witheldokan.com/storage/seif-pharmacies/uploads/607540-1760869503.webp|https://masterapi.witheldokan.com/storage/seif-pharmacies/uploads/322442.webp|https://masterapi.witheldokan.com/storage/seif-pharmacies/uploads/607541-1760869476.webp|https://cdn.supercommerce.io/seif-pharmacies/uploads/615313-1773215346.webp|https://masterapi.witheldokan.com/storage/seif-pharmacies/uploads/78783.webp|https://masterapi.witheldokan.com/storage/seif-pharmacies/uploads/322446.webp,https://seif-online.com/en/product/medicine/nutrientsblood-electrolytes
Plasma Substituent/Expander,,,Apply,Skin Care,,Download App Now,,,https://masterapi.witheldokan.com/storage/seif-pharmacies/uploads/607540-1760869503.webp|https://masterapi.witheldokan.com/storage/seif-pharmacies/uploads/322442.webp|https://masterapi.witheldokan.com/storage/seif-pharmacies/uploads/607541-1760869476.webp|https://cdn.supercommerce.io/seif-pharmacies/uploads/615313-1773215346.webp|https://masterapi.witheldokan.com/storage/seif-pharmacies/uploads/78783.webp|https://masterapi.witheldokan.com/storage/seif-pharmacies/uploads/322446.webp,https://seif-online.com/en/product/medicine/nutrientsblood-electrolytes/plasma-substituent-expander
Endocrine System,,,Apply,Skin Care,,Download App Now,,,https://masterapi.witheldokan.com/storage/seif-pharmacies/uploads/87122.webp|https://masterapi.witheldokan.com/storage/seif-pharmacies/uploads/293898.webp|https://masterapi.witheldokan.com/storage/seif-pharmacies/uploads/396069.webp|https://masterapi.witheldokan.com/storage/seif-pharmacies/uploads/39321.webp|https://masterapi.witheldokan.com/storage/seif-pharmacies/uploads/322008.webp|https://masterapi.witheldokan.com/storage/seif-pharmacies/uploads/324468.webp|https://masterapi.witheldokan.com/storage/seif-pharmacies/uploads/1446.webp|https://masterapi.witheldokan.com/storage/seif-pharmacies/uploads/48904.webp|https://masterapi.witheldokan.com/storage/seif-pharmacies/uploads/295595.webp|https://masterapi.witheldokan.com/storage/seif-pharmacies/uploads/127899.webp|https://masterapi.witheldokan.com/storage/seif-pharmacies/uploads/182805.webp|https://masterapi.witheldokan.com/storage/seif-pharmacies/uploads/385702.webp|https://masterapi.witheldokan.com/storage/seif-pharmacies/uploads/2377.webp|https://masterapi.witheldokan.com/storage/seif-pharmacies/uploads/431005.webp|https://masterapi.witheldokan.com/storage/seif-pharmacies/uploads/2346.webp|https://masterapi.witheldokan.com/storage/seif-pharmacies/uploads/1842.webp|https://masterapi.witheldokan.com/storage/seif-pharmacies/uploads/383854.webp|https://masterapi.witheldokan.com/storage/seif-pharmacies/uploads/614427-1759928718.webp|https://masterapi.witheldokan.com/storage/seif-pharmacies/uploads/389819.webp|https://masterapi.witheldokan.com/storage/seif-pharmacies/uploads/396947.webp,https://seif-online.com/en/product/medicine/endocrine-system
Anti-Hyper Thyroidism,,,Apply,Skin Care,,Download App Now,,,https://masterapi.witheldokan.com/storage/seif-pharmacies/uploads/320.webp|https://masterapi.witheldokan.com/storage/seif-pharmacies/uploads/45895.webp|https://masterapi.witheldokan.com/storage/seif-pharmacies/uploads/602033.webp,https://seif-online.com/en/product/medicine/endocrine-system/anti-hyper-thyroidism
Hypo-Glycaemics / Antidiabetic,,,Apply,Skin Care,,Download App Now,,,https://masterapi.witheldokan.com/storage/seif-pharmacies/uploads/87122.webp|https://masterapi.witheldokan.com/storage/seif-pharmacies/uploads/293898.webp|https://masterapi.witheldokan.com/storage/seif-pharmacies/uploads/39321.webp|https://masterapi.witheldokan.com/storage/seif-pharmacies/uploads/324468.webp|https://masterapi.witheldokan.com/storage/seif-pharmacies/uploads/295595.webp|https://masterapi.witheldokan.com/storage/seif-pharmacies/uploads/182805.webp|https://masterapi.witheldokan.com/storage/seif-pharmacies/uploads/389819.webp|https://masterapi.witheldokan.com/storage/seif-pharmacies/uploads/396947.webp|https://masterapi.witheldokan.com/storage/seif-pharmacies/uploads/382889.webp|https://masterapi.witheldokan.com/storage/seif-pharmacies/uploads/259945.webp|https://masterapi.witheldokan.com/storage/seif-pharmacies/uploads/259044.webp|https://masterapi.witheldokan.com/storage/seif-pharmacies/uploads/397239.webp|https://masterapi.witheldokan.com/storage/seif-pharmacies/uploads/193656.webp|https://cdn.supercommerce.io/seif-pharmacies/uploads/369783.webp|https://masterapi.witheldokan.com/storage/seif-pharmacies/uploads/58536.webp|https://masterapi.witheldokan.com/storage/seif-pharmacies/uploads/313807.webp|https://masterapi.witheldokan.com/storage/seif-pharmacies/uploads/169.webp|https://cdn.supercommerce.io/seif-pharmacies/uploads/617967-1769418124.webp|https://masterapi.witheldokan.com/storage/seif-pharmacies/uploads/358529.webp|https://masterapi.witheldokan.com/storage/seif-pharmacies/uploads/389470.webp|https://masterapi.witheldokan.com/storage/seif-pharmacies/uploads/604765.webp|https://masterapi.witheldokan.com/storage/seif-pharmacies/uploads/605641.webp|https://masterapi.witheldokan.com/storage/seif-pharmacies/uploads/612053.webp|https://masterapi.witheldokan.com/storage/seif-pharmacies/uploads/390925.webp,https://seif-online.com/en/product/medicine/endocrine-system/hypo-glycaemics-antidiabetic
Gluco-Corticoid,,,Apply,Skin Care,,Download App Now,,,https://masterapi.witheldokan.com/storage/seif-pharmacies/uploads/396069.webp|https://masterapi.witheldokan.com/storage/seif-pharmacies/uploads/2377.webp|https://masterapi.witheldokan.com/storage/seif-pharmacies/uploads/431005.webp|https://masterapi.witheldokan.com/storage/seif-pharmacies/uploads/2346.webp|https://masterapi.witheldokan.com/storage/seif-pharmacies/uploads/602082.webp|https://masterapi.witheldokan.com/storage/seif-pharmacies/uploads/76184.webp|https://masterapi.witheldokan.com/storage/seif-pharmacies/uploads/181440.webp|https://masterapi.witheldokan.com/storage/seif-pharmacies/uploads/76183.webp|https://masterapi.witheldokan.com/storage/seif-pharmacies/uploads/179700.webp|https://masterapi.witheldokan.com/storage/seif-pharmacies/uploads/383368.webp|https://masterapi.witheldokan.com/storage/seif-pharmacies/uploads/393826.webp|https://masterapi.witheldokan.com/storage/seif-pharmacies/uploads/369982.webp|https://masterapi.witheldokan.com/storage/seif-pharmacies/uploads/601194.webp|https://masterapi.witheldokan.com/storage/seif-pharmacies/uploads/336415.webp|https://masterapi.witheldokan.com/storage/seif-pharmacies/uploads/188572.webp|https://masterapi.witheldokan.com/storage/seif-pharmacies/uploads/336729.webp|https://masterapi.witheldokan.com/storage/seif-pharmacies/uploads/604192.webp|https://masterapi.witheldokan.com/storage/seif-pharmacies/uploads/1511.webp|https://masterapi.witheldokan.com/storage/seif-pharmacies/uploads/76358.webp|https://masterapi.witheldokan.com/storage/seif-pharmacies/uploads/606078.webp|https://cdn.supercommerce.io/seif-pharmacies/uploads/9544.webp|https://masterapi.witheldokan.com/storage/seif-pharmacies/uploads/80519.webp|https://masterapi.witheldokan.com/storage/seif-pharmacies/uploads/308862.webp|https://masterapi.witheldokan.com/storage/seif-pharmacies/uploads/401675.webp,https://seif-online.com/en/product/medicine/endocrine-system/gluco-corticoid
Anti-Hypo Thyroidism,,,Apply,Skin Care,,Download App Now,,,https://masterapi.witheldokan.com/storage/seif-pharmacies/uploads/2005.webp|https://masterapi.witheldokan.com/storage/seif-pharmacies/uploads/2007.webp|https://masterapi.witheldokan.com/storage/seif-pharmacies/uploads/99512.webp|https://masterapi.witheldokan.com/storage/seif-pharmacies/uploads/99513.webp|https://masterapi.witheldokan.com/storage/seif-pharmacies/uploads/317471.webp|https://masterapi.witheldokan.com/storage/seif-pharmacies/uploads/385776.webp|https://masterapi.witheldokan.com/storage/seif-pharmacies/uploads/385784.webp|https://masterapi.witheldokan.com/storage/seif-pharmacies/uploads/389306.webp|https://masterapi.witheldokan.com/storage/seif-pharmacies/uploads/609519.webp|https://masterapi.witheldokan.com/storage/seif-pharmacies/uploads/609520.webp|https://masterapi.witheldokan.com/storage/seif-pharmacies/uploads/609521.webp|https://masterapi.witheldokan.com/storage/seif-pharmacies/uploads/609576.webp,https://seif-online.com/en/product/medicine/endocrine-system/anti-hypo-thyroidism
Anti-Galactorrhoea,,,Apply,Skin Care,,Download App Now,,,https://masterapi.witheldokan.com/storage/seif-pharmacies/uploads/33117.webp|https://masterapi.witheldokan.com/storage/seif-pharmacies/uploads/2306.webp|https://masterapi.witheldokan.com/storage/seif-pharmacies/uploads/285075.webp|https://masterapi.witheldokan.com/storage/seif-pharmacies/uploads/382674.webp|https://masterapi.witheldokan.com/storage/seif-pharmacies/uploads/276933.webp|https://masterapi.witheldokan.com/storage/seif-pharmacies/uploads/400613-1760963580.webp|https://masterapi.witheldokan.com/storage/seif-pharmacies/uploads/610237-1760272705.webp,https://seif-online.com/en/product/medicine/endocrine-system/anti-galactorrhoea
Osteoporosis/ Arthritis Manag,,,Apply,Skin Care,,Download App Now,,,https://masterapi.witheldokan.com/storage/seif-pharmacies/uploads/241579.webp|https://masterapi.witheldokan.com/storage/seif-pharmacies/uploads/69382.webp|https://masterapi.witheldokan.com/storage/seif-pharmacies/uploads/605367.webp|https://masterapi.witheldokan.com/storage/seif-pharmacies/uploads/1477.webp|https://masterapi.witheldokan.com/storage/seif-pharmacies/uploads/177399.webp|https://masterapi.witheldokan.com/storage/seif-pharmacies/uploads/88703.webp|https://masterapi.witheldokan.com/storage/seif-pharmacies/uploads/376514.webp|https://masterapi.witheldokan.com/storage/seif-pharmacies/uploads/48283.webp|https://masterapi.witheldokan.com/storage/seif-pharmacies/uploads/50722.webp|https://masterapi.witheldokan.com/storage/seif-pharmacies/uploads/118366.webp,https://seif-online.com/en/product/medicine/endocrine-system/osteoporosis-arthritis-manag-endocrine
Female Sex Hormones,,,Apply,Skin Care,,Download App Now,,,https://masterapi.witheldokan.com/storage/seif-pharmacies/uploads/58751.webp|https://masterapi.witheldokan.com/storage/seif-pharmacies/uploads/179019.webp|https://masterapi.witheldokan.com/storage/seif-pharmacies/uploads/293153.webp|https://masterapi.witheldokan.com/storage/seif-pharmacies/uploads/609336.webp|https://masterapi.witheldokan.com/storage/seif-pharmacies/uploads/78134.webp|https://masterapi.witheldokan.com/storage/seif-pharmacies/uploads/1971.webp|https://masterapi.witheldokan.com/storage/seif-pharmacies/uploads/614481-1759929642.webp|https://cdn.supercommerce.io/seif-pharmacies/uploads/617973-1769414114.webp|https://masterapi.witheldokan.com/storage/seif-pharmacies/uploads/614482-1759929017.webp|https://masterapi.witheldokan.com/storage/seif-pharmacies/uploads/400298.webp|https://masterapi.witheldokan.com/storage/seif-pharmacies/uploads/614480-1759929062.webp|https://masterapi.witheldokan.com/storage/seif-pharmacies/uploads/125980.webp|https://masterapi.witheldokan.com/storage/seif-pharmacies/uploads/613883.webp|https://masterapi.witheldokan.com/storage/seif-pharmacies/uploads/337185.webp|https://masterapi.witheldokan.com/storage/seif-pharmacies/uploads/131087.webp|https://masterapi.witheldokan.com/storage/seif-pharmacies/uploads/288621.webp|https://masterapi.witheldokan.com/storage/seif-pharmacies/uploads/1160.webp|https://masterapi.witheldokan.com/storage/seif-pharmacies/uploads/82457.webp|https://masterapi.witheldokan.com/storage/seif-pharmacies/uploads/167742.webp|https://masterapi.witheldokan.com/storage/seif-pharmacies/uploads/278745.webp|https://masterapi.witheldokan.com/storage/seif-pharmacies/uploads/383617.webp|https://masterapi.witheldokan.com/storage/seif-pharmacies/uploads/393862.webp|https://masterapi.witheldokan.com/storage/seif-pharmacies/uploads/395971.webp,https://seif-online.com/en/product/medicine/endocrine-system/female-sex-hormones
Male Sex Horm / Androgens,,,Apply,Skin Care,,Download App Now,,,https://masterapi.witheldokan.com/storage/seif-pharmacies/uploads/265.webp|https://masterapi.witheldokan.com/storage/seif-pharmacies/uploads/251069.webp|https://masterapi.witheldokan.com/storage/seif-pharmacies/uploads/301975.webp,https://seif-online.com/en/product/medicine/endocrine-system/male-sex-horm-androgens
Insulins,,,Apply,Skin Care,,Download App Now,,,https://masterapi.witheldokan.com/storage/seif-pharmacies/uploads/322008.webp|https://masterapi.witheldokan.com/storage/seif-pharmacies/uploads/48904.webp|https://masterapi.witheldokan.com/storage/seif-pharmacies/uploads/1842.webp|https://masterapi.witheldokan.com/storage/seif-pharmacies/uploads/383854.webp|https://masterapi.witheldokan.com/storage/seif-pharmacies/uploads/1792.webp|https://masterapi.witheldokan.com/storage/seif-pharmacies/uploads/1844.webp|https://masterapi.witheldokan.com/storage/seif-pharmacies/uploads/357514.webp|https://masterapi.witheldokan.com/storage/seif-pharmacies/uploads/65422.webp|https://masterapi.witheldokan.com/storage/seif-pharmacies/uploads/1795.webp|https://masterapi.witheldokan.com/storage/seif-pharmacies/uploads/58847.webp|https://masterapi.witheldokan.com/storage/seif-pharmacies/uploads/150725.webp|https://masterapi.witheldokan.com/storage/seif-pharmacies/uploads/390496.webp|https://masterapi.witheldokan.com/storage/seif-pharmacies/uploads/48886.webp|https://masterapi.witheldokan.com/storage/seif-pharmacies/uploads/390497.webp|https://masterapi.witheldokan.com/storage/seif-pharmacies/uploads/1843.webp|https://masterapi.witheldokan.com/storage/seif-pharmacies/uploads/313293.webp|https://masterapi.witheldokan.com/storage/seif-pharmacies/uploads/215460.webp|https://masterapi.witheldokan.com/storage/seif-pharmacies/uploads/1736.webp|https://masterapi.witheldokan.com/storage/seif-pharmacies/uploads/35214.webp|https://masterapi.witheldokan.com/storage/seif-pharmacies/uploads/313292.webp|https://masterapi.witheldokan.com/storage/seif-pharmacies/uploads/42293.webp|https://masterapi.witheldokan.com/storage/seif-pharmacies/uploads/192262.webp|https://masterapi.witheldokan.com/storage/seif-pharmacies/uploads/35215.webp,https://seif-online.com/en/product/medicine/endocrine-system/insulins
Infertility Treatment.,,,Apply,Skin Care,,Download App Now,,,https://masterapi.witheldokan.com/storage/seif-pharmacies/uploads/159844.webp|https://masterapi.witheldokan.com/storage/seif-pharmacies/uploads/606446.webp|https://masterapi.witheldokan.com/storage/seif-pharmacies/uploads/161498.webp|https://masterapi.witheldokan.com/storage/seif-pharmacies/uploads/609743.webp|https://masterapi.witheldokan.com/storage/seif-pharmacies/uploads/359335.webp|https://masterapi.witheldokan.com/storage/seif-pharmacies/uploads/607925.webp|https://masterapi.witheldokan.com/storage/seif-pharmacies/uploads/395935.webp|https://masterapi.witheldokan.com/storage/seif-pharmacies/uploads/88817.webp|https://masterapi.witheldokan.com/storage/seif-pharmacies/uploads/384734.webp|https://masterapi.witheldokan.com/storage/seif-pharmacies/uploads/311494.webp|https://masterapi.witheldokan.com/storage/seif-pharmacies/uploads/18711.webp|https://masterapi.witheldokan.com/storage/seif-pharmacies/uploads/68126.webp|https://masterapi.witheldokan.com/storage/seif-pharmacies/uploads/175030.webp|https://masterapi.witheldokan.com/storage/seif-pharmacies/uploads/277929.webp,https://seif-online.com/en/product/medicine/endocrine-system/infertility-treatment
Growth Hormone,,,Apply,Skin Care,,Download App Now,,,https://masterapi.witheldokan.com/storage/seif-pharmacies/uploads/606633.webp|https://masterapi.witheldokan.com/storage/seif-pharmacies/uploads/606870.webp|https://cdn.supercommerce.io/seif-pharmacies/uploads/614782-1769435101.webp|https://masterapi.witheldokan.com/storage/seif-pharmacies/uploads/614785.webp|https://masterapi.witheldokan.com/storage/seif-pharmacies/uploads/80667.webp|https://masterapi.witheldokan.com/storage/seif-pharmacies/uploads/356128.webp|https://masterapi.witheldokan.com/storage/seif-pharmacies/uploads/607941-1760362454.webp|https://masterapi.witheldokan.com/storage/seif-pharmacies/uploads/607942-1760362547.webp,https://seif-online.com/en/product/medicine/endocrine-system/growth-hormone
Make Up,,,Apply,Skin Care,,Download App Now,,,https://masterapi.witheldokan.com/storage/seif-pharmacies/uploads/614742.webp|https://masterapi.witheldokan.com/storage/seif-pharmacies/uploads/601043.webp|https://masterapi.witheldokan.com/storage/seif-pharmacies/uploads/601041.webp|https://masterapi.witheldokan.com/storage/seif-pharmacies/uploads/601042.webp|https://masterapi.witheldokan.com/storage/seif-pharmacies/uploads/601040.webp|https://masterapi.witheldokan.com/storage/seif-pharmacies/uploads/613302.webp|https://masterapi.witheldokan.com/storage/seif-pharmacies/uploads/610488.webp|https://masterapi.witheldokan.com/storage/seif-pharmacies/uploads/610485.webp|https://masterapi.witheldokan.com/storage/seif-pharmacies/uploads/610414.webp|https://masterapi.witheldokan.com/storage/seif-pharmacies/uploads/613129.webp|https://masterapi.witheldokan.com/storage/seif-pharmacies/uploads/610487.webp|https://masterapi.witheldokan.com/storage/seif-pharmacies/uploads/383673.webp|https://masterapi.witheldokan.com/storage/seif-pharmacies/uploads/610415.webp|https://masterapi.witheldokan.com/storage/seif-pharmacies/uploads/586178.webp|https://masterapi.witheldokan.com/storage/seif-pharmacies/uploads/613131.webp|https://masterapi.witheldokan.com/storage/seif-pharmacies/uploads/589223.webp|https://masterapi.witheldokan.com/storage/seif-pharmacies/uploads/601008.webp|https://masterapi.witheldokan.com/storage/seif-pharmacies/uploads/601025.webp|https://cdn.supercommerce.io/seif-pharmacies/uploads/618233-1769412353.webp|https://masterapi.witheldokan.com/storage/seif-pharmacies/uploads/601007.webp|https://masterapi.witheldokan.com/storage/seif-pharmacies/uploads/586187.webp|https://masterapi.witheldokan.com/storage/seif-pharmacies/uploads/601032.webp|https://masterapi.witheldokan.com/storage/seif-pharmacies/uploads/609397.webp|https://masterapi.witheldokan.com/storage/seif-pharmacies/uploads/613137.webp,https://seif-online.com/en/product/cosmetics/make-up
Face,,,Apply,Skin Care,,Download App Now,,,https://masterapi.witheldokan.com/storage/seif-pharmacies/uploads/610414.webp|https://masterapi.witheldokan.com/storage/seif-pharmacies/uploads/613129.webp|https://masterapi.witheldokan.com/storage/seif-pharmacies/uploads/610415.webp|https://masterapi.witheldokan.com/storage/seif-pharmacies/uploads/613137.webp|https://masterapi.witheldokan.com/storage/seif-pharmacies/uploads/613128.webp|https://masterapi.witheldokan.com/storage/seif-pharmacies/uploads/613136.webp|https://masterapi.witheldokan.com/storage/seif-pharmacies/uploads/610416.webp|https://masterapi.witheldokan.com/storage/seif-pharmacies/uploads/616628-1756039110.webp|https://masterapi.witheldokan.com/storage/seif-pharmacies/uploads/616630-1756039066.webp|https://masterapi.witheldokan.com/storage/seif-pharmacies/uploads/380742.webp|https://masterapi.witheldokan.com/storage/seif-pharmacies/uploads/380750.webp|https://masterapi.witheldokan.com/storage/seif-pharmacies/uploads/380741.webp|https://masterapi.witheldokan.com/storage/seif-pharmacies/uploads/380769.webp|https://masterapi.witheldokan.com/storage/seif-pharmacies/uploads/380756.webp|https://masterapi.witheldokan.com/storage/seif-pharmacies/uploads/613900.webp|https://masterapi.witheldokan.com/storage/seif-pharmacies/uploads/380738.webp|https://masterapi.witheldokan.com/storage/seif-pharmacies/uploads/380753.webp|https://masterapi.witheldokan.com/storage/seif-pharmacies/uploads/390392.webp|https://masterapi.witheldokan.com/storage/seif-pharmacies/uploads/390372.webp,https://seif-online.com/en/product/cosmetics/make-up/face
Nail,,,Apply,Skin Care,,Download App Now,,,https://masterapi.witheldokan.com/storage/seif-pharmacies/uploads/614742.webp|https://masterapi.witheldokan.com/storage/seif-pharmacies/uploads/601043.webp|https://masterapi.witheldokan.com/storage/seif-pharmacies/uploads/601041.webp|https://masterapi.witheldokan.com/storage/seif-pharmacies/uploads/601042.webp|https://masterapi.witheldokan.com/storage/seif-pharmacies/uploads/601040.webp|https://masterapi.witheldokan.com/storage/seif-pharmacies/uploads/610488.webp|https://masterapi.witheldokan.com/storage/seif-pharmacies/uploads/610485.webp|https://masterapi.witheldokan.com/storage/seif-pharmacies/uploads/610487.webp|https://masterapi.witheldokan.com/storage/seif-pharmacies/uploads/383673.webp|https://masterapi.witheldokan.com/storage/seif-pharmacies/uploads/586178.webp|https://masterapi.witheldokan.com/storage/seif-pharmacies/uploads/589223.webp|https://masterapi.witheldokan.com/storage/seif-pharmacies/uploads/601008.webp|https://masterapi.witheldokan.com/storage/seif-pharmacies/uploads/601025.webp|https://masterapi.witheldokan.com/storage/seif-pharmacies/uploads/601007.webp|https://masterapi.witheldokan.com/storage/seif-pharmacies/uploads/586187.webp|https://masterapi.witheldokan.com/storage/seif-pharmacies/uploads/601032.webp|https://masterapi.witheldokan.com/storage/seif-pharmacies/uploads/589221.webp|https://masterapi.witheldokan.com/storage/seif-pharmacies/uploads/600911.webp|https://masterapi.witheldokan.com/storage/seif-pharmacies/uploads/586186.webp|https://masterapi.witheldokan.com/storage/seif-pharmacies/uploads/586204.webp|https://masterapi.witheldokan.com/storage/seif-pharmacies/uploads/601010.webp|https://masterapi.witheldokan.com/storage/seif-pharmacies/uploads/601024.webp|https://masterapi.witheldokan.com/storage/seif-pharmacies/uploads/586200.webp|https://masterapi.witheldokan.com/storage/seif-pharmacies/uploads/601027.webp,https://seif-online.com/en/product/cosmetics/make-up/nail
Eye,,,Apply,Skin Care,,Download App Now,,,https://masterapi.witheldokan.com/storage/seif-pharmacies/uploads/613302.webp|https://masterapi.witheldokan.com/storage/seif-pharmacies/uploads/613131.webp|https://cdn.supercommerce.io/seif-pharmacies/uploads/618233-1769412353.webp|https://masterapi.witheldokan.com/storage/seif-pharmacies/uploads/609397.webp|https://masterapi.witheldokan.com/storage/seif-pharmacies/uploads/613130.webp|https://masterapi.witheldokan.com/storage/seif-pharmacies/uploads/380787.webp|https://masterapi.witheldokan.com/storage/seif-pharmacies/uploads/354295.webp|https://masterapi.witheldokan.com/storage/seif-pharmacies/uploads/354293.webp|https://masterapi.witheldokan.com/storage/seif-pharmacies/uploads/354298.webp|https://masterapi.witheldokan.com/storage/seif-pharmacies/uploads/380788.webp|https://masterapi.witheldokan.com/storage/seif-pharmacies/uploads/380780.webp|https://masterapi.witheldokan.com/storage/seif-pharmacies/uploads/380793.webp|https://masterapi.witheldokan.com/storage/seif-pharmacies/uploads/380776.webp|https://masterapi.witheldokan.com/storage/seif-pharmacies/uploads/390327.webp|https://masterapi.witheldokan.com/storage/seif-pharmacies/uploads/354301.webp|https://masterapi.witheldokan.com/storage/seif-pharmacies/uploads/354297.webp|https://masterapi.witheldokan.com/storage/seif-pharmacies/uploads/380801.webp|https://masterapi.witheldokan.com/storage/seif-pharmacies/uploads/380802.webp|https://masterapi.witheldokan.com/storage/seif-pharmacies/uploads/616230-1759399921.webp|https://masterapi.witheldokan.com/storage/seif-pharmacies/uploads/616601-1762328342.webp|https://masterapi.witheldokan.com/storage/seif-pharmacies/uploads/380773-1761054157.webp|https://masterapi.witheldokan.com/storage/seif-pharmacies/uploads/390321.webp|https://masterapi.witheldokan.com/storage/seif-pharmacies/uploads/390326.webp,https://seif-online.com/en/product/cosmetics/make-up/eye-makeup
Lip,,,Apply,Skin Care,,Download App Now,,,https://masterapi.witheldokan.com/storage/seif-pharmacies/uploads/606209-1760875816.webp|https://masterapi.witheldokan.com/storage/seif-pharmacies/uploads/616232-1759399792.webp|https://masterapi.witheldokan.com/storage/seif-pharmacies/uploads/616234-1759399886.webp|https://masterapi.witheldokan.com/storage/seif-pharmacies/uploads/616235-1759394975.webp|https://masterapi.witheldokan.com/storage/seif-pharmacies/uploads/342830.webp|https://masterapi.witheldokan.com/storage/seif-pharmacies/uploads/399921.webp|https://masterapi.witheldokan.com/storage/seif-pharmacies/uploads/608651.webp|https://masterapi.witheldokan.com/storage/seif-pharmacies/uploads/604143-1760878140.webp|https://masterapi.witheldokan.com/storage/seif-pharmacies/uploads/393823.webp|https://masterapi.witheldokan.com/storage/seif-pharmacies/uploads/380805.webp|https://masterapi.witheldokan.com/storage/seif-pharmacies/uploads/608652.webp|https://masterapi.witheldokan.com/storage/seif-pharmacies/uploads/606211-1760876532.webp|https://masterapi.witheldokan.com/storage/seif-pharmacies/uploads/606212-1760876423.webp|https://masterapi.witheldokan.com/storage/seif-pharmacies/uploads/380827.webp|https://masterapi.witheldokan.com/storage/seif-pharmacies/uploads/390295.webp|https://masterapi.witheldokan.com/storage/seif-pharmacies/uploads/380815.webp|https://masterapi.witheldokan.com/storage/seif-pharmacies/uploads/382413.webp|https://masterapi.witheldokan.com/storage/seif-pharmacies/uploads/380807.webp|https://masterapi.witheldokan.com/storage/seif-pharmacies/uploads/380808.webp|https://masterapi.witheldokan.com/storage/seif-pharmacies/uploads/380863.webp|https://masterapi.witheldokan.com/storage/seif-pharmacies/uploads/380864.webp|https://masterapi.witheldokan.com/storage/seif-pharmacies/uploads/390296.webp|https://masterapi.witheldokan.com/storage/seif-pharmacies/uploads/390299.webp|https://masterapi.witheldokan.com/storage/seif-pharmacies/uploads/390385.webp,https://seif-online.com/en/product/cosmetics/make-up/lip
Mom & Baby,,,Apply,Skin Care,,Download App Now,,,https://masterapi.witheldokan.com/storage/seif-pharmacies/uploads/11.webp|https://masterapi.witheldokan.com/storage/seif-pharmacies/uploads/609535.webp|https://masterapi.witheldokan.com/storage/seif-pharmacies/uploads/608322.webp|https://masterapi.witheldokan.com/storage/seif-pharmacies/uploads/374038.webp|https://masterapi.witheldokan.com/storage/seif-pharmacies/uploads/601858.webp|https://masterapi.witheldokan.com/storage/seif-pharmacies/uploads/403302.webp|https://masterapi.witheldokan.com/storage/seif-pharmacies/uploads/310791.webp|https://masterapi.witheldokan.com/storage/seif-pharmacies/uploads/310788.webp|https://masterapi.witheldokan.com/storage/seif-pharmacies/uploads/347024.webp|https://masterapi.witheldokan.com/storage/seif-pharmacies/uploads/2749.webp|https://cdn.supercommerce.io/seif-pharmacies/uploads/615697-1768470260.webp|https://masterapi.witheldokan.com/storage/seif-pharmacies/uploads/389787.webp|https://masterapi.witheldokan.com/storage/seif-pharmacies/uploads/4534.webp|https://cdn.supercommerce.io/seif-pharmacies/uploads/615693-1768469618.webp|https://masterapi.witheldokan.com/storage/seif-pharmacies/uploads/4116.webp|https://masterapi.witheldokan.com/storage/seif-pharmacies/uploads/606084.webp|https://masterapi.witheldokan.com/storage/seif-pharmacies/uploads/611266.webp|https://masterapi.witheldokan.com/storage/seif-pharmacies/uploads/613033.webp|https://masterapi.witheldokan.com/storage/seif-pharmacies/uploads/400385.webp|https://masterapi.witheldokan.com/storage/seif-pharmacies/uploads/608955.webp|https://masterapi.witheldokan.com/storage/seif-pharmacies/uploads/613453.webp|https://cdn.supercommerce.io/seif-pharmacies/uploads/615692-1768469494.webp|https://masterapi.witheldokan.com/storage/seif-pharmacies/uploads/376630.webp,https://seif-online.com/en/product/mom-baby
Lenses,,,Apply,Skin Care,,Download App Now,,,https://masterapi.witheldokan.com/storage/seif-pharmacies/uploads/48305.webp|https://cdn.supercommerce.io/seif-pharmacies/uploads/615283.jpg|https://cdn.supercommerce.io/seif-pharmacies/uploads/615282.jpg|https://cdn.supercommerce.io/seif-pharmacies/uploads/615286.webp|https://cdn.supercommerce.io/seif-pharmacies/uploads/615284.webp|https://cdn.supercommerce.io/seif-pharmacies/uploads/615285.webp|https://cdn.supercommerce.io/seif-pharmacies/uploads/615281.jpg|https://cdn.supercommerce.io/seif-pharmacies/uploads/607681-1773054127.webp|https://cdn.supercommerce.io/seif-pharmacies/uploads/607687-1773054664.webp|https://masterapi.witheldokan.com/storage/seif-pharmacies/uploads/614628-1759928174.webp|https://cdn.supercommerce.io/seif-pharmacies/uploads/614634-1773057270.webp|https://cdn.supercommerce.io/seif-pharmacies/uploads/607685-1773054450.webp|https://cdn.supercommerce.io/seif-pharmacies/uploads/614629-1773056571.webp|https://cdn.supercommerce.io/seif-pharmacies/uploads/614635-1773057370.webp|https://cdn.supercommerce.io/seif-pharmacies/uploads/614636-1773057449.webp|https://cdn.supercommerce.io/seif-pharmacies/uploads/614627-1773056471.webp|https://cdn.supercommerce.io/seif-pharmacies/uploads/607682-1773054199.webp|https://cdn.supercommerce.io/seif-pharmacies/uploads/614625-1773056153.webp|https://cdn.supercommerce.io/seif-pharmacies/uploads/614626-1773056339.webp|https://cdn.supercommerce.io/seif-pharmacies/uploads/618597-1773143977.webp|https://cdn.supercommerce.io/seif-pharmacies/uploads/614623-1773056001.webp|https://cdn.supercommerce.io/seif-pharmacies/uploads/618593-1773143684.webp|https://cdn.supercommerce.io/seif-pharmacies/uploads/607683-1773054522.webp,https://seif-online.com/en/product/cosmetics/general/lenses
Beauty Accessories,,,Apply,Skin Care,,Download App Now,,,https://masterapi.witheldokan.com/storage/seif-pharmacies/uploads/403750.webp|https://masterapi.witheldokan.com/storage/seif-pharmacies/uploads/403749.webp|https://masterapi.witheldokan.com/storage/seif-pharmacies/uploads/610316.webp|https://masterapi.witheldokan.com/storage/seif-pharmacies/uploads/610314.webp|https://masterapi.witheldokan.com/storage/seif-pharmacies/uploads/610317.webp|https://masterapi.witheldokan.com/storage/seif-pharmacies/uploads/608685.webp|https://masterapi.witheldokan.com/storage/seif-pharmacies/uploads/610312.webp|https://masterapi.witheldokan.com/storage/seif-pharmacies/uploads/610315.webp|https://cdn.supercommerce.io/seif-pharmacies/uploads/613337-1771144172.webp|https://masterapi.witheldokan.com/storage/seif-pharmacies/uploads/610313.webp|https://cdn.supercommerce.io/seif-pharmacies/uploads/615696-1768470011.webp|https://masterapi.witheldokan.com/storage/seif-pharmacies/uploads/403745.webp|https://masterapi.witheldokan.com/storage/seif-pharmacies/uploads/316051.webp|https://masterapi.witheldokan.com/storage/seif-pharmacies/uploads/316052.webp|https://masterapi.witheldokan.com/storage/seif-pharmacies/uploads/403744.webp|https://masterapi.witheldokan.com/storage/seif-pharmacies/uploads/614733.webp|https://masterapi.witheldokan.com/storage/seif-pharmacies/uploads/613253.webp,https://seif-online.com/en/product/cosmetics/general/beauty-accessories
Perfume,,,Apply,Skin Care,,Download App Now,,,https://masterapi.witheldokan.com/storage/seif-pharmacies/uploads/295989.webp|https://masterapi.witheldokan.com/storage/seif-pharmacies/uploads/315978.webp|https://masterapi.witheldokan.com/storage/seif-pharmacies/uploads/286407.webp|https://masterapi.witheldokan.com/storage/seif-pharmacies/uploads/276048.webp|https://masterapi.witheldokan.com/storage/seif-pharmacies/uploads/165272.webp|https://masterapi.witheldokan.com/storage/seif-pharmacies/uploads/315975.webp|https://masterapi.witheldokan.com/storage/seif-pharmacies/uploads/383586.webp|https://masterapi.witheldokan.com/storage/seif-pharmacies/uploads/389830.webp|https://masterapi.witheldokan.com/storage/seif-pharmacies/uploads/382585.webp|https://masterapi.witheldokan.com/storage/seif-pharmacies/uploads/389821.webp|https://masterapi.witheldokan.com/storage/seif-pharmacies/uploads/383598.webp|https://masterapi.witheldokan.com/storage/seif-pharmacies/uploads/253109.webp|https://masterapi.witheldokan.com/storage/seif-pharmacies/uploads/383585.webp|https://masterapi.witheldokan.com/storage/seif-pharmacies/uploads/207414.webp|https://masterapi.witheldokan.com/storage/seif-pharmacies/uploads/318603.webp|https://masterapi.witheldokan.com/storage/seif-pharmacies/uploads/382764.webp|https://masterapi.witheldokan.com/storage/seif-pharmacies/uploads/148182.webp|https://masterapi.witheldokan.com/storage/seif-pharmacies/uploads/389824.webp|https://masterapi.witheldokan.com/storage/seif-pharmacies/uploads/383599.webp|https://masterapi.witheldokan.com/storage/seif-pharmacies/uploads/148102.webp|https://masterapi.witheldokan.com/storage/seif-pharmacies/uploads/207415.webp|https://masterapi.witheldokan.com/storage/seif-pharmacies/uploads/300402.webp|https://masterapi.witheldokan.com/storage/seif-pharmacies/uploads/300363.webp|https://masterapi.witheldokan.com/storage/seif-pharmacies/uploads/318595.webp,https://seif-online.com/en/product/cosmetics/general/perfume
GLasses,,,Apply,Skin Care,,Download App Now,,,https://masterapi.witheldokan.com/storage/seif-pharmacies/uploads/605985.webp|https://masterapi.witheldokan.com/storage/seif-pharmacies/uploads/605990.webp|https://masterapi.witheldokan.com/storage/seif-pharmacies/uploads/605989.webp|https://masterapi.witheldokan.com/storage/seif-pharmacies/uploads/605991.webp|https://masterapi.witheldokan.com/storage/seif-pharmacies/uploads/605987.webp|https://masterapi.witheldokan.com/storage/seif-pharmacies/uploads/605988.webp|https://cdn.supercommerce.io/seif-pharmacies/uploads/605986-1769615183.webp|https://masterapi.witheldokan.com/storage/seif-pharmacies/uploads/608037.webp|https://masterapi.witheldokan.com/storage/seif-pharmacies/uploads/608038.webp,https://seif-online.com/en/product/cosmetics/general/glasses
Eye Lasher Accessories,,,Apply,Skin Care,,Download App Now,,,https://masterapi.witheldokan.com/storage/seif-pharmacies/uploads/612874.webp|https://masterapi.witheldokan.com/storage/seif-pharmacies/uploads/199249.webp|https://masterapi.witheldokan.com/storage/seif-pharmacies/uploads/609708.webp|https://masterapi.witheldokan.com/storage/seif-pharmacies/uploads/199255.webp|https://masterapi.witheldokan.com/storage/seif-pharmacies/uploads/403194.webp|https://masterapi.witheldokan.com/storage/seif-pharmacies/uploads/366049.webp|https://masterapi.witheldokan.com/storage/seif-pharmacies/uploads/403190.webp|https://masterapi.witheldokan.com/storage/seif-pharmacies/uploads/197180.webp|https://masterapi.witheldokan.com/storage/seif-pharmacies/uploads/403192.webp|https://masterapi.witheldokan.com/storage/seif-pharmacies/uploads/199251.webp|https://masterapi.witheldokan.com/storage/seif-pharmacies/uploads/324361.webp|https://masterapi.witheldokan.com/storage/seif-pharmacies/uploads/609690.webp|https://masterapi.witheldokan.com/storage/seif-pharmacies/uploads/401058-1760963423.webp|https://masterapi.witheldokan.com/storage/seif-pharmacies/uploads/400115.webp|https://masterapi.witheldokan.com/storage/seif-pharmacies/uploads/401055.webp|https://masterapi.witheldokan.com/storage/seif-pharmacies/uploads/197166.webp|https://masterapi.witheldokan.com/storage/seif-pharmacies/uploads/197175.webp|https://masterapi.witheldokan.com/storage/seif-pharmacies/uploads/609722.webp|https://masterapi.witheldokan.com/storage/seif-pharmacies/uploads/199250.webp|https://masterapi.witheldokan.com/storage/seif-pharmacies/uploads/199253.webp|https://masterapi.witheldokan.com/storage/seif-pharmacies/uploads/609725.webp,https://seif-online.com/en/product/cosmetics/general/eye-lasher-accessories
Nails Beauty,,,Apply,Skin Care,,Download App Now,,,https://masterapi.witheldokan.com/storage/seif-pharmacies/uploads/356493.webp|https://masterapi.witheldokan.com/storage/seif-pharmacies/uploads/606197.webp|https://cdn.supercommerce.io/seif-pharmacies/uploads/618234-1769412523.webp|https://masterapi.witheldokan.com/storage/seif-pharmacies/uploads/402971.webp|https://masterapi.witheldokan.com/storage/seif-pharmacies/uploads/401618.webp|https://masterapi.witheldokan.com/storage/seif-pharmacies/uploads/608996.webp|https://masterapi.witheldokan.com/storage/seif-pharmacies/uploads/432436.webp|https://masterapi.witheldokan.com/storage/seif-pharmacies/uploads/403294.webp|https://masterapi.witheldokan.com/storage/seif-pharmacies/uploads/609191.webp|https://masterapi.witheldokan.com/storage/seif-pharmacies/uploads/610797.webp|https://masterapi.witheldokan.com/storage/seif-pharmacies/uploads/607591.webp|https://masterapi.witheldokan.com/storage/seif-pharmacies/uploads/402968.webp|https://masterapi.witheldokan.com/storage/seif-pharmacies/uploads/401657.webp|https://masterapi.witheldokan.com/storage/seif-pharmacies/uploads/401649.webp|https://masterapi.witheldokan.com/storage/seif-pharmacies/uploads/401650.webp|https://masterapi.witheldokan.com/storage/seif-pharmacies/uploads/401639.webp|https://masterapi.witheldokan.com/storage/seif-pharmacies/uploads/401651.webp|https://masterapi.witheldokan.com/storage/seif-pharmacies/uploads/402973.webp|https://masterapi.witheldokan.com/storage/seif-pharmacies/uploads/611772.webp|https://masterapi.witheldokan.com/storage/seif-pharmacies/uploads/613251.webp|https://masterapi.witheldokan.com/storage/seif-pharmacies/uploads/401644.webp|https://masterapi.witheldokan.com/storage/seif-pharmacies/uploads/401654.webp|https://masterapi.witheldokan.com/storage/seif-pharmacies/uploads/401658.webp,https://seif-online.com/en/product/cosmetics/general/nails-beauty
Oral Care,,,Apply,Skin Care,,Download App Now,,,https://masterapi.witheldokan.com/storage/seif-pharmacies/uploads/300842.webp|https://cdn.supercommerce.io/seif-pharmacies/uploads/253823-1772021548.webp|https://masterapi.witheldokan.com/storage/seif-pharmacies/uploads/300833.webp|https://masterapi.witheldokan.com/storage/seif-pharmacies/uploads/300838.webp|https://masterapi.witheldokan.com/storage/seif-pharmacies/uploads/606439.webp|https://masterapi.witheldokan.com/storage/seif-pharmacies/uploads/44178.webp|https://masterapi.witheldokan.com/storage/seif-pharmacies/uploads/610756.webp|https://masterapi.witheldokan.com/storage/seif-pharmacies/uploads/614446-1759929234.webp|https://masterapi.witheldokan.com/storage/seif-pharmacies/uploads/28986.webp|https://masterapi.witheldokan.com/storage/seif-pharmacies/uploads/71994.webp|https://masterapi.witheldokan.com/storage/seif-pharmacies/uploads/91500.webp|https://masterapi.witheldokan.com/storage/seif-pharmacies/uploads/263595.webp|https://masterapi.witheldokan.com/storage/seif-pharmacies/uploads/281710.webp|https://masterapi.witheldokan.com/storage/seif-pharmacies/uploads/394618.webp|https://masterapi.witheldokan.com/storage/seif-pharmacies/uploads/71995.webp|https://masterapi.witheldokan.com/storage/seif-pharmacies/uploads/263596.webp|https://masterapi.witheldokan.com/storage/seif-pharmacies/uploads/285820.webp,https://seif-online.com/en/product/every-day-essentials/oral-care
Dental Care,,,Apply,Skin Care,,Download App Now,,,https://masterapi.witheldokan.com/storage/seif-pharmacies/uploads/285820.webp|https://masterapi.witheldokan.com/storage/seif-pharmacies/uploads/287159.webp|https://masterapi.witheldokan.com/storage/seif-pharmacies/uploads/385374.webp|https://masterapi.witheldokan.com/storage/seif-pharmacies/uploads/312494.webp|https://masterapi.witheldokan.com/storage/seif-pharmacies/uploads/614454.webp|https://masterapi.witheldokan.com/storage/seif-pharmacies/uploads/607351.webp|https://masterapi.witheldokan.com/storage/seif-pharmacies/uploads/614455.webp,https://seif-online.com/en/product/every-day-essentials/oral-care/dental-care
Breath Fresheners,,,Apply,Skin Care,,Download App Now,,,https://masterapi.witheldokan.com/storage/seif-pharmacies/uploads/610756.webp|https://masterapi.witheldokan.com/storage/seif-pharmacies/uploads/66990.webp|https://masterapi.witheldokan.com/storage/seif-pharmacies/uploads/604619.webp|https://masterapi.witheldokan.com/storage/seif-pharmacies/uploads/614799-1759931423.webp|https://masterapi.witheldokan.com/storage/seif-pharmacies/uploads/614798-1759931376.webp|https://masterapi.witheldokan.com/storage/seif-pharmacies/uploads/614784.webp|https://masterapi.witheldokan.com/storage/seif-pharmacies/uploads/604618.webp|https://masterapi.witheldokan.com/storage/seif-pharmacies/uploads/608851-1760358492.webp|https://masterapi.witheldokan.com/storage/seif-pharmacies/uploads/299911.webp|https://masterapi.witheldokan.com/storage/seif-pharmacies/uploads/432221-1760962789.webp,https://seif-online.com/en/product/every-day-essentials/oral-care/breath-fresheners
Teeth Whitening,,,Apply,Skin Care,,Download App Now,,,https://masterapi.witheldokan.com/storage/seif-pharmacies/uploads/7938.webp|https://masterapi.witheldokan.com/storage/seif-pharmacies/uploads/7937.webp|https://masterapi.witheldokan.com/storage/seif-pharmacies/uploads/7939.webp|https://cdn.supercommerce.io/seif-pharmacies/uploads/609530-1770887910.webp|https://masterapi.witheldokan.com/storage/seif-pharmacies/uploads/7940.webp|https://cdn.supercommerce.io/seif-pharmacies/uploads/617356-1771234261.webp|https://masterapi.witheldokan.com/storage/seif-pharmacies/uploads/605729.webp|https://masterapi.witheldokan.com/storage/seif-pharmacies/uploads/608153.webp,https://seif-online.com/en/product/every-day-essentials/oral-care/teeth-whitening
Toothbrush,,,Apply,Skin Care,,Download App Now,,,https://masterapi.witheldokan.com/storage/seif-pharmacies/uploads/300842.webp|https://masterapi.witheldokan.com/storage/seif-pharmacies/uploads/300833.webp|https://masterapi.witheldokan.com/storage/seif-pharmacies/uploads/300838.webp|https://masterapi.witheldokan.com/storage/seif-pharmacies/uploads/614438-1759929965.webp|https://masterapi.witheldokan.com/storage/seif-pharmacies/uploads/614443-1759929911.webp|https://masterapi.witheldokan.com/storage/seif-pharmacies/uploads/614444-1759929734.webp|https://masterapi.witheldokan.com/storage/seif-pharmacies/uploads/614445-1759928907.webp|https://cdn.supercommerce.io/seif-pharmacies/uploads/612825-1773396324.webp|https://cdn.supercommerce.io/seif-pharmacies/uploads/612828-1768469037.webp|https://masterapi.witheldokan.com/storage/seif-pharmacies/uploads/347143.webp|https://masterapi.witheldokan.com/storage/seif-pharmacies/uploads/614442-1759929712.webp|https://masterapi.witheldokan.com/storage/seif-pharmacies/uploads/612831.webp|https://masterapi.witheldokan.com/storage/seif-pharmacies/uploads/614437-1759929818.webp|https://cdn.supercommerce.io/seif-pharmacies/uploads/612826-1768468905.webp|https://masterapi.witheldokan.com/storage/seif-pharmacies/uploads/614440-1759929989.webp|https://masterapi.witheldokan.com/storage/seif-pharmacies/uploads/614441-1759929939.webp|https://masterapi.witheldokan.com/storage/seif-pharmacies/uploads/614436-1759930012.webp|https://masterapi.witheldokan.com/storage/seif-pharmacies/uploads/235047.webp|https://masterapi.witheldokan.com/storage/seif-pharmacies/uploads/606108.webp,https://seif-online.com/en/product/every-day-essentials/oral-care/toothbrush
Mouthwash & Gargle,,,Apply,Skin Care,,Download App Now,,,https://masterapi.witheldokan.com/storage/seif-pharmacies/uploads/25.webp|https://masterapi.witheldokan.com/storage/seif-pharmacies/uploads/322991.webp|https://masterapi.witheldokan.com/storage/seif-pharmacies/uploads/58755.webp|https://masterapi.witheldokan.com/storage/seif-pharmacies/uploads/615218-1754482369.webp|https://masterapi.witheldokan.com/storage/seif-pharmacies/uploads/323271.webp|https://masterapi.witheldokan.com/storage/seif-pharmacies/uploads/317972.webp|https://cdn.supercommerce.io/seif-pharmacies/uploads/202447-1768734236.webp|https://masterapi.witheldokan.com/storage/seif-pharmacies/uploads/382667.webp|https://masterapi.witheldokan.com/storage/seif-pharmacies/uploads/377416.webp|https://cdn.supercommerce.io/seif-pharmacies/uploads/616779-1773226188.webp|https://cdn.supercommerce.io/seif-pharmacies/uploads/616780-1773226275.webp|https://cdn.supercommerce.io/seif-pharmacies/uploads/617572-1773226701.webp|https://masterapi.witheldokan.com/storage/seif-pharmacies/uploads/58756.webp|https://cdn.supercommerce.io/seif-pharmacies/uploads/617571-1773226598.webp|https://cdn.supercommerce.io/seif-pharmacies/uploads/617570-1773226446.webp|https://cdn.supercommerce.io/seif-pharmacies/uploads/616781-1773226371.webp|https://masterapi.witheldokan.com/storage/seif-pharmacies/uploads/322992.webp|https://masterapi.witheldokan.com/storage/seif-pharmacies/uploads/602534.webp|https://masterapi.witheldokan.com/storage/seif-pharmacies/uploads/611258-1761048004.webp|https://masterapi.witheldokan.com/storage/seif-pharmacies/uploads/614672-1760535985.webp,https://seif-online.com/en/product/every-day-essentials/oral-care/mouthwash-gargle-oral-care
Dental Floss,,,Apply,Skin Care,,Download App Now,,,https://masterapi.witheldokan.com/storage/seif-pharmacies/uploads/614446-1759929234.webp|https://cdn.supercommerce.io/seif-pharmacies/uploads/616797.webp|https://masterapi.witheldokan.com/storage/seif-pharmacies/uploads/430924-1760962987.webp|https://masterapi.witheldokan.com/storage/seif-pharmacies/uploads/616504-1759152837.webp|https://masterapi.witheldokan.com/storage/seif-pharmacies/uploads/616503-1759152803.webp|https://masterapi.witheldokan.com/storage/seif-pharmacies/uploads/601175.webp|https://masterapi.witheldokan.com/storage/seif-pharmacies/uploads/54080.webp|https://masterapi.witheldokan.com/storage/seif-pharmacies/uploads/54081.webp|https://masterapi.witheldokan.com/storage/seif-pharmacies/uploads/54082.webp,https://seif-online.com/en/product/every-day-essentials/oral-care/dental-floss
Toothpaste,,,Apply,Skin Care,,Download App Now,,,https://cdn.supercommerce.io/seif-pharmacies/uploads/253823-1772021548.webp|https://masterapi.witheldokan.com/storage/seif-pharmacies/uploads/606439.webp|https://masterapi.witheldokan.com/storage/seif-pharmacies/uploads/44178.webp|https://masterapi.witheldokan.com/storage/seif-pharmacies/uploads/28986.webp|https://masterapi.witheldokan.com/storage/seif-pharmacies/uploads/71994.webp|https://masterapi.witheldokan.com/storage/seif-pharmacies/uploads/91500.webp|https://masterapi.witheldokan.com/storage/seif-pharmacies/uploads/263595.webp|https://masterapi.witheldokan.com/storage/seif-pharmacies/uploads/281710.webp|https://masterapi.witheldokan.com/storage/seif-pharmacies/uploads/394618.webp|https://masterapi.witheldokan.com/storage/seif-pharmacies/uploads/71995.webp|https://masterapi.witheldokan.com/storage/seif-pharmacies/uploads/263596.webp|https://masterapi.witheldokan.com/storage/seif-pharmacies/uploads/60808.webp|https://masterapi.witheldokan.com/storage/seif-pharmacies/uploads/208873.webp|https://masterapi.witheldokan.com/storage/seif-pharmacies/uploads/605014.webp|https://masterapi.witheldokan.com/storage/seif-pharmacies/uploads/111928.webp|https://cdn.supercommerce.io/seif-pharmacies/uploads/615525.webp|https://cdn.supercommerce.io/seif-pharmacies/uploads/614535.webp|https://masterapi.witheldokan.com/storage/seif-pharmacies/uploads/616520-1759152701.webp,https://seif-online.com/en/product/every-day-essentials/oral-care/toothpaste
Women Care,,,Apply,Skin Care,,Download App Now,,,https://masterapi.witheldokan.com/storage/seif-pharmacies/uploads/382939.webp|https://masterapi.witheldokan.com/storage/seif-pharmacies/uploads/604094.webp|https://cdn.supercommerce.io/seif-pharmacies/uploads/616749-1768722188.webp|https://masterapi.witheldokan.com/storage/seif-pharmacies/uploads/606856.webp|https://masterapi.witheldokan.com/storage/seif-pharmacies/uploads/150864.webp|https://masterapi.witheldokan.com/storage/seif-pharmacies/uploads/2555.webp|https://masterapi.witheldokan.com/storage/seif-pharmacies/uploads/51146.webp|https://masterapi.witheldokan.com/storage/seif-pharmacies/uploads/88162.webp|https://masterapi.witheldokan.com/storage/seif-pharmacies/uploads/80522.webp|https://masterapi.witheldokan.com/storage/seif-pharmacies/uploads/369283.webp|https://cdn.supercommerce.io/seif-pharmacies/uploads/616748.webp|https://masterapi.witheldokan.com/storage/seif-pharmacies/uploads/358730.webp|https://masterapi.witheldokan.com/storage/seif-pharmacies/uploads/608373.webp|https://masterapi.witheldokan.com/storage/seif-pharmacies/uploads/345403.webp|https://masterapi.witheldokan.com/storage/seif-pharmacies/uploads/233088.webp|https://masterapi.witheldokan.com/storage/seif-pharmacies/uploads/382832.webp|https://masterapi.witheldokan.com/storage/seif-pharmacies/uploads/279789.webp|https://masterapi.witheldokan.com/storage/seif-pharmacies/uploads/284684.webp|https://masterapi.witheldokan.com/storage/seif-pharmacies/uploads/610676.webp|https://masterapi.witheldokan.com/storage/seif-pharmacies/uploads/604629.webp,https://seif-online.com/en/product/every-day-essentials/women-care
Hair Styling Electronics,,,Apply,Skin Care,,Download App Now,,,https://masterapi.witheldokan.com/storage/seif-pharmacies/uploads/616265-1759399562.webp|https://masterapi.witheldokan.com/storage/seif-pharmacies/uploads/611381.webp|https://masterapi.witheldokan.com/storage/seif-pharmacies/uploads/383302.webp|https://masterapi.witheldokan.com/storage/seif-pharmacies/uploads/384395.webp|https://masterapi.witheldokan.com/storage/seif-pharmacies/uploads/605791.webp|https://masterapi.witheldokan.com/storage/seif-pharmacies/uploads/608131.webp|https://masterapi.witheldokan.com/storage/seif-pharmacies/uploads/608136.webp|https://masterapi.witheldokan.com/storage/seif-pharmacies/uploads/616243-1759399594.webp,https://seif-online.com/en/product/every-day-essentials/women-care/hair-styling-electronics
Hair Removal Products,,,Apply,Skin Care,,Download App Now,,,https://masterapi.witheldokan.com/storage/seif-pharmacies/uploads/382939.webp|https://masterapi.witheldokan.com/storage/seif-pharmacies/uploads/604094.webp|https://masterapi.witheldokan.com/storage/seif-pharmacies/uploads/150864.webp|https://masterapi.witheldokan.com/storage/seif-pharmacies/uploads/358730.webp|https://masterapi.witheldokan.com/storage/seif-pharmacies/uploads/608373.webp|https://masterapi.witheldokan.com/storage/seif-pharmacies/uploads/389511.webp|https://masterapi.witheldokan.com/storage/seif-pharmacies/uploads/50208.webp|https://masterapi.witheldokan.com/storage/seif-pharmacies/uploads/431476.webp|https://masterapi.witheldokan.com/storage/seif-pharmacies/uploads/50207.webp|https://masterapi.witheldokan.com/storage/seif-pharmacies/uploads/608372.webp|https://masterapi.witheldokan.com/storage/seif-pharmacies/uploads/290401.webp|https://masterapi.witheldokan.com/storage/seif-pharmacies/uploads/616388-1759230781.webp|https://masterapi.witheldokan.com/storage/seif-pharmacies/uploads/369784.webp|https://masterapi.witheldokan.com/storage/seif-pharmacies/uploads/616385-1759230915.webp|https://masterapi.witheldokan.com/storage/seif-pharmacies/uploads/616381-1759231016.webp|https://masterapi.witheldokan.com/storage/seif-pharmacies/uploads/616384-1759230886.webp|https://masterapi.witheldokan.com/storage/seif-pharmacies/uploads/616386-1759230852.webp|https://masterapi.witheldokan.com/storage/seif-pharmacies/uploads/369789.webp|https://cdn.supercommerce.io/seif-pharmacies/uploads/384541-1768729966.webp|https://cdn.supercommerce.io/seif-pharmacies/uploads/616389-1768736290.webp|https://masterapi.witheldokan.com/storage/seif-pharmacies/uploads/167847.webp|https://masterapi.witheldokan.com/storage/seif-pharmacies/uploads/208572.webp,https://seif-online.com/en/product/every-day-essentials/women-care/hair-removal-products
Women Sanitary Care,,,Apply,Skin Care,,Download App Now,,,https://masterapi.witheldokan.com/storage/seif-pharmacies/uploads/2555.webp|https://masterapi.witheldokan.com/storage/seif-pharmacies/uploads/129714.webp|https://masterapi.witheldokan.com/storage/seif-pharmacies/uploads/1961.webp|https://masterapi.witheldokan.com/storage/seif-pharmacies/uploads/608710.webp|https://masterapi.witheldokan.com/storage/seif-pharmacies/uploads/616710-1759143083.webp|https://masterapi.witheldokan.com/storage/seif-pharmacies/uploads/160384.webp|https://masterapi.witheldokan.com/storage/seif-pharmacies/uploads/608716.webp|https://masterapi.witheldokan.com/storage/seif-pharmacies/uploads/2663.webp|https://masterapi.witheldokan.com/storage/seif-pharmacies/uploads/129713.webp|https://masterapi.witheldokan.com/storage/seif-pharmacies/uploads/611844-1757579485.webp|https://masterapi.witheldokan.com/storage/seif-pharmacies/uploads/321988.webp|https://masterapi.witheldokan.com/storage/seif-pharmacies/uploads/281686.webp|https://masterapi.witheldokan.com/storage/seif-pharmacies/uploads/616078-1757840195.webp|https://cdn.supercommerce.io/seif-pharmacies/uploads/607053.webp|https://masterapi.witheldokan.com/storage/seif-pharmacies/uploads/616452-1757569639.webp|https://masterapi.witheldokan.com/storage/seif-pharmacies/uploads/356936.webp|https://masterapi.witheldokan.com/storage/seif-pharmacies/uploads/2656.webp|https://masterapi.witheldokan.com/storage/seif-pharmacies/uploads/385401.webp|https://masterapi.witheldokan.com/storage/seif-pharmacies/uploads/2446.webp|https://cdn.supercommerce.io/seif-pharmacies/uploads/618235-1773820016.webp|https://masterapi.witheldokan.com/storage/seif-pharmacies/uploads/334788.webp|https://masterapi.witheldokan.com/storage/seif-pharmacies/uploads/614767.webp|https://masterapi.witheldokan.com/storage/seif-pharmacies/uploads/161922.webp,https://seif-online.com/en/product/every-day-essentials/women-care/women-sanitary-care
Electric Hair Removal Machines,,,Apply,Skin Care,,Download App Now,,,https://masterapi.witheldokan.com/storage/seif-pharmacies/uploads/349825.webp|https://masterapi.witheldokan.com/storage/seif-pharmacies/uploads/338092.webp|https://masterapi.witheldokan.com/storage/seif-pharmacies/uploads/605880.webp|https://masterapi.witheldokan.com/storage/seif-pharmacies/uploads/614332.webp|https://masterapi.witheldokan.com/storage/seif-pharmacies/uploads/354533.webp|https://masterapi.witheldokan.com/storage/seif-pharmacies/uploads/603928.webp|https://masterapi.witheldokan.com/storage/seif-pharmacies/uploads/614330.webp,https://seif-online.com/en/product/every-day-essentials/women-care/electric-hair-removal-machines
Sanitary Napkins,,,Apply,Skin Care,,Download App Now,,,https://cdn.supercommerce.io/seif-pharmacies/uploads/616749-1768722188.webp|https://masterapi.witheldokan.com/storage/seif-pharmacies/uploads/606856.webp|https://masterapi.witheldokan.com/storage/seif-pharmacies/uploads/51146.webp|https://masterapi.witheldokan.com/storage/seif-pharmacies/uploads/88162.webp|https://masterapi.witheldokan.com/storage/seif-pharmacies/uploads/80522.webp|https://masterapi.witheldokan.com/storage/seif-pharmacies/uploads/369283.webp|https://cdn.supercommerce.io/seif-pharmacies/uploads/616748.webp|https://masterapi.witheldokan.com/storage/seif-pharmacies/uploads/345403.webp|https://masterapi.witheldokan.com/storage/seif-pharmacies/uploads/233088.webp|https://masterapi.witheldokan.com/storage/seif-pharmacies/uploads/382832.webp|https://masterapi.witheldokan.com/storage/seif-pharmacies/uploads/279789.webp|https://masterapi.witheldokan.com/storage/seif-pharmacies/uploads/284684.webp|https://masterapi.witheldokan.com/storage/seif-pharmacies/uploads/610676.webp|https://masterapi.witheldokan.com/storage/seif-pharmacies/uploads/604629.webp|https://cdn.supercommerce.io/seif-pharmacies/uploads/281543.webp|https://masterapi.witheldokan.com/storage/seif-pharmacies/uploads/51145.webp|https://masterapi.witheldokan.com/storage/seif-pharmacies/uploads/80406.webp|https://masterapi.witheldokan.com/storage/seif-pharmacies/uploads/610678.webp|https://masterapi.witheldokan.com/storage/seif-pharmacies/uploads/253557.webp|https://masterapi.witheldokan.com/storage/seif-pharmacies/uploads/608106.webp,https://seif-online.com/en/product/every-day-essentials/women-care/sanitary-napkins
Bath & Body,,,Apply,Skin Care,,Download App Now,,,https://cdn.supercommerce.io/seif-pharmacies/uploads/615736.webp|https://masterapi.witheldokan.com/storage/seif-pharmacies/uploads/615736- WNP-1754217384.webp|https://cdn.supercommerce.io/seif-pharmacies/uploads/615737.webp|https://masterapi.witheldokan.com/storage/seif-pharmacies/uploads/615737-wnp-1754285268.webp|https://cdn.supercommerce.io/seif-pharmacies/uploads/615734.webp|https://masterapi.witheldokan.com/storage/seif-pharmacies/uploads/615734-WNP-1754216838.webp|https://cdn.supercommerce.io/seif-pharmacies/uploads/615738.webp|https://masterapi.witheldokan.com/storage/seif-pharmacies/uploads/615738- WNP-1754217583.webp|https://cdn.supercommerce.io/seif-pharmacies/uploads/615735.webp|https://masterapi.witheldokan.com/storage/seif-pharmacies/uploads/615735- wnp-1754285056.webp|https://masterapi.witheldokan.com/storage/seif-pharmacies/uploads/386699.webp|https://masterapi.witheldokan.com/storage/seif-pharmacies/uploads/386698.webp|https://masterapi.witheldokan.com/storage/seif-pharmacies/uploads/614591-1759928245.webp|https://cdn.supercommerce.io/seif-pharmacies/uploads/613823-1771232292.webp|https://masterapi.witheldokan.com/storage/seif-pharmacies/uploads/616975-1759825565.webp|https://masterapi.witheldokan.com/storage/seif-pharmacies/uploads/616402-1759312040.webp|https://masterapi.witheldokan.com/storage/seif-pharmacies/uploads/607054.webp|https://masterapi.witheldokan.com/storage/seif-pharmacies/uploads/613475.webp|https://masterapi.witheldokan.com/storage/seif-pharmacies/uploads/602118.webp|https://masterapi.witheldokan.com/storage/seif-pharmacies/uploads/602120.webp,https://seif-online.com/en/product/every-day-essentials/bath-body
Bath Loof,,,Apply,Skin Care,,Download App Now,,,https://masterapi.witheldokan.com/storage/seif-pharmacies/uploads/604162.webp|https://masterapi.witheldokan.com/storage/seif-pharmacies/uploads/604253.webp|https://masterapi.witheldokan.com/storage/seif-pharmacies/uploads/604249.webp|https://masterapi.witheldokan.com/storage/seif-pharmacies/uploads/604262.webp|https://masterapi.witheldokan.com/storage/seif-pharmacies/uploads/604254.webp|https://masterapi.witheldokan.com/storage/seif-pharmacies/uploads/604259.webp|https://masterapi.witheldokan.com/storage/seif-pharmacies/uploads/604257.webp|https://masterapi.witheldokan.com/storage/seif-pharmacies/uploads/604252.webp|https://masterapi.witheldokan.com/storage/seif-pharmacies/uploads/604256.webp,https://seif-online.com/en/product/every-day-essentials/bath-body/bath-loof
Hand Wash,,,Apply,Skin Care,,Download App Now,,,https://masterapi.witheldokan.com/storage/seif-pharmacies/uploads/386699.webp|https://masterapi.witheldokan.com/storage/seif-pharmacies/uploads/386698.webp|https://masterapi.witheldokan.com/storage/seif-pharmacies/uploads/614591-1759928245.webp|https://cdn.supercommerce.io/seif-pharmacies/uploads/613823-1771232292.webp|https://masterapi.witheldokan.com/storage/seif-pharmacies/uploads/613475.webp|https://masterapi.witheldokan.com/storage/seif-pharmacies/uploads/606438.webp|https://masterapi.witheldokan.com/storage/seif-pharmacies/uploads/395884.webp|https://cdn.supercommerce.io/seif-pharmacies/uploads/613822-1771232115.webp|https://masterapi.witheldokan.com/storage/seif-pharmacies/uploads/614590-1759928278.webp|https://masterapi.witheldokan.com/storage/seif-pharmacies/uploads/167480.webp|https://cdn.supercommerce.io/seif-pharmacies/uploads/613825-1771232469.webp,https://seif-online.com/en/product/every-day-essentials/bath-body/hand-wash
Body Wash,,,Apply,Skin Care,,Download App Now,,,https://cdn.supercommerce.io/seif-pharmacies/uploads/615736.webp|https://masterapi.witheldokan.com/storage/seif-pharmacies/uploads/615736- WNP-1754217384.webp|https://cdn.supercommerce.io/seif-pharmacies/uploads/615737.webp|https://masterapi.witheldokan.com/storage/seif-pharmacies/uploads/615737-wnp-1754285268.webp|https://cdn.supercommerce.io/seif-pharmacies/uploads/615734.webp|https://masterapi.witheldokan.com/storage/seif-pharmacies/uploads/615734-WNP-1754216838.webp|https://cdn.supercommerce.io/seif-pharmacies/uploads/615738.webp|https://masterapi.witheldokan.com/storage/seif-pharmacies/uploads/615738- WNP-1754217583.webp|https://cdn.supercommerce.io/seif-pharmacies/uploads/615735.webp|https://masterapi.witheldokan.com/storage/seif-pharmacies/uploads/615735- wnp-1754285056.webp|https://masterapi.witheldokan.com/storage/seif-pharmacies/uploads/616975-1759825565.webp|https://masterapi.witheldokan.com/storage/seif-pharmacies/uploads/616402-1759312040.webp|https://masterapi.witheldokan.com/storage/seif-pharmacies/uploads/607054.webp|https://masterapi.witheldokan.com/storage/seif-pharmacies/uploads/602118.webp|https://masterapi.witheldokan.com/storage/seif-pharmacies/uploads/602120.webp|https://masterapi.witheldokan.com/storage/seif-pharmacies/uploads/602116.webp|https://masterapi.witheldokan.com/storage/seif-pharmacies/uploads/602117.webp|https://masterapi.witheldokan.com/storage/seif-pharmacies/uploads/617536.webp|https://masterapi.witheldokan.com/storage/seif-pharmacies/uploads/611958-1757572205.webp|https://masterapi.witheldokan.com/storage/seif-pharmacies/uploads/617535-(1).webp|https://masterapi.witheldokan.com/storage/seif-pharmacies/uploads/602119.webp|https://masterapi.witheldokan.com/storage/seif-pharmacies/uploads/606848.webp|https://cdn.supercommerce.io/seif-pharmacies/uploads/606846-1768724143.webp|https://masterapi.witheldokan.com/storage/seif-pharmacies/uploads/606847-1761048985.webp|https://cdn.supercommerce.io/seif-pharmacies/uploads/613523-1774336433.webp|https://cdn.supercommerce.io/seif-pharmacies/uploads/608976-1768725983.webp|https://cdn.supercommerce.io/seif-pharmacies/uploads/614370-1773402304.webp,https://seif-online.com/en/product/every-day-essentials/bath-body/body-wash
Body Fresheners,,,Apply,Skin Care,,Download App Now,,,https://cdn.supercommerce.io/seif-pharmacies/uploads/615768.webp|https://masterapi.witheldokan.com/storage/seif-pharmacies/uploads/615768--1753883301.webp|https://cdn.supercommerce.io/seif-pharmacies/uploads/615770.webp|https://cdn.supercommerce.io/seif-pharmacies/uploads/615773.webp|https://cdn.supercommerce.io/seif-pharmacies/uploads/615772.webp|https://cdn.supercommerce.io/seif-pharmacies/uploads/615767.webp|https://cdn.supercommerce.io/seif-pharmacies/uploads/615771.webp|https://cdn.supercommerce.io/seif-pharmacies/uploads/615931-1768726598.webp|https://cdn.supercommerce.io/seif-pharmacies/uploads/615769.webp|https://masterapi.witheldokan.com/storage/seif-pharmacies/uploads/615769--1753883117.webp|https://masterapi.witheldokan.com/storage/seif-pharmacies/uploads/604586.webp|https://masterapi.witheldokan.com/storage/seif-pharmacies/uploads/613856.webp|https://masterapi.witheldokan.com/storage/seif-pharmacies/uploads/382595.webp|https://masterapi.witheldokan.com/storage/seif-pharmacies/uploads/382594.webp|https://masterapi.witheldokan.com/storage/seif-pharmacies/uploads/399407.webp|https://masterapi.witheldokan.com/storage/seif-pharmacies/uploads/382591.webp|https://masterapi.witheldokan.com/storage/seif-pharmacies/uploads/378268.webp|https://cdn.supercommerce.io/seif-pharmacies/uploads/615078.webp|https://masterapi.witheldokan.com/storage/seif-pharmacies/uploads/5725.webp|https://masterapi.witheldokan.com/storage/seif-pharmacies/uploads/614773webp-1753950065.webp|https://masterapi.witheldokan.com/storage/seif-pharmacies/uploads/5713.webp|https://masterapi.witheldokan.com/storage/seif-pharmacies/uploads/613858.webp|https://cdn.supercommerce.io/seif-pharmacies/uploads/615079-1768735784.webp|https://cdn.supercommerce.io/seif-pharmacies/uploads/615700.webp|https://masterapi.witheldokan.com/storage/seif-pharmacies/uploads/5712.webp|https://masterapi.witheldokan.com/storage/seif-pharmacies/uploads/607052.webp,https://seif-online.com/en/product/every-day-essentials/body-fresheners
Deodrant Cream,,,Apply,Skin Care,,Download App Now,,,https://masterapi.witheldokan.com/storage/seif-pharmacies/uploads/4617.webp|https://masterapi.witheldokan.com/storage/seif-pharmacies/uploads/65627.webp|https://masterapi.witheldokan.com/storage/seif-pharmacies/uploads/65628.webp|https://cdn.supercommerce.io/seif-pharmacies/uploads/607989.webp|https://masterapi.witheldokan.com/storage/seif-pharmacies/uploads/606365.webp|https://cdn.supercommerce.io/seif-pharmacies/uploads/607002.webp|https://cdn.supercommerce.io/seif-pharmacies/uploads/607988.webp|https://masterapi.witheldokan.com/storage/seif-pharmacies/uploads/327296.webp|https://masterapi.witheldokan.com/storage/seif-pharmacies/uploads/227998.webp|https://masterapi.witheldokan.com/storage/seif-pharmacies/uploads/228016.webp|https://masterapi.witheldokan.com/storage/seif-pharmacies/uploads/228015.webp|https://masterapi.witheldokan.com/storage/seif-pharmacies/uploads/354866.webp|https://cdn.supercommerce.io/seif-pharmacies/uploads/607001.webp|https://cdn.supercommerce.io/seif-pharmacies/uploads/607990.webp|https://masterapi.witheldokan.com/storage/seif-pharmacies/uploads/4618.webp|https://masterapi.witheldokan.com/storage/seif-pharmacies/uploads/338087.webp,https://seif-online.com/en/product/every-day-essentials/body-fresheners/deodrant-cream
Body Mist,,,Apply,Skin Care,,Download App Now,,,https://masterapi.witheldokan.com/storage/seif-pharmacies/uploads/5713.webp|https://masterapi.witheldokan.com/storage/seif-pharmacies/uploads/610570.webp|https://masterapi.witheldokan.com/storage/seif-pharmacies/uploads/610569.webp|https://masterapi.witheldokan.com/storage/seif-pharmacies/uploads/608796.webp|https://masterapi.witheldokan.com/storage/seif-pharmacies/uploads/613446-1757573851.webp|https://masterapi.witheldokan.com/storage/seif-pharmacies/uploads/602122.webp|https://masterapi.witheldokan.com/storage/seif-pharmacies/uploads/602141.webp|https://masterapi.witheldokan.com/storage/seif-pharmacies/uploads/611934-1758717741.webp|https://masterapi.witheldokan.com/storage/seif-pharmacies/uploads/602125.webp|https://masterapi.witheldokan.com/storage/seif-pharmacies/uploads/608793-1758717641.webp|https://masterapi.witheldokan.com/storage/seif-pharmacies/uploads/613444-1757573455.webp|https://masterapi.witheldokan.com/storage/seif-pharmacies/uploads/613445-1757573817.webp|https://masterapi.witheldokan.com/storage/seif-pharmacies/uploads/602138.webp|https://masterapi.witheldokan.com/storage/seif-pharmacies/uploads/613442-1757573246.webp|https://masterapi.witheldokan.com/storage/seif-pharmacies/uploads/372411-1758717492.webp|https://masterapi.witheldokan.com/storage/seif-pharmacies/uploads/372419-1758717994.webp|https://masterapi.witheldokan.com/storage/seif-pharmacies/uploads/611932-1758717669.webp|https://masterapi.witheldokan.com/storage/seif-pharmacies/uploads/611936-1758717810.webp|https://masterapi.witheldokan.com/storage/seif-pharmacies/uploads/372406-1758717427.webp|https://masterapi.witheldokan.com/storage/seif-pharmacies/uploads/611935-1758717782.webp|https://masterapi.witheldokan.com/storage/seif-pharmacies/uploads/608794.webp|https://masterapi.witheldokan.com/storage/seif-pharmacies/uploads/611937-1758717849.webp|https://masterapi.witheldokan.com/storage/seif-pharmacies/uploads/613443-1757573345.webp,https://seif-online.com/en/product/every-day-essentials/body-fresheners/body-mist
Body Cologne,,,Apply,Skin Care,,Download App Now,,,https://masterapi.witheldokan.com/storage/seif-pharmacies/uploads/5725.webp|https://masterapi.witheldokan.com/storage/seif-pharmacies/uploads/5712.webp|https://masterapi.witheldokan.com/storage/seif-pharmacies/uploads/8950.webp|https://masterapi.witheldokan.com/storage/seif-pharmacies/uploads/5710.webp|https://masterapi.witheldokan.com/storage/seif-pharmacies/uploads/386342.webp|https://masterapi.witheldokan.com/storage/seif-pharmacies/uploads/173491.webp|https://masterapi.witheldokan.com/storage/seif-pharmacies/uploads/5717.webp|https://masterapi.witheldokan.com/storage/seif-pharmacies/uploads/5722.webp|https://masterapi.witheldokan.com/storage/seif-pharmacies/uploads/5726.webp|https://masterapi.witheldokan.com/storage/seif-pharmacies/uploads/386339.webp|https://masterapi.witheldokan.com/storage/seif-pharmacies/uploads/47904.webp|https://masterapi.witheldokan.com/storage/seif-pharmacies/uploads/5708.webp|https://masterapi.witheldokan.com/storage/seif-pharmacies/uploads/386343.webp|https://masterapi.witheldokan.com/storage/seif-pharmacies/uploads/5714.webp|https://masterapi.witheldokan.com/storage/seif-pharmacies/uploads/165396.webp|https://masterapi.witheldokan.com/storage/seif-pharmacies/uploads/386340.webp|https://masterapi.witheldokan.com/storage/seif-pharmacies/uploads/386345.webp|https://masterapi.witheldokan.com/storage/seif-pharmacies/uploads/386341.webp|https://masterapi.witheldokan.com/storage/seif-pharmacies/uploads/5709.webp,https://seif-online.com/en/product/every-day-essentials/body-fresheners/body-cologne
Deodrant Stick,,,Apply,Skin Care,,Download App Now,,,https://masterapi.witheldokan.com/storage/seif-pharmacies/uploads/614773webp-1753950065.webp|https://masterapi.witheldokan.com/storage/seif-pharmacies/uploads/614775-1756213855.webp|https://masterapi.witheldokan.com/storage/seif-pharmacies/uploads/609212.webp|https://masterapi.witheldokan.com/storage/seif-pharmacies/uploads/614774.webp|https://masterapi.witheldokan.com/storage/seif-pharmacies/uploads/608761.webp|https://masterapi.witheldokan.com/storage/seif-pharmacies/uploads/616851.webp|https://cdn.supercommerce.io/seif-pharmacies/uploads/616852-1770898145.webp|https://masterapi.witheldokan.com/storage/seif-pharmacies/uploads/608758.webp|https://masterapi.witheldokan.com/storage/seif-pharmacies/uploads/608686.webp|https://cdn.supercommerce.io/seif-pharmacies/uploads/616849-1770897012.webp|https://masterapi.witheldokan.com/storage/seif-pharmacies/uploads/606969.webp|https://masterapi.witheldokan.com/storage/seif-pharmacies/uploads/264919.webp,https://seif-online.com/en/product/every-day-essentials/body-fresheners/deodrant-stick
Body Spray,,,Apply,Skin Care,,Download App Now,,,https://masterapi.witheldokan.com/storage/seif-pharmacies/uploads/382595.webp|https://masterapi.witheldokan.com/storage/seif-pharmacies/uploads/382594.webp|https://masterapi.witheldokan.com/storage/seif-pharmacies/uploads/382591.webp|https://cdn.supercommerce.io/seif-pharmacies/uploads/615078.webp|https://cdn.supercommerce.io/seif-pharmacies/uploads/615079-1768735784.webp|https://cdn.supercommerce.io/seif-pharmacies/uploads/615700.webp|https://masterapi.witheldokan.com/storage/seif-pharmacies/uploads/165111.webp|https://masterapi.witheldokan.com/storage/seif-pharmacies/uploads/382593.webp|https://masterapi.witheldokan.com/storage/seif-pharmacies/uploads/616164-1759394336.webp|https://masterapi.witheldokan.com/storage/seif-pharmacies/uploads/609458.webp|https://cdn.supercommerce.io/seif-pharmacies/uploads/615180.webp|https://masterapi.witheldokan.com/storage/seif-pharmacies/uploads/609678.webp|https://masterapi.witheldokan.com/storage/seif-pharmacies/uploads/320400.webp|https://cdn.supercommerce.io/seif-pharmacies/uploads/614498-1770290553.webp|https://masterapi.witheldokan.com/storage/seif-pharmacies/uploads/372416.webp|https://cdn.supercommerce.io/seif-pharmacies/uploads/614496-1770290307.webp|https://masterapi.witheldokan.com/storage/seif-pharmacies/uploads/608197.webp|https://cdn.supercommerce.io/seif-pharmacies/uploads/618580-1775464653.webp|https://masterapi.witheldokan.com/storage/seif-pharmacies/uploads/403570.webp|https://masterapi.witheldokan.com/storage/seif-pharmacies/uploads/616678..jfif-1756213357.webp|https://cdn.supercommerce.io/seif-pharmacies/uploads/618581-1775464822.webp,https://seif-online.com/en/product/every-day-essentials/body-fresheners/body-spray
Deodrant Roll On,,,Apply,Skin Care,,Download App Now,,,https://cdn.supercommerce.io/seif-pharmacies/uploads/615768.webp|https://masterapi.witheldokan.com/storage/seif-pharmacies/uploads/615768--1753883301.webp|https://cdn.supercommerce.io/seif-pharmacies/uploads/615770.webp|https://cdn.supercommerce.io/seif-pharmacies/uploads/615773.webp|https://cdn.supercommerce.io/seif-pharmacies/uploads/615772.webp|https://cdn.supercommerce.io/seif-pharmacies/uploads/615767.webp|https://cdn.supercommerce.io/seif-pharmacies/uploads/615771.webp|https://cdn.supercommerce.io/seif-pharmacies/uploads/615931-1768726598.webp|https://cdn.supercommerce.io/seif-pharmacies/uploads/615769.webp|https://masterapi.witheldokan.com/storage/seif-pharmacies/uploads/615769--1753883117.webp|https://masterapi.witheldokan.com/storage/seif-pharmacies/uploads/604586.webp|https://masterapi.witheldokan.com/storage/seif-pharmacies/uploads/613856.webp|https://masterapi.witheldokan.com/storage/seif-pharmacies/uploads/399407.webp|https://masterapi.witheldokan.com/storage/seif-pharmacies/uploads/378268.webp|https://masterapi.witheldokan.com/storage/seif-pharmacies/uploads/613858.webp|https://masterapi.witheldokan.com/storage/seif-pharmacies/uploads/607052.webp|https://masterapi.witheldokan.com/storage/seif-pharmacies/uploads/613359-1761482194.webp|https://masterapi.witheldokan.com/storage/seif-pharmacies/uploads/612298.webp|https://masterapi.witheldokan.com/storage/seif-pharmacies/uploads/608718.webp|https://masterapi.witheldokan.com/storage/seif-pharmacies/uploads/613360-1761482217.webp|https://masterapi.witheldokan.com/storage/seif-pharmacies/uploads/613358-1761482173.webp|https://masterapi.witheldokan.com/storage/seif-pharmacies/uploads/615682webp-1753969117.webp|https://masterapi.witheldokan.com/storage/seif-pharmacies/uploads/608946.webp|https://masterapi.witheldokan.com/storage/seif-pharmacies/uploads/608719.webp|https://masterapi.witheldokan.com/storage/seif-pharmacies/uploads/401370.webp|https://masterapi.witheldokan.com/storage/seif-pharmacies/uploads/613448-1757573934.webp,https://seif-online.com/en/product/every-day-essentials/body-fresheners/deodrant-roll-on
Man Care,,,Apply,Skin Care,,Download App Now,,,https://masterapi.witheldokan.com/storage/seif-pharmacies/uploads/43864.webp|https://masterapi.witheldokan.com/storage/seif-pharmacies/uploads/280240.webp|https://masterapi.witheldokan.com/storage/seif-pharmacies/uploads/207925.webp|https://masterapi.witheldokan.com/storage/seif-pharmacies/uploads/88652.webp|https://masterapi.witheldokan.com/storage/seif-pharmacies/uploads/370693.webp|https://masterapi.witheldokan.com/storage/seif-pharmacies/uploads/616403-1759230559.webp|https://masterapi.witheldokan.com/storage/seif-pharmacies/uploads/616405-1759230493.webp|https://masterapi.witheldokan.com/storage/seif-pharmacies/uploads/137598.webp|https://masterapi.witheldokan.com/storage/seif-pharmacies/uploads/370691.webp|https://masterapi.witheldokan.com/storage/seif-pharmacies/uploads/370689.webp|https://masterapi.witheldokan.com/storage/seif-pharmacies/uploads/606819.webp|https://masterapi.witheldokan.com/storage/seif-pharmacies/uploads/608683.webp|https://masterapi.witheldokan.com/storage/seif-pharmacies/uploads/385665.webp|https://masterapi.witheldokan.com/storage/seif-pharmacies/uploads/30951.webp|https://masterapi.witheldokan.com/storage/seif-pharmacies/uploads/605801.webp|https://masterapi.witheldokan.com/storage/seif-pharmacies/uploads/616404-1759230588.webp|https://masterapi.witheldokan.com/storage/seif-pharmacies/uploads/348747.webp|https://masterapi.witheldokan.com/storage/seif-pharmacies/uploads/369774.webp|https://masterapi.witheldokan.com/storage/seif-pharmacies/uploads/203955.webp|https://masterapi.witheldokan.com/storage/seif-pharmacies/uploads/616406-1759230454.webp|https://masterapi.witheldokan.com/storage/seif-pharmacies/uploads/369775.webp,https://seif-online.com/en/product/every-day-essentials/man-care
Shaving Machines,,,Apply,Skin Care,,Download App Now,,,https://masterapi.witheldokan.com/storage/seif-pharmacies/uploads/43864.webp|https://masterapi.witheldokan.com/storage/seif-pharmacies/uploads/280240.webp|https://masterapi.witheldokan.com/storage/seif-pharmacies/uploads/207925.webp|https://masterapi.witheldokan.com/storage/seif-pharmacies/uploads/88652.webp|https://masterapi.witheldokan.com/storage/seif-pharmacies/uploads/137598.webp|https://masterapi.witheldokan.com/storage/seif-pharmacies/uploads/606819.webp|https://masterapi.witheldokan.com/storage/seif-pharmacies/uploads/385665.webp|https://masterapi.witheldokan.com/storage/seif-pharmacies/uploads/30951.webp|https://masterapi.witheldokan.com/storage/seif-pharmacies/uploads/605801.webp|https://masterapi.witheldokan.com/storage/seif-pharmacies/uploads/348747.webp|https://masterapi.witheldokan.com/storage/seif-pharmacies/uploads/610465.webp|https://masterapi.witheldokan.com/storage/seif-pharmacies/uploads/365741.webp|https://masterapi.witheldokan.com/storage/seif-pharmacies/uploads/610463.webp|https://masterapi.witheldokan.com/storage/seif-pharmacies/uploads/354884.webp|https://masterapi.witheldokan.com/storage/seif-pharmacies/uploads/610466.webp|https://masterapi.witheldokan.com/storage/seif-pharmacies/uploads/385664.webp|https://masterapi.witheldokan.com/storage/seif-pharmacies/uploads/383805.webp|https://masterapi.witheldokan.com/storage/seif-pharmacies/uploads/610469.webp|https://masterapi.witheldokan.com/storage/seif-pharmacies/uploads/334758.webp,https://seif-online.com/en/product/every-day-essentials/man-care/shaving-machines
Beard Care,,,Apply,Skin Care,,Download App Now,,,https://cdn.supercommerce.io/seif-pharmacies/uploads/617615-1768910702.webp|https://cdn.supercommerce.io/seif-pharmacies/uploads/618060-1768479177.webp|https://masterapi.witheldokan.com/storage/seif-pharmacies/uploads/403132.webp|https://masterapi.witheldokan.com/storage/seif-pharmacies/uploads/609211.webp,https://seif-online.com/en/product/every-day-essentials/man-care/beard-care
Shave & After Shave Products,,,Apply,Skin Care,,Download App Now,,,https://masterapi.witheldokan.com/storage/seif-pharmacies/uploads/370693.webp|https://masterapi.witheldokan.com/storage/seif-pharmacies/uploads/616403-1759230559.webp|https://masterapi.witheldokan.com/storage/seif-pharmacies/uploads/616405-1759230493.webp|https://masterapi.witheldokan.com/storage/seif-pharmacies/uploads/370691.webp|https://masterapi.witheldokan.com/storage/seif-pharmacies/uploads/370689.webp|https://masterapi.witheldokan.com/storage/seif-pharmacies/uploads/608683.webp|https://masterapi.witheldokan.com/storage/seif-pharmacies/uploads/616404-1759230588.webp|https://masterapi.witheldokan.com/storage/seif-pharmacies/uploads/369774.webp|https://masterapi.witheldokan.com/storage/seif-pharmacies/uploads/203955.webp|https://masterapi.witheldokan.com/storage/seif-pharmacies/uploads/616406-1759230454.webp|https://masterapi.witheldokan.com/storage/seif-pharmacies/uploads/369775.webp|https://masterapi.witheldokan.com/storage/seif-pharmacies/uploads/616407-1759230524.webp|https://masterapi.witheldokan.com/storage/seif-pharmacies/uploads/52808.webp|https://masterapi.witheldokan.com/storage/seif-pharmacies/uploads/403093.webp|https://masterapi.witheldokan.com/storage/seif-pharmacies/uploads/17035.webp|https://masterapi.witheldokan.com/storage/seif-pharmacies/uploads/616411-1759153183.webp|https://masterapi.witheldokan.com/storage/seif-pharmacies/uploads/616408-1759230378.webp|https://cdn.supercommerce.io/seif-pharmacies/uploads/618236-1773820203.webp|https://masterapi.witheldokan.com/storage/seif-pharmacies/uploads/616409-1759230417.webp|https://masterapi.witheldokan.com/storage/seif-pharmacies/uploads/616410-1759153151.webp|https://masterapi.witheldokan.com/storage/seif-pharmacies/uploads/370690.webp|https://masterapi.witheldokan.com/storage/seif-pharmacies/uploads/369776.webp,https://seif-online.com/en/product/every-day-essentials/man-care/shave-after-shave-products
Shaving & Trimming Electronics,,,Apply,Skin Care,,Download App Now,,,https://masterapi.witheldokan.com/storage/seif-pharmacies/uploads/616151-1759394846.webp|https://masterapi.witheldokan.com/storage/seif-pharmacies/uploads/603883.webp|https://masterapi.witheldokan.com/storage/seif-pharmacies/uploads/616144-1759394732.webp|https://masterapi.witheldokan.com/storage/seif-pharmacies/uploads/616146-1759394757.webp|https://masterapi.witheldokan.com/storage/seif-pharmacies/uploads/616147-1759394790.webp|https://masterapi.witheldokan.com/storage/seif-pharmacies/uploads/616148-1759394677.webp|https://masterapi.witheldokan.com/storage/seif-pharmacies/uploads/616149-1759394704.webp|https://masterapi.witheldokan.com/storage/seif-pharmacies/uploads/616150-1759394654.webp|https://masterapi.witheldokan.com/storage/seif-pharmacies/uploads/616152-1759394821.webp|https://masterapi.witheldokan.com/storage/seif-pharmacies/uploads/616153-1759394622.webp,https://seif-online.com/en/product/every-day-essentials/man-care/shaving-trimming-electronics
Home Care&Hygienics,,,Apply,Skin Care,,Download App Now,,,https://masterapi.witheldokan.com/storage/seif-pharmacies/uploads/4219.webp|https://masterapi.witheldokan.com/storage/seif-pharmacies/uploads/302531.webp|https://masterapi.witheldokan.com/storage/seif-pharmacies/uploads/403163.webp|https://masterapi.witheldokan.com/storage/seif-pharmacies/uploads/265038.webp|https://masterapi.witheldokan.com/storage/seif-pharmacies/uploads/315872.webp|https://masterapi.witheldokan.com/storage/seif-pharmacies/uploads/264225.webp|https://masterapi.witheldokan.com/storage/seif-pharmacies/uploads/276752.webp|https://masterapi.witheldokan.com/storage/seif-pharmacies/uploads/376171.webp|https://masterapi.witheldokan.com/storage/seif-pharmacies/uploads/207371-1761467544.webp|https://masterapi.witheldokan.com/storage/seif-pharmacies/uploads/375255.webp|https://masterapi.witheldokan.com/storage/seif-pharmacies/uploads/4218.webp|https://masterapi.witheldokan.com/storage/seif-pharmacies/uploads/70308.webp|https://masterapi.witheldokan.com/storage/seif-pharmacies/uploads/60043.webp,https://seif-online.com/en/product/every-day-essentials/general/home-carehygienics
Elderly Care,,,Apply,Skin Care,,Download App Now,,,https://masterapi.witheldokan.com/storage/seif-pharmacies/uploads/611400.webp|https://masterapi.witheldokan.com/storage/seif-pharmacies/uploads/134032.webp|https://masterapi.witheldokan.com/storage/seif-pharmacies/uploads/312366.webp|https://masterapi.witheldokan.com/storage/seif-pharmacies/uploads/611399.webp|https://masterapi.witheldokan.com/storage/seif-pharmacies/uploads/382352.webp|https://masterapi.witheldokan.com/storage/seif-pharmacies/uploads/107003.webp|https://masterapi.witheldokan.com/storage/seif-pharmacies/uploads/383564.webp|https://masterapi.witheldokan.com/storage/seif-pharmacies/uploads/107004.webp|https://masterapi.witheldokan.com/storage/seif-pharmacies/uploads/386171.webp|https://cdn.supercommerce.io/seif-pharmacies/uploads/615004-1768728635.webp|https://cdn.supercommerce.io/seif-pharmacies/uploads/615008-1768732934.webp|https://masterapi.witheldokan.com/storage/seif-pharmacies/uploads/602017.webp|https://masterapi.witheldokan.com/storage/seif-pharmacies/uploads/611398.webp|https://cdn.supercommerce.io/seif-pharmacies/uploads/615005-1768731733.webp|https://cdn.supercommerce.io/seif-pharmacies/uploads/20931528-1768732795.webp|https://cdn.supercommerce.io/seif-pharmacies/uploads/615003-1768725207.webp|https://cdn.supercommerce.io/seif-pharmacies/uploads/615007-1768733574.webp|https://masterapi.witheldokan.com/storage/seif-pharmacies/uploads/385773.webp|https://masterapi.witheldokan.com/storage/seif-pharmacies/uploads/394766.webp|https://masterapi.witheldokan.com/storage/seif-pharmacies/uploads/602058.webp|https://masterapi.witheldokan.com/storage/seif-pharmacies/uploads/385772.webp,https://seif-online.com/en/product/every-day-essentials/general/elderly-care
Hair Treatment,,,Apply,Skin Care,,Download App Now,,,https://masterapi.witheldokan.com/storage/seif-pharmacies/uploads/602538.webp|https://masterapi.witheldokan.com/storage/seif-pharmacies/uploads/607707.webp|https://masterapi.witheldokan.com/storage/seif-pharmacies/uploads/319002.webp|https://masterapi.witheldokan.com/storage/seif-pharmacies/uploads/617565-(1).webp|https://masterapi.witheldokan.com/storage/seif-pharmacies/uploads/399409.webp|https://masterapi.witheldokan.com/storage/seif-pharmacies/uploads/606191.webp|https://masterapi.witheldokan.com/storage/seif-pharmacies/uploads/614745.webp|https://masterapi.witheldokan.com/storage/seif-pharmacies/uploads/614744.webp|https://masterapi.witheldokan.com/storage/seif-pharmacies/uploads/614746.webp|https://masterapi.witheldokan.com/storage/seif-pharmacies/uploads/343153.webp|https://masterapi.witheldokan.com/storage/seif-pharmacies/uploads/403906.webp|https://masterapi.witheldokan.com/storage/seif-pharmacies/uploads/608148.webp|https://masterapi.witheldokan.com/storage/seif-pharmacies/uploads/324581.webp|https://masterapi.witheldokan.com/storage/seif-pharmacies/uploads/284941.webp|https://masterapi.witheldokan.com/storage/seif-pharmacies/uploads/35676.webp|https://masterapi.witheldokan.com/storage/seif-pharmacies/uploads/399411.webp|https://masterapi.witheldokan.com/storage/seif-pharmacies/uploads/605343.webp|https://masterapi.witheldokan.com/storage/seif-pharmacies/uploads/31001.webp|https://masterapi.witheldokan.com/storage/seif-pharmacies/uploads/431206.webp|https://masterapi.witheldokan.com/storage/seif-pharmacies/uploads/610375.webp|https://masterapi.witheldokan.com/storage/seif-pharmacies/uploads/602239.webp|https://masterapi.witheldokan.com/storage/seif-pharmacies/uploads/605346.webp|https://masterapi.witheldokan.com/storage/seif-pharmacies/uploads/8063.webp,https://seif-online.com/en/product/hair-care/general/hair-treatment
Hair Oil & Serum,,,Apply,Skin Care,,Download App Now,,,https://masterapi.witheldokan.com/storage/seif-pharmacies/uploads/612292.webp|https://cdn.supercommerce.io/seif-pharmacies/uploads/617406.webp|https://masterapi.witheldokan.com/storage/seif-pharmacies/uploads/608254.webp|https://cdn.supercommerce.io/seif-pharmacies/uploads/608815.webp|https://masterapi.witheldokan.com/storage/seif-pharmacies/uploads/608814.webp|https://masterapi.witheldokan.com/storage/seif-pharmacies/uploads/617102-1759064367.webp|https://masterapi.witheldokan.com/storage/seif-pharmacies/uploads/613301.webp|https://masterapi.witheldokan.com/storage/seif-pharmacies/uploads/606190.webp|https://masterapi.witheldokan.com/storage/seif-pharmacies/uploads/318318.webp|https://masterapi.witheldokan.com/storage/seif-pharmacies/uploads/613300.webp|https://masterapi.witheldokan.com/storage/seif-pharmacies/uploads/610814.webp|https://masterapi.witheldokan.com/storage/seif-pharmacies/uploads/610816.webp|https://masterapi.witheldokan.com/storage/seif-pharmacies/uploads/603864.webp|https://masterapi.witheldokan.com/storage/seif-pharmacies/uploads/612038.webp|https://masterapi.witheldokan.com/storage/seif-pharmacies/uploads/608785-1751962531.webp|https://masterapi.witheldokan.com/storage/seif-pharmacies/uploads/602889.webp|https://masterapi.witheldokan.com/storage/seif-pharmacies/uploads/350000.webp|https://masterapi.witheldokan.com/storage/seif-pharmacies/uploads/608253.webp|https://cdn.supercommerce.io/seif-pharmacies/uploads/611249.webp|https://masterapi.witheldokan.com/storage/seif-pharmacies/uploads/612293.webp|https://masterapi.witheldokan.com/storage/seif-pharmacies/uploads/613750-1756644521.webp|https://masterapi.witheldokan.com/storage/seif-pharmacies/uploads/403034.webp|https://masterapi.witheldokan.com/storage/seif-pharmacies/uploads/610815.webp,https://seif-online.com/en/product/hair-care/general/hair-oil-serum
Hair Styling,,,Apply,Skin Care,,Download App Now,,,https://cdn.supercommerce.io/seif-pharmacies/uploads/616542.webp|https://masterapi.witheldokan.com/storage/seif-pharmacies/uploads/602390-1760878921.webp|https://masterapi.witheldokan.com/storage/seif-pharmacies/uploads/602389-1760878862.webp|https://cdn.supercommerce.io/seif-pharmacies/uploads/614865.webp|https://masterapi.witheldokan.com/storage/seif-pharmacies/uploads/318093.webp|https://masterapi.witheldokan.com/storage/seif-pharmacies/uploads/602392-1760878776.webp|https://masterapi.witheldokan.com/storage/seif-pharmacies/uploads/609306.webp|https://masterapi.witheldokan.com/storage/seif-pharmacies/uploads/180984-1761467194.webp|https://masterapi.witheldokan.com/storage/seif-pharmacies/uploads/347426.webp|https://masterapi.witheldokan.com/storage/seif-pharmacies/uploads/317069.webp|https://masterapi.witheldokan.com/storage/seif-pharmacies/uploads/616401-1759312074.webp|https://masterapi.witheldokan.com/storage/seif-pharmacies/uploads/57594.webp|https://masterapi.witheldokan.com/storage/seif-pharmacies/uploads/397012.webp|https://masterapi.witheldokan.com/storage/seif-pharmacies/uploads/370301.webp|https://cdn.supercommerce.io/seif-pharmacies/uploads/613961-1768470987.webp|https://masterapi.witheldokan.com/storage/seif-pharmacies/uploads/271478.webp|https://masterapi.witheldokan.com/storage/seif-pharmacies/uploads/609305.webp|https://masterapi.witheldokan.com/storage/seif-pharmacies/uploads/611194.webp|https://masterapi.witheldokan.com/storage/seif-pharmacies/uploads/611205.webp|https://masterapi.witheldokan.com/storage/seif-pharmacies/uploads/613297.webp|https://masterapi.witheldokan.com/storage/seif-pharmacies/uploads/614864.webp|https://masterapi.witheldokan.com/storage/seif-pharmacies/uploads/602393.webp|https://masterapi.witheldokan.com/storage/seif-pharmacies/uploads/383994.webp,https://seif-online.com/en/product/hair-care/general/hair-styling
Hair Conditioner,,,Apply,Skin Care,,Download App Now,,,https://cdn.supercommerce.io/seif-pharmacies/uploads/616541.webp|https://masterapi.witheldokan.com/storage/seif-pharmacies/uploads/615349.webp|https://masterapi.witheldokan.com/storage/seif-pharmacies/uploads/611560.webp|https://cdn.supercommerce.io/seif-pharmacies/uploads/608813.webp|https://masterapi.witheldokan.com/storage/seif-pharmacies/uploads/403032.webp|https://masterapi.witheldokan.com/storage/seif-pharmacies/uploads/602882.webp|https://masterapi.witheldokan.com/storage/seif-pharmacies/uploads/276484.webp|https://masterapi.witheldokan.com/storage/seif-pharmacies/uploads/609638.webp|https://masterapi.witheldokan.com/storage/seif-pharmacies/uploads/609642-1756017745.webp|https://masterapi.witheldokan.com/storage/seif-pharmacies/uploads/612312-1756017998.webp|https://masterapi.witheldokan.com/storage/seif-pharmacies/uploads/612313.webp|https://masterapi.witheldokan.com/storage/seif-pharmacies/uploads/54285.webp|https://masterapi.witheldokan.com/storage/seif-pharmacies/uploads/610806.webp|https://masterapi.witheldokan.com/storage/seif-pharmacies/uploads/401024.webp|https://masterapi.witheldokan.com/storage/seif-pharmacies/uploads/160480.webp|https://masterapi.witheldokan.com/storage/seif-pharmacies/uploads/276493.webp|https://masterapi.witheldokan.com/storage/seif-pharmacies/uploads/602884.webp|https://masterapi.witheldokan.com/storage/seif-pharmacies/uploads/614807-1762944010.webp|https://masterapi.witheldokan.com/storage/seif-pharmacies/uploads/302220.webp|https://masterapi.witheldokan.com/storage/seif-pharmacies/uploads/615628-1758548421.webp|https://masterapi.witheldokan.com/storage/seif-pharmacies/uploads/612757-1754398371.webp|https://masterapi.witheldokan.com/storage/seif-pharmacies/uploads/609639.webp|https://masterapi.witheldokan.com/storage/seif-pharmacies/uploads/615985.webp|https://masterapi.witheldokan.com/storage/seif-pharmacies/uploads/614806-1762943989.webp,https://seif-online.com/en/product/hair-care/general/hair-conditioner
Hair Colorings,,,Apply,Skin Care,,Download App Now,,,https://masterapi.witheldokan.com/storage/seif-pharmacies/uploads/61865.webp|https://cdn.supercommerce.io/seif-pharmacies/uploads/383201.webp|https://masterapi.witheldokan.com/storage/seif-pharmacies/uploads/94147.webp|https://masterapi.witheldokan.com/storage/seif-pharmacies/uploads/230104-1760951528.webp|https://masterapi.witheldokan.com/storage/seif-pharmacies/uploads/160614-1760951337.webp|https://masterapi.witheldokan.com/storage/seif-pharmacies/uploads/48924.webp|https://masterapi.witheldokan.com/storage/seif-pharmacies/uploads/230103-1760951505.webp|https://masterapi.witheldokan.com/storage/seif-pharmacies/uploads/28770.webp|https://masterapi.witheldokan.com/storage/seif-pharmacies/uploads/403024.webp|https://masterapi.witheldokan.com/storage/seif-pharmacies/uploads/4615.webp|https://masterapi.witheldokan.com/storage/seif-pharmacies/uploads/151767.webp|https://masterapi.witheldokan.com/storage/seif-pharmacies/uploads/322179.webp|https://masterapi.witheldokan.com/storage/seif-pharmacies/uploads/99062.webp|https://masterapi.witheldokan.com/storage/seif-pharmacies/uploads/173664-1760951441.webp|https://masterapi.witheldokan.com/storage/seif-pharmacies/uploads/403025.webp|https://masterapi.witheldokan.com/storage/seif-pharmacies/uploads/403027.webp|https://masterapi.witheldokan.com/storage/seif-pharmacies/uploads/304299-1760951733.webp|https://masterapi.witheldokan.com/storage/seif-pharmacies/uploads/99061.webp|https://masterapi.witheldokan.com/storage/seif-pharmacies/uploads/99074.webp|https://masterapi.witheldokan.com/storage/seif-pharmacies/uploads/99077.webp|https://masterapi.witheldokan.com/storage/seif-pharmacies/uploads/94146.webp,https://seif-online.com/en/product/hair-care/general/hair-colorings
Hair Shampoo,,,Apply,Skin Care,,Download App Now,,,https://cdn.supercommerce.io/seif-pharmacies/uploads/616540.webp|https://cdn.supercommerce.io/seif-pharmacies/uploads/608810.webp|https://masterapi.witheldokan.com/storage/seif-pharmacies/uploads/608811.webp|https://masterapi.witheldokan.com/storage/seif-pharmacies/uploads/602880.webp|https://masterapi.witheldokan.com/storage/seif-pharmacies/uploads/383996-1763382953.webp|https://masterapi.witheldokan.com/storage/seif-pharmacies/uploads/602879.webp|https://masterapi.witheldokan.com/storage/seif-pharmacies/uploads/305264.webp|https://masterapi.witheldokan.com/storage/seif-pharmacies/uploads/602881.webp|https://masterapi.witheldokan.com/storage/seif-pharmacies/uploads/403031.webp|https://masterapi.witheldokan.com/storage/seif-pharmacies/uploads/335514.webp|https://masterapi.witheldokan.com/storage/seif-pharmacies/uploads/613299.webp|https://masterapi.witheldokan.com/storage/seif-pharmacies/uploads/403029.webp|https://masterapi.witheldokan.com/storage/seif-pharmacies/uploads/612756-1754397952.webp|https://masterapi.witheldokan.com/storage/seif-pharmacies/uploads/615629.webp|https://masterapi.witheldokan.com/storage/seif-pharmacies/uploads/615626-1754818513.webp|https://masterapi.witheldokan.com/storage/seif-pharmacies/uploads/302938.webp|https://masterapi.witheldokan.com/storage/seif-pharmacies/uploads/397112.webp|https://masterapi.witheldokan.com/storage/seif-pharmacies/uploads/397113.webp|https://masterapi.witheldokan.com/storage/seif-pharmacies/uploads/614805-1762943970.webp|https://masterapi.witheldokan.com/storage/seif-pharmacies/uploads/276476.webp|https://masterapi.witheldokan.com/storage/seif-pharmacies/uploads/615677-1758179863.webp|https://masterapi.witheldokan.com/storage/seif-pharmacies/uploads/612311-1756018054.webp|https://masterapi.witheldokan.com/storage/seif-pharmacies/uploads/276475.webp|https://masterapi.witheldokan.com/storage/seif-pharmacies/uploads/276488.webp,https://seif-online.com/en/product/hair-care/general/hair-shampoo
Hair Cure & Lice Treatment,,,Apply,Skin Care,,Download App Now,,,https://masterapi.witheldokan.com/storage/seif-pharmacies/uploads/608206.webp|https://cdn.supercommerce.io/seif-pharmacies/uploads/609613.webp,https://seif-online.com/en/product/hair-care/general/hair-cure-lice-treatment
Hair Mask,,,Apply,Skin Care,,Download App Now,,,https://masterapi.witheldokan.com/storage/seif-pharmacies/uploads/403743.webp|https://cdn.supercommerce.io/seif-pharmacies/uploads/616543.webp|https://masterapi.witheldokan.com/storage/seif-pharmacies/uploads/614866.webp|https://masterapi.witheldokan.com/storage/seif-pharmacies/uploads/611901-1751962211.webp|https://cdn.supercommerce.io/seif-pharmacies/uploads/608812.webp|https://masterapi.witheldokan.com/storage/seif-pharmacies/uploads/614863.webp|https://masterapi.witheldokan.com/storage/seif-pharmacies/uploads/615348.webp|https://masterapi.witheldokan.com/storage/seif-pharmacies/uploads/613298.webp|https://masterapi.witheldokan.com/storage/seif-pharmacies/uploads/610809.webp|https://masterapi.witheldokan.com/storage/seif-pharmacies/uploads/610807.webp|https://masterapi.witheldokan.com/storage/seif-pharmacies/uploads/608225.webp|https://masterapi.witheldokan.com/storage/seif-pharmacies/uploads/602885.webp|https://masterapi.witheldokan.com/storage/seif-pharmacies/uploads/602887.webp|https://masterapi.witheldokan.com/storage/seif-pharmacies/uploads/617727-1763382615.webp|https://masterapi.witheldokan.com/storage/seif-pharmacies/uploads/610808.webp|https://masterapi.witheldokan.com/storage/seif-pharmacies/uploads/602886.webp|https://masterapi.witheldokan.com/storage/seif-pharmacies/uploads/614931-1759930798.webp|https://masterapi.witheldokan.com/storage/seif-pharmacies/uploads/382662.webp|https://masterapi.witheldokan.com/storage/seif-pharmacies/uploads/614749.webp|https://masterapi.witheldokan.com/storage/seif-pharmacies/uploads/382663.webp|https://masterapi.witheldokan.com/storage/seif-pharmacies/uploads/616730.webp|https://masterapi.witheldokan.com/storage/seif-pharmacies/uploads/614308.webp|https://masterapi.witheldokan.com/storage/seif-pharmacies/uploads/614750.webp,https://seif-online.com/en/product/hair-care/general/hair-mask
Condoms,,,Apply,Skin Care,,Download App Now,,,https://masterapi.witheldokan.com/storage/seif-pharmacies/uploads/161509-1756642099.jfif|https://masterapi.witheldokan.com/storage/seif-pharmacies/uploads/259554.webp|https://masterapi.witheldokan.com/storage/seif-pharmacies/uploads/605007-1762944686.webp|https://masterapi.witheldokan.com/storage/seif-pharmacies/uploads/161503-1762944575.webp|https://masterapi.witheldokan.com/storage/seif-pharmacies/uploads/601214-1762944659.webp|https://masterapi.witheldokan.com/storage/seif-pharmacies/uploads/161502-1762944548.webp|https://masterapi.witheldokan.com/storage/seif-pharmacies/uploads/284762.webp|https://masterapi.witheldokan.com/storage/seif-pharmacies/uploads/605008-1762944711.webp|https://cdn.supercommerce.io/seif-pharmacies/uploads/60718-1773228020.webp|https://masterapi.witheldokan.com/storage/seif-pharmacies/uploads/357442.webp|https://cdn.supercommerce.io/seif-pharmacies/uploads/614934.webp|https://masterapi.witheldokan.com/storage/seif-pharmacies/uploads/234923.webp|https://cdn.supercommerce.io/seif-pharmacies/uploads/60716-1773227573.webp|https://masterapi.witheldokan.com/storage/seif-pharmacies/uploads/357443.webp|https://masterapi.witheldokan.com/storage/seif-pharmacies/uploads/601209-1762944603.webp|https://cdn.supercommerce.io/seif-pharmacies/uploads/300689-1773231047.webp|https://cdn.supercommerce.io/seif-pharmacies/uploads/357255-1772881798.webp|https://cdn.supercommerce.io/seif-pharmacies/uploads/196200-1773228177.webp|https://cdn.supercommerce.io/seif-pharmacies/uploads/618446-1773313610.webp|https://cdn.supercommerce.io/seif-pharmacies/uploads/618448-1773313718.webp|https://cdn.supercommerce.io/seif-pharmacies/uploads/618397-1773313509.webp|https://masterapi.witheldokan.com/storage/seif-pharmacies/uploads/58431.webp|https://cdn.supercommerce.io/seif-pharmacies/uploads/357253-1772881616.webp|https://cdn.supercommerce.io/seif-pharmacies/uploads/616603-1772881976.webp,https://seif-online.com/en/product/sexual-health/general/condoms
Male Sexual Tonics,,,Apply,Skin Care,,Download App Now,,,https://masterapi.witheldokan.com/storage/seif-pharmacies/uploads/277889.webp|https://masterapi.witheldokan.com/storage/seif-pharmacies/uploads/57562.webp|https://masterapi.witheldokan.com/storage/seif-pharmacies/uploads/612933.webp|https://masterapi.witheldokan.com/storage/seif-pharmacies/uploads/85731.webp|https://masterapi.witheldokan.com/storage/seif-pharmacies/uploads/383424.webp|https://masterapi.witheldokan.com/storage/seif-pharmacies/uploads/608819.webp|https://masterapi.witheldokan.com/storage/seif-pharmacies/uploads/610263.webp|https://masterapi.witheldokan.com/storage/seif-pharmacies/uploads/228378.webp|https://masterapi.witheldokan.com/storage/seif-pharmacies/uploads/617341-1762262538.webp|https://masterapi.witheldokan.com/storage/seif-pharmacies/uploads/389950.webp|https://masterapi.witheldokan.com/storage/seif-pharmacies/uploads/16324.webp|https://masterapi.witheldokan.com/storage/seif-pharmacies/uploads/373674.webp|https://cdn.supercommerce.io/seif-pharmacies/uploads/616689-1773232228.webp|https://masterapi.witheldokan.com/storage/seif-pharmacies/uploads/383134.webp|https://masterapi.witheldokan.com/storage/seif-pharmacies/uploads/373535.webp|https://masterapi.witheldokan.com/storage/seif-pharmacies/uploads/615560-1762855328.webp|https://masterapi.witheldokan.com/storage/seif-pharmacies/uploads/615125-1756642155.jfif|https://masterapi.witheldokan.com/storage/seif-pharmacies/uploads/317794.webp|https://masterapi.witheldokan.com/storage/seif-pharmacies/uploads/340057.webp|https://masterapi.witheldokan.com/storage/seif-pharmacies/uploads/301490.webp|https://masterapi.witheldokan.com/storage/seif-pharmacies/uploads/612812.webp|https://masterapi.witheldokan.com/storage/seif-pharmacies/uploads/378028.webp|https://cdn.supercommerce.io/seif-pharmacies/uploads/616690-1773232150.webp,https://seif-online.com/en/product/sexual-health/general/male-sexual-tonics
Lubricants & Moisturizers,,,Apply,Skin Care,,Download App Now,,,https://masterapi.witheldokan.com/storage/seif-pharmacies/uploads/90387.webp|https://masterapi.witheldokan.com/storage/seif-pharmacies/uploads/300507.webp|https://masterapi.witheldokan.com/storage/seif-pharmacies/uploads/300505.webp|https://masterapi.witheldokan.com/storage/seif-pharmacies/uploads/614229-1756643115.jfif|https://masterapi.witheldokan.com/storage/seif-pharmacies/uploads/614228-1756643174.jfif|https://masterapi.witheldokan.com/storage/seif-pharmacies/uploads/614230-1756643230.jfif|https://masterapi.witheldokan.com/storage/seif-pharmacies/uploads/614227-1756643022.jfif|https://masterapi.witheldokan.com/storage/seif-pharmacies/uploads/327402.webp|https://masterapi.witheldokan.com/storage/seif-pharmacies/uploads/383948.webp|https://masterapi.witheldokan.com/storage/seif-pharmacies/uploads/259775.webp|https://masterapi.witheldokan.com/storage/seif-pharmacies/uploads/338660.webp|https://masterapi.witheldokan.com/storage/seif-pharmacies/uploads/202926.webp|https://masterapi.witheldokan.com/storage/seif-pharmacies/uploads/338659.webp|https://masterapi.witheldokan.com/storage/seif-pharmacies/uploads/218320.webp|https://masterapi.witheldokan.com/storage/seif-pharmacies/uploads/393760.webp|https://masterapi.witheldokan.com/storage/seif-pharmacies/uploads/393763.webp|https://masterapi.witheldokan.com/storage/seif-pharmacies/uploads/3054.webp|https://masterapi.witheldokan.com/storage/seif-pharmacies/uploads/310564.webp|https://masterapi.witheldokan.com/storage/seif-pharmacies/uploads/348209.webp|https://masterapi.witheldokan.com/storage/seif-pharmacies/uploads/357923.webp|https://masterapi.witheldokan.com/storage/seif-pharmacies/uploads/357927.webp|https://masterapi.witheldokan.com/storage/seif-pharmacies/uploads/362149.webp|https://masterapi.witheldokan.com/storage/seif-pharmacies/uploads/393758.webp,https://seif-online.com/en/product/sexual-health/general/lubricants-moisturizers
Contraceptives,,,Apply,Skin Care,,Download App Now,,,https://masterapi.witheldokan.com/storage/seif-pharmacies/uploads/1984.webp|https://masterapi.witheldokan.com/storage/seif-pharmacies/uploads/98205.webp|https://masterapi.witheldokan.com/storage/seif-pharmacies/uploads/336979.webp|https://masterapi.witheldokan.com/storage/seif-pharmacies/uploads/363100.webp|https://masterapi.witheldokan.com/storage/seif-pharmacies/uploads/606350.webp|https://masterapi.witheldokan.com/storage/seif-pharmacies/uploads/250915.webp|https://masterapi.witheldokan.com/storage/seif-pharmacies/uploads/385052.webp|https://masterapi.witheldokan.com/storage/seif-pharmacies/uploads/345688.webp|https://masterapi.witheldokan.com/storage/seif-pharmacies/uploads/608816.webp|https://masterapi.witheldokan.com/storage/seif-pharmacies/uploads/390033.webp|https://masterapi.witheldokan.com/storage/seif-pharmacies/uploads/401468.webp|https://masterapi.witheldokan.com/storage/seif-pharmacies/uploads/383917-1756631916.jfif|https://masterapi.witheldokan.com/storage/seif-pharmacies/uploads/383922.webp|https://masterapi.witheldokan.com/storage/seif-pharmacies/uploads/181790.webp|https://masterapi.witheldokan.com/storage/seif-pharmacies/uploads/313299.webp|https://masterapi.witheldokan.com/storage/seif-pharmacies/uploads/367836.webp|https://masterapi.witheldokan.com/storage/seif-pharmacies/uploads/384415.webp|https://cdn.supercommerce.io/seif-pharmacies/uploads/602774-1770723962.webp|https://masterapi.witheldokan.com/storage/seif-pharmacies/uploads/609489.webp|https://masterapi.witheldokan.com/storage/seif-pharmacies/uploads/1944.webp|https://masterapi.witheldokan.com/storage/seif-pharmacies/uploads/167417.webp|https://masterapi.witheldokan.com/storage/seif-pharmacies/uploads/299324.webp|https://masterapi.witheldokan.com/storage/seif-pharmacies/uploads/377541.webp|https://masterapi.witheldokan.com/storage/seif-pharmacies/uploads/378708.webp,https://seif-online.com/en/product/sexual-health/general/contraceptives
Nebulizer & Accessories,,,Apply,Skin Care,,Download App Now,,,https://masterapi.witheldokan.com/storage/seif-pharmacies/uploads/215917.webp|https://masterapi.witheldokan.com/storage/seif-pharmacies/uploads/616502-1759153076.webp|https://masterapi.witheldokan.com/storage/seif-pharmacies/uploads/610209.webp|https://masterapi.witheldokan.com/storage/seif-pharmacies/uploads/610208.webp|https://masterapi.witheldokan.com/storage/seif-pharmacies/uploads/322833.webp|https://masterapi.witheldokan.com/storage/seif-pharmacies/uploads/614362-1760271080.webp|https://masterapi.witheldokan.com/storage/seif-pharmacies/uploads/610210.webp|https://masterapi.witheldokan.com/storage/seif-pharmacies/uploads/321314.webp|https://masterapi.witheldokan.com/storage/seif-pharmacies/uploads/49142.webp|https://masterapi.witheldokan.com/storage/seif-pharmacies/uploads/395092.webp,https://seif-online.com/en/product/medical-equipment-supplies/general/nebulizer-accessories
First Aid & Disposables,,,Apply,Skin Care,,Download App Now,,,https://masterapi.witheldokan.com/storage/seif-pharmacies/uploads/5.webp|https://masterapi.witheldokan.com/storage/seif-pharmacies/uploads/10.webp|https://masterapi.witheldokan.com/storage/seif-pharmacies/uploads/387630.webp|https://masterapi.witheldokan.com/storage/seif-pharmacies/uploads/396366.webp|https://masterapi.witheldokan.com/storage/seif-pharmacies/uploads/396362.webp|https://masterapi.witheldokan.com/storage/seif-pharmacies/uploads/396369.webp|https://masterapi.witheldokan.com/storage/seif-pharmacies/uploads/3.webp|https://masterapi.witheldokan.com/storage/seif-pharmacies/uploads/396372.webp|https://masterapi.witheldokan.com/storage/seif-pharmacies/uploads/149225.webp|https://masterapi.witheldokan.com/storage/seif-pharmacies/uploads/388717.webp,https://seif-online.com/en/product/medical-equipment-supplies/general/first-aid-disposables
Medical Supplies,,,Apply,Skin Care,,Download App Now,,,https://masterapi.witheldokan.com/storage/seif-pharmacies/uploads/8819.webp|https://masterapi.witheldokan.com/storage/seif-pharmacies/uploads/614544-1759929403.webp|https://masterapi.witheldokan.com/storage/seif-pharmacies/uploads/612893.webp|https://masterapi.witheldokan.com/storage/seif-pharmacies/uploads/612894.webp|https://masterapi.witheldokan.com/storage/seif-pharmacies/uploads/612895.webp|https://masterapi.witheldokan.com/storage/seif-pharmacies/uploads/612892.webp|https://masterapi.witheldokan.com/storage/seif-pharmacies/uploads/613031.webp|https://masterapi.witheldokan.com/storage/seif-pharmacies/uploads/612897.webp|https://masterapi.witheldokan.com/storage/seif-pharmacies/uploads/616500-1759152869.webp|https://masterapi.witheldokan.com/storage/seif-pharmacies/uploads/613030.webp|https://masterapi.witheldokan.com/storage/seif-pharmacies/uploads/616501-1759152898.webp|https://masterapi.witheldokan.com/storage/seif-pharmacies/uploads/613032.webp|https://masterapi.witheldokan.com/storage/seif-pharmacies/uploads/386327.webp,https://seif-online.com/en/product/medical-equipment-supplies/general/medical-supplies
Thermometers,,,Apply,Skin Care,,Download App Now,,,https://masterapi.witheldokan.com/storage/seif-pharmacies/uploads/31218.webp|https://masterapi.witheldokan.com/storage/seif-pharmacies/uploads/102146.webp|https://masterapi.witheldokan.com/storage/seif-pharmacies/uploads/68555.webp|https://masterapi.witheldokan.com/storage/seif-pharmacies/uploads/159269.webp|https://masterapi.witheldokan.com/storage/seif-pharmacies/uploads/395888.webp|https://masterapi.witheldokan.com/storage/seif-pharmacies/uploads/395886.webp|https://masterapi.witheldokan.com/storage/seif-pharmacies/uploads/388303.webp|https://masterapi.witheldokan.com/storage/seif-pharmacies/uploads/88660.webp|https://masterapi.witheldokan.com/storage/seif-pharmacies/uploads/384990-1761053613.webp,https://seif-online.com/en/product/medical-equipment-supplies/general/thermometers
Scales,,,Apply,Skin Care,,Download App Now,,,https://masterapi.witheldokan.com/storage/seif-pharmacies/uploads/377523.webp|https://masterapi.witheldokan.com/storage/seif-pharmacies/uploads/614684.webp|https://masterapi.witheldokan.com/storage/seif-pharmacies/uploads/260071.webp|https://masterapi.witheldokan.com/storage/seif-pharmacies/uploads/614689.webp|https://masterapi.witheldokan.com/storage/seif-pharmacies/uploads/614690.webp|https://masterapi.witheldokan.com/storage/seif-pharmacies/uploads/614691.webp|https://masterapi.witheldokan.com/storage/seif-pharmacies/uploads/614686.webp|https://masterapi.witheldokan.com/storage/seif-pharmacies/uploads/609985.webp|https://masterapi.witheldokan.com/storage/seif-pharmacies/uploads/611024.webp,https://seif-online.com/en/product/medical-equipment-supplies/general/scales
Pain Management / Heating Pads,,,Apply,Skin Care,,Download App Now,,,https://masterapi.witheldokan.com/storage/seif-pharmacies/uploads/13818.webp|https://masterapi.witheldokan.com/storage/seif-pharmacies/uploads/616708-1759143353.webp|https://masterapi.witheldokan.com/storage/seif-pharmacies/uploads/314077.webp|https://masterapi.witheldokan.com/storage/seif-pharmacies/uploads/612891.webp|https://masterapi.witheldokan.com/storage/seif-pharmacies/uploads/611510.webp|https://masterapi.witheldokan.com/storage/seif-pharmacies/uploads/611508.webp|https://masterapi.witheldokan.com/storage/seif-pharmacies/uploads/611507.webp|https://masterapi.witheldokan.com/storage/seif-pharmacies/uploads/611503.webp|https://masterapi.witheldokan.com/storage/seif-pharmacies/uploads/611512.webp|https://masterapi.witheldokan.com/storage/seif-pharmacies/uploads/611511.webp,https://seif-online.com/en/product/medical-equipment-supplies/general/pain-management-heating-pads
Wheel Chairs & Crutches,,,Apply,Skin Care,,Download App Now,,,https://masterapi.witheldokan.com/storage/seif-pharmacies/uploads/614610-1759928034.webp|https://masterapi.witheldokan.com/storage/seif-pharmacies/uploads/614461-1759928934.webp|https://masterapi.witheldokan.com/storage/seif-pharmacies/uploads/614398.webp|https://masterapi.witheldokan.com/storage/seif-pharmacies/uploads/614607-1759928437.webp|https://masterapi.witheldokan.com/storage/seif-pharmacies/uploads/614609-1759928148.webp|https://masterapi.witheldokan.com/storage/seif-pharmacies/uploads/616288-1759325343.webp|https://cdn.supercommerce.io/seif-pharmacies/uploads/612138-1774090593.webp,https://seif-online.com/en/product/medical-equipment-supplies/general/wheel-chairs-crutches
Face Masks & Gloves,,,Apply,Skin Care,,Download App Now,,,https://masterapi.witheldokan.com/storage/seif-pharmacies/uploads/403290.webp|https://masterapi.witheldokan.com/storage/seif-pharmacies/uploads/389472.webp|https://masterapi.witheldokan.com/storage/seif-pharmacies/uploads/403262.webp|https://masterapi.witheldokan.com/storage/seif-pharmacies/uploads/171605.webp|https://masterapi.witheldokan.com/storage/seif-pharmacies/uploads/616707-1759143313.webp|https://masterapi.witheldokan.com/storage/seif-pharmacies/uploads/384398.webp|https://masterapi.witheldokan.com/storage/seif-pharmacies/uploads/388149.webp|https://masterapi.witheldokan.com/storage/seif-pharmacies/uploads/403261.webp|https://masterapi.witheldokan.com/storage/seif-pharmacies/uploads/4541.webp|https://masterapi.witheldokan.com/storage/seif-pharmacies/uploads/4538.webp|https://masterapi.witheldokan.com/storage/seif-pharmacies/uploads/611402.webp|https://masterapi.witheldokan.com/storage/seif-pharmacies/uploads/611405.webp,https://seif-online.com/en/product/medical-equipment-supplies/general/face-masks-gloves
Compression& Hosier,,,Apply,Skin Care,,Download App Now,,,https://masterapi.witheldokan.com/storage/seif-pharmacies/uploads/94040.webp|https://masterapi.witheldokan.com/storage/seif-pharmacies/uploads/396379.webp|https://masterapi.witheldokan.com/storage/seif-pharmacies/uploads/396378.webp|https://masterapi.witheldokan.com/storage/seif-pharmacies/uploads/62594.webp|https://masterapi.witheldokan.com/storage/seif-pharmacies/uploads/94050.webp|https://masterapi.witheldokan.com/storage/seif-pharmacies/uploads/94047.webp,https://seif-online.com/en/product/medical-equipment-supplies/general/compression-hosier
Blood Pressure Monitors,,,Apply,Skin Care,,Download App Now,,,https://masterapi.witheldokan.com/storage/seif-pharmacies/uploads/614321.webp|https://masterapi.witheldokan.com/storage/seif-pharmacies/uploads/614319.webp|https://masterapi.witheldokan.com/storage/seif-pharmacies/uploads/614317.webp|https://masterapi.witheldokan.com/storage/seif-pharmacies/uploads/614318.webp|https://masterapi.witheldokan.com/storage/seif-pharmacies/uploads/614320.webp|https://masterapi.witheldokan.com/storage/seif-pharmacies/uploads/404265.webp|https://masterapi.witheldokan.com/storage/seif-pharmacies/uploads/151284.webp|https://masterapi.witheldokan.com/storage/seif-pharmacies/uploads/393366.webp|https://masterapi.witheldokan.com/storage/seif-pharmacies/uploads/18596.webp|https://masterapi.witheldokan.com/storage/seif-pharmacies/uploads/393367.webp|https://masterapi.witheldokan.com/storage/seif-pharmacies/uploads/395889.webp|https://masterapi.witheldokan.com/storage/seif-pharmacies/uploads/303146.webp|https://masterapi.witheldokan.com/storage/seif-pharmacies/uploads/75193.webp|https://masterapi.witheldokan.com/storage/seif-pharmacies/uploads/322729.webp|https://masterapi.witheldokan.com/storage/seif-pharmacies/uploads/396021.webp|https://masterapi.witheldokan.com/storage/seif-pharmacies/uploads/322339.webp|https://masterapi.witheldokan.com/storage/seif-pharmacies/uploads/608888.webp,https://seif-online.com/en/product/medical-equipment-supplies/general/blood-pressure-monitors
Alcohol & Sanitizers,,,Apply,Skin Care,,Download App Now,,,https://masterapi.witheldokan.com/storage/seif-pharmacies/uploads/385187.webp|https://masterapi.witheldokan.com/storage/seif-pharmacies/uploads/403182.webp|https://masterapi.witheldokan.com/storage/seif-pharmacies/uploads/307118.webp|https://masterapi.witheldokan.com/storage/seif-pharmacies/uploads/403183.webp,https://seif-online.com/en/product/medical-equipment-supplies/general/alcohol-sanitizers
Diabetes Care,,,Apply,Skin Care,,Download App Now,,,https://masterapi.witheldokan.com/storage/seif-pharmacies/uploads/388960.webp|https://masterapi.witheldokan.com/storage/seif-pharmacies/uploads/357389.webp|https://masterapi.witheldokan.com/storage/seif-pharmacies/uploads/614503-1759929166.webp|https://masterapi.witheldokan.com/storage/seif-pharmacies/uploads/607893.webp|https://cdn.supercommerce.io/seif-pharmacies/uploads/403042.webp|https://masterapi.witheldokan.com/storage/seif-pharmacies/uploads/54022.webp|https://masterapi.witheldokan.com/storage/seif-pharmacies/uploads/610726.webp|https://masterapi.witheldokan.com/storage/seif-pharmacies/uploads/336412.webp|https://masterapi.witheldokan.com/storage/seif-pharmacies/uploads/396126.webp|https://masterapi.witheldokan.com/storage/seif-pharmacies/uploads/396125.webp|https://masterapi.witheldokan.com/storage/seif-pharmacies/uploads/322470.webp,https://seif-online.com/en/product/medical-equipment-supplies/general/diabetes-care
Braces & Supports,,,Apply,Skin Care,,Download App Now,,,https://masterapi.witheldokan.com/storage/seif-pharmacies/uploads/616530-1759152577.webp|https://masterapi.witheldokan.com/storage/seif-pharmacies/uploads/616529-1759152546.webp|https://masterapi.witheldokan.com/storage/seif-pharmacies/uploads/616527-1759152614.webp|https://masterapi.witheldokan.com/storage/seif-pharmacies/uploads/614613-1759928008.webp|https://masterapi.witheldokan.com/storage/seif-pharmacies/uploads/610178.webp|https://masterapi.witheldokan.com/storage/seif-pharmacies/uploads/616526-1759152673.webp|https://masterapi.witheldokan.com/storage/seif-pharmacies/uploads/610717.webp|https://masterapi.witheldokan.com/storage/seif-pharmacies/uploads/610180.webp|https://masterapi.witheldokan.com/storage/seif-pharmacies/uploads/610174.webp|https://masterapi.witheldokan.com/storage/seif-pharmacies/uploads/610177.webp|https://masterapi.witheldokan.com/storage/seif-pharmacies/uploads/610175.webp|https://masterapi.witheldokan.com/storage/seif-pharmacies/uploads/610173.webp|https://masterapi.witheldokan.com/storage/seif-pharmacies/uploads/610185.webp|https://masterapi.witheldokan.com/storage/seif-pharmacies/uploads/610176.webp|https://masterapi.witheldokan.com/storage/seif-pharmacies/uploads/610187.webp|https://masterapi.witheldokan.com/storage/seif-pharmacies/uploads/610179.webp|https://masterapi.witheldokan.com/storage/seif-pharmacies/uploads/610192.webp|https://masterapi.witheldokan.com/storage/seif-pharmacies/uploads/610191.webp,https://seif-online.com/en/product/medical-equipment-supplies/general/braces-supports
Comfort & Relaxation,,,Apply,Skin Care,,Download App Now,,,https://masterapi.witheldokan.com/storage/seif-pharmacies/uploads/398101.webp|https://masterapi.witheldokan.com/storage/seif-pharmacies/uploads/431662.webp|https://masterapi.witheldokan.com/storage/seif-pharmacies/uploads/432382.webp|https://masterapi.witheldokan.com/storage/seif-pharmacies/uploads/616294-1759321064.webp|https://masterapi.witheldokan.com/storage/seif-pharmacies/uploads/608138.webp|https://masterapi.witheldokan.com/storage/seif-pharmacies/uploads/614361-1760270979.webp|https://masterapi.witheldokan.com/storage/seif-pharmacies/uploads/399766.webp|https://masterapi.witheldokan.com/storage/seif-pharmacies/uploads/341740-1761219531.webp|https://masterapi.witheldokan.com/storage/seif-pharmacies/uploads/323868.webp,https://seif-online.com/en/product/medical-equipment-supplies/general/comfort-relaxation
Pulse Oximeters,,,Apply,Skin Care,,Download App Now,,,https://masterapi.witheldokan.com/storage/seif-pharmacies/uploads/614833.webp|https://masterapi.witheldokan.com/storage/seif-pharmacies/uploads/403283.webp|https://masterapi.witheldokan.com/storage/seif-pharmacies/uploads/386320.webp|https://masterapi.witheldokan.com/storage/seif-pharmacies/uploads/397281.webp,https://seif-online.com/en/product/medical-equipment-supplies/general/pulse-oximeters
Insoles & Foot Health,,,Apply,Skin Care,,Download App Now,,,https://masterapi.witheldokan.com/storage/seif-pharmacies/uploads/367756.webp|https://masterapi.witheldokan.com/storage/seif-pharmacies/uploads/218458.webp,https://seif-online.com/en/product/medical-equipment-supplies/general/insoles-foot-health
Fitness & Slimming,,,Apply,Skin Care,,Download App Now,,,https://masterapi.witheldokan.com/storage/seif-pharmacies/uploads/254228.webp|https://masterapi.witheldokan.com/storage/seif-pharmacies/uploads/616592-1759143638.webp|https://masterapi.witheldokan.com/storage/seif-pharmacies/uploads/338775.webp|https://masterapi.witheldokan.com/storage/seif-pharmacies/uploads/355003.webp|https://masterapi.witheldokan.com/storage/seif-pharmacies/uploads/370709-1761218701.webp,https://seif-online.com/en/product/medical-equipment-supplies/general/fitness-slimming
Artixiban 5 Mg 30 Tab (2+1) #,,,Apply,Skin Care,,Download App Now,,,https://masterapi.witheldokan.com/storage/seif-pharmacies/uploads/607429-1760869559.webp|https://cdn.supercommerce.io/seif-pharmacies/uploads/615722-1774955061.webp|https://cdn.supercommerce.io/seif-pharmacies/uploads/615723-1774955209.webp|https://cdn.supercommerce.io/seif-pharmacies/uploads/615724-1774955295.webp|https://cdn.supercommerce.io/seif-pharmacies/uploads/615725-1774955362.webp|https://masterapi.witheldokan.com/storage/seif-pharmacies/uploads/615726-1763304163.webp|https://cdn.supercommerce.io/seif-pharmacies/uploads/615760-1769413082.webp|https://masterapi.witheldokan.com/storage/seif-pharmacies/uploads/615848-(1).webp|https://cdn.supercommerce.io/seif-pharmacies/uploads/615913.webp|https://cdn.supercommerce.io/seif-pharmacies/uploads/615917.webp|https://cdn.supercommerce.io/seif-pharmacies/uploads/615931-1768726598.webp|https://cdn.supercommerce.io/seif-pharmacies/uploads/615932.webp|https://cdn.supercommerce.io/seif-pharmacies/uploads/615936-1771232883.webp|https://masterapi.witheldokan.com/storage/seif-pharmacies/uploads/615985.webp|https://masterapi.witheldokan.com/storage/seif-pharmacies/uploads/615986.webp|https://cdn.supercommerce.io/seif-pharmacies/uploads/616000.webp|https://cdn.supercommerce.io/seif-pharmacies/uploads/616001-1770017787.webp|https://cdn.supercommerce.io/seif-pharmacies/uploads/616002-1770018856.webp|https://masterapi.witheldokan.com/storage/seif-pharmacies/uploads/616072webp-1753949284.webp|https://masterapi.witheldokan.com/storage/seif-pharmacies/uploads/99061-1751188828.webp|https://masterapi.witheldokan.com/storage/seif-pharmacies/uploads/389692-1760964822.webp|https://masterapi.witheldokan.com/storage/seif-pharmacies/uploads/614599-1759928490.webp|https://cdn.supercommerce.io/seif-pharmacies/uploads/614809-1775483567.webp,https://seif-online.com/en/products/deals?sort=high-discount
>>>>>>> 9f9873ce6a80c2ea51c66b35797577e105c57643
