[21:25:15] [INFO] ============================================================
[21:25:15] [INFO]   seif-online.com Scraper  --  started 2026-04-07 21:25:15
[21:25:15] [INFO]   Output folder : C:\Users\hp\Desktop\DL Project\deep_learning_project\seif_output
[21:25:15] [INFO]   Log file      : C:\Users\hp\Desktop\DL Project\deep_learning_project\seif_output\scraper.log
[21:25:15] [INFO]   Headless mode : True
[21:25:15] [INFO] ============================================================
[21:25:15] [INFO] 
Launching Chromium browser...
[21:25:28] [OK] OK  Browser launched successfully.
[21:25:28] [INFO] 
--------------------------------------------------------
[21:25:28] [INFO]   STEP 1/3  --  Discovering categories & subcategories
[21:25:28] [INFO] --------------------------------------------------------
[21:25:28] [INFO] Opening homepage -> https://seif-online.com/en
[21:25:35] [OK] OK  Homepage loaded. Scanning nav links...
[21:25:36] [INFO]    Found 695 total anchor elements on the page.
[21:25:43] [INFO]    Filtered to 8 category-style links.
[21:25:43] [OK] OK  Discovered 8 category URLs:
[21:25:43] [INFO]      * Skin Care   (https://seif-online.com/en/category/skin-care)
[21:25:43] [INFO]      * Mom Baby   (https://seif-online.com/en/category/mom-baby)
[21:25:43] [INFO]      * Medicine   (https://seif-online.com/en/category/medicine)
[21:25:43] [INFO]      * Cosmetics   (https://seif-online.com/en/category/cosmetics)
[21:25:43] [INFO]      * Every Day Essentials   (https://seif-online.com/en/category/every-day-essentials)
[21:25:43] [INFO]      * Hair Care   (https://seif-online.com/en/category/hair-care)
[21:25:43] [INFO]      * Sexual Health   (https://seif-online.com/en/category/sexual-health)
[21:25:43] [INFO]      * Medical Equipment Supplies   (https://seif-online.com/en/category/medical-equipment-supplies)
[21:25:43] [INFO] 
--------------------------------------------------------
[21:25:43] [INFO]   STEP 2/3  --  Collecting product URLs from every category
[21:25:43] [INFO] --------------------------------------------------------
[21:25:43] [INFO] 
  [1/8] Category: Skin Care
[21:25:43] [INFO]          URL: https://seif-online.com/en/category/skin-care
[21:25:43] [INFO]        Loading page 1...
[21:25:54] [INFO]        Page 1: 278 product links found  (running total: 278)
[21:25:54] [OK] OK         Done -- 278 product URLs from "Skin Care".
[21:25:54] [INFO] 
  [2/8] Category: Mom Baby
[21:25:54] [INFO]          URL: https://seif-online.com/en/category/mom-baby
[21:25:54] [INFO]        Loading page 1...
[21:26:04] [INFO]        Page 1: 278 product links found  (running total: 278)
[21:26:04] [OK] OK         Done -- 278 product URLs from "Mom Baby".
[21:26:04] [INFO] 
  [3/8] Category: Medicine
[21:26:04] [INFO]          URL: https://seif-online.com/en/category/medicine
[21:26:04] [INFO]        Loading page 1...
[21:26:14] [INFO]        Page 1: 278 product links found  (running total: 278)
[21:26:14] [OK] OK         Done -- 278 product URLs from "Medicine".
[21:26:14] [INFO] 
  [4/8] Category: Cosmetics
[21:26:14] [INFO]          URL: https://seif-online.com/en/category/cosmetics
[21:26:14] [INFO]        Loading page 1...
[21:26:25] [INFO]        Page 1: 278 product links found  (running total: 278)
[21:26:25] [OK] OK         Done -- 278 product URLs from "Cosmetics".
[21:26:25] [INFO] 
  [5/8] Category: Every Day Essentials
[21:26:25] [INFO]          URL: https://seif-online.com/en/category/every-day-essentials
[21:26:25] [INFO]        Loading page 1...
[21:26:35] [INFO]        Page 1: 278 product links found  (running total: 278)
[21:26:35] [OK] OK         Done -- 278 product URLs from "Every Day Essentials".
[21:26:35] [INFO] 
  [6/8] Category: Hair Care
[21:26:35] [INFO]          URL: https://seif-online.com/en/category/hair-care
[21:26:35] [INFO]        Loading page 1...
[21:26:45] [INFO]        Page 1: 278 product links found  (running total: 278)
[21:26:45] [OK] OK         Done -- 278 product URLs from "Hair Care".
[21:26:45] [INFO] 
  [7/8] Category: Sexual Health
[21:26:45] [INFO]          URL: https://seif-online.com/en/category/sexual-health
[21:26:45] [INFO]        Loading page 1...
[21:26:57] [INFO]        Page 1: 278 product links found  (running total: 278)
[21:26:57] [OK] OK         Done -- 278 product URLs from "Sexual Health".
[21:26:57] [INFO] 
  [8/8] Category: Medical Equipment Supplies
[21:26:57] [INFO]          URL: https://seif-online.com/en/category/medical-equipment-supplies
[21:26:57] [INFO]        Loading page 1...
[21:27:10] [INFO]        Page 1: 278 product links found  (running total: 278)
[21:27:10] [OK] OK         Done -- 278 product URLs from "Medical Equipment Supplies".
[21:27:10] [INFO] 
   Total collected  : 2224
[21:27:10] [INFO]    Duplicates removed: 1946
[21:27:10] [OK] OK  278 unique product pages to scrape.
[21:27:10] [INFO] 
   Scraping 278 product pages. This may take a while...

[21:27:20] [INFO]   [   1 / 278]  (  0.4%)  Body Care                                                price: -
[21:27:32] [INFO]   [   2 / 278]  (  0.7%)  Scars & Stretchmarks                                     price: -
[21:27:51] [INFO]   [   3 / 278]  (  1.1%)  Body Scrub                                               price: -
[21:28:00] [INFO]   [   4 / 278]  (  1.4%)  Body Moisturizers                                        price: -
[21:28:11] [INFO]   [   5 / 278]  (  1.8%)  Hand Care & Foot                                         price: -
[21:28:19] [INFO]   [   6 / 278]  (  2.2%)  Foot Care                                                price: -
[21:28:24] [INFO]   [   7 / 278]  (  2.5%)  Hand Moisturizers                                        price: -
[21:28:28] [INFO]   [   8 / 278]  (  2.9%)  Face Care                                                price: -
[21:28:33] [INFO]   [   9 / 278]  (  3.2%)  Skin Cleansers                                           price: -
[21:28:38] [INFO]   [  10 / 278]  (  3.6%)  Skin Moisturizers                                        price: -
[21:28:42] [INFO]   [  11 / 278]  (  4.0%)  Sun Care                                                 price: -
[21:28:47] [INFO]   [  12 / 278]  (  4.3%)  Facial Toners & Serums                                   price: -
[21:28:51] [INFO]   [  13 / 278]  (  4.7%)  Eye Cream & Contour                                      price: -
[21:28:55] [INFO]   [  14 / 278]  (  5.0%)  Makeup Removers                                          price: -
[21:28:59] [INFO]   [  15 / 278]  (  5.4%)  Facial Masks & Scrubs                                    price: -
[21:29:03] [INFO]   [  16 / 278]  (  5.8%)  Skin Care                                                price: -
[21:29:08] [INFO]   [  17 / 278]  (  6.1%)  Face Massagers & Derma Rollers                           price: -
[21:29:12] [INFO]   [  18 / 278]  (  6.5%)  Lip Care                                                 price: -
[21:29:16] [INFO]   [  19 / 278]  (  6.8%)  Skin Whitening                                           price: -
[21:29:21] [INFO]   [  20 / 278]  (  7.2%)  Acne Preparations                                        price: -
[21:29:25] [INFO]   [  21 / 278]  (  7.6%)  Anti-Ageing                                              price: -
[21:29:28] [INFO]   [  22 / 278]  (  7.9%)  Baby Nutrition                                           price: -
[21:29:33] [INFO]   [  23 / 278]  (  8.3%)  Baby Feeding Accessories                                 price: -
[21:29:37] [INFO]   [  24 / 278]  (  8.6%)  Baby Food                                                price: -
[21:29:42] [INFO]   [  25 / 278]  (  9.0%)  Nutrition Supplements                                    price: -
[21:29:48] [INFO]   [  26 / 278]  (  9.4%)  Baby Milk                                                price: -
[21:29:53] [INFO]   [  27 / 278]  (  9.7%)  Baby Care                                                price: -
[21:29:58] [INFO]   [  28 / 278]  ( 10.1%)  Baby Skin Care                                           price: -
[21:30:03] [INFO]   [  29 / 278]  ( 10.4%)  Nappy Care & diaper cream                                price: -
[21:30:09] [INFO]   [  30 / 278]  ( 10.8%)  Kids Toothpaste                                          price: -
[21:30:16] [INFO]   [  31 / 278]  ( 11.2%)  Baby Sun Care                                            price: -
[21:30:21] [INFO]   [  32 / 278]  ( 11.5%)  Baby Health Care                                         price: -
[21:30:26] [INFO]   [  33 / 278]  ( 11.9%)  Baby Toiletries & Bath Accessories                       price: -
[21:30:30] [INFO]   [  34 / 278]  ( 12.2%)  Baby Accessories                                         price: -
[21:30:34] [INFO]   [  35 / 278]  ( 12.6%)  Medical Earrings                                         price: -
[21:30:40] [INFO]   [  36 / 278]  ( 12.9%)  Kids Toothbrush                                          price: -
[21:30:45] [INFO]   [  37 / 278]  ( 13.3%)  Baby Equipment& Pacifiers                                price: -
[21:30:51] [INFO]   [  38 / 278]  ( 13.7%)  Mom Care                                                 price: -
[21:30:57] [INFO]   [  39 / 278]  ( 14.0%)  Breastfeeding Supplies                                   price: -
[21:31:02] [INFO]   [  40 / 278]  ( 14.4%)  Pregnancy Check                                          price: -
[21:31:07] [INFO]   [  41 / 278]  ( 14.7%)  Ovulation Check                                          price: -
[21:31:14] [INFO]   [  42 / 278]  ( 15.1%)  Mom Skin Care                                            price: -
[21:31:18] [INFO]   [  43 / 278]  ( 15.5%)  Baby Diapers & Wips                                      price: -
[21:31:22] [INFO]   [  44 / 278]  ( 15.8%)  Baby Diapers                                             price: -
[21:31:27] [INFO]   [  45 / 278]  ( 16.2%)  Baby Wipes                                               price: -
[21:31:31] [INFO]   [  46 / 278]  ( 16.5%)  Headache&Fever                                           price: -
[21:31:35] [INFO]   [  47 / 278]  ( 16.9%)  Migraine Treatment                                       price: -
[21:31:40] [INFO]   [  48 / 278]  ( 17.3%)  Non- Narcotic Analgesic                                  price: -
[21:31:45] [INFO]   [  49 / 278]  ( 17.6%)  Food & Beverages                                         price: -
[21:31:48] [INFO]   [  50 / 278]  ( 18.0%)  Salt Substitute                                          price: -
[21:31:49] [INFO]    [CHECKPOINT] Saved 50 products so far -> seif_output\products_data.csv
[21:31:54] [INFO]   [  51 / 278]  ( 18.3%)  Honey & Bee products                                     price: -
[21:31:58] [INFO]   [  52 / 278]  ( 18.7%)  Vitamins &/Or Minerals                                   price: -
[21:32:02] [INFO]   [  53 / 278]  ( 19.1%)  Eye Aid Vitamin                                          price: -
[21:32:06] [INFO]   [  54 / 278]  ( 19.4%)  Multivitamins                                            price: -
[21:32:12] [INFO]   [  55 / 278]  ( 19.8%)  Hair Tonic                                               price: -
[21:32:16] [INFO]   [  56 / 278]  ( 20.1%)  Mouth & Gum Care                                         price: -
[21:32:21] [INFO]   [  57 / 278]  ( 20.5%)  Mouthwash & Gargle.                                      price: -
[21:32:25] [INFO]   [  58 / 278]  ( 20.9%)  Teeth & Gum Care                                         price: -
[21:32:31] [INFO]   [  59 / 278]  ( 21.2%)  Lozenges                                                 price: -
[21:32:36] [INFO]   [  60 / 278]  ( 21.6%)  Topical Treatment Of The Mouth                           price: -
[21:32:43] [INFO]   [  61 / 278]  ( 21.9%)  Topical Prepareation                                     price: -
[21:32:50] [INFO]   [  62 / 278]  ( 22.3%)  Anti-Virals                                              price: -
[21:32:56] [INFO]   [  63 / 278]  ( 22.7%)  Soothing / Protective                                    price: -
[21:33:01] [INFO]   [  64 / 278]  ( 23.0%)  Burns/Wounds                                             price: -
[21:33:06] [INFO]   [  65 / 278]  ( 23.4%)  Skin Depigmentation                                      price: -
[21:33:12] [INFO]   [  66 / 278]  ( 23.7%)  Body Firming & Anti-Ageing                               price: -
[21:33:16] [INFO]   [  67 / 278]  ( 24.1%)  Alopecia Treatment                                       price: -
[21:33:21] [INFO]   [  68 / 278]  ( 24.5%)  Varicose Veins                                           price: -
[21:33:26] [INFO]   [  69 / 278]  ( 24.8%)  Anthelmintics.                                           price: -
[21:33:33] [INFO]   [  70 / 278]  ( 25.2%)  Psoriasis/Eczema                                         price: -
[21:33:39] [INFO]   [  71 / 278]  ( 25.5%)  Sun Screen                                               price: -
[21:33:45] [INFO]   [  72 / 278]  ( 25.9%)  Astringent                                               price: -
[21:33:50] [INFO]   [  73 / 278]  ( 26.3%)  Local Anaesthetic                                        price: -
[21:33:56] [INFO]   [  74 / 278]  ( 26.6%)  Anti-Dandruff                                            price: -
[21:34:00] [INFO]   [  75 / 278]  ( 27.0%)  Anti- Fungals                                            price: -
[21:34:05] [INFO]   [  76 / 278]  ( 27.3%)  Male Sex Horm / Androgens                                price: -
[21:34:09] [INFO]   [  77 / 278]  ( 27.7%)  Hair Tonic.                                              price: -
[21:34:13] [INFO]   [  78 / 278]  ( 28.1%)  Medical Soap                                             price: -
[21:34:17] [INFO]   [  79 / 278]  ( 28.4%)  Haemorrhoids & Anal Fissures                             price: -
[21:34:23] [INFO]   [  80 / 278]  ( 28.8%)  Warts&Anti-Corn Preparations                             price: -
[21:34:27] [INFO]   [  81 / 278]  ( 29.1%)  Anti-Biotics                                             price: -
[21:34:32] [INFO]   [  82 / 278]  ( 29.5%)  Topical Anti- Biotic                                     price: -
[21:34:37] [INFO]   [  83 / 278]  ( 29.9%)  Anti-Acne                                                price: -
[21:34:42] [INFO]   [  84 / 278]  ( 30.2%)  Blank                                                    price: -
[21:34:47] [INFO]   [  85 / 278]  ( 30.6%)  Anti-Fungal & Steroid                                    price: -
[21:34:53] [INFO]   [  86 / 278]  ( 30.9%)  Antiseptic                                               price: -
[21:34:58] [INFO]   [  87 / 278]  ( 31.3%)  Scabies & Lice                                           price: -
[21:35:03] [INFO]   [  88 / 278]  ( 31.7%)  Vitiligo Treatment                                       price: -
[21:35:08] [INFO]   [  89 / 278]  ( 32.0%)  Steroid                                                  price: -
[21:35:13] [INFO]   [  90 / 278]  ( 32.4%)  Steroid & Anti-Biotic                                    price: -
[21:35:17] [INFO]   [  91 / 278]  ( 32.7%)  Analgesic / A. Rheumatic                                 price: -
[21:35:22] [INFO]   [  92 / 278]  ( 33.1%)  Eye,Ear,Nose                                             price: -
[21:35:27] [INFO]   [  93 / 278]  ( 33.5%)  Topical Anti-Biotic                                      price: -
[21:35:31] [INFO]   [  94 / 278]  ( 33.8%)  Ear Preparation                                          price: -
[21:35:36] [INFO]   [  95 / 278]  ( 34.2%)  Eye Irrigation                                           price: -
[21:35:41] [INFO]   [  96 / 278]  ( 34.5%)  Contact Lens Care                                        price: -
[21:35:46] [INFO]   [  97 / 278]  ( 34.9%)  Topical Steroid & Anti-Biotic                            price: -
[21:35:52] [INFO]   [  98 / 278]  ( 35.3%)  Eye Local Anaesthetic.                                   price: -
[21:35:56] [INFO]   [  99 / 278]  ( 35.6%)  Topical Anti-Viral                                       price: -
[21:36:00] [INFO]   [ 100 / 278]  ( 36.0%)  Glaucoma Treatment                                       price: -
[21:36:00] [INFO]    [CHECKPOINT] Saved 100 products so far -> seif_output\products_data.csv
[21:36:05] [INFO]   [ 101 / 278]  ( 36.3%)  Nose Preparation                                         price: -
[21:36:09] [INFO]   [ 102 / 278]  ( 36.7%)  Eye Allergy & Inflammation                               price: -
[21:36:14] [INFO]   [ 103 / 278]  ( 37.1%)  Mydriatics                                               price: -
[21:36:18] [INFO]   [ 104 / 278]  ( 37.4%)  Topical Steroid                                          price: -
[21:36:22] [INFO]   [ 105 / 278]  ( 37.8%)  Central Nervous System                                   price: -
[21:36:26] [INFO]   [ 106 / 278]  ( 38.1%)  Local Anaesthetic.                                       price: -
[21:36:30] [INFO]   [ 107 / 278]  ( 38.5%)  Psychotic Disorders                                      price: -
[21:36:35] [INFO]   [ 108 / 278]  ( 38.8%)  Sedatives & Hypnotics                                    price: -
[21:36:39] [INFO]   [ 109 / 278]  ( 39.2%)  Cerebral Stimulant                                       price: -
[21:36:44] [INFO]   [ 110 / 278]  ( 39.6%)  Alzheimer Treatment                                      price: -
[21:36:48] [INFO]   [ 111 / 278]  ( 39.9%)  Anti-Parkinsonism                                        price: -
[21:36:52] [INFO]   [ 112 / 278]  ( 40.3%)  Cns Stimulants                                           price: -
[21:36:56] [INFO]   [ 113 / 278]  ( 40.6%)  General Anaesthetic                                      price: -
[21:37:01] [INFO]   [ 114 / 278]  ( 41.0%)  Anti-Epileptic & A. Convulsant                           price: -
[21:37:05] [INFO]   [ 115 / 278]  ( 41.4%)  Neurotonic                                               price: -
[21:37:09] [INFO]   [ 116 / 278]  ( 41.7%)  Anti-Depressant                                          price: -
[21:37:14] [INFO]   [ 117 / 278]  ( 42.1%)  ADHD(Attent.Deficit.Hyperac.D)                           price: -
[21:37:18] [INFO]   [ 118 / 278]  ( 42.4%)  Miscellaneous                                            price: -
[21:37:22] [INFO]   [ 119 / 278]  ( 42.8%)  Anti-Dote                                                price: -
[21:37:27] [INFO]   [ 120 / 278]  ( 43.2%)  Anaemia                                                  price: -
[21:37:32] [INFO]   [ 121 / 278]  ( 43.5%)  Infections                                               price: -
[21:37:37] [INFO]   [ 122 / 278]  ( 43.9%)  Anthelmintics,                                           price: -
[21:37:41] [INFO]   [ 123 / 278]  ( 44.2%)  Anti- Fungals                                            price: -
[21:37:45] [INFO]   [ 124 / 278]  ( 44.6%)  Immunomodulator.                                         price: -
[21:37:50] [INFO]   [ 125 / 278]  ( 45.0%)  Anti- Biotics                                            price: -
[21:37:54] [INFO]   [ 126 / 278]  ( 45.3%)  Anti- Virals                                             price: -
[21:37:59] [INFO]   [ 127 / 278]  ( 45.7%)  Anti- Acne                                               price: -
[21:38:04] [INFO]   [ 128 / 278]  ( 46.0%)  Vaccines                                                 price: -
[21:38:09] [INFO]   [ 129 / 278]  ( 46.4%)  Weight Control & Fitness                                 price: -
[21:38:13] [INFO]   [ 130 / 278]  ( 46.8%)  Appetite Control & Fat Burn                              price: -
[21:38:18] [INFO]   [ 131 / 278]  ( 47.1%)  Anabolic                                                 price: -
[21:38:22] [INFO]   [ 132 / 278]  ( 47.5%)  Sugar Substitutes                                        price: -
[21:38:27] [INFO]   [ 133 / 278]  ( 47.8%)  Musculo-Skeletal System                                  price: -
[21:38:34] [INFO]   [ 134 / 278]  ( 48.2%)  Mytonics                                                 price: -
[21:38:38] [INFO]   [ 135 / 278]  ( 48.6%)  Gout Treatment                                           price: -
[21:38:43] [INFO]   [ 136 / 278]  ( 48.9%)  Analgesic/A. Rheumatic                                   price: -
[21:38:47] [INFO]   [ 137 / 278]  ( 49.3%)  Skeletal Muscle Relaxant                                 price: -
[21:38:51] [INFO]   [ 138 / 278]  ( 49.6%)  Osteoporosis/Arthritis Manag                             price: -
[21:38:56] [INFO]   [ 139 / 278]  ( 50.0%)  Other Anti-Rheumatics                                    price: -
[21:39:00] [INFO]   [ 140 / 278]  ( 50.4%)  Respiratory System                                       price: -
[21:39:05] [INFO]   [ 141 / 278]  ( 50.7%)  Cough Expectorant & Sedative                             price: -
[21:39:09] [INFO]   [ 142 / 278]  ( 51.1%)  Bronchodilator                                           price: -
[21:39:14] [INFO]   [ 143 / 278]  ( 51.4%)  Anti-Catarrhals                                          price: -
[21:39:18] [INFO]   [ 144 / 278]  ( 51.8%)  Anti- Histamines&Anti-Inflam                             price: -
[21:39:22] [INFO]   [ 145 / 278]  ( 52.2%)  Nicotine Replacement Therapy                             price: -
[21:39:26] [INFO]   [ 146 / 278]  ( 52.5%)  Mucolytic / Muco-Regulator                               price: -
[21:39:31] [INFO]   [ 147 / 278]  ( 52.9%)  Anti-Tussive                                             price: -
[21:39:36] [INFO]   [ 148 / 278]  ( 53.2%)  Gastro-Intestinal Tract                                  price: -
[21:39:40] [INFO]   [ 149 / 278]  ( 53.6%)  Antacids                                                 price: -
[21:39:45] [INFO]   [ 150 / 278]  ( 54.0%)  Cathartic/Laxative/Purgative                             price: -
[21:39:45] [INFO]    [CHECKPOINT] Saved 150 products so far -> seif_output\products_data.csv
[21:39:49] [INFO]   [ 151 / 278]  ( 54.3%)  Anti-Flatulence                                          price: -
[21:39:54] [INFO]   [ 152 / 278]  ( 54.7%)  Plasma Substituent/ Expander                             price: -
[21:39:58] [INFO]   [ 153 / 278]  ( 55.0%)  Liver Disease Management                                 price: -
[21:40:03] [INFO]   [ 154 / 278]  ( 55.4%)  Anti-Spasmodic                                           price: -
[21:40:08] [INFO]   [ 155 / 278]  ( 55.8%)  Ulcer Treatment                                          price: -
[21:40:12] [INFO]   [ 156 / 278]  ( 56.1%)  Anti-Dysenteric/Amoebic/Paras                            price: -
[21:40:17] [INFO]   [ 157 / 278]  ( 56.5%)  Anti-Diarrhoeal                                          price: -
[21:40:21] [INFO]   [ 158 / 278]  ( 56.8%)  Anti-Emetic                                              price: -
[21:40:26] [INFO]   [ 159 / 278]  ( 57.2%)  Digestive                                                price: -
[21:40:32] [INFO]   [ 160 / 278]  ( 57.6%)  Lipids Regulation.                                       price: -
[21:40:37] [INFO]   [ 161 / 278]  ( 57.9%)  Gynaecology&Urinary Tract Dis                            price: -
[21:40:41] [INFO]   [ 162 / 278]  ( 58.3%)  Prostatic Hyperplasia                                    price: -
[21:40:45] [INFO]   [ 163 / 278]  ( 58.6%)  Menopausal&Gyn. Disorders                                price: -
[21:40:51] [INFO]   [ 164 / 278]  ( 59.0%)  Urinary Tract Antiseptic                                 price: -
[21:40:56] [INFO]   [ 165 / 278]  ( 59.4%)  Nocturnal Enuresis                                       price: -
[21:41:00] [INFO]   [ 166 / 278]  ( 59.7%)  Infertility Treatment                                    price: -
[21:41:05] [INFO]   [ 167 / 278]  ( 60.1%)  Immunological System                                     price: -
[21:41:09] [INFO]   [ 168 / 278]  ( 60.4%)  Interferons                                              price: -
[21:41:14] [INFO]   [ 169 / 278]  ( 60.8%)  Immuno-Suppresives                                       price: -
[21:41:18] [INFO]   [ 170 / 278]  ( 61.2%)  Cardio-Vascular System                                   price: -
[21:41:23] [INFO]   [ 171 / 278]  ( 61.5%)  Vascularitics                                            price: -
[21:41:27] [INFO]   [ 172 / 278]  ( 61.9%)  Anti-Coagulants                                          price: -
[21:41:32] [INFO]   [ 173 / 278]  ( 62.2%)  Circulatory Disturbance Agent                            price: -
[21:41:37] [INFO]   [ 174 / 278]  ( 62.6%)  Haemostatics/Coagulants                                  price: -
[21:41:41] [INFO]   [ 175 / 278]  ( 62.9%)  Congestive Heart Failure                                 price: -
[21:41:45] [INFO]   [ 176 / 278]  ( 63.3%)  Anti-Hypotension                                         price: -
[21:41:50] [INFO]   [ 177 / 278]  ( 63.7%)  Anti-Hypertensives                                       price: -
[21:41:54] [INFO]   [ 178 / 278]  ( 64.0%)  Lipids Regulation                                        price: -
[21:41:58] [INFO]   [ 179 / 278]  ( 64.4%)  Anti-Arrhythmics                                         price: -
[21:42:04] [INFO]   [ 180 / 278]  ( 64.7%)  Angina Treatment                                         price: -
[21:42:09] [INFO]   [ 181 / 278]  ( 65.1%)  Cancer Therapy                                           price: -
[21:42:14] [INFO]   [ 182 / 278]  ( 65.5%)  Alkylating Agent                                         price: -
[21:42:18] [INFO]   [ 183 / 278]  ( 65.8%)  Monoclonal Antibodies                                    price: -
[21:42:24] [INFO]   [ 184 / 278]  ( 66.2%)  Cytostatic Anti-Androgen                                 price: -
[21:42:29] [INFO]   [ 185 / 278]  ( 66.5%)  Cytostatic ElGonadtropin Analogu                         price: -
[21:42:34] [INFO]   [ 186 / 278]  ( 66.9%)  Enzyme Inhibitor                                         price: -
[21:42:38] [INFO]   [ 187 / 278]  ( 67.3%)  Cytostatic Anti-Oestrogen                                price: -
[21:42:44] [INFO]   [ 188 / 278]  ( 67.6%)  Anti-Metabolites                                         price: -
[21:42:48] [INFO]   [ 189 / 278]  ( 68.0%)  Neutropenia                                              price: -
[21:42:53] [INFO]   [ 190 / 278]  ( 68.3%)  Immunomodulator                                          price: -
[21:42:58] [INFO]   [ 191 / 278]  ( 68.7%)  Nutrients&Blood Electrolytes                             price: -
[21:43:04] [INFO]   [ 192 / 278]  ( 69.1%)  Plasma Substituent/Expander                              price: -
[21:43:10] [INFO]   [ 193 / 278]  ( 69.4%)  Endocrine System                                         price: -
[21:43:14] [INFO]   [ 194 / 278]  ( 69.8%)  Anti-Hyper Thyroidism                                    price: -
[21:43:19] [INFO]   [ 195 / 278]  ( 70.1%)  Hypo-Glycaemics / Antidiabetic                           price: -
[21:43:25] [INFO]   [ 196 / 278]  ( 70.5%)  Gluco-Corticoid                                          price: -
[21:43:30] [INFO]   [ 197 / 278]  ( 70.9%)  Anti-Hypo Thyroidism                                     price: -
[21:43:35] [INFO]   [ 198 / 278]  ( 71.2%)  Anti-Galactorrhoea                                       price: -
[21:43:39] [INFO]   [ 199 / 278]  ( 71.6%)  Osteoporosis/ Arthritis Manag                            price: -
[21:43:44] [INFO]   [ 200 / 278]  ( 71.9%)  Female Sex Hormones                                      price: -
[21:43:45] [INFO]    [CHECKPOINT] Saved 200 products so far -> seif_output\products_data.csv
[21:43:49] [INFO]   [ 201 / 278]  ( 72.3%)  Male Sex Horm / Androgens                                price: -
[21:43:54] [INFO]   [ 202 / 278]  ( 72.7%)  Insulins                                                 price: -
[21:43:59] [INFO]   [ 203 / 278]  ( 73.0%)  Infertility Treatment.                                   price: -
[21:44:05] [INFO]   [ 204 / 278]  ( 73.4%)  Growth Hormone                                           price: -
[21:44:09] [INFO]   [ 205 / 278]  ( 73.7%)  Make Up                                                  price: -
[21:44:14] [INFO]   [ 206 / 278]  ( 74.1%)  Face                                                     price: -
[21:44:19] [INFO]   [ 207 / 278]  ( 74.5%)  Nail                                                     price: -
[21:44:24] [INFO]   [ 208 / 278]  ( 74.8%)  Eye                                                      price: -
[21:44:29] [INFO]   [ 209 / 278]  ( 75.2%)  Lip                                                      price: -
[21:44:34] [INFO]   [ 210 / 278]  ( 75.5%)  Mom & Baby                                               price: -
[21:44:40] [INFO]   [ 211 / 278]  ( 75.9%)  Lenses                                                   price: -
[21:44:45] [INFO]   [ 212 / 278]  ( 76.3%)  Beauty Accessories                                       price: -
[21:44:50] [INFO]   [ 213 / 278]  ( 76.6%)  Perfume                                                  price: -
[21:44:55] [INFO]   [ 214 / 278]  ( 77.0%)  GLasses                                                  price: -
[21:45:02] [INFO]   [ 215 / 278]  ( 77.3%)  Eye Lasher Accessories                                   price: -
[21:45:08] [INFO]   [ 216 / 278]  ( 77.7%)  Nails Beauty                                             price: -
[21:45:16] [INFO]   [ 217 / 278]  ( 78.1%)  Oral Care                                                price: -
[21:45:21] [INFO]   [ 218 / 278]  ( 78.4%)  Dental Care                                              price: -
[21:45:27] [INFO]   [ 219 / 278]  ( 78.8%)  Breath Fresheners                                        price: -
[21:45:33] [INFO]   [ 220 / 278]  ( 79.1%)  Teeth Whitening                                          price: -
[21:45:38] [INFO]   [ 221 / 278]  ( 79.5%)  Toothbrush                                               price: -
[21:45:44] [INFO]   [ 222 / 278]  ( 79.9%)  Mouthwash & Gargle                                       price: -
[21:45:49] [INFO]   [ 223 / 278]  ( 80.2%)  Dental Floss                                             price: -
[21:45:54] [INFO]   [ 224 / 278]  ( 80.6%)  Toothpaste                                               price: -
[21:46:00] [INFO]   [ 225 / 278]  ( 80.9%)  Women Care                                               price: -
[21:46:05] [INFO]   [ 226 / 278]  ( 81.3%)  Hair Styling Electronics                                 price: -
[21:46:10] [INFO]   [ 227 / 278]  ( 81.7%)  Hair Removal Products                                    price: -
[21:46:14] [INFO]   [ 228 / 278]  ( 82.0%)  Women Sanitary Care                                      price: -
[21:46:20] [INFO]   [ 229 / 278]  ( 82.4%)  Electric Hair Removal Machines                           price: -
[21:46:24] [INFO]   [ 230 / 278]  ( 82.7%)  Sanitary Napkins                                         price: -
[21:46:29] [INFO]   [ 231 / 278]  ( 83.1%)  Bath & Body                                              price: -
[21:46:35] [INFO]   [ 232 / 278]  ( 83.5%)  Bath Loof                                                price: -
[21:46:40] [INFO]   [ 233 / 278]  ( 83.8%)  Hand Wash                                                price: -
[21:46:48] [INFO]   [ 234 / 278]  ( 84.2%)  Body Wash                                                price: -
[21:46:54] [INFO]   [ 235 / 278]  ( 84.5%)  Body Fresheners                                          price: -
[21:47:02] [INFO]   [ 236 / 278]  ( 84.9%)  Deodrant Cream                                           price: -
[21:47:09] [INFO]   [ 237 / 278]  ( 85.3%)  Body Mist                                                price: -
[21:47:16] [INFO]   [ 238 / 278]  ( 85.6%)  Body Cologne                                             price: -
[21:47:22] [INFO]   [ 239 / 278]  ( 86.0%)  Deodrant Stick                                           price: -
[21:47:27] [INFO]   [ 240 / 278]  ( 86.3%)  Body Spray                                               price: -
[21:47:33] [INFO]   [ 241 / 278]  ( 86.7%)  Deodrant Roll On                                         price: -
[21:47:38] [INFO]   [ 242 / 278]  ( 87.1%)  Man Care                                                 price: -
[21:47:44] [INFO]   [ 243 / 278]  ( 87.4%)  Shaving Machines                                         price: -
[21:47:49] [INFO]   [ 244 / 278]  ( 87.8%)  Beard Care                                               price: -
[21:47:54] [INFO]   [ 245 / 278]  ( 88.1%)  Shave & After Shave Products                             price: -
[21:47:59] [INFO]   [ 246 / 278]  ( 88.5%)  Shaving & Trimming Electronics                           price: -
[21:48:05] [INFO]   [ 247 / 278]  ( 88.8%)  Home Care&Hygienics                                      price: -
[21:48:10] [INFO]   [ 248 / 278]  ( 89.2%)  Elderly Care                                             price: -
[21:48:15] [INFO]   [ 249 / 278]  ( 89.6%)  Hair Treatment                                           price: -
[21:48:20] [INFO]   [ 250 / 278]  ( 89.9%)  Hair Oil & Serum                                         price: -
[21:48:20] [INFO]    [CHECKPOINT] Saved 250 products so far -> seif_output\products_data.csv
[21:48:24] [INFO]   [ 251 / 278]  ( 90.3%)  Hair Styling                                             price: -
[21:48:30] [INFO]   [ 252 / 278]  ( 90.6%)  Hair Conditioner                                         price: -
[21:48:34] [INFO]   [ 253 / 278]  ( 91.0%)  Hair Colorings                                           price: -
[21:48:39] [INFO]   [ 254 / 278]  ( 91.4%)  Hair Shampoo                                             price: -
[21:48:44] [INFO]   [ 255 / 278]  ( 91.7%)  Hair Cure & Lice Treatment                               price: -
[21:48:49] [INFO]   [ 256 / 278]  ( 92.1%)  Hair Mask                                                price: -
[21:48:55] [INFO]   [ 257 / 278]  ( 92.4%)  Condoms                                                  price: -
[21:49:00] [INFO]   [ 258 / 278]  ( 92.8%)  Male Sexual Tonics                                       price: -
[21:49:05] [INFO]   [ 259 / 278]  ( 93.2%)  Lubricants & Moisturizers                                price: -
[21:49:10] [INFO]   [ 260 / 278]  ( 93.5%)  Contraceptives                                           price: -
[21:49:16] [INFO]   [ 261 / 278]  ( 93.9%)  Nebulizer & Accessories                                  price: -
[21:49:21] [INFO]   [ 262 / 278]  ( 94.2%)  First Aid & Disposables                                  price: -
[21:49:27] [INFO]   [ 263 / 278]  ( 94.6%)  Medical Supplies                                         price: -
[21:49:32] [INFO]   [ 264 / 278]  ( 95.0%)  Thermometers                                             price: -
[21:49:41] [INFO]   [ 265 / 278]  ( 95.3%)  Scales                                                   price: -
[21:49:52] [INFO]   [ 266 / 278]  ( 95.7%)  Pain Management / Heating Pads                           price: -
[21:50:07] [INFO]   [ 267 / 278]  ( 96.0%)  Wheel Chairs & Crutches                                  price: -
[21:50:26] [INFO]   [ 268 / 278]  ( 96.4%)  Face Masks & Gloves                                      price: -
[21:50:45] [INFO]   [ 269 / 278]  ( 96.8%)  Compression& Hosier                                      price: -
[21:50:59] [INFO]   [ 270 / 278]  ( 97.1%)  Blood Pressure Monitors                                  price: -
[21:51:23] [INFO]   [ 271 / 278]  ( 97.5%)  Alcohol & Sanitizers                                     price: -
[21:51:50] [INFO]   [ 272 / 278]  ( 97.8%)  Diabetes Care                                            price: -
[21:52:07] [INFO]   [ 273 / 278]  ( 98.2%)  Braces & Supports                                        price: -
[21:52:22] [INFO]   [ 274 / 278]  ( 98.6%)  Comfort & Relaxation                                     price: -
[21:52:40] [INFO]   [ 275 / 278]  ( 98.9%)  Pulse Oximeters                                          price: -
[21:52:53] [INFO]   [ 276 / 278]  ( 99.3%)  Insoles & Foot Health                                    price: -
[21:53:01] [INFO]   [ 277 / 278]  ( 99.6%)  Fitness & Slimming                                       price: -
[21:53:08] [INFO]   [ 278 / 278]  (100.0%)  Artixiban 5 Mg 30 Tab (2+1) #                            price: -
[21:53:08] [OK] OK  Browser closed.
[21:53:08] [INFO] 
   Total scraped : 278  |  Failed : 0
[21:53:08] [OK] OK  Products CSV saved -> seif_output\products_data.csv
[21:53:08] [INFO] 
   First 5 products preview:
[21:53:08] [INFO]    Name                                      Price         Category / Subcategory
[21:53:08] [INFO]    ----------------------------------------  ------------  ------------------------------
[21:53:08] [INFO]    Body Care                                 ?             Skin Care / -
[21:53:08] [INFO]    Scars & Stretchmarks                      ?             Skin Care / -
[21:53:08] [INFO]    Body Scrub                                ?             Skin Care / -
[21:53:08] [INFO]    Body Moisturizers                         ?             Skin Care / -
[21:53:08] [INFO]    Hand Care & Foot                          ?             Skin Care / -
[21:53:08] [INFO] 
--------------------------------------------------------
[21:53:08] [INFO]   STEP 3/3  --  Downloading product images
[21:53:08] [INFO] --------------------------------------------------------
[21:53:08] [INFO]    278 products -> estimated 4234 images to download.
[21:53:08] [INFO]    Saving to: C:\Users\hp\Desktop\DL Project\deep_learning_project\seif_output\images

[21:53:08] [INFO]   [   1/278]  Body Care  (22 image(s))
[21:53:09] [INFO]          img 1: [downloaded]  body_care_1.webp
[21:53:09] [INFO]          img 2: [downloaded]  body_care_2.webp
[21:53:09] [INFO]          img 3: [downloaded]  body_care_3.webp
[21:53:09] [INFO]          img 4: [downloaded]  body_care_4.webp
[21:53:09] [INFO]          img 5: [downloaded]  body_care_5.webp
[21:53:10] [INFO]          img 6: [downloaded]  body_care_6.webp
[21:53:10] [INFO]          img 7: [downloaded]  body_care_7.webp
[21:53:10] [INFO]          img 8: [downloaded]  body_care_8.webp
[21:53:10] [INFO]          img 9: [downloaded]  body_care_9.webp
[21:53:10] [INFO]          img 10: [downloaded]  body_care_10.webp
[21:53:10] [INFO]          img 11: [downloaded]  body_care_11.webp
[21:53:10] [INFO]          img 12: [downloaded]  body_care_12.webp
[21:53:11] [INFO]          img 13: [downloaded]  body_care_13.webp
[21:53:11] [INFO]          img 14: [downloaded]  body_care_14.webp
[21:53:11] [INFO]          img 15: [downloaded]  body_care_15.webp
[21:53:11] [INFO]          img 16: [downloaded]  body_care_16.webp
[21:53:11] [INFO]          img 17: [downloaded]  body_care_17.webp
[21:53:11] [INFO]          img 18: [downloaded]  body_care_18.webp
[21:53:11] [INFO]          img 19: [downloaded]  body_care_19.webp
[21:53:11] [INFO]          img 20: [downloaded]  body_care_20.webp
[21:53:11] [INFO]          img 21: [downloaded]  body_care_21.webp
[21:53:12] [INFO]          img 22: [downloaded]  body_care_22.webp
[21:53:12] [INFO]   [   2/278]  Scars & Stretchmarks  (20 image(s))
[21:53:12] [INFO]          img 1: [downloaded]  scars_stretchmarks_1.webp
[21:53:12] [INFO]          img 2: [downloaded]  scars_stretchmarks_2.webp
[21:53:12] [INFO]          img 3: [downloaded]  scars_stretchmarks_3.webp
[21:53:12] [INFO]          img 4: [downloaded]  scars_stretchmarks_4.webp
[21:53:12] [INFO]          img 5: [downloaded]  scars_stretchmarks_5.webp
[21:53:12] [INFO]          img 6: [downloaded]  scars_stretchmarks_6.webp
[21:53:12] [INFO]          img 7: [downloaded]  scars_stretchmarks_7.webp
[21:53:12] [INFO]          img 8: [downloaded]  scars_stretchmarks_8.webp
[21:53:12] [INFO]          img 9: [downloaded]  scars_stretchmarks_9.webp
[21:53:12] [INFO]          img 10: [downloaded]  scars_stretchmarks_10.webp
[21:53:12] [INFO]          img 11: [downloaded]  scars_stretchmarks_11.webp
[21:53:12] [INFO]          img 12: [downloaded]  scars_stretchmarks_12.webp
[21:53:13] [INFO]          img 13: [downloaded]  scars_stretchmarks_13.webp
[21:53:13] [INFO]          img 14: [downloaded]  scars_stretchmarks_14.webp
[21:53:13] [INFO]          img 15: [downloaded]  scars_stretchmarks_15.webp
[21:53:13] [INFO]          img 16: [downloaded]  scars_stretchmarks_16.webp
[21:53:13] [INFO]          img 17: [downloaded]  scars_stretchmarks_17.webp
[21:53:13] [INFO]          img 18: [downloaded]  scars_stretchmarks_18.webp
[21:53:13] [INFO]          img 19: [downloaded]  scars_stretchmarks_19.webp
[21:53:13] [INFO]          img 20: [downloaded]  scars_stretchmarks_20.webp
[21:53:13] [INFO]   [   3/278]  Body Scrub  (16 image(s))
[21:53:13] [INFO]          img 1: [downloaded]  body_scrub_1.webp
[21:53:13] [INFO]          img 2: [downloaded]  body_scrub_2.webp
[21:53:13] [INFO]          img 3: [downloaded]  body_scrub_3.webp
[21:53:13] [INFO]          img 4: [downloaded]  body_scrub_4.webp
[21:53:13] [INFO]          img 5: [downloaded]  body_scrub_5.webp
[21:53:13] [INFO]          img 6: [downloaded]  body_scrub_6.webp
[21:53:13] [INFO]          img 7: [downloaded]  body_scrub_7.webp
[21:53:13] [INFO]          img 8: [downloaded]  body_scrub_8.webp
[21:53:14] [INFO]          img 9: [downloaded]  body_scrub_9.webp
[21:53:14] [INFO]          img 10: [downloaded]  body_scrub_10.webp
[21:53:14] [INFO]          img 11: [downloaded]  body_scrub_11.webp
[21:53:14] [INFO]          img 12: [downloaded]  body_scrub_12.webp
[21:53:14] [INFO]          img 13: [downloaded]  body_scrub_13.webp
[21:53:14] [INFO]          img 14: [downloaded]  body_scrub_14.webp
[21:53:14] [INFO]          img 15: [downloaded]  body_scrub_15.webp
[21:53:14] [INFO]          img 16: [downloaded]  body_scrub_16.webp
[21:53:14] [INFO]   [   4/278]  Body Moisturizers  (23 image(s))
[21:53:14] [INFO]          img 1: [downloaded]  body_moisturizers_1.webp
[21:53:14] [INFO]          img 2: [downloaded]  body_moisturizers_2.webp
[21:53:14] [INFO]          img 3: [downloaded]  body_moisturizers_3.webp
[21:53:14] [INFO]          img 4: [downloaded]  body_moisturizers_4.webp
[21:53:14] [INFO]          img 5: [downloaded]  body_moisturizers_5.webp
[21:53:14] [INFO]          img 6: [downloaded]  body_moisturizers_6.webp
[21:53:14] [INFO]          img 7: [downloaded]  body_moisturizers_7.webp
[21:53:14] [INFO]          img 8: [downloaded]  body_moisturizers_8.webp
[21:53:14] [INFO]          img 9: [downloaded]  body_moisturizers_9.webp
[21:53:15] [INFO]          img 10: [downloaded]  body_moisturizers_10.webp
[21:53:15] [INFO]          img 11: [downloaded]  body_moisturizers_11.webp
[21:53:15] [INFO]          img 12: [downloaded]  body_moisturizers_12.webp
[21:53:15] [INFO]          img 13: [downloaded]  body_moisturizers_13.webp
[21:53:15] [INFO]          img 14: [downloaded]  body_moisturizers_14.webp
[21:53:15] [INFO]          img 15: [downloaded]  body_moisturizers_15.webp
[21:53:15] [INFO]          img 16: [downloaded]  body_moisturizers_16.webp
[21:53:15] [INFO]          img 17: [downloaded]  body_moisturizers_17.webp
[21:53:15] [INFO]          img 18: [downloaded]  body_moisturizers_18.webp
[21:53:15] [INFO]          img 19: [downloaded]  body_moisturizers_19.webp
[21:53:15] [INFO]          img 20: [downloaded]  body_moisturizers_20.webp
[21:53:16] [INFO]          img 21: [downloaded]  body_moisturizers_21.webp
[21:53:16] [INFO]          img 22: [downloaded]  body_moisturizers_22.webp
[21:53:16] [INFO]          img 23: [downloaded]  body_moisturizers_23.webp
[21:53:16] [INFO]   [   5/278]  Hand Care & Foot  (17 image(s))
[21:53:16] [INFO]          img 1: [downloaded]  hand_care_foot_1.webp
[21:53:16] [INFO]          img 2: [downloaded]  hand_care_foot_2.webp
[21:53:16] [INFO]          img 3: [downloaded]  hand_care_foot_3.webp
[21:53:16] [INFO]          img 4: [downloaded]  hand_care_foot_4.webp
[21:53:16] [INFO]          img 5: [downloaded]  hand_care_foot_5.webp
[21:53:16] [INFO]          img 6: [downloaded]  hand_care_foot_6.webp
[21:53:16] [INFO]          img 7: [downloaded]  hand_care_foot_7.webp
[21:53:16] [INFO]          img 8: [downloaded]  hand_care_foot_8.webp
[21:53:16] [INFO]          img 9: [downloaded]  hand_care_foot_9.webp
[21:53:17] [INFO]          img 10: [downloaded]  hand_care_foot_10.webp
[21:53:17] [INFO]          img 11: [downloaded]  hand_care_foot_11.webp
[21:53:17] [INFO]          img 12: [downloaded]  hand_care_foot_12.webp
[21:53:17] [INFO]          img 13: [downloaded]  hand_care_foot_13.webp
[21:53:17] [INFO]          img 14: [downloaded]  hand_care_foot_14.webp
[21:53:17] [INFO]          img 15: [downloaded]  hand_care_foot_15.webp
[21:53:17] [INFO]          img 16: [downloaded]  hand_care_foot_16.webp
[21:53:17] [INFO]          img 17: [downloaded]  hand_care_foot_17.webp
[21:53:17] [INFO]   [   6/278]  Foot Care  (14 image(s))
[21:53:17] [INFO]          img 1: [downloaded]  foot_care_1.webp
[21:53:17] [INFO]          img 2: [downloaded]  foot_care_2.webp
[21:53:17] [INFO]          img 3: [downloaded]  foot_care_3.webp
[21:53:17] [INFO]          img 4: [downloaded]  foot_care_4.webp
[21:53:17] [INFO]          img 5: [downloaded]  foot_care_5.webp
[21:53:17] [INFO]          img 6: [downloaded]  foot_care_6.webp
[21:53:17] [INFO]          img 7: [downloaded]  foot_care_7.webp
[21:53:17] [INFO]          img 8: [downloaded]  foot_care_8.webp
[21:53:18] [INFO]          img 9: [downloaded]  foot_care_9.webp
[21:53:18] [INFO]          img 10: [downloaded]  foot_care_10.webp
[21:53:18] [INFO]          img 11: [downloaded]  foot_care_11.webp
[21:53:18] [INFO]          img 12: [downloaded]  foot_care_12.webp
[21:53:18] [INFO]          img 13: [downloaded]  foot_care_13.webp
[21:53:18] [INFO]          img 14: [downloaded]  foot_care_14.webp
[21:53:18] [INFO]   [   7/278]  Hand Moisturizers  (20 image(s))
[21:53:18] [INFO]          img 1: [downloaded]  hand_moisturizers_1.webp
[21:53:18] [INFO]          img 2: [downloaded]  hand_moisturizers_2.webp
[21:53:18] [INFO]          img 3: [downloaded]  hand_moisturizers_3.webp
[21:53:18] [INFO]          img 4: [downloaded]  hand_moisturizers_4.webp
[21:53:18] [INFO]          img 5: [downloaded]  hand_moisturizers_5.webp
[21:53:18] [INFO]          img 6: [downloaded]  hand_moisturizers_6.webp
[21:53:18] [INFO]          img 7: [downloaded]  hand_moisturizers_7.webp
[21:53:18] [INFO]          img 8: [downloaded]  hand_moisturizers_8.webp
[21:53:19] [INFO]          img 9: [downloaded]  hand_moisturizers_9.webp
[21:53:19] [INFO]          img 10: [downloaded]  hand_moisturizers_10.webp
[21:53:19] [INFO]          img 11: [downloaded]  hand_moisturizers_11.webp
[21:53:19] [INFO]          img 12: [downloaded]  hand_moisturizers_12.webp
[21:53:19] [INFO]          img 13: [downloaded]  hand_moisturizers_13.webp
[21:53:19] [INFO]          img 14: [downloaded]  hand_moisturizers_14.webp
[21:53:19] [INFO]          img 15: [downloaded]  hand_moisturizers_15.webp
[21:53:19] [INFO]          img 16: [downloaded]  hand_moisturizers_16.webp
[21:53:19] [INFO]          img 17: [downloaded]  hand_moisturizers_17.webp
[21:53:19] [INFO]          img 18: [downloaded]  hand_moisturizers_18.webp
[21:53:19] [INFO]          img 19: [downloaded]  hand_moisturizers_19.webp
[21:53:19] [INFO]          img 20: [downloaded]  hand_moisturizers_20.webp
[21:53:19] [INFO]   [   8/278]  Face Care  (23 image(s))
[21:53:19] [INFO]          img 1: [downloaded]  face_care_1.webp
[21:53:19] [INFO]          img 2: [downloaded]  face_care_2.webp
[21:53:19] [INFO]          img 3: [downloaded]  face_care_3.webp
[21:53:20] [INFO]          img 4: [downloaded]  face_care_4.webp
[21:53:20] [INFO]          img 5: [downloaded]  face_care_5.webp
[21:53:20] [INFO]          img 6: [downloaded]  face_care_6.webp
[21:53:20] [INFO]          img 7: [downloaded]  face_care_7.webp
[21:53:20] [INFO]          img 8: [downloaded]  face_care_8.webp
[21:53:20] [INFO]          img 9: [downloaded]  face_care_9.webp
[21:53:20] [INFO]          img 10: [downloaded]  face_care_10.webp
[21:53:20] [INFO]          img 11: [downloaded]  face_care_11.webp
[21:53:20] [INFO]          img 12: [downloaded]  face_care_12.webp
[21:53:20] [INFO]          img 13: [downloaded]  face_care_13.webp
[21:53:20] [INFO]          img 14: [downloaded]  face_care_14.webp
[21:53:20] [INFO]          img 15: [downloaded]  face_care_15.webp
[21:53:20] [INFO]          img 16: [downloaded]  face_care_16.webp
[21:53:20] [INFO]          img 17: [downloaded]  face_care_17.webp
[21:53:20] [INFO]          img 18: [downloaded]  face_care_18.webp
[21:53:21] [INFO]          img 19: [downloaded]  face_care_19.webp
[21:53:21] [INFO]          img 20: [downloaded]  face_care_20.webp
[21:53:21] [INFO]          img 21: [downloaded]  face_care_21.webp
[21:53:21] [INFO]          img 22: [downloaded]  face_care_22.webp
[21:53:21] [INFO]          img 23: [downloaded]  face_care_23.webp
[21:53:21] [INFO]   [   9/278]  Skin Cleansers  (24 image(s))
[21:53:21] [INFO]          img 1: [downloaded]  skin_cleansers_1.webp
[21:53:21] [INFO]          img 2: [downloaded]  skin_cleansers_2.webp
[21:53:21] [INFO]          img 3: [downloaded]  skin_cleansers_3.webp
[21:53:21] [INFO]          img 4: [downloaded]  skin_cleansers_4.webp
[21:53:21] [INFO]          img 5: [downloaded]  skin_cleansers_5.webp
[21:53:21] [INFO]          img 6: [downloaded]  skin_cleansers_6.webp
[21:53:21] [INFO]          img 7: [downloaded]  skin_cleansers_7.webp
[21:53:22] [INFO]          img 8: [downloaded]  skin_cleansers_8.webp
[21:53:22] [INFO]          img 9: [downloaded]  skin_cleansers_9.webp
[21:53:22] [INFO]          img 10: [downloaded]  skin_cleansers_10.webp
[21:53:22] [INFO]          img 11: [downloaded]  skin_cleansers_11.webp
[21:53:22] [INFO]          img 12: [downloaded]  skin_cleansers_12.webp
[21:53:22] [INFO]          img 13: [downloaded]  skin_cleansers_13.webp
[21:53:22] [INFO]          img 14: [downloaded]  skin_cleansers_14.webp
[21:53:22] [INFO]          img 15: [downloaded]  skin_cleansers_15.webp
[21:53:22] [INFO]          img 16: [downloaded]  skin_cleansers_16.webp
[21:53:22] [INFO]          img 17: [downloaded]  skin_cleansers_17.webp
[21:53:22] [INFO]          img 18: [downloaded]  skin_cleansers_18.webp
[21:53:22] [INFO]          img 19: [downloaded]  skin_cleansers_19.webp
[21:53:23] [INFO]          img 20: [downloaded]  skin_cleansers_20.webp
[21:53:23] [INFO]          img 21: [downloaded]  skin_cleansers_21.webp
[21:53:23] [INFO]          img 22: [downloaded]  skin_cleansers_22.webp
[21:53:23] [INFO]          img 23: [downloaded]  skin_cleansers_23.webp
[21:53:23] [INFO]          img 24: [downloaded]  skin_cleansers_24.webp
[21:53:23] [INFO]   [  10/278]  Skin Moisturizers  (21 image(s))
[21:53:23] [INFO]          img 1: [downloaded]  skin_moisturizers_1.webp
[21:53:23] [INFO]          img 2: [downloaded]  skin_moisturizers_2.webp
[21:53:23] [INFO]          img 3: [downloaded]  skin_moisturizers_3.webp
[21:53:23] [INFO]          img 4: [downloaded]  skin_moisturizers_4.webp
[21:53:23] [INFO]          img 5: [downloaded]  skin_moisturizers_5.webp
[21:53:23] [INFO]          img 6: [downloaded]  skin_moisturizers_6.webp
[21:53:23] [INFO]          img 7: [downloaded]  skin_moisturizers_7.webp
[21:53:24] [INFO]          img 8: [downloaded]  skin_moisturizers_8.webp
[21:53:24] [INFO]          img 9: [downloaded]  skin_moisturizers_9.webp
[21:53:24] [INFO]          img 10: [downloaded]  skin_moisturizers_10.webp
[21:53:24] [INFO]          img 11: [downloaded]  skin_moisturizers_11.webp
[21:53:24] [INFO]          img 12: [downloaded]  skin_moisturizers_12.webp
[21:53:24] [INFO]          img 13: [downloaded]  skin_moisturizers_13.webp
[21:53:24] [INFO]          img 14: [downloaded]  skin_moisturizers_14.webp
[21:53:24] [INFO]          img 15: [downloaded]  skin_moisturizers_15.webp
[21:53:24] [INFO]          img 16: [downloaded]  skin_moisturizers_16.webp
[21:53:24] [INFO]          img 17: [downloaded]  skin_moisturizers_17.webp
[21:53:24] [INFO]          img 18: [downloaded]  skin_moisturizers_18.webp
[21:53:24] [INFO]          img 19: [downloaded]  skin_moisturizers_19.webp
[21:53:24] [INFO]          img 20: [downloaded]  skin_moisturizers_20.webp
[21:53:25] [INFO]          img 21: [downloaded]  skin_moisturizers_21.webp
[21:53:25] [INFO]   [  11/278]  Sun Care  (24 image(s))
[21:53:25] [INFO]          img 1: [downloaded]  sun_care_1.webp
[21:53:25] [INFO]          img 2: [downloaded]  sun_care_2.webp
[21:53:25] [INFO]          img 3: [downloaded]  sun_care_3.webp
[21:53:25] [INFO]          img 4: [downloaded]  sun_care_4.webp
[21:53:25] [INFO]          img 5: [downloaded]  sun_care_5.webp
[21:53:25] [INFO]          img 6: [downloaded]  sun_care_6.webp
[21:53:25] [INFO]          img 7: [downloaded]  sun_care_7.webp
[21:53:25] [INFO]          img 8: [downloaded]  sun_care_8.webp
[21:53:25] [INFO]          img 9: [downloaded]  sun_care_9.webp
[21:53:25] [INFO]          img 10: [downloaded]  sun_care_10.webp
[21:53:25] [INFO]          img 11: [downloaded]  sun_care_11.webp
[21:53:26] [INFO]          img 12: [downloaded]  sun_care_12.webp
[21:53:26] [INFO]          img 13: [downloaded]  sun_care_13.webp
[21:53:26] [INFO]          img 14: [downloaded]  sun_care_14.webp
[21:53:26] [INFO]          img 15: [downloaded]  sun_care_15.webp
[21:53:26] [INFO]          img 16: [downloaded]  sun_care_16.webp
[21:53:26] [INFO]          img 17: [downloaded]  sun_care_17.webp
[21:53:26] [INFO]          img 18: [downloaded]  sun_care_18.webp
[21:53:26] [INFO]          img 19: [downloaded]  sun_care_19.webp
[21:53:26] [INFO]          img 20: [downloaded]  sun_care_20.webp
[21:53:27] [INFO]          img 21: [downloaded]  sun_care_21.webp
[21:53:27] [INFO]          img 22: [downloaded]  sun_care_22.webp
[21:53:27] [INFO]          img 23: [downloaded]  sun_care_23.webp
[21:53:27] [INFO]          img 24: [downloaded]  sun_care_24.webp
[21:53:27] [INFO]   [  12/278]  Facial Toners & Serums  (24 image(s))
[21:53:27] [INFO]          img 1: [downloaded]  facial_toners_serums_1.webp
[21:53:27] [INFO]          img 2: [downloaded]  facial_toners_serums_2.webp
[21:53:27] [INFO]          img 3: [downloaded]  facial_toners_serums_3.webp
[21:53:27] [INFO]          img 4: [downloaded]  facial_toners_serums_4.webp
[21:53:27] [INFO]          img 5: [downloaded]  facial_toners_serums_5.webp
[21:53:27] [INFO]          img 6: [downloaded]  facial_toners_serums_6.webp
[21:53:27] [INFO]          img 7: [downloaded]  facial_toners_serums_7.webp
[21:53:27] [INFO]          img 8: [downloaded]  facial_toners_serums_8.webp
[21:53:27] [INFO]          img 9: [downloaded]  facial_toners_serums_9.webp
[21:53:27] [INFO]          img 10: [downloaded]  facial_toners_serums_10.webp
[21:53:27] [INFO]          img 11: [downloaded]  facial_toners_serums_11.webp
[21:53:28] [INFO]          img 12: [downloaded]  facial_toners_serums_12.webp
[21:53:28] [INFO]          img 13: [downloaded]  facial_toners_serums_13.webp
[21:53:28] [INFO]          img 14: [downloaded]  facial_toners_serums_14.webp
[21:53:28] [INFO]          img 15: [downloaded]  facial_toners_serums_15.webp
[21:53:28] [INFO]          img 16: [downloaded]  facial_toners_serums_16.webp
[21:53:28] [INFO]          img 17: [downloaded]  facial_toners_serums_17.webp
[21:53:28] [INFO]          img 18: [downloaded]  facial_toners_serums_18.webp
[21:53:28] [INFO]          img 19: [downloaded]  facial_toners_serums_19.webp
[21:53:28] [INFO]          img 20: [downloaded]  facial_toners_serums_20.webp
[21:53:28] [INFO]          img 21: [downloaded]  facial_toners_serums_21.webp
[21:53:28] [INFO]          img 22: [downloaded]  facial_toners_serums_22.webp
[21:53:28] [INFO]          img 23: [downloaded]  facial_toners_serums_23.webp
[21:53:29] [INFO]          img 24: [downloaded]  facial_toners_serums_24.webp
[21:53:29] [INFO]   [  13/278]  Eye Cream & Contour  (22 image(s))
[21:53:29] [INFO]          img 1: [downloaded]  eye_cream_contour_1.webp
[21:53:29] [INFO]          img 2: [downloaded]  eye_cream_contour_2.webp
[21:53:29] [INFO]          img 3: [downloaded]  eye_cream_contour_3.webp
[21:53:29] [INFO]          img 4: [downloaded]  eye_cream_contour_4.webp
[21:53:29] [INFO]          img 5: [downloaded]  eye_cream_contour_5.webp
[21:53:29] [INFO]          img 6: [downloaded]  eye_cream_contour_6.webp
[21:53:29] [INFO]          img 7: [downloaded]  eye_cream_contour_7.webp
[21:53:29] [INFO]          img 8: [downloaded]  eye_cream_contour_8.webp
[21:53:29] [INFO]          img 9: [downloaded]  eye_cream_contour_9.webp
[21:53:29] [INFO]          img 10: [downloaded]  eye_cream_contour_10.webp
[21:53:29] [INFO]          img 11: [downloaded]  eye_cream_contour_11.webp
[21:53:30] [INFO]          img 12: [downloaded]  eye_cream_contour_12.webp
[21:53:30] [INFO]          img 13: [downloaded]  eye_cream_contour_13.webp
[21:53:30] [INFO]          img 14: [downloaded]  eye_cream_contour_14.webp
[21:53:30] [INFO]          img 15: [downloaded]  eye_cream_contour_15.webp
[21:53:30] [INFO]          img 16: [downloaded]  eye_cream_contour_16.webp
[21:53:30] [INFO]          img 17: [downloaded]  eye_cream_contour_17.webp
[21:53:30] [INFO]          img 18: [downloaded]  eye_cream_contour_18.webp
[21:53:30] [INFO]          img 19: [downloaded]  eye_cream_contour_19.webp
[21:53:30] [INFO]          img 20: [downloaded]  eye_cream_contour_20.webp
[21:53:30] [INFO]          img 21: [downloaded]  eye_cream_contour_21.webp
[21:53:30] [INFO]          img 22: [downloaded]  eye_cream_contour_22.webp
[21:53:30] [INFO]   [  14/278]  Makeup Removers  (23 image(s))
[21:53:30] [INFO]          img 1: [downloaded]  makeup_removers_1.webp
[21:53:31] [INFO]          img 2: [downloaded]  makeup_removers_2.webp
[21:53:31] [INFO]          img 3: [downloaded]  makeup_removers_3.webp
[21:53:31] [INFO]          img 4: [downloaded]  makeup_removers_4.webp
[21:53:31] [INFO]          img 5: [downloaded]  makeup_removers_5.webp
[21:53:31] [INFO]          img 6: [downloaded]  makeup_removers_6.webp
[21:53:31] [INFO]          img 7: [downloaded]  makeup_removers_7.webp
[21:53:31] [INFO]          img 8: [downloaded]  makeup_removers_8.webp
[21:53:31] [INFO]          img 9: [downloaded]  makeup_removers_9.webp
[21:53:31] [INFO]          img 10: [downloaded]  makeup_removers_10.webp
[21:53:31] [INFO]          img 11: [downloaded]  makeup_removers_11.webp
[21:53:31] [INFO]          img 12: [downloaded]  makeup_removers_12.webp
[21:53:31] [INFO]          img 13: [downloaded]  makeup_removers_13.webp
[21:53:31] [INFO]          img 14: [downloaded]  makeup_removers_14.webp
[21:53:31] [INFO]          img 15: [downloaded]  makeup_removers_15.webp
[21:53:32] [INFO]          img 16: [downloaded]  makeup_removers_16.webp
[21:53:32] [INFO]          img 17: [downloaded]  makeup_removers_17.webp
[21:53:32] [INFO]          img 18: [downloaded]  makeup_removers_18.webp
[21:53:32] [INFO]          img 19: [downloaded]  makeup_removers_19.png
[21:53:32] [INFO]          img 20: [downloaded]  makeup_removers_20.png
[21:53:32] [INFO]          img 21: [downloaded]  makeup_removers_21.webp
[21:53:32] [INFO]          img 22: [downloaded]  makeup_removers_22.webp
[21:53:32] [INFO]          img 23: [downloaded]  makeup_removers_23.webp
[21:53:32] [INFO]   [  15/278]  Facial Masks & Scrubs  (24 image(s))
[21:53:32] [INFO]          img 1: [downloaded]  facial_masks_scrubs_1.webp
[21:53:33] [INFO]          img 2: [downloaded]  facial_masks_scrubs_2.webp
[21:53:33] [INFO]          img 3: [downloaded]  facial_masks_scrubs_3.webp
[21:53:33] [INFO]          img 4: [downloaded]  facial_masks_scrubs_4.webp
[21:53:33] [INFO]          img 5: [downloaded]  facial_masks_scrubs_5.webp
[21:53:33] [INFO]          img 6: [downloaded]  facial_masks_scrubs_6.webp
[21:53:33] [INFO]          img 7: [downloaded]  facial_masks_scrubs_7.webp
[21:53:33] [INFO]          img 8: [downloaded]  facial_masks_scrubs_8.webp
[21:53:33] [INFO]          img 9: [downloaded]  facial_masks_scrubs_9.webp
[21:53:33] [INFO]          img 10: [downloaded]  facial_masks_scrubs_10.webp
[21:53:33] [INFO]          img 11: [downloaded]  facial_masks_scrubs_11.webp
[21:53:33] [INFO]          img 12: [downloaded]  facial_masks_scrubs_12.webp
[21:53:33] [INFO]          img 13: [downloaded]  facial_masks_scrubs_13.webp
[21:53:33] [INFO]          img 14: [downloaded]  facial_masks_scrubs_14.webp
[21:53:33] [INFO]          img 15: [downloaded]  facial_masks_scrubs_15.webp
[21:53:33] [INFO]          img 16: [downloaded]  facial_masks_scrubs_16.webp
[21:53:34] [INFO]          img 17: [downloaded]  facial_masks_scrubs_17.webp
[21:53:34] [INFO]          img 18: [downloaded]  facial_masks_scrubs_18.webp
[21:53:34] [INFO]          img 19: [downloaded]  facial_masks_scrubs_19.webp
[21:53:34] [INFO]          img 20: [downloaded]  facial_masks_scrubs_20.webp
[21:53:34] [INFO]          img 21: [downloaded]  facial_masks_scrubs_21.webp
[21:53:34] [INFO]          img 22: [downloaded]  facial_masks_scrubs_22.webp
[21:53:34] [INFO]          img 23: [downloaded]  facial_masks_scrubs_23.webp
[21:53:34] [INFO]          img 24: [downloaded]  facial_masks_scrubs_24.webp
[21:53:34] [INFO]   [  16/278]  Skin Care  (21 image(s))
[21:53:34] [INFO]          img 1: [downloaded]  skin_care_1.webp
[21:53:34] [INFO]          img 2: [downloaded]  skin_care_2.webp
[21:53:34] [INFO]          img 3: [downloaded]  skin_care_3.webp
[21:53:34] [INFO]          img 4: [downloaded]  skin_care_4.webp
[21:53:34] [INFO]          img 5: [downloaded]  skin_care_5.webp
[21:53:34] [INFO]          img 6: [downloaded]  skin_care_6.webp
[21:53:35] [INFO]          img 7: [downloaded]  skin_care_7.webp
[21:53:35] [INFO]          img 8: [downloaded]  skin_care_8.webp
[21:53:35] [INFO]          img 9: [downloaded]  skin_care_9.webp
[21:53:35] [INFO]          img 10: [downloaded]  skin_care_10.webp
[21:53:35] [INFO]          img 11: [downloaded]  skin_care_11.webp
[21:53:35] [INFO]          img 12: [downloaded]  skin_care_12.webp
[21:53:35] [INFO]          img 13: [downloaded]  skin_care_13.webp
[21:53:35] [INFO]          img 14: [downloaded]  skin_care_14.webp
[21:53:35] [INFO]          img 15: [downloaded]  skin_care_15.webp
[21:53:35] [INFO]          img 16: [downloaded]  skin_care_16.webp
[21:53:35] [INFO]          img 17: [downloaded]  skin_care_17.webp
[21:53:35] [INFO]          img 18: [downloaded]  skin_care_18.webp
[21:53:36] [INFO]          img 19: [downloaded]  skin_care_19.webp
[21:53:36] [INFO]          img 20: [downloaded]  skin_care_20.webp
[21:53:36] [INFO]          img 21: [downloaded]  skin_care_21.webp
[21:53:36] [INFO]   [  17/278]  Face Massagers & Derma Rollers  (11 image(s))
[21:53:36] [INFO]          img 1: [downloaded]  face_massagers_derma_rollers_1.webp
[21:53:36] [INFO]          img 2: [downloaded]  face_massagers_derma_rollers_2.webp
[21:53:36] [INFO]          img 3: [downloaded]  face_massagers_derma_rollers_3.webp
[21:53:36] [INFO]          img 4: [downloaded]  face_massagers_derma_rollers_4.webp
[21:53:36] [INFO]          img 5: [downloaded]  face_massagers_derma_rollers_5.webp
[21:53:36] [INFO]          img 6: [downloaded]  face_massagers_derma_rollers_6.webp
[21:53:36] [INFO]          img 7: [downloaded]  face_massagers_derma_rollers_7.webp
[21:53:36] [INFO]          img 8: [downloaded]  face_massagers_derma_rollers_8.webp
[21:53:36] [INFO]          img 9: [downloaded]  face_massagers_derma_rollers_9.webp
[21:53:36] [INFO]          img 10: [downloaded]  face_massagers_derma_rollers_10.webp
[21:53:36] [INFO]          img 11: [downloaded]  face_massagers_derma_rollers_11.webp
[21:53:36] [INFO]   [  18/278]  Lip Care  (24 image(s))
[21:53:37] [INFO]          img 1: [downloaded]  lip_care_1.webp
[21:53:37] [INFO]          img 2: [downloaded]  lip_care_2.webp
[21:53:37] [INFO]          img 3: [downloaded]  lip_care_3.webp
[21:53:37] [INFO]          img 4: [downloaded]  lip_care_4.webp
[21:53:37] [INFO]          img 5: [downloaded]  lip_care_5.webp
[21:53:37] [INFO]          img 6: [downloaded]  lip_care_6.webp
[21:53:37] [INFO]          img 7: [downloaded]  lip_care_7.webp
[21:53:37] [INFO]          img 8: [downloaded]  lip_care_8.webp
[21:53:37] [INFO]          img 9: [downloaded]  lip_care_9.webp
[21:53:38] [INFO]          img 10: [downloaded]  lip_care_10.webp
[21:53:38] [INFO]          img 11: [downloaded]  lip_care_11.webp
[21:53:38] [INFO]          img 12: [downloaded]  lip_care_12.webp
[21:53:38] [INFO]          img 13: [downloaded]  lip_care_13.webp
[21:53:38] [INFO]          img 14: [downloaded]  lip_care_14.webp
[21:53:38] [INFO]          img 15: [downloaded]  lip_care_15.webp
[21:53:38] [INFO]          img 16: [downloaded]  lip_care_16.webp
[21:53:38] [INFO]          img 17: [downloaded]  lip_care_17.webp
[21:53:38] [INFO]          img 18: [downloaded]  lip_care_18.webp
[21:53:38] [INFO]          img 19: [downloaded]  lip_care_19.webp
[21:53:39] [INFO]          img 20: [downloaded]  lip_care_20.webp
[21:53:39] [INFO]          img 21: [downloaded]  lip_care_21.webp
[21:53:39] [INFO]          img 22: [downloaded]  lip_care_22.webp
[21:53:39] [INFO]          img 23: [downloaded]  lip_care_23.webp
[21:53:39] [INFO]          img 24: [downloaded]  lip_care_24.webp
[21:53:39] [INFO]   [  19/278]  Skin Whitening  (23 image(s))
[21:53:39] [INFO]          img 1: [downloaded]  skin_whitening_1.webp
[21:53:39] [INFO]          img 2: [downloaded]  skin_whitening_2.webp
[21:53:39] [INFO]          img 3: [downloaded]  skin_whitening_3.webp
[21:53:39] [INFO]          img 4: [downloaded]  skin_whitening_4.webp
[21:53:39] [INFO]          img 5: [downloaded]  skin_whitening_5.webp
[21:53:40] [INFO]          img 6: [downloaded]  skin_whitening_6.webp
[21:53:40] [INFO]          img 7: [downloaded]  skin_whitening_7.webp
[21:53:40] [INFO]          img 8: [downloaded]  skin_whitening_8.webp
[21:53:40] [INFO]          img 9: [downloaded]  skin_whitening_9.webp
[21:53:40] [INFO]          img 10: [downloaded]  skin_whitening_10.webp
[21:53:40] [INFO]          img 11: [downloaded]  skin_whitening_11.webp
[21:53:40] [INFO]          img 12: [downloaded]  skin_whitening_12.webp
[21:53:40] [INFO]          img 13: [downloaded]  skin_whitening_13.webp
[21:53:40] [INFO]          img 14: [downloaded]  skin_whitening_14.webp
[21:53:40] [INFO]          img 15: [downloaded]  skin_whitening_15.webp
[21:53:40] [INFO]          img 16: [downloaded]  skin_whitening_16.webp
[21:53:40] [INFO]          img 17: [downloaded]  skin_whitening_17.webp
[21:53:40] [INFO]          img 18: [downloaded]  skin_whitening_18.webp
[21:53:40] [INFO]          img 19: [downloaded]  skin_whitening_19.webp
[21:53:41] [INFO]          img 20: [downloaded]  skin_whitening_20.webp
[21:53:41] [INFO]          img 21: [downloaded]  skin_whitening_21.webp
[21:53:41] [INFO]          img 22: [downloaded]  skin_whitening_22.webp
[21:53:41] [INFO]          img 23: [downloaded]  skin_whitening_23.webp
[21:53:41] [INFO]   [  20/278]  Acne Preparations  (21 image(s))
[21:53:41] [INFO]          img 1: [downloaded]  acne_preparations_1.webp
[21:53:41] [INFO]          img 2: [downloaded]  acne_preparations_2.webp
[21:53:41] [INFO]          img 3: [downloaded]  acne_preparations_3.webp
[21:53:41] [INFO]          img 4: [downloaded]  acne_preparations_4.webp
[21:53:41] [INFO]          img 5: [downloaded]  acne_preparations_5.webp
[21:53:41] [INFO]          img 6: [downloaded]  acne_preparations_6.webp
[21:53:41] [INFO]          img 7: [downloaded]  acne_preparations_7.webp
[21:53:41] [INFO]          img 8: [downloaded]  acne_preparations_8.webp
[21:53:42] [INFO]          img 9: [downloaded]  acne_preparations_9.webp
[21:53:42] [INFO]          img 10: [downloaded]  acne_preparations_10.webp
[21:53:42] [INFO]          img 11: [downloaded]  acne_preparations_11.webp
[21:53:42] [INFO]          img 12: [downloaded]  acne_preparations_12.webp
[21:53:42] [INFO]          img 13: [downloaded]  acne_preparations_13.webp
[21:53:42] [INFO]          img 14: [downloaded]  acne_preparations_14.webp
[21:53:42] [INFO]          img 15: [downloaded]  acne_preparations_15.webp
[21:53:42] [INFO]          img 16: [downloaded]  acne_preparations_16.webp
[21:53:42] [INFO]          img 17: [downloaded]  acne_preparations_17.webp
[21:53:43] [INFO]          img 18: [downloaded]  acne_preparations_18.webp
[21:53:43] [INFO]          img 19: [downloaded]  acne_preparations_19.webp
[21:53:43] [INFO]          img 20: [downloaded]  acne_preparations_20.webp
[21:53:43] [INFO]          img 21: [downloaded]  acne_preparations_21.webp
[21:53:43] [INFO]   [  21/278]  Anti-Ageing  (22 image(s))
[21:53:43] [INFO]          img 1: [downloaded]  anti_ageing_1.webp
[21:53:43] [INFO]          img 2: [downloaded]  anti_ageing_2.webp
[21:53:43] [INFO]          img 3: [downloaded]  anti_ageing_3.webp
[21:53:43] [INFO]          img 4: [downloaded]  anti_ageing_4.webp
[21:53:43] [INFO]          img 5: [downloaded]  anti_ageing_5.webp
[21:53:43] [INFO]          img 6: [downloaded]  anti_ageing_6.webp
[21:53:43] [INFO]          img 7: [downloaded]  anti_ageing_7.webp
[21:53:44] [INFO]          img 8: [downloaded]  anti_ageing_8.webp
[21:53:44] [INFO]          img 9: [downloaded]  anti_ageing_9.webp
[21:53:44] [INFO]          img 10: [downloaded]  anti_ageing_10.webp
[21:53:44] [INFO]          img 11: [downloaded]  anti_ageing_11.webp
[21:53:44] [INFO]          img 12: [downloaded]  anti_ageing_12.webp
[21:53:44] [INFO]          img 13: [downloaded]  anti_ageing_13.webp
[21:53:44] [INFO]          img 14: [downloaded]  anti_ageing_14.webp
[21:53:44] [INFO]          img 15: [downloaded]  anti_ageing_15.webp
[21:53:44] [INFO]          img 16: [downloaded]  anti_ageing_16.webp
[21:53:44] [INFO]          img 17: [downloaded]  anti_ageing_17.webp
[21:53:45] [INFO]          img 18: [downloaded]  anti_ageing_18.webp
[21:53:45] [INFO]          img 19: [downloaded]  anti_ageing_19.webp
[21:53:45] [INFO]          img 20: [downloaded]  anti_ageing_20.webp
[21:53:45] [INFO]          img 21: [downloaded]  anti_ageing_21.webp
[21:53:45] [INFO]          img 22: [downloaded]  anti_ageing_22.webp
[21:53:45] [INFO]   [  22/278]  Baby Nutrition  (21 image(s))
[21:53:45] [INFO]          img 1: [downloaded]  baby_nutrition_1.webp
[21:53:45] [INFO]          img 2: [downloaded]  baby_nutrition_2.webp
[21:53:45] [INFO]          img 3: [downloaded]  baby_nutrition_3.webp
[21:53:45] [INFO]          img 4: [downloaded]  baby_nutrition_4.webp
[21:53:45] [INFO]          img 5: [downloaded]  baby_nutrition_5.webp
[21:53:45] [INFO]          img 6: [downloaded]  baby_nutrition_6.webp
[21:53:45] [INFO]          img 7: [downloaded]  baby_nutrition_7.webp
[21:53:45] [INFO]          img 8: [downloaded]  baby_nutrition_8.webp
[21:53:45] [INFO]          img 9: [downloaded]  baby_nutrition_9.webp
[21:53:46] [INFO]          img 10: [downloaded]  baby_nutrition_10.webp
[21:53:46] [INFO]          img 11: [downloaded]  baby_nutrition_11.webp
[21:53:46] [INFO]          img 12: [downloaded]  baby_nutrition_12.webp
[21:53:46] [INFO]          img 13: [downloaded]  baby_nutrition_13.webp
[21:53:46] [INFO]          img 14: [downloaded]  baby_nutrition_14.webp
[21:53:46] [INFO]          img 15: [downloaded]  baby_nutrition_15.webp
[21:53:46] [INFO]          img 16: [downloaded]  baby_nutrition_16.webp
[21:53:46] [INFO]          img 17: [downloaded]  baby_nutrition_17.webp
[21:53:46] [INFO]          img 18: [downloaded]  baby_nutrition_18.webp
[21:53:46] [INFO]          img 19: [downloaded]  baby_nutrition_19.webp
[21:53:46] [INFO]          img 20: [downloaded]  baby_nutrition_20.webp
[21:53:46] [INFO]          img 21: [downloaded]  baby_nutrition_21.webp
[21:53:46] [INFO]   [  23/278]  Baby Feeding Accessories  (21 image(s))
[21:53:46] [INFO]          img 1: [downloaded]  baby_feeding_accessories_1.webp
[21:53:46] [INFO]          img 2: [downloaded]  baby_feeding_accessories_2.webp
[21:53:46] [INFO]          img 3: [downloaded]  baby_feeding_accessories_3.webp
[21:53:47] [INFO]          img 4: [downloaded]  baby_feeding_accessories_4.webp
[21:53:47] [INFO]          img 5: [downloaded]  baby_feeding_accessories_5.webp
[21:53:47] [INFO]          img 6: [downloaded]  baby_feeding_accessories_6.webp
[21:53:47] [INFO]          img 7: [downloaded]  baby_feeding_accessories_7.webp
[21:53:47] [INFO]          img 8: [downloaded]  baby_feeding_accessories_8.webp
[21:53:47] [INFO]          img 9: [downloaded]  baby_feeding_accessories_9.webp
[21:53:47] [INFO]          img 10: [downloaded]  baby_feeding_accessories_10.webp
[21:53:47] [INFO]          img 11: [downloaded]  baby_feeding_accessories_11.webp
[21:53:47] [INFO]          img 12: [downloaded]  baby_feeding_accessories_12.webp
[21:53:47] [INFO]          img 13: [downloaded]  baby_feeding_accessories_13.webp
[21:53:47] [INFO]          img 14: [downloaded]  baby_feeding_accessories_14.webp
[21:53:47] [INFO]          img 15: [downloaded]  baby_feeding_accessories_15.webp
[21:53:47] [INFO]          img 16: [downloaded]  baby_feeding_accessories_16.webp
[21:53:47] [INFO]          img 17: [downloaded]  baby_feeding_accessories_17.webp
[21:53:48] [INFO]          img 18: [downloaded]  baby_feeding_accessories_18.webp
[21:53:48] [INFO]          img 19: [downloaded]  baby_feeding_accessories_19.webp
[21:53:48] [INFO]          img 20: [downloaded]  baby_feeding_accessories_20.webp
[21:53:48] [INFO]          img 21: [downloaded]  baby_feeding_accessories_21.webp
[21:53:48] [INFO]   [  24/278]  Baby Food  (24 image(s))
[21:53:48] [INFO]          img 1: [downloaded]  baby_food_1.webp
[21:53:48] [INFO]          img 2: [downloaded]  baby_food_2.webp
[21:53:48] [INFO]          img 3: [downloaded]  baby_food_3.webp
[21:53:48] [INFO]          img 4: [downloaded]  baby_food_4.webp
[21:53:48] [INFO]          img 5: [downloaded]  baby_food_5.webp
[21:53:48] [INFO]          img 6: [downloaded]  baby_food_6.webp
[21:53:48] [INFO]          img 7: [downloaded]  baby_food_7.webp
[21:53:48] [INFO]          img 8: [downloaded]  baby_food_8.webp
[21:53:48] [INFO]          img 9: [downloaded]  baby_food_9.webp
[21:53:48] [INFO]          img 10: [downloaded]  baby_food_10.webp
[21:53:49] [INFO]          img 11: [downloaded]  baby_food_11.webp
[21:53:49] [INFO]          img 12: [downloaded]  baby_food_12.webp
[21:53:49] [INFO]          img 13: [downloaded]  baby_food_13.webp
[21:53:49] [INFO]          img 14: [downloaded]  baby_food_14.webp
[21:53:49] [INFO]          img 15: [downloaded]  baby_food_15.webp
[21:53:49] [INFO]          img 16: [downloaded]  baby_food_16.webp
[21:53:49] [INFO]          img 17: [downloaded]  baby_food_17.webp
[21:53:49] [INFO]          img 18: [downloaded]  baby_food_18.webp
[21:53:49] [INFO]          img 19: [downloaded]  baby_food_19.webp
[21:53:49] [INFO]          img 20: [downloaded]  baby_food_20.webp
[21:53:49] [INFO]          img 21: [downloaded]  baby_food_21.webp
[21:53:50] [INFO]          img 22: [downloaded]  baby_food_22.webp
[21:53:50] [INFO]          img 23: [downloaded]  baby_food_23.webp
[21:53:50] [INFO]          img 24: [downloaded]  baby_food_24.webp
[21:53:50] [INFO]   [  25/278]  Nutrition Supplements  (5 image(s))
[21:53:50] [INFO]          img 1: [downloaded]  nutrition_supplements_1.webp
[21:53:50] [INFO]          img 2: [downloaded]  nutrition_supplements_2.webp
[21:53:50] [INFO]          img 3: [downloaded]  nutrition_supplements_3.webp
[21:53:50] [INFO]          img 4: [downloaded]  nutrition_supplements_4.webp
[21:53:50] [INFO]          img 5: [downloaded]  nutrition_supplements_5.webp
[21:53:50] [INFO]   [  26/278]  Baby Milk  (24 image(s))
[21:53:50] [INFO]          img 1: [downloaded]  baby_milk_1.webp
[21:53:50] [INFO]          img 2: [downloaded]  baby_milk_2.webp
[21:53:50] [INFO]          img 3: [downloaded]  baby_milk_3.webp
[21:53:50] [INFO]          img 4: [downloaded]  baby_milk_4.webp
[21:53:50] [INFO]          img 5: [downloaded]  baby_milk_5.webp
[21:53:50] [INFO]          img 6: [downloaded]  baby_milk_6.webp
[21:53:50] [INFO]          img 7: [downloaded]  baby_milk_7.webp
[21:53:51] [INFO]          img 8: [downloaded]  baby_milk_8.webp
[21:53:51] [INFO]          img 9: [downloaded]  baby_milk_9.webp
[21:53:51] [INFO]          img 10: [downloaded]  baby_milk_10.webp
[21:53:51] [INFO]          img 11: [downloaded]  baby_milk_11.webp
[21:53:51] [INFO]          img 12: [downloaded]  baby_milk_12.webp
[21:53:51] [INFO]          img 13: [downloaded]  baby_milk_13.webp
[21:53:51] [INFO]          img 14: [downloaded]  baby_milk_14.webp
[21:53:51] [INFO]          img 15: [downloaded]  baby_milk_15.webp
[21:53:51] [INFO]          img 16: [downloaded]  baby_milk_16.webp
[21:53:51] [INFO]          img 17: [downloaded]  baby_milk_17.webp
[21:53:51] [INFO]          img 18: [downloaded]  baby_milk_18.webp
[21:53:51] [INFO]          img 19: [downloaded]  baby_milk_19.webp
[21:53:51] [INFO]          img 20: [downloaded]  baby_milk_20.webp
[21:53:51] [INFO]          img 21: [downloaded]  baby_milk_21.webp
[21:53:52] [INFO]          img 22: [downloaded]  baby_milk_22.webp
[21:53:52] [INFO]          img 23: [downloaded]  baby_milk_23.webp
[21:53:52] [INFO]          img 24: [downloaded]  baby_milk_24.webp
[21:53:52] [INFO]   [  27/278]  Baby Care  (24 image(s))
[21:53:52] [INFO]          img 1: [downloaded]  baby_care_1.webp
[21:53:52] [INFO]          img 2: [downloaded]  baby_care_2.webp
[21:53:52] [INFO]          img 3: [downloaded]  baby_care_3.webp
[21:53:52] [INFO]          img 4: [downloaded]  baby_care_4.webp
[21:53:52] [INFO]          img 5: [downloaded]  baby_care_5.webp
[21:53:52] [INFO]          img 6: [downloaded]  baby_care_6.webp
[21:53:52] [INFO]          img 7: [downloaded]  baby_care_7.webp
[21:53:52] [INFO]          img 8: [downloaded]  baby_care_8.webp
[21:53:52] [INFO]          img 9: [downloaded]  baby_care_9.webp
[21:53:52] [INFO]          img 10: [downloaded]  baby_care_10.webp
[21:53:53] [INFO]          img 11: [downloaded]  baby_care_11.webp
[21:53:53] [INFO]          img 12: [downloaded]  baby_care_12.webp
[21:53:53] [INFO]          img 13: [downloaded]  baby_care_13.webp
[21:53:53] [INFO]          img 14: [downloaded]  baby_care_14.webp
[21:53:53] [INFO]          img 15: [downloaded]  baby_care_15.webp
[21:53:53] [INFO]          img 16: [downloaded]  baby_care_16.webp
[21:53:53] [INFO]          img 17: [downloaded]  baby_care_17.webp
[21:53:53] [INFO]          img 18: [downloaded]  baby_care_18.webp
[21:53:53] [INFO]          img 19: [downloaded]  baby_care_19.webp
[21:53:53] [INFO]          img 20: [downloaded]  baby_care_20.webp
[21:53:53] [INFO]          img 21: [downloaded]  baby_care_21.webp
[21:53:53] [INFO]          img 22: [downloaded]  baby_care_22.webp
[21:53:53] [INFO]          img 23: [downloaded]  baby_care_23.webp
[21:53:53] [INFO]          img 24: [downloaded]  baby_care_24.webp
[21:53:53] [INFO]   [  28/278]  Baby Skin Care  (20 image(s))
[21:53:53] [INFO]          img 1: [downloaded]  baby_skin_care_1.webp
[21:53:54] [INFO]          img 2: [downloaded]  baby_skin_care_2.webp
[21:53:54] [INFO]          img 3: [downloaded]  baby_skin_care_3.webp
[21:53:54] [INFO]          img 4: [downloaded]  baby_skin_care_4.webp
[21:53:54] [INFO]          img 5: [downloaded]  baby_skin_care_5.webp
[21:53:54] [INFO]          img 6: [downloaded]  baby_skin_care_6.webp
[21:53:54] [INFO]          img 7: [downloaded]  baby_skin_care_7.webp
[21:53:54] [INFO]          img 8: [downloaded]  baby_skin_care_8.webp
[21:53:54] [INFO]          img 9: [downloaded]  baby_skin_care_9.webp
[21:53:54] [INFO]          img 10: [downloaded]  baby_skin_care_10.webp
[21:53:54] [INFO]          img 11: [downloaded]  baby_skin_care_11.webp
[21:53:54] [INFO]          img 12: [downloaded]  baby_skin_care_12.webp
[21:53:54] [INFO]          img 13: [downloaded]  baby_skin_care_13.webp
[21:53:54] [INFO]          img 14: [downloaded]  baby_skin_care_14.webp
[21:53:55] [INFO]          img 15: [downloaded]  baby_skin_care_15.webp
[21:53:55] [INFO]          img 16: [downloaded]  baby_skin_care_16.webp
[21:53:55] [INFO]          img 17: [downloaded]  baby_skin_care_17.webp
[21:53:55] [INFO]          img 18: [downloaded]  baby_skin_care_18.webp
[21:53:55] [INFO]          img 19: [downloaded]  baby_skin_care_19.webp
[21:53:55] [INFO]          img 20: [downloaded]  baby_skin_care_20.webp
[21:53:55] [INFO]   [  29/278]  Nappy Care & diaper cream  (16 image(s))
[21:53:55] [INFO]          img 1: [downloaded]  nappy_care_diaper_cream_1.webp
[21:53:55] [INFO]          img 2: [downloaded]  nappy_care_diaper_cream_2.webp
[21:53:55] [INFO]          img 3: [downloaded]  nappy_care_diaper_cream_3.webp
[21:53:56] [INFO]          img 4: [downloaded]  nappy_care_diaper_cream_4.webp
[21:53:56] [INFO]          img 5: [downloaded]  nappy_care_diaper_cream_5.webp
[21:53:56] [INFO]          img 6: [downloaded]  nappy_care_diaper_cream_6.webp
[21:53:56] [INFO]          img 7: [downloaded]  nappy_care_diaper_cream_7.webp
[21:53:56] [INFO]          img 8: [downloaded]  nappy_care_diaper_cream_8.webp
[21:53:56] [INFO]          img 9: [downloaded]  nappy_care_diaper_cream_9.webp
[21:53:56] [INFO]          img 10: [downloaded]  nappy_care_diaper_cream_10.webp
[21:53:56] [INFO]          img 11: [downloaded]  nappy_care_diaper_cream_11.webp
[21:53:56] [INFO]          img 12: [downloaded]  nappy_care_diaper_cream_12.webp
[21:53:56] [INFO]          img 13: [downloaded]  nappy_care_diaper_cream_13.webp
[21:53:56] [INFO]          img 14: [downloaded]  nappy_care_diaper_cream_14.webp
[21:53:56] [INFO]          img 15: [downloaded]  nappy_care_diaper_cream_15.webp
[21:53:56] [INFO]          img 16: [downloaded]  nappy_care_diaper_cream_16.webp
[21:53:56] [INFO]   [  30/278]  Kids Toothpaste  (17 image(s))
[21:53:56] [INFO]          img 1: [downloaded]  kids_toothpaste_1.webp
[21:53:57] [INFO]          img 2: [downloaded]  kids_toothpaste_2.webp
[21:53:57] [INFO]          img 3: [downloaded]  kids_toothpaste_3.webp
[21:53:57] [INFO]          img 4: [downloaded]  kids_toothpaste_4.webp
[21:53:57] [INFO]          img 5: [downloaded]  kids_toothpaste_5.webp
[21:53:57] [INFO]          img 6: [downloaded]  kids_toothpaste_6.webp
[21:53:57] [INFO]          img 7: [downloaded]  kids_toothpaste_7.webp
[21:53:57] [INFO]          img 8: [downloaded]  kids_toothpaste_8.webp
[21:53:57] [INFO]          img 9: [downloaded]  kids_toothpaste_9.webp
[21:53:57] [INFO]          img 10: [downloaded]  kids_toothpaste_10.webp
[21:53:57] [INFO]          img 11: [downloaded]  kids_toothpaste_11.webp
[21:53:57] [INFO]          img 12: [downloaded]  kids_toothpaste_12.webp
[21:53:57] [INFO]          img 13: [downloaded]  kids_toothpaste_13.webp
[21:53:58] [INFO]          img 14: [downloaded]  kids_toothpaste_14.webp
[21:53:58] [INFO]          img 15: [downloaded]  kids_toothpaste_15.webp
[21:53:58] [INFO]          img 16: [downloaded]  kids_toothpaste_16.webp
[21:53:58] [INFO]          img 17: [downloaded]  kids_toothpaste_17.webp
[21:53:58] [INFO]   [  31/278]  Baby Sun Care  (12 image(s))
[21:53:59] [INFO]          img 1: [downloaded]  baby_sun_care_1.webp
[21:53:59] [INFO]          img 2: [downloaded]  baby_sun_care_2.webp
[21:53:59] [INFO]          img 3: [downloaded]  baby_sun_care_3.webp
[21:53:59] [INFO]          img 4: [downloaded]  baby_sun_care_4.webp
[21:53:59] [INFO]          img 5: [downloaded]  baby_sun_care_5.webp
[21:53:59] [INFO]          img 6: [downloaded]  baby_sun_care_6.webp
[21:53:59] [INFO]          img 7: [downloaded]  baby_sun_care_7.webp
[21:53:59] [INFO]          img 8: [downloaded]  baby_sun_care_8.webp
[21:53:59] [INFO]          img 9: [downloaded]  baby_sun_care_9.webp
[21:53:59] [INFO]          img 10: [downloaded]  baby_sun_care_10.webp
[21:53:59] [INFO]          img 11: [downloaded]  baby_sun_care_11.webp
[21:53:59] [INFO]          img 12: [downloaded]  baby_sun_care_12.webp
[21:53:59] [INFO]   [  32/278]  Baby Health Care  (23 image(s))
[21:54:00] [INFO]          img 1: [downloaded]  baby_health_care_1.webp
[21:54:00] [INFO]          img 2: [downloaded]  baby_health_care_2.webp
[21:54:00] [INFO]          img 3: [downloaded]  baby_health_care_3.webp
[21:54:00] [INFO]          img 4: [downloaded]  baby_health_care_4.webp
[21:54:00] [INFO]          img 5: [downloaded]  baby_health_care_5.webp
[21:54:00] [INFO]          img 6: [downloaded]  baby_health_care_6.webp
[21:54:00] [INFO]          img 7: [downloaded]  baby_health_care_7.webp
[21:54:00] [INFO]          img 8: [downloaded]  baby_health_care_8.webp
[21:54:00] [INFO]          img 9: [downloaded]  baby_health_care_9.webp
[21:54:00] [INFO]          img 10: [downloaded]  baby_health_care_10.webp
[21:54:00] [INFO]          img 11: [downloaded]  baby_health_care_11.webp
[21:54:00] [INFO]          img 12: [downloaded]  baby_health_care_12.webp
[21:54:00] [INFO]          img 13: [downloaded]  baby_health_care_13.webp
[21:54:00] [INFO]          img 14: [downloaded]  baby_health_care_14.webp
[21:54:00] [INFO]          img 15: [downloaded]  baby_health_care_15.webp
[21:54:00] [INFO]          img 16: [downloaded]  baby_health_care_16.webp
[21:54:01] [INFO]          img 17: [downloaded]  baby_health_care_17.webp
[21:54:01] [INFO]          img 18: [downloaded]  baby_health_care_18.webp
[21:54:01] [INFO]          img 19: [downloaded]  baby_health_care_19.webp
[21:54:01] [INFO]          img 20: [downloaded]  baby_health_care_20.webp
[21:54:01] [INFO]          img 21: [downloaded]  baby_health_care_21.webp
[21:54:01] [INFO]          img 22: [downloaded]  baby_health_care_22.webp
[21:54:01] [INFO]          img 23: [downloaded]  baby_health_care_23.webp
[21:54:01] [INFO]   [  33/278]  Baby Toiletries & Bath Accessories  (24 image(s))
[21:54:01] [INFO]          img 1: [downloaded]  baby_toiletries_bath_accessories_1.webp
[21:54:01] [INFO]          img 2: [downloaded]  baby_toiletries_bath_accessories_2.webp
[21:54:01] [INFO]          img 3: [downloaded]  baby_toiletries_bath_accessories_3.webp
[21:54:01] [INFO]          img 4: [downloaded]  baby_toiletries_bath_accessories_4.webp
[21:54:01] [INFO]          img 5: [downloaded]  baby_toiletries_bath_accessories_5.webp
[21:54:01] [INFO]          img 6: [downloaded]  baby_toiletries_bath_accessories_6.webp
[21:54:01] [INFO]          img 7: [downloaded]  baby_toiletries_bath_accessories_7.jpg
[21:54:01] [INFO]          img 8: [downloaded]  baby_toiletries_bath_accessories_8.webp
[21:54:01] [INFO]          img 9: [downloaded]  baby_toiletries_bath_accessories_9.webp
[21:54:02] [INFO]          img 10: [downloaded]  baby_toiletries_bath_accessories_10.webp
[21:54:02] [INFO]          img 11: [downloaded]  baby_toiletries_bath_accessories_11.webp
[21:54:02] [INFO]          img 12: [downloaded]  baby_toiletries_bath_accessories_12.webp
[21:54:02] [INFO]          img 13: [downloaded]  baby_toiletries_bath_accessories_13.webp
[21:54:02] [INFO]          img 14: [downloaded]  baby_toiletries_bath_accessories_14.webp
[21:54:02] [INFO]          img 15: [downloaded]  baby_toiletries_bath_accessories_15.webp
[21:54:02] [INFO]          img 16: [downloaded]  baby_toiletries_bath_accessories_16.webp
[21:54:02] [INFO]          img 17: [downloaded]  baby_toiletries_bath_accessories_17.webp
[21:54:02] [INFO]          img 18: [downloaded]  baby_toiletries_bath_accessories_18.webp
[21:54:02] [INFO]          img 19: [downloaded]  baby_toiletries_bath_accessories_19.webp
[21:54:02] [INFO]          img 20: [downloaded]  baby_toiletries_bath_accessories_20.webp
[21:54:03] [INFO]          img 21: [downloaded]  baby_toiletries_bath_accessories_21.webp
[21:54:03] [INFO]          img 22: [downloaded]  baby_toiletries_bath_accessories_22.webp
[21:54:03] [INFO]          img 23: [downloaded]  baby_toiletries_bath_accessories_23.webp
[21:54:03] [INFO]          img 24: [downloaded]  baby_toiletries_bath_accessories_24.webp
[21:54:03] [INFO]   [  34/278]  Baby Accessories  (18 image(s))
[21:54:03] [INFO]          img 1: [downloaded]  baby_accessories_1.webp
[21:54:03] [INFO]          img 2: [downloaded]  baby_accessories_2.webp
[21:54:03] [INFO]          img 3: [downloaded]  baby_accessories_3.webp
[21:54:03] [INFO]          img 4: [downloaded]  baby_accessories_4.webp
[21:54:03] [INFO]          img 5: [downloaded]  baby_accessories_5.webp
[21:54:03] [INFO]          img 6: [downloaded]  baby_accessories_6.webp
[21:54:03] [INFO]          img 7: [downloaded]  baby_accessories_7.webp
[21:54:04] [INFO]          img 8: [downloaded]  baby_accessories_8.webp
[21:54:04] [INFO]          img 9: [downloaded]  baby_accessories_9.webp
[21:54:04] [INFO]          img 10: [downloaded]  baby_accessories_10.webp
[21:54:04] [INFO]          img 11: [downloaded]  baby_accessories_11.webp
[21:54:04] [INFO]          img 12: [downloaded]  baby_accessories_12.webp
[21:54:04] [INFO]          img 13: [downloaded]  baby_accessories_13.webp
[21:54:04] [INFO]          img 14: [downloaded]  baby_accessories_14.webp
[21:54:04] [INFO]          img 15: [downloaded]  baby_accessories_15.webp
[21:54:04] [INFO]          img 16: [downloaded]  baby_accessories_16.webp
[21:54:04] [INFO]          img 17: [downloaded]  baby_accessories_17.webp
[21:54:04] [INFO]          img 18: [downloaded]  baby_accessories_18.webp
[21:54:04] [INFO]   [  35/278]  Medical Earrings  (7 image(s))
[21:54:05] [INFO]          img 1: [downloaded]  medical_earrings_1.webp
[21:54:05] [INFO]          img 2: [downloaded]  medical_earrings_2.webp
[21:54:05] [INFO]          img 3: [downloaded]  medical_earrings_3.webp
[21:54:05] [INFO]          img 4: [downloaded]  medical_earrings_4.webp
[21:54:05] [INFO]          img 5: [downloaded]  medical_earrings_5.webp
[21:54:05] [INFO]          img 6: [downloaded]  medical_earrings_6.webp
[21:54:05] [INFO]          img 7: [downloaded]  medical_earrings_7.webp
[21:54:05] [INFO]   [  36/278]  Kids Toothbrush  (14 image(s))
[21:54:05] [INFO]          img 1: [downloaded]  kids_toothbrush_1.webp
[21:54:05] [INFO]          img 2: [downloaded]  kids_toothbrush_2.webp
[21:54:05] [INFO]          img 3: [downloaded]  kids_toothbrush_3.webp
[21:54:05] [INFO]          img 4: [downloaded]  kids_toothbrush_4.webp
[21:54:05] [INFO]          img 5: [downloaded]  kids_toothbrush_5.webp
[21:54:05] [INFO]          img 6: [downloaded]  kids_toothbrush_6.webp
[21:54:06] [INFO]          img 7: [downloaded]  kids_toothbrush_7.webp
[21:54:06] [INFO]          img 8: [downloaded]  kids_toothbrush_8.webp
[21:54:06] [INFO]          img 9: [downloaded]  kids_toothbrush_9.webp
[21:54:06] [INFO]          img 10: [downloaded]  kids_toothbrush_10.webp
[21:54:06] [INFO]          img 11: [downloaded]  kids_toothbrush_11.webp
[21:54:06] [INFO]          img 12: [downloaded]  kids_toothbrush_12.webp
[21:54:06] [INFO]          img 13: [downloaded]  kids_toothbrush_13.webp
[21:54:06] [INFO]          img 14: [downloaded]  kids_toothbrush_14.webp
[21:54:06] [INFO]   [  37/278]  Baby Equipment& Pacifiers  (20 image(s))
[21:54:06] [INFO]          img 1: [downloaded]  baby_equipment_pacifiers_1.webp
[21:54:06] [INFO]          img 2: [downloaded]  baby_equipment_pacifiers_2.webp
[21:54:06] [INFO]          img 3: [downloaded]  baby_equipment_pacifiers_3.webp
[21:54:06] [INFO]          img 4: [downloaded]  baby_equipment_pacifiers_4.webp
[21:54:06] [INFO]          img 5: [downloaded]  baby_equipment_pacifiers_5.webp
[21:54:06] [INFO]          img 6: [downloaded]  baby_equipment_pacifiers_6.webp
[21:54:07] [INFO]          img 7: [downloaded]  baby_equipment_pacifiers_7.webp
[21:54:07] [INFO]          img 8: [downloaded]  baby_equipment_pacifiers_8.webp
[21:54:07] [INFO]          img 9: [downloaded]  baby_equipment_pacifiers_9.webp
[21:54:07] [INFO]          img 10: [downloaded]  baby_equipment_pacifiers_10.webp
[21:54:07] [INFO]          img 11: [downloaded]  baby_equipment_pacifiers_11.webp
[21:54:07] [INFO]          img 12: [downloaded]  baby_equipment_pacifiers_12.webp
[21:54:07] [INFO]          img 13: [downloaded]  baby_equipment_pacifiers_13.webp
[21:54:07] [INFO]          img 14: [downloaded]  baby_equipment_pacifiers_14.webp
[21:54:07] [INFO]          img 15: [downloaded]  baby_equipment_pacifiers_15.webp
[21:54:07] [INFO]          img 16: [downloaded]  baby_equipment_pacifiers_16.webp
[21:54:07] [INFO]          img 17: [downloaded]  baby_equipment_pacifiers_17.webp
[21:54:07] [INFO]          img 18: [downloaded]  baby_equipment_pacifiers_18.webp
[21:54:07] [INFO]          img 19: [downloaded]  baby_equipment_pacifiers_19.webp
[21:54:07] [INFO]          img 20: [downloaded]  baby_equipment_pacifiers_20.webp
[21:54:07] [INFO]   [  38/278]  Mom Care  (18 image(s))
[21:54:08] [INFO]          img 1: [downloaded]  mom_care_1.webp
[21:54:08] [INFO]          img 2: [downloaded]  mom_care_2.webp
[21:54:08] [INFO]          img 3: [downloaded]  mom_care_3.webp
[21:54:08] [INFO]          img 4: [downloaded]  mom_care_4.webp
[21:54:08] [INFO]          img 5: [downloaded]  mom_care_5.webp
[21:54:08] [INFO]          img 6: [downloaded]  mom_care_6.webp
[21:54:08] [INFO]          img 7: [downloaded]  mom_care_7.webp
[21:54:08] [INFO]          img 8: [downloaded]  mom_care_8.webp
[21:54:08] [INFO]          img 9: [downloaded]  mom_care_9.webp
[21:54:08] [INFO]          img 10: [downloaded]  mom_care_10.webp
[21:54:08] [INFO]          img 11: [downloaded]  mom_care_11.webp
[21:54:08] [INFO]          img 12: [downloaded]  mom_care_12.webp
[21:54:08] [INFO]          img 13: [downloaded]  mom_care_13.webp
[21:54:08] [INFO]          img 14: [downloaded]  mom_care_14.webp
[21:54:09] [INFO]          img 15: [downloaded]  mom_care_15.webp
[21:54:09] [INFO]          img 16: [downloaded]  mom_care_16.webp
[21:54:09] [INFO]          img 17: [downloaded]  mom_care_17.webp
[21:54:09] [INFO]          img 18: [downloaded]  mom_care_18.webp
[21:54:09] [INFO]   [  39/278]  Breastfeeding Supplies  (13 image(s))
[21:54:09] [INFO]          img 1: [downloaded]  breastfeeding_supplies_1.webp
[21:54:09] [INFO]          img 2: [downloaded]  breastfeeding_supplies_2.webp
[21:54:09] [INFO]          img 3: [downloaded]  breastfeeding_supplies_3.webp
[21:54:09] [INFO]          img 4: [downloaded]  breastfeeding_supplies_4.webp
[21:54:09] [INFO]          img 5: [downloaded]  breastfeeding_supplies_5.webp
[21:54:09] [INFO]          img 6: [downloaded]  breastfeeding_supplies_6.webp
[21:54:09] [INFO]          img 7: [downloaded]  breastfeeding_supplies_7.webp
[21:54:09] [INFO]          img 8: [downloaded]  breastfeeding_supplies_8.webp
[21:54:09] [INFO]          img 9: [downloaded]  breastfeeding_supplies_9.webp
[21:54:09] [INFO]          img 10: [downloaded]  breastfeeding_supplies_10.webp
[21:54:10] [INFO]          img 11: [downloaded]  breastfeeding_supplies_11.webp
[21:54:10] [INFO]          img 12: [downloaded]  breastfeeding_supplies_12.webp
[21:54:10] [INFO]          img 13: [downloaded]  breastfeeding_supplies_13.webp
[21:54:10] [INFO]   [  40/278]  Pregnancy Check  (2 image(s))
[21:54:10] [INFO]          img 1: [downloaded]  pregnancy_check_1.webp
[21:54:10] [INFO]          img 2: [downloaded]  pregnancy_check_2.webp
[21:54:10] [INFO]   [  41/278]  Ovulation Check  (2 image(s))
[21:54:10] [INFO]          img 1: [downloaded]  ovulation_check_1.webp
[21:54:10] [INFO]          img 2: [downloaded]  ovulation_check_2.webp
[21:54:10] [INFO]   [  42/278]  Mom Skin Care  (11 image(s))
[21:54:10] [INFO]          img 1: [downloaded]  mom_skin_care_1.webp
[21:54:10] [INFO]          img 2: [downloaded]  mom_skin_care_2.webp
[21:54:10] [INFO]          img 3: [downloaded]  mom_skin_care_3.webp
[21:54:10] [INFO]          img 4: [downloaded]  mom_skin_care_4.webp
[21:54:10] [INFO]          img 5: [downloaded]  mom_skin_care_5.webp
[21:54:10] [INFO]          img 6: [downloaded]  mom_skin_care_6.webp
[21:54:10] [INFO]          img 7: [downloaded]  mom_skin_care_7.webp
[21:54:10] [INFO]          img 8: [downloaded]  mom_skin_care_8.webp
[21:54:11] [INFO]          img 9: [downloaded]  mom_skin_care_9.webp
[21:54:11] [INFO]          img 10: [downloaded]  mom_skin_care_10.webp
[21:54:11] [INFO]          img 11: [downloaded]  mom_skin_care_11.webp
[21:54:11] [INFO]   [  43/278]  Baby Diapers & Wips  (17 image(s))
[21:54:11] [INFO]          img 1: [downloaded]  baby_diapers_wips_1.webp
[21:54:11] [INFO]          img 2: [downloaded]  baby_diapers_wips_2.webp
[21:54:11] [INFO]          img 3: [downloaded]  baby_diapers_wips_3.webp
[21:54:11] [INFO]          img 4: [downloaded]  baby_diapers_wips_4.webp
[21:54:11] [INFO]          img 5: [downloaded]  baby_diapers_wips_5.webp
[21:54:11] [INFO]          img 6: [downloaded]  baby_diapers_wips_6.webp
[21:54:11] [INFO]          img 7: [downloaded]  baby_diapers_wips_7.webp
[21:54:12] [INFO]          img 8: [downloaded]  baby_diapers_wips_8.webp
[21:54:12] [INFO]          img 9: [downloaded]  baby_diapers_wips_9.webp
[21:54:12] [INFO]          img 10: [downloaded]  baby_diapers_wips_10.webp
[21:54:12] [INFO]          img 11: [downloaded]  baby_diapers_wips_11.webp
[21:54:12] [INFO]          img 12: [downloaded]  baby_diapers_wips_12.webp
[21:54:12] [INFO]          img 13: [downloaded]  baby_diapers_wips_13.webp
[21:54:12] [INFO]          img 14: [downloaded]  baby_diapers_wips_14.webp
[21:54:12] [INFO]          img 15: [downloaded]  baby_diapers_wips_15.webp
[21:54:12] [INFO]          img 16: [downloaded]  baby_diapers_wips_16.webp
[21:54:13] [INFO]          img 17: [downloaded]  baby_diapers_wips_17.webp
[21:54:13] [INFO]   [  44/278]  Baby Diapers  (24 image(s))
[21:54:13] [INFO]          img 1: [downloaded]  baby_diapers_1.webp
[21:54:13] [INFO]          img 2: [downloaded]  baby_diapers_2.webp
[21:54:13] [INFO]          img 3: [downloaded]  baby_diapers_3.webp
[21:54:13] [INFO]          img 4: [downloaded]  baby_diapers_4.webp
[21:54:13] [INFO]          img 5: [downloaded]  baby_diapers_5.webp
[21:54:13] [INFO]          img 6: [downloaded]  baby_diapers_6.webp
[21:54:14] [INFO]          img 7: [downloaded]  baby_diapers_7.webp
[21:54:14] [INFO]          img 8: [downloaded]  baby_diapers_8.webp
[21:54:14] [INFO]          img 9: [downloaded]  baby_diapers_9.webp
[21:54:14] [INFO]          img 10: [downloaded]  baby_diapers_10.webp
[21:54:14] [INFO]          img 11: [downloaded]  baby_diapers_11.webp
[21:54:14] [INFO]          img 12: [downloaded]  baby_diapers_12.webp
[21:54:14] [INFO]          img 13: [downloaded]  baby_diapers_13.webp
[21:54:14] [INFO]          img 14: [downloaded]  baby_diapers_14.webp
[21:54:15] [INFO]          img 15: [downloaded]  baby_diapers_15.webp
[21:54:15] [INFO]          img 16: [downloaded]  baby_diapers_16.webp
[21:54:15] [INFO]          img 17: [downloaded]  baby_diapers_17.webp
[21:54:15] [INFO]          img 18: [downloaded]  baby_diapers_18.webp
[21:54:15] [INFO]          img 19: [downloaded]  baby_diapers_19.webp
[21:54:15] [INFO]          img 20: [downloaded]  baby_diapers_20.webp
[21:54:15] [INFO]          img 21: [downloaded]  baby_diapers_21.webp
[21:54:15] [INFO]          img 22: [downloaded]  baby_diapers_22.webp
[21:54:15] [INFO]          img 23: [downloaded]  baby_diapers_23.webp
[21:54:15] [INFO]          img 24: [downloaded]  baby_diapers_24.webp
[21:54:15] [INFO]   [  45/278]  Baby Wipes  (16 image(s))
[21:54:16] [INFO]          img 1: [downloaded]  baby_wipes_1.webp
[21:54:16] [INFO]          img 2: [downloaded]  baby_wipes_2.webp
[21:54:16] [INFO]          img 3: [downloaded]  baby_wipes_3.webp
[21:54:16] [INFO]          img 4: [downloaded]  baby_wipes_4.webp
[21:54:16] [INFO]          img 5: [downloaded]  baby_wipes_5.webp
[21:54:16] [INFO]          img 6: [downloaded]  baby_wipes_6.webp
[21:54:16] [INFO]          img 7: [downloaded]  baby_wipes_7.webp
[21:54:16] [INFO]          img 8: [downloaded]  baby_wipes_8.webp
[21:54:16] [INFO]          img 9: [downloaded]  baby_wipes_9.webp
[21:54:16] [INFO]          img 10: [downloaded]  baby_wipes_10.webp
[21:54:16] [INFO]          img 11: [downloaded]  baby_wipes_11.webp
[21:54:16] [INFO]          img 12: [downloaded]  baby_wipes_12.webp
[21:54:16] [INFO]          img 13: [downloaded]  baby_wipes_13.webp
[21:54:16] [INFO]          img 14: [downloaded]  baby_wipes_14.webp
[21:54:16] [INFO]          img 15: [downloaded]  baby_wipes_15.webp
[21:54:16] [INFO]          img 16: [downloaded]  baby_wipes_16.webp
[21:54:16] [INFO]   [  46/278]  Headache&Fever  (22 image(s))
[21:54:17] [INFO]          img 1: [downloaded]  headachefever_1.webp
[21:54:17] [INFO]          img 2: [downloaded]  headachefever_2.webp
[21:54:17] [INFO]          img 3: [downloaded]  headachefever_3.webp
[21:54:17] [INFO]          img 4: [downloaded]  headachefever_4.webp
[21:54:17] [INFO]          img 5: [downloaded]  headachefever_5.webp
[21:54:17] [INFO]          img 6: [downloaded]  headachefever_6.webp
[21:54:17] [INFO]          img 7: [downloaded]  headachefever_7.webp
[21:54:17] [INFO]          img 8: [downloaded]  headachefever_8.webp
[21:54:17] [INFO]          img 9: [downloaded]  headachefever_9.webp
[21:54:17] [INFO]          img 10: [downloaded]  headachefever_10.webp
[21:54:18] [INFO]          img 11: [downloaded]  headachefever_11.webp
[21:54:18] [INFO]          img 12: [downloaded]  headachefever_12.webp
[21:54:18] [INFO]          img 13: [downloaded]  headachefever_13.webp
[21:54:18] [INFO]          img 14: [downloaded]  headachefever_14.webp
[21:54:18] [INFO]          img 15: [downloaded]  headachefever_15.webp
[21:54:18] [INFO]          img 16: [downloaded]  headachefever_16.webp
[21:54:18] [INFO]          img 17: [downloaded]  headachefever_17.webp
[21:54:18] [INFO]          img 18: [downloaded]  headachefever_18.webp
[21:54:18] [INFO]          img 19: [downloaded]  headachefever_19.webp
[21:54:18] [INFO]          img 20: [downloaded]  headachefever_20.webp
[21:54:18] [INFO]          img 21: [downloaded]  headachefever_21.webp
[21:54:18] [INFO]          img 22: [downloaded]  headachefever_22.webp
[21:54:18] [INFO]   [  47/278]  Migraine Treatment  (19 image(s))
[21:54:19] [INFO]          img 1: [downloaded]  migraine_treatment_1.webp
[21:54:19] [INFO]          img 2: [downloaded]  migraine_treatment_2.webp
[21:54:19] [INFO]          img 3: [downloaded]  migraine_treatment_3.webp
[21:54:19] [INFO]          img 4: [downloaded]  migraine_treatment_4.webp
[21:54:19] [INFO]          img 5: [downloaded]  migraine_treatment_5.webp
[21:54:19] [INFO]          img 6: [downloaded]  migraine_treatment_6.webp
[21:54:19] [INFO]          img 7: [downloaded]  migraine_treatment_7.webp
[21:54:19] [INFO]          img 8: [downloaded]  migraine_treatment_8.webp
[21:54:19] [INFO]          img 9: [downloaded]  migraine_treatment_9.webp
[21:54:19] [INFO]          img 10: [downloaded]  migraine_treatment_10.webp
[21:54:19] [INFO]          img 11: [downloaded]  migraine_treatment_11.webp
[21:54:19] [INFO]          img 12: [downloaded]  migraine_treatment_12.webp
[21:54:19] [INFO]          img 13: [downloaded]  migraine_treatment_13.webp
[21:54:19] [INFO]          img 14: [downloaded]  migraine_treatment_14.webp
[21:54:20] [INFO]          img 15: [downloaded]  migraine_treatment_15.webp
[21:54:20] [INFO]          img 16: [downloaded]  migraine_treatment_16.webp
[21:54:20] [INFO]          img 17: [downloaded]  migraine_treatment_17.webp
[21:54:20] [INFO]          img 18: [downloaded]  migraine_treatment_18.webp
[21:54:20] [INFO]          img 19: [downloaded]  migraine_treatment_19.webp
[21:54:20] [INFO]   [  48/278]  Non- Narcotic Analgesic  (22 image(s))
[21:54:20] [INFO]          img 1: [downloaded]  non_narcotic_analgesic_1.webp
[21:54:20] [INFO]          img 2: [downloaded]  non_narcotic_analgesic_2.webp
[21:54:20] [INFO]          img 3: [downloaded]  non_narcotic_analgesic_3.webp
[21:54:20] [INFO]          img 4: [downloaded]  non_narcotic_analgesic_4.webp
[21:54:20] [INFO]          img 5: [downloaded]  non_narcotic_analgesic_5.webp
[21:54:21] [INFO]          img 6: [downloaded]  non_narcotic_analgesic_6.webp
[21:54:21] [INFO]          img 7: [downloaded]  non_narcotic_analgesic_7.webp
[21:54:21] [INFO]          img 8: [downloaded]  non_narcotic_analgesic_8.webp
[21:54:21] [INFO]          img 9: [downloaded]  non_narcotic_analgesic_9.webp
[21:54:21] [INFO]          img 10: [downloaded]  non_narcotic_analgesic_10.webp
[21:54:21] [INFO]          img 11: [downloaded]  non_narcotic_analgesic_11.webp
[21:54:21] [INFO]          img 12: [downloaded]  non_narcotic_analgesic_12.webp
[21:54:21] [INFO]          img 13: [downloaded]  non_narcotic_analgesic_13.webp
[21:54:21] [INFO]          img 14: [downloaded]  non_narcotic_analgesic_14.webp
[21:54:21] [INFO]          img 15: [downloaded]  non_narcotic_analgesic_15.webp
[21:54:21] [INFO]          img 16: [downloaded]  non_narcotic_analgesic_16.webp
[21:54:21] [INFO]          img 17: [downloaded]  non_narcotic_analgesic_17.webp
[21:54:22] [INFO]          img 18: [downloaded]  non_narcotic_analgesic_18.webp
[21:54:22] [INFO]          img 19: [downloaded]  non_narcotic_analgesic_19.webp
[21:54:22] [INFO]          img 20: [downloaded]  non_narcotic_analgesic_20.webp
[21:54:22] [INFO]          img 21: [downloaded]  non_narcotic_analgesic_21.webp
[21:54:22] [INFO]          img 22: [downloaded]  non_narcotic_analgesic_22.webp
[21:54:22] [INFO]   [  49/278]  Food & Beverages  (4 image(s))
[21:54:22] [INFO]          img 1: [downloaded]  food_beverages_1.webp
[21:54:22] [INFO]          img 2: [downloaded]  food_beverages_2.webp
[21:54:22] [INFO]          img 3: [downloaded]  food_beverages_3.webp
[21:54:22] [INFO]          img 4: [downloaded]  food_beverages_4.webp
[21:54:22] [INFO]   [  50/278]  Salt Substitute  (2 image(s))
[21:54:22] [INFO]          img 1: [downloaded]  salt_substitute_1.webp
[21:54:22] [INFO]          img 2: [downloaded]  salt_substitute_2.webp
[21:54:22] [INFO]   [  51/278]  Honey & Bee products  (2 image(s))
[21:54:22] [INFO]          img 1: [downloaded]  honey_bee_products_1.webp
[21:54:22] [INFO]          img 2: [downloaded]  honey_bee_products_2.webp
[21:54:22] [INFO]   [  52/278]  Vitamins &/Or Minerals  (23 image(s))
[21:54:22] [INFO]          img 1: [downloaded]  vitamins_or_minerals_1.webp
[21:54:22] [INFO]          img 2: [downloaded]  vitamins_or_minerals_2.webp
[21:54:23] [INFO]          img 3: [downloaded]  vitamins_or_minerals_3.webp
[21:54:23] [INFO]          img 4: [downloaded]  vitamins_or_minerals_4.webp
[21:54:23] [INFO]          img 5: [downloaded]  vitamins_or_minerals_5.webp
[21:54:23] [INFO]          img 6: [downloaded]  vitamins_or_minerals_6.webp
[21:54:23] [INFO]          img 7: [downloaded]  vitamins_or_minerals_7.webp
[21:54:23] [INFO]          img 8: [downloaded]  vitamins_or_minerals_8.webp
[21:54:23] [INFO]          img 9: [downloaded]  vitamins_or_minerals_9.webp
[21:54:23] [INFO]          img 10: [downloaded]  vitamins_or_minerals_10.webp
[21:54:23] [INFO]          img 11: [downloaded]  vitamins_or_minerals_11.webp
[21:54:23] [INFO]          img 12: [downloaded]  vitamins_or_minerals_12.webp
[21:54:23] [INFO]          img 13: [downloaded]  vitamins_or_minerals_13.webp
[21:54:23] [INFO]          img 14: [downloaded]  vitamins_or_minerals_14.webp
[21:54:23] [INFO]          img 15: [downloaded]  vitamins_or_minerals_15.webp
[21:54:23] [INFO]          img 16: [downloaded]  vitamins_or_minerals_16.webp
[21:54:23] [INFO]          img 17: [downloaded]  vitamins_or_minerals_17.webp
[21:54:23] [INFO]          img 18: [downloaded]  vitamins_or_minerals_18.webp
[21:54:24] [INFO]          img 19: [downloaded]  vitamins_or_minerals_19.webp
[21:54:24] [INFO]          img 20: [downloaded]  vitamins_or_minerals_20.webp
[21:54:24] [INFO]          img 21: [downloaded]  vitamins_or_minerals_21.webp
[21:54:24] [INFO]          img 22: [downloaded]  vitamins_or_minerals_22.webp
[21:54:24] [INFO]          img 23: [downloaded]  vitamins_or_minerals_23.webp
[21:54:24] [INFO]   [  54/278]  Multivitamins  (23 image(s))
[21:54:24] [INFO]          img 1: [downloaded]  multivitamins_1.webp
[21:54:24] [INFO]          img 2: [downloaded]  multivitamins_2.webp
[21:54:24] [INFO]          img 3: [downloaded]  multivitamins_3.webp
[21:54:24] [INFO]          img 4: [downloaded]  multivitamins_4.webp
[21:54:24] [INFO]          img 5: [downloaded]  multivitamins_5.webp
[21:54:24] [INFO]          img 6: [downloaded]  multivitamins_6.webp
[21:54:24] [INFO]          img 7: [downloaded]  multivitamins_7.webp
[21:54:24] [INFO]          img 8: [downloaded]  multivitamins_8.webp
[21:54:25] [INFO]          img 9: [downloaded]  multivitamins_9.webp
[21:54:25] [INFO]          img 10: [downloaded]  multivitamins_10.webp
[21:54:25] [INFO]          img 11: [downloaded]  multivitamins_11.webp
[21:54:25] [INFO]          img 12: [downloaded]  multivitamins_12.webp
[21:54:25] [INFO]          img 13: [downloaded]  multivitamins_13.webp
[21:54:25] [INFO]          img 14: [downloaded]  multivitamins_14.webp
[21:54:25] [INFO]          img 15: [downloaded]  multivitamins_15.webp
[21:54:25] [INFO]          img 16: [downloaded]  multivitamins_16.webp
[21:54:25] [INFO]          img 17: [downloaded]  multivitamins_17.webp
[21:54:25] [INFO]          img 18: [downloaded]  multivitamins_18.webp
[21:54:25] [INFO]          img 19: [downloaded]  multivitamins_19.webp
[21:54:25] [INFO]          img 20: [downloaded]  multivitamins_20.webp
[21:54:25] [INFO]          img 21: [downloaded]  multivitamins_21.webp
[21:54:25] [INFO]          img 22: [downloaded]  multivitamins_22.webp
[21:54:25] [INFO]          img 23: [downloaded]  multivitamins_23.webp
[21:54:25] [INFO]   [  55/278]  Hair Tonic  (10 image(s))
[21:54:25] [INFO]          img 1: [downloaded]  hair_tonic_1.jpg
[21:54:26] [INFO]          img 2: [downloaded]  hair_tonic_2.webp
[21:54:26] [INFO]          img 3: [downloaded]  hair_tonic_3.webp
[21:54:26] [INFO]          img 4: [downloaded]  hair_tonic_4.webp
[21:54:26] [INFO]          img 5: [downloaded]  hair_tonic_5.webp
[21:54:26] [INFO]          img 6: [downloaded]  hair_tonic_6.webp
[21:54:26] [INFO]          img 7: [downloaded]  hair_tonic_7.webp
[21:54:26] [INFO]          img 8: [downloaded]  hair_tonic_8.webp
[21:54:26] [INFO]          img 9: [downloaded]  hair_tonic_9.webp
[21:54:26] [INFO]          img 10: [downloaded]  hair_tonic_10.webp
[21:54:26] [INFO]   [  56/278]  Mouth & Gum Care  (17 image(s))
[21:54:26] [INFO]          img 1: [downloaded]  mouth_gum_care_1.webp
[21:54:26] [INFO]          img 2: [downloaded]  mouth_gum_care_2.webp
[21:54:26] [INFO]          img 3: [downloaded]  mouth_gum_care_3.webp
[21:54:26] [INFO]          img 4: [downloaded]  mouth_gum_care_4.webp
[21:54:26] [INFO]          img 5: [downloaded]  mouth_gum_care_5.webp
[21:54:27] [INFO]          img 6: [downloaded]  mouth_gum_care_6.webp
[21:54:27] [INFO]          img 7: [downloaded]  mouth_gum_care_7.webp
[21:54:27] [INFO]          img 8: [downloaded]  mouth_gum_care_8.webp
[21:54:27] [INFO]          img 9: [downloaded]  mouth_gum_care_9.webp
[21:54:27] [INFO]          img 10: [downloaded]  mouth_gum_care_10.webp
[21:54:27] [INFO]          img 11: [downloaded]  mouth_gum_care_11.webp
[21:54:27] [INFO]          img 12: [downloaded]  mouth_gum_care_12.webp
[21:54:27] [INFO]          img 13: [downloaded]  mouth_gum_care_13.webp
[21:54:27] [INFO]          img 14: [downloaded]  mouth_gum_care_14.webp
[21:54:27] [INFO]          img 15: [downloaded]  mouth_gum_care_15.webp
[21:54:27] [INFO]          img 16: [downloaded]  mouth_gum_care_16.webp
[21:54:27] [INFO]          img 17: [downloaded]  mouth_gum_care_17.webp
[21:54:27] [INFO]   [  57/278]  Mouthwash & Gargle.  (19 image(s))
[21:54:27] [INFO]          img 1: [downloaded]  mouthwash_gargle_1.webp
[21:54:27] [INFO]          img 2: [downloaded]  mouthwash_gargle_2.webp
[21:54:27] [INFO]          img 3: [downloaded]  mouthwash_gargle_3.webp
[21:54:28] [INFO]          img 4: [downloaded]  mouthwash_gargle_4.webp
[21:54:28] [INFO]          img 5: [downloaded]  mouthwash_gargle_5.webp
[21:54:28] [INFO]          img 6: [downloaded]  mouthwash_gargle_6.webp
[21:54:28] [INFO]          img 7: [downloaded]  mouthwash_gargle_7.webp
[21:54:28] [INFO]          img 8: [downloaded]  mouthwash_gargle_8.webp
[21:54:28] [INFO]          img 9: [downloaded]  mouthwash_gargle_9.webp
[21:54:28] [INFO]          img 10: [downloaded]  mouthwash_gargle_10.webp
[21:54:28] [INFO]          img 11: [downloaded]  mouthwash_gargle_11.webp
[21:54:28] [INFO]          img 12: [downloaded]  mouthwash_gargle_12.webp
[21:54:28] [INFO]          img 13: [downloaded]  mouthwash_gargle_13.webp
[21:54:28] [INFO]          img 14: [downloaded]  mouthwash_gargle_14.webp
[21:54:28] [INFO]          img 15: [downloaded]  mouthwash_gargle_15.webp
[21:54:28] [INFO]          img 16: [downloaded]  mouthwash_gargle_16.webp
[21:54:28] [INFO]          img 17: [downloaded]  mouthwash_gargle_17.webp
[21:54:29] [INFO]          img 18: [downloaded]  mouthwash_gargle_18.webp
[21:54:29] [INFO]          img 19: [downloaded]  mouthwash_gargle_19.webp
[21:54:29] [INFO]   [  58/278]  Teeth & Gum Care  (1 image(s))
[21:54:29] [INFO]          img 1: [downloaded]  teeth_gum_care_1.webp
[21:54:29] [INFO]   [  59/278]  Lozenges  (19 image(s))
[21:54:29] [INFO]          img 1: [downloaded]  lozenges_1.webp
[21:54:29] [INFO]          img 2: [downloaded]  lozenges_2.webp
[21:54:29] [INFO]          img 3: [downloaded]  lozenges_3.webp
[21:54:29] [INFO]          img 4: [downloaded]  lozenges_4.webp
[21:54:29] [INFO]          img 5: [downloaded]  lozenges_5.webp
[21:54:29] [INFO]          img 6: [downloaded]  lozenges_6.webp
[21:54:29] [INFO]          img 7: [downloaded]  lozenges_7.webp
[21:54:29] [INFO]          img 8: [downloaded]  lozenges_8.webp
[21:54:29] [INFO]          img 9: [downloaded]  lozenges_9.webp
[21:54:29] [INFO]          img 10: [downloaded]  lozenges_10.webp
[21:54:29] [INFO]          img 11: [downloaded]  lozenges_11.webp
[21:54:30] [INFO]          img 12: [downloaded]  lozenges_12.webp
[21:54:30] [INFO]          img 13: [downloaded]  lozenges_13.webp
[21:54:30] [INFO]          img 14: [downloaded]  lozenges_14.webp
[21:54:30] [INFO]          img 15: [downloaded]  lozenges_15.webp
[21:54:30] [INFO]          img 16: [downloaded]  lozenges_16.webp
[21:54:30] [INFO]          img 17: [downloaded]  lozenges_17.webp
[21:54:30] [INFO]          img 18: [downloaded]  lozenges_18.webp
[21:54:30] [INFO]          img 19: [downloaded]  lozenges_19.webp
[21:54:30] [INFO]   [  60/278]  Topical Treatment Of The Mouth  (19 image(s))
[21:54:30] [INFO]          img 1: [downloaded]  topical_treatment_of_the_mouth_1.webp
[21:54:30] [INFO]          img 2: [downloaded]  topical_treatment_of_the_mouth_2.webp
[21:54:30] [INFO]          img 3: [downloaded]  topical_treatment_of_the_mouth_3.webp
[21:54:30] [INFO]          img 4: [downloaded]  topical_treatment_of_the_mouth_4.webp
[21:54:30] [INFO]          img 5: [downloaded]  topical_treatment_of_the_mouth_5.webp
[21:54:31] [INFO]          img 6: [downloaded]  topical_treatment_of_the_mouth_6.webp
[21:54:31] [INFO]          img 7: [downloaded]  topical_treatment_of_the_mouth_7.webp
[21:54:31] [INFO]          img 8: [downloaded]  topical_treatment_of_the_mouth_8.webp
[21:54:31] [INFO]          img 9: [downloaded]  topical_treatment_of_the_mouth_9.webp
[21:54:31] [INFO]          img 10: [downloaded]  topical_treatment_of_the_mouth_10.webp
[21:54:31] [INFO]          img 11: [downloaded]  topical_treatment_of_the_mouth_11.webp
[21:54:31] [INFO]          img 12: [downloaded]  topical_treatment_of_the_mouth_12.webp
[21:54:31] [INFO]          img 13: [downloaded]  topical_treatment_of_the_mouth_13.webp
[21:54:31] [INFO]          img 14: [downloaded]  topical_treatment_of_the_mouth_14.webp
[21:54:31] [INFO]          img 15: [downloaded]  topical_treatment_of_the_mouth_15.webp
[21:54:31] [INFO]          img 16: [downloaded]  topical_treatment_of_the_mouth_16.webp
[21:54:31] [INFO]          img 17: [downloaded]  topical_treatment_of_the_mouth_17.webp
[21:54:32] [INFO]          img 18: [downloaded]  topical_treatment_of_the_mouth_18.webp
[21:54:32] [INFO]          img 19: [downloaded]  topical_treatment_of_the_mouth_19.webp
[21:54:32] [INFO]   [  61/278]  Topical Prepareation  (18 image(s))
[21:54:32] [INFO]          img 1: [downloaded]  topical_prepareation_1.webp
[21:54:32] [INFO]          img 2: [downloaded]  topical_prepareation_2.webp
[21:54:32] [INFO]          img 3: [downloaded]  topical_prepareation_3.webp
[21:54:32] [INFO]          img 4: [downloaded]  topical_prepareation_4.webp
[21:54:32] [INFO]          img 5: [downloaded]  topical_prepareation_5.webp
[21:54:32] [INFO]          img 6: [downloaded]  topical_prepareation_6.webp
[21:54:32] [INFO]          img 7: [downloaded]  topical_prepareation_7.webp
[21:54:32] [INFO]          img 8: [downloaded]  topical_prepareation_8.webp
[21:54:32] [INFO]          img 9: [downloaded]  topical_prepareation_9.webp
[21:54:32] [INFO]          img 10: [downloaded]  topical_prepareation_10.webp
[21:54:32] [INFO]          img 11: [downloaded]  topical_prepareation_11.webp
[21:54:33] [INFO]          img 12: [downloaded]  topical_prepareation_12.webp
[21:54:33] [INFO]          img 13: [downloaded]  topical_prepareation_13.webp
[21:54:33] [INFO]          img 14: [downloaded]  topical_prepareation_14.webp
[21:54:33] [INFO]          img 15: [downloaded]  topical_prepareation_15.webp
[21:54:33] [INFO]          img 16: [downloaded]  topical_prepareation_16.webp
[21:54:33] [INFO]          img 17: [downloaded]  topical_prepareation_17.webp
[21:54:33] [INFO]          img 18: [downloaded]  topical_prepareation_18.webp
[21:54:33] [INFO]   [  62/278]  Anti-Virals  (3 image(s))
[21:54:33] [INFO]          img 1: [downloaded]  anti_virals_1.webp
[21:54:33] [INFO]          img 2: [downloaded]  anti_virals_2.webp
[21:54:33] [INFO]          img 3: [downloaded]  anti_virals_3.webp
[21:54:33] [INFO]   [  63/278]  Soothing / Protective  (14 image(s))
[21:54:33] [INFO]          img 1: [downloaded]  soothing_protective_1.webp
[21:54:33] [INFO]          img 2: [downloaded]  soothing_protective_2.webp
[21:54:33] [INFO]          img 3: [downloaded]  soothing_protective_3.webp
[21:54:33] [INFO]          img 4: [downloaded]  soothing_protective_4.webp
[21:54:34] [INFO]          img 5: [downloaded]  soothing_protective_5.webp
[21:54:34] [INFO]          img 6: [downloaded]  soothing_protective_6.webp
[21:54:34] [INFO]          img 7: [downloaded]  soothing_protective_7.webp
[21:54:35] [INFO]          img 8: [downloaded]  soothing_protective_8.webp
[21:54:35] [INFO]          img 9: [downloaded]  soothing_protective_9.webp
[21:54:35] [INFO]          img 10: [downloaded]  soothing_protective_10.webp
[21:54:35] [INFO]          img 11: [downloaded]  soothing_protective_11.webp
[21:54:35] [INFO]          img 12: [downloaded]  soothing_protective_12.webp
[21:54:35] [INFO]          img 13: [downloaded]  soothing_protective_13.webp
[21:54:35] [INFO]          img 14: [downloaded]  soothing_protective_14.webp
[21:54:35] [INFO]   [  64/278]  Burns/Wounds  (15 image(s))
[21:54:35] [INFO]          img 1: [downloaded]  burnswounds_1.webp
[21:54:35] [INFO]          img 2: [downloaded]  burnswounds_2.webp
[21:54:35] [INFO]          img 3: [downloaded]  burnswounds_3.webp
[21:54:35] [INFO]          img 4: [downloaded]  burnswounds_4.webp
[21:54:35] [INFO]          img 5: [downloaded]  burnswounds_5.webp
[21:54:35] [INFO]          img 6: [downloaded]  burnswounds_6.webp
[21:54:35] [INFO]          img 7: [downloaded]  burnswounds_7.webp
[21:54:35] [INFO]          img 8: [downloaded]  burnswounds_8.webp
[21:54:36] [INFO]          img 9: [downloaded]  burnswounds_9.webp
[21:54:36] [INFO]          img 10: [downloaded]  burnswounds_10.webp
[21:54:36] [INFO]          img 11: [downloaded]  burnswounds_11.webp
[21:54:36] [INFO]          img 12: [downloaded]  burnswounds_12.webp
[21:54:36] [INFO]          img 13: [downloaded]  burnswounds_13.webp
[21:54:36] [INFO]          img 14: [downloaded]  burnswounds_14.webp
[21:54:36] [INFO]          img 15: [downloaded]  burnswounds_15.webp
[21:54:36] [INFO]   [  65/278]  Skin Depigmentation  (16 image(s))
[21:54:36] [INFO]          img 1: [downloaded]  skin_depigmentation_1.webp
[21:54:36] [INFO]          img 2: [downloaded]  skin_depigmentation_2.webp
[21:54:36] [INFO]          img 3: [downloaded]  skin_depigmentation_3.webp
[21:54:36] [INFO]          img 4: [downloaded]  skin_depigmentation_4.webp
[21:54:36] [INFO]          img 5: [downloaded]  skin_depigmentation_5.webp
[21:54:36] [INFO]          img 6: [downloaded]  skin_depigmentation_6.webp
[21:54:37] [INFO]          img 7: [downloaded]  skin_depigmentation_7.webp
[21:54:37] [INFO]          img 8: [downloaded]  skin_depigmentation_8.webp
[21:54:37] [INFO]          img 9: [downloaded]  skin_depigmentation_9.webp
[21:54:37] [INFO]          img 10: [downloaded]  skin_depigmentation_10.webp
[21:54:37] [INFO]          img 11: [downloaded]  skin_depigmentation_11.webp
[21:54:37] [INFO]          img 12: [downloaded]  skin_depigmentation_12.webp
[21:54:37] [INFO]          img 13: [downloaded]  skin_depigmentation_13.webp
[21:54:37] [INFO]          img 14: [downloaded]  skin_depigmentation_14.webp
[21:54:37] [INFO]          img 15: [downloaded]  skin_depigmentation_15.webp
[21:54:37] [INFO]          img 16: [downloaded]  skin_depigmentation_16.webp
[21:54:37] [INFO]   [  66/278]  Body Firming & Anti-Ageing  (6 image(s))
[21:54:37] [INFO]          img 1: [downloaded]  body_firming_anti_ageing_1.webp
[21:54:37] [INFO]          img 2: [downloaded]  body_firming_anti_ageing_2.webp
[21:54:37] [INFO]          img 3: [downloaded]  body_firming_anti_ageing_3.webp
[21:54:37] [INFO]          img 4: [downloaded]  body_firming_anti_ageing_4.webp
[21:54:37] [INFO]          img 5: [downloaded]  body_firming_anti_ageing_5.webp
[21:54:37] [INFO]          img 6: [downloaded]  body_firming_anti_ageing_6.webp
[21:54:37] [INFO]   [  67/278]  Alopecia Treatment  (7 image(s))
[21:54:38] [INFO]          img 1: [downloaded]  alopecia_treatment_1.webp
[21:54:38] [INFO]          img 2: [downloaded]  alopecia_treatment_2.webp
[21:54:38] [INFO]          img 3: [downloaded]  alopecia_treatment_3.webp
[21:54:38] [INFO]          img 4: [downloaded]  alopecia_treatment_4.webp
[21:54:38] [INFO]          img 5: [downloaded]  alopecia_treatment_5.webp
[21:54:38] [INFO]          img 6: [downloaded]  alopecia_treatment_6.webp
[21:54:38] [INFO]          img 7: [downloaded]  alopecia_treatment_7.webp
[21:54:38] [INFO]   [  68/278]  Varicose Veins  (11 image(s))
[21:54:38] [INFO]          img 1: [downloaded]  varicose_veins_1.webp
[21:54:38] [INFO]          img 2: [downloaded]  varicose_veins_2.webp
[21:54:38] [INFO]          img 3: [downloaded]  varicose_veins_3.webp
[21:54:38] [INFO]          img 4: [downloaded]  varicose_veins_4.webp
[21:54:38] [INFO]          img 5: [downloaded]  varicose_veins_5.webp
[21:54:38] [INFO]          img 6: [downloaded]  varicose_veins_6.webp
[21:54:38] [INFO]          img 7: [downloaded]  varicose_veins_7.webp
[21:54:38] [INFO]          img 8: [downloaded]  varicose_veins_8.webp
[21:54:38] [INFO]          img 9: [downloaded]  varicose_veins_9.webp
[21:54:39] [INFO]          img 10: [downloaded]  varicose_veins_10.webp
[21:54:39] [INFO]          img 11: [downloaded]  varicose_veins_11.webp
[21:54:39] [INFO]   [  69/278]  Anthelmintics.  (19 image(s))
[21:54:39] [INFO]          img 1: [downloaded]  anthelmintics_1.webp
[21:54:39] [INFO]          img 2: [downloaded]  anthelmintics_2.webp
[21:54:39] [INFO]          img 3: [downloaded]  anthelmintics_3.webp
[21:54:39] [INFO]          img 4: [downloaded]  anthelmintics_4.webp
[21:54:39] [INFO]          img 5: [downloaded]  anthelmintics_5.webp
[21:54:39] [INFO]          img 6: [downloaded]  anthelmintics_6.webp
[21:54:39] [INFO]          img 7: [downloaded]  anthelmintics_7.webp
[21:54:39] [INFO]          img 8: [downloaded]  anthelmintics_8.webp
[21:54:39] [INFO]          img 9: [downloaded]  anthelmintics_9.webp
[21:54:39] [INFO]          img 10: [downloaded]  anthelmintics_10.webp
[21:54:39] [INFO]          img 11: [downloaded]  anthelmintics_11.webp
[21:54:39] [INFO]          img 12: [downloaded]  anthelmintics_12.webp
[21:54:39] [INFO]          img 13: [downloaded]  anthelmintics_13.webp
[21:54:39] [INFO]          img 14: [downloaded]  anthelmintics_14.webp
[21:54:40] [INFO]          img 15: [downloaded]  anthelmintics_15.webp
[21:54:40] [INFO]          img 16: [downloaded]  anthelmintics_16.webp
[21:54:40] [INFO]          img 17: [downloaded]  anthelmintics_17.webp
[21:54:40] [INFO]          img 18: [downloaded]  anthelmintics_18.webp
[21:54:40] [INFO]          img 19: [downloaded]  anthelmintics_19.webp
[21:54:40] [INFO]   [  70/278]  Psoriasis/Eczema  (15 image(s))
[21:54:40] [INFO]          img 1: [downloaded]  psoriasiseczema_1.webp
[21:54:40] [INFO]          img 2: [downloaded]  psoriasiseczema_2.webp
[21:54:40] [INFO]          img 3: [downloaded]  psoriasiseczema_3.webp
[21:54:40] [INFO]          img 4: [downloaded]  psoriasiseczema_4.webp
[21:54:40] [INFO]          img 5: [downloaded]  psoriasiseczema_5.webp
[21:54:40] [INFO]          img 6: [downloaded]  psoriasiseczema_6.webp
[21:54:40] [INFO]          img 7: [downloaded]  psoriasiseczema_7.webp
[21:54:41] [INFO]          img 8: [downloaded]  psoriasiseczema_8.webp
[21:54:41] [INFO]          img 9: [downloaded]  psoriasiseczema_9.webp
[21:54:41] [INFO]          img 10: [downloaded]  psoriasiseczema_10.webp
[21:54:41] [INFO]          img 11: [downloaded]  psoriasiseczema_11.webp
[21:54:41] [INFO]          img 12: [downloaded]  psoriasiseczema_12.webp
[21:54:41] [INFO]          img 13: [downloaded]  psoriasiseczema_13.webp
[21:54:41] [INFO]          img 14: [downloaded]  psoriasiseczema_14.webp
[21:54:41] [INFO]          img 15: [downloaded]  psoriasiseczema_15.webp
[21:54:41] [INFO]   [  73/278]  Local Anaesthetic  (7 image(s))
[21:54:41] [INFO]          img 1: [downloaded]  local_anaesthetic_1.webp
[21:54:41] [INFO]          img 2: [downloaded]  local_anaesthetic_2.webp
[21:54:41] [INFO]          img 3: [downloaded]  local_anaesthetic_3.webp
[21:54:41] [INFO]          img 4: [downloaded]  local_anaesthetic_4.webp
[21:54:41] [INFO]          img 5: [downloaded]  local_anaesthetic_5.webp
[21:54:41] [INFO]          img 6: [downloaded]  local_anaesthetic_6.webp
[21:54:42] [INFO]          img 7: [downloaded]  local_anaesthetic_7.webp
[21:54:42] [INFO]   [  74/278]  Anti-Dandruff  (19 image(s))
[21:54:42] [INFO]          img 1: [downloaded]  anti_dandruff_1.webp
[21:54:42] [INFO]          img 2: [downloaded]  anti_dandruff_2.webp
[21:54:42] [INFO]          img 3: [downloaded]  anti_dandruff_3.webp
[21:54:42] [INFO]          img 4: [downloaded]  anti_dandruff_4.webp
[21:54:42] [INFO]          img 5: [downloaded]  anti_dandruff_5.webp
[21:54:42] [INFO]          img 6: [downloaded]  anti_dandruff_6.webp
[21:54:42] [INFO]          img 7: [downloaded]  anti_dandruff_7.webp
[21:54:42] [INFO]          img 8: [downloaded]  anti_dandruff_8.webp
[21:54:42] [INFO]          img 9: [downloaded]  anti_dandruff_9.webp
[21:54:42] [INFO]          img 10: [downloaded]  anti_dandruff_10.webp
[21:54:42] [INFO]          img 11: [downloaded]  anti_dandruff_11.webp
[21:54:42] [INFO]          img 12: [downloaded]  anti_dandruff_12.webp
[21:54:42] [INFO]          img 13: [downloaded]  anti_dandruff_13.webp
[21:54:42] [INFO]          img 14: [downloaded]  anti_dandruff_14.webp
[21:54:42] [INFO]          img 15: [downloaded]  anti_dandruff_15.webp
[21:54:43] [INFO]          img 16: [downloaded]  anti_dandruff_16.webp
[21:54:43] [INFO]          img 17: [downloaded]  anti_dandruff_17.webp
[21:54:43] [INFO]          img 18: [downloaded]  anti_dandruff_18.webp
[21:54:43] [INFO]          img 19: [downloaded]  anti_dandruff_19.webp
[21:54:43] [INFO]   [  75/278]  Anti- Fungals  (23 image(s))
[21:54:43] [INFO]          img 1: [downloaded]  anti_fungals_1.webp
[21:54:43] [INFO]          img 2: [downloaded]  anti_fungals_2.webp
[21:54:43] [INFO]          img 3: [downloaded]  anti_fungals_3.webp
[21:54:43] [INFO]          img 4: [downloaded]  anti_fungals_4.webp
[21:54:43] [INFO]          img 5: [downloaded]  anti_fungals_5.webp
[21:54:43] [INFO]          img 6: [downloaded]  anti_fungals_6.webp
[21:54:43] [INFO]          img 7: [downloaded]  anti_fungals_7.webp
[21:54:43] [INFO]          img 8: [downloaded]  anti_fungals_8.webp
[21:54:43] [INFO]          img 9: [downloaded]  anti_fungals_9.webp
[21:54:43] [INFO]          img 10: [downloaded]  anti_fungals_10.webp
[21:54:44] [INFO]          img 11: [downloaded]  anti_fungals_11.webp
[21:54:44] [INFO]          img 12: [downloaded]  anti_fungals_12.webp
[21:54:44] [INFO]          img 13: [downloaded]  anti_fungals_13.webp
[21:54:44] [INFO]          img 14: [downloaded]  anti_fungals_14.webp
[21:54:44] [INFO]          img 15: [downloaded]  anti_fungals_15.webp
[21:54:44] [INFO]          img 16: [downloaded]  anti_fungals_16.webp
[21:54:44] [INFO]          img 17: [downloaded]  anti_fungals_17.webp
[21:54:44] [INFO]          img 18: [downloaded]  anti_fungals_18.webp
[21:54:44] [INFO]          img 19: [downloaded]  anti_fungals_19.webp
[21:54:44] [INFO]          img 20: [downloaded]  anti_fungals_20.webp
[21:54:44] [INFO]          img 21: [downloaded]  anti_fungals_21.webp
[21:54:44] [INFO]          img 22: [downloaded]  anti_fungals_22.webp
[21:54:44] [INFO]          img 23: [downloaded]  anti_fungals_23.webp
[21:54:44] [INFO]   [  76/278]  Male Sex Horm / Androgens  (3 image(s))
[21:54:44] [INFO]          img 1: [downloaded]  male_sex_horm_androgens_1.webp
[21:54:44] [INFO]          img 2: [downloaded]  male_sex_horm_androgens_2.webp
[21:54:44] [INFO]          img 3: [downloaded]  male_sex_horm_androgens_3.webp
[21:54:44] [INFO]   [  77/278]  Hair Tonic.  (10 image(s))
[21:54:45] [INFO]          img 1: [downloaded]  hair_tonic_1.webp
[21:54:45] [INFO]          img 2: [skip (exists)]  hair_tonic_2.webp
[21:54:45] [INFO]          img 3: [skip (exists)]  hair_tonic_3.webp
[21:54:45] [INFO]          img 4: [skip (exists)]  hair_tonic_4.webp
[21:54:45] [INFO]          img 5: [skip (exists)]  hair_tonic_5.webp
[21:54:45] [INFO]          img 6: [skip (exists)]  hair_tonic_6.webp
[21:54:45] [INFO]          img 7: [skip (exists)]  hair_tonic_7.webp
[21:54:45] [INFO]          img 8: [skip (exists)]  hair_tonic_8.webp
[21:54:45] [INFO]          img 9: [skip (exists)]  hair_tonic_9.webp
[21:54:45] [INFO]          img 10: [skip (exists)]  hair_tonic_10.webp
[21:54:45] [INFO]   [  78/278]  Medical Soap  (1 image(s))
[21:54:45] [INFO]          img 1: [downloaded]  medical_soap_1.webp
[21:54:45] [INFO]   [  79/278]  Haemorrhoids & Anal Fissures  (14 image(s))
[21:54:45] [INFO]          img 1: [downloaded]  haemorrhoids_anal_fissures_1.webp
[21:54:45] [INFO]          img 2: [downloaded]  haemorrhoids_anal_fissures_2.webp
[21:54:45] [INFO]          img 3: [downloaded]  haemorrhoids_anal_fissures_3.webp
[21:54:45] [INFO]          img 4: [downloaded]  haemorrhoids_anal_fissures_4.webp
[21:54:45] [INFO]          img 5: [downloaded]  haemorrhoids_anal_fissures_5.webp
[21:54:45] [INFO]          img 6: [downloaded]  haemorrhoids_anal_fissures_6.webp
[21:54:45] [INFO]          img 7: [downloaded]  haemorrhoids_anal_fissures_7.webp
[21:54:45] [INFO]          img 8: [downloaded]  haemorrhoids_anal_fissures_8.webp
[21:54:45] [INFO]          img 9: [downloaded]  haemorrhoids_anal_fissures_9.webp
[21:54:45] [INFO]          img 10: [downloaded]  haemorrhoids_anal_fissures_10.webp
[21:54:45] [INFO]          img 11: [downloaded]  haemorrhoids_anal_fissures_11.webp
[21:54:45] [INFO]          img 12: [downloaded]  haemorrhoids_anal_fissures_12.webp
[21:54:46] [INFO]          img 13: [downloaded]  haemorrhoids_anal_fissures_13.webp
[21:54:46] [INFO]          img 14: [downloaded]  haemorrhoids_anal_fissures_14.webp
[21:54:46] [INFO]   [  80/278]  Warts&Anti-Corn Preparations  (6 image(s))
[21:54:46] [INFO]          img 1: [downloaded]  wartsanti_corn_preparations_1.webp
[21:54:46] [INFO]          img 2: [downloaded]  wartsanti_corn_preparations_2.webp
[21:54:46] [INFO]          img 3: [downloaded]  wartsanti_corn_preparations_3.webp
[21:54:46] [INFO]          img 4: [downloaded]  wartsanti_corn_preparations_4.webp
[21:54:46] [INFO]          img 5: [downloaded]  wartsanti_corn_preparations_5.webp
[21:54:46] [INFO]          img 6: [downloaded]  wartsanti_corn_preparations_6.webp
[21:54:46] [INFO]   [  81/278]  Anti-Biotics  (19 image(s))
[21:54:46] [INFO]          img 1: [downloaded]  anti_biotics_1.webp
[21:54:46] [INFO]          img 2: [downloaded]  anti_biotics_2.webp
[21:54:46] [INFO]          img 3: [downloaded]  anti_biotics_3.webp
[21:54:46] [INFO]          img 4: [downloaded]  anti_biotics_4.webp
[21:54:46] [INFO]          img 5: [downloaded]  anti_biotics_5.webp
[21:54:47] [INFO]          img 6: [downloaded]  anti_biotics_6.webp
[21:54:47] [INFO]          img 7: [downloaded]  anti_biotics_7.webp
[21:54:47] [INFO]          img 8: [downloaded]  anti_biotics_8.webp
[21:54:47] [INFO]          img 9: [downloaded]  anti_biotics_9.webp
[21:54:47] [INFO]          img 10: [downloaded]  anti_biotics_10.webp
[21:54:47] [INFO]          img 11: [downloaded]  anti_biotics_11.webp
[21:54:47] [INFO]          img 12: [downloaded]  anti_biotics_12.webp
[21:54:47] [INFO]          img 13: [downloaded]  anti_biotics_13.webp
[21:54:47] [INFO]          img 14: [downloaded]  anti_biotics_14.webp
[21:54:47] [INFO]          img 15: [downloaded]  anti_biotics_15.webp
[21:54:47] [INFO]          img 16: [downloaded]  anti_biotics_16.webp
[21:54:47] [INFO]          img 17: [downloaded]  anti_biotics_17.webp
[21:54:47] [INFO]          img 18: [downloaded]  anti_biotics_18.webp
[21:54:47] [INFO]          img 19: [downloaded]  anti_biotics_19.webp
[21:54:47] [INFO]   [  82/278]  Topical Anti- Biotic  (1 image(s))
[21:54:47] [INFO]          img 1: [downloaded]  topical_anti_biotic_1.webp
[21:54:47] [INFO]   [  83/278]  Anti-Acne  (14 image(s))
[21:54:47] [INFO]          img 1: [downloaded]  anti_acne_1.jpeg
[21:54:48] [INFO]          img 2: [downloaded]  anti_acne_2.webp
[21:54:48] [INFO]          img 3: [downloaded]  anti_acne_3.webp
[21:54:48] [INFO]          img 4: [downloaded]  anti_acne_4.webp
[21:54:48] [INFO]          img 5: [downloaded]  anti_acne_5.webp
[21:54:48] [INFO]          img 6: [downloaded]  anti_acne_6.webp
[21:54:48] [INFO]          img 7: [downloaded]  anti_acne_7.webp
[21:54:48] [INFO]          img 8: [downloaded]  anti_acne_8.webp
[21:54:48] [INFO]          img 9: [downloaded]  anti_acne_9.webp
[21:54:48] [INFO]          img 10: [downloaded]  anti_acne_10.webp
[21:54:48] [INFO]          img 11: [downloaded]  anti_acne_11.webp
[21:54:48] [INFO]          img 12: [downloaded]  anti_acne_12.webp
[21:54:48] [INFO]          img 13: [downloaded]  anti_acne_13.webp
[21:54:48] [INFO]          img 14: [downloaded]  anti_acne_14.webp
[21:54:48] [INFO]   [  84/278]  Blank  (5 image(s))
[21:54:48] [INFO]          img 1: [downloaded]  blank_1.webp
[21:54:48] [INFO]          img 2: [downloaded]  blank_2.webp
[21:54:49] [INFO]          img 3: [downloaded]  blank_3.webp
[21:54:49] [INFO]          img 4: [downloaded]  blank_4.webp
[21:54:49] [INFO]          img 5: [downloaded]  blank_5.webp
[21:54:49] [INFO]   [  85/278]  Anti-Fungal & Steroid  (9 image(s))
[21:54:49] [INFO]          img 1: [downloaded]  anti_fungal_steroid_1.webp
[21:54:49] [INFO]          img 2: [downloaded]  anti_fungal_steroid_2.webp
[21:54:49] [INFO]          img 3: [downloaded]  anti_fungal_steroid_3.webp
[21:54:49] [INFO]          img 4: [downloaded]  anti_fungal_steroid_4.webp
[21:54:49] [INFO]          img 5: [downloaded]  anti_fungal_steroid_5.webp
[21:54:49] [INFO]          img 6: [downloaded]  anti_fungal_steroid_6.webp
[21:54:49] [INFO]          img 7: [downloaded]  anti_fungal_steroid_7.webp
[21:54:49] [INFO]          img 8: [downloaded]  anti_fungal_steroid_8.webp
[21:54:49] [INFO]          img 9: [downloaded]  anti_fungal_steroid_9.webp
[21:54:49] [INFO]   [  86/278]  Antiseptic  (9 image(s))
[21:54:49] [INFO]          img 1: [downloaded]  antiseptic_1.webp
[21:54:49] [INFO]          img 2: [downloaded]  antiseptic_2.webp
[21:54:50] [INFO]          img 3: [downloaded]  antiseptic_3.webp
[21:54:50] [INFO]          img 4: [downloaded]  antiseptic_4.webp
[21:54:50] [INFO]          img 5: [downloaded]  antiseptic_5.webp
[21:54:50] [INFO]          img 6: [downloaded]  antiseptic_6.webp
[21:54:50] [INFO]          img 7: [downloaded]  antiseptic_7.webp
[21:54:50] [INFO]          img 8: [downloaded]  antiseptic_8.webp
[21:54:50] [INFO]          img 9: [downloaded]  antiseptic_9.webp
[21:54:50] [INFO]   [  87/278]  Scabies & Lice  (4 image(s))
[21:54:50] [INFO]          img 1: [downloaded]  scabies_lice_1.webp
[21:54:50] [INFO]          img 2: [downloaded]  scabies_lice_2.webp
[21:54:50] [INFO]          img 3: [downloaded]  scabies_lice_3.webp
[21:54:51] [INFO]          img 4: [downloaded]  scabies_lice_4.webp
[21:54:51] [INFO]   [  88/278]  Vitiligo Treatment  (1 image(s))
[21:54:51] [INFO]          img 1: [downloaded]  vitiligo_treatment_1.webp
[21:54:51] [INFO]   [  89/278]  Steroid  (19 image(s))
[21:54:51] [INFO]          img 1: [downloaded]  steroid_1.webp
[21:54:51] [INFO]          img 2: [downloaded]  steroid_2.webp
[21:54:51] [INFO]          img 3: [downloaded]  steroid_3.webp
[21:54:51] [INFO]          img 4: [downloaded]  steroid_4.webp
[21:54:51] [INFO]          img 5: [downloaded]  steroid_5.webp
[21:54:51] [INFO]          img 6: [downloaded]  steroid_6.webp
[21:54:51] [INFO]          img 7: [downloaded]  steroid_7.webp
[21:54:51] [INFO]          img 8: [downloaded]  steroid_8.webp
[21:54:51] [INFO]          img 9: [downloaded]  steroid_9.webp
[21:54:51] [INFO]          img 10: [downloaded]  steroid_10.webp
[21:54:51] [INFO]          img 11: [downloaded]  steroid_11.webp
[21:54:51] [INFO]          img 12: [downloaded]  steroid_12.webp
[21:54:51] [INFO]          img 13: [downloaded]  steroid_13.webp
[21:54:51] [INFO]          img 14: [downloaded]  steroid_14.webp
[21:54:52] [INFO]          img 15: [downloaded]  steroid_15.webp
[21:54:52] [INFO]          img 16: [downloaded]  steroid_16.webp
[21:54:52] [INFO]          img 17: [downloaded]  steroid_17.webp
[21:54:52] [INFO]          img 18: [downloaded]  steroid_18.webp
[21:54:52] [INFO]          img 19: [downloaded]  steroid_19.webp
[21:54:52] [INFO]   [  90/278]  Steroid & Anti-Biotic  (20 image(s))
[21:54:52] [INFO]          img 1: [downloaded]  steroid_anti_biotic_1.webp
[21:54:52] [INFO]          img 2: [downloaded]  steroid_anti_biotic_2.webp
[21:54:52] [INFO]          img 3: [downloaded]  steroid_anti_biotic_3.webp
[21:54:52] [INFO]          img 4: [downloaded]  steroid_anti_biotic_4.webp
[21:54:52] [INFO]          img 5: [downloaded]  steroid_anti_biotic_5.webp
[21:54:52] [INFO]          img 6: [downloaded]  steroid_anti_biotic_6.webp
[21:54:52] [INFO]          img 7: [downloaded]  steroid_anti_biotic_7.webp
[21:54:52] [INFO]          img 8: [downloaded]  steroid_anti_biotic_8.webp
[21:54:52] [INFO]          img 9: [downloaded]  steroid_anti_biotic_9.webp
[21:54:52] [INFO]          img 10: [downloaded]  steroid_anti_biotic_10.webp
[21:54:52] [INFO]          img 11: [downloaded]  steroid_anti_biotic_11.webp
[21:54:53] [INFO]          img 12: [downloaded]  steroid_anti_biotic_12.webp
[21:54:53] [INFO]          img 13: [downloaded]  steroid_anti_biotic_13.webp
[21:54:53] [INFO]          img 14: [downloaded]  steroid_anti_biotic_14.webp
[21:54:53] [INFO]          img 15: [downloaded]  steroid_anti_biotic_15.webp
[21:54:53] [INFO]          img 16: [downloaded]  steroid_anti_biotic_16.webp
[21:54:53] [INFO]          img 17: [downloaded]  steroid_anti_biotic_17.webp
[21:54:53] [INFO]          img 18: [downloaded]  steroid_anti_biotic_18.webp
[21:54:53] [INFO]          img 19: [downloaded]  steroid_anti_biotic_19.webp
[21:54:53] [INFO]          img 20: [downloaded]  steroid_anti_biotic_20.webp
[21:54:53] [INFO]   [  91/278]  Analgesic / A. Rheumatic  (15 image(s))
[21:54:53] [INFO]          img 1: [downloaded]  analgesic_a_rheumatic_1.webp
[21:54:53] [INFO]          img 2: [downloaded]  analgesic_a_rheumatic_2.webp
[21:54:53] [INFO]          img 3: [downloaded]  analgesic_a_rheumatic_3.webp
[21:54:54] [INFO]          img 4: [downloaded]  analgesic_a_rheumatic_4.webp
[21:54:54] [INFO]          img 5: [downloaded]  analgesic_a_rheumatic_5.webp
[21:54:54] [INFO]          img 6: [downloaded]  analgesic_a_rheumatic_6.webp
[21:54:54] [INFO]          img 7: [downloaded]  analgesic_a_rheumatic_7.webp
[21:54:54] [INFO]          img 8: [downloaded]  analgesic_a_rheumatic_8.webp
[21:54:54] [INFO]          img 9: [downloaded]  analgesic_a_rheumatic_9.webp
[21:54:54] [INFO]          img 10: [downloaded]  analgesic_a_rheumatic_10.webp
[21:54:54] [INFO]          img 11: [downloaded]  analgesic_a_rheumatic_11.webp
[21:54:54] [INFO]          img 12: [downloaded]  analgesic_a_rheumatic_12.webp
[21:54:54] [INFO]          img 13: [downloaded]  analgesic_a_rheumatic_13.webp
[21:54:54] [INFO]          img 14: [downloaded]  analgesic_a_rheumatic_14.webp
[21:54:54] [INFO]          img 15: [downloaded]  analgesic_a_rheumatic_15.webp
[21:54:54] [INFO]   [  92/278]  Eye,Ear,Nose  (21 image(s))
[21:54:55] [INFO]          img 1: [downloaded]  eyeearnose_1.webp
[21:54:55] [INFO]          img 2: [downloaded]  eyeearnose_2.webp
[21:54:55] [INFO]          img 3: [downloaded]  eyeearnose_3.webp
[21:54:55] [INFO]          img 4: [downloaded]  eyeearnose_4.webp
[21:54:55] [INFO]          img 5: [downloaded]  eyeearnose_5.webp
[21:54:55] [INFO]          img 6: [downloaded]  eyeearnose_6.webp
[21:54:55] [INFO]          img 7: [downloaded]  eyeearnose_7.webp
[21:54:55] [INFO]          img 8: [downloaded]  eyeearnose_8.webp
[21:54:55] [INFO]          img 9: [downloaded]  eyeearnose_9.webp
[21:54:55] [INFO]          img 10: [downloaded]  eyeearnose_10.webp
[21:54:55] [INFO]          img 11: [downloaded]  eyeearnose_11.webp
[21:54:55] [INFO]          img 12: [downloaded]  eyeearnose_12.webp
[21:54:55] [INFO]          img 13: [downloaded]  eyeearnose_13.webp
[21:54:55] [INFO]          img 14: [downloaded]  eyeearnose_14.webp
[21:54:55] [INFO]          img 15: [downloaded]  eyeearnose_15.webp
[21:54:56] [INFO]          img 16: [downloaded]  eyeearnose_16.webp
[21:54:56] [INFO]          img 17: [downloaded]  eyeearnose_17.webp
[21:54:56] [INFO]          img 18: [downloaded]  eyeearnose_18.webp
[21:54:56] [INFO]          img 19: [downloaded]  eyeearnose_19.webp
[21:54:56] [INFO]          img 20: [downloaded]  eyeearnose_20.webp
[21:54:56] [INFO]          img 21: [downloaded]  eyeearnose_21.webp
[21:54:56] [INFO]   [  93/278]  Topical Anti-Biotic  (16 image(s))
[21:54:56] [INFO]          img 1: [skip (exists)]  topical_anti_biotic_1.webp
[21:54:56] [INFO]          img 2: [downloaded]  topical_anti_biotic_2.webp
[21:54:56] [INFO]          img 3: [downloaded]  topical_anti_biotic_3.webp
[21:54:56] [INFO]          img 4: [downloaded]  topical_anti_biotic_4.webp
[21:54:56] [INFO]          img 5: [downloaded]  topical_anti_biotic_5.webp
[21:54:56] [INFO]          img 6: [downloaded]  topical_anti_biotic_6.webp
[21:54:56] [INFO]          img 7: [downloaded]  topical_anti_biotic_7.webp
[21:54:56] [INFO]          img 8: [downloaded]  topical_anti_biotic_8.webp
[21:54:56] [INFO]          img 9: [downloaded]  topical_anti_biotic_9.webp
[21:54:56] [INFO]          img 10: [downloaded]  topical_anti_biotic_10.webp
[21:54:56] [INFO]          img 11: [downloaded]  topical_anti_biotic_11.webp
[21:54:56] [INFO]          img 12: [downloaded]  topical_anti_biotic_12.webp
[21:54:57] [INFO]          img 13: [downloaded]  topical_anti_biotic_13.webp
[21:54:57] [INFO]          img 14: [downloaded]  topical_anti_biotic_14.webp
[21:54:57] [INFO]          img 15: [downloaded]  topical_anti_biotic_15.webp
[21:54:57] [INFO]          img 16: [downloaded]  topical_anti_biotic_16.webp
[21:54:57] [INFO]   [  94/278]  Ear Preparation  (8 image(s))
[21:54:57] [INFO]          img 1: [downloaded]  ear_preparation_1.webp
[21:54:57] [INFO]          img 2: [downloaded]  ear_preparation_2.webp
[21:54:57] [INFO]          img 3: [downloaded]  ear_preparation_3.webp
[21:54:57] [INFO]          img 4: [downloaded]  ear_preparation_4.webp
[21:54:57] [INFO]          img 5: [downloaded]  ear_preparation_5.webp
[21:54:57] [INFO]          img 6: [downloaded]  ear_preparation_6.webp
[21:54:57] [INFO]          img 7: [downloaded]  ear_preparation_7.webp
[21:54:57] [INFO]          img 8: [downloaded]  ear_preparation_8.webp
[21:54:57] [INFO]   [  95/278]  Eye Irrigation  (13 image(s))
[21:54:57] [INFO]          img 1: [downloaded]  eye_irrigation_1.webp
[21:54:57] [INFO]          img 2: [downloaded]  eye_irrigation_2.webp
[21:54:58] [INFO]          img 3: [downloaded]  eye_irrigation_3.webp
[21:54:58] [INFO]          img 4: [downloaded]  eye_irrigation_4.webp
[21:54:58] [INFO]          img 5: [downloaded]  eye_irrigation_5.webp
[21:54:58] [INFO]          img 6: [downloaded]  eye_irrigation_6.webp
[21:54:58] [INFO]          img 7: [downloaded]  eye_irrigation_7.webp
[21:54:58] [INFO]          img 8: [downloaded]  eye_irrigation_8.webp
[21:54:58] [INFO]          img 9: [downloaded]  eye_irrigation_9.webp
[21:54:58] [INFO]          img 10: [downloaded]  eye_irrigation_10.webp
[21:54:58] [INFO]          img 11: [downloaded]  eye_irrigation_11.webp
[21:54:58] [INFO]          img 12: [downloaded]  eye_irrigation_12.webp
[21:54:58] [INFO]          img 13: [downloaded]  eye_irrigation_13.webp
[21:54:58] [INFO]   [  96/278]  Contact Lens Care  (2 image(s))
[21:54:58] [INFO]          img 1: [downloaded]  contact_lens_care_1.webp
[21:54:58] [INFO]          img 2: [downloaded]  contact_lens_care_2.webp
[21:54:58] [INFO]   [  97/278]  Topical Steroid & Anti-Biotic  (13 image(s))
[21:54:58] [INFO]          img 1: [downloaded]  topical_steroid_anti_biotic_1.webp
[21:54:58] [INFO]          img 2: [downloaded]  topical_steroid_anti_biotic_2.webp
[21:54:58] [INFO]          img 3: [downloaded]  topical_steroid_anti_biotic_3.webp
[21:54:59] [INFO]          img 4: [downloaded]  topical_steroid_anti_biotic_4.webp
[21:54:59] [INFO]          img 5: [downloaded]  topical_steroid_anti_biotic_5.webp
[21:54:59] [INFO]          img 6: [downloaded]  topical_steroid_anti_biotic_6.webp
[21:54:59] [INFO]          img 7: [downloaded]  topical_steroid_anti_biotic_7.webp
[21:54:59] [INFO]          img 8: [downloaded]  topical_steroid_anti_biotic_8.webp
[21:54:59] [INFO]          img 9: [downloaded]  topical_steroid_anti_biotic_9.webp
[21:54:59] [INFO]          img 10: [downloaded]  topical_steroid_anti_biotic_10.webp
[21:54:59] [INFO]          img 11: [downloaded]  topical_steroid_anti_biotic_11.webp
[21:54:59] [INFO]          img 12: [downloaded]  topical_steroid_anti_biotic_12.webp
[21:54:59] [INFO]          img 13: [downloaded]  topical_steroid_anti_biotic_13.webp
[21:54:59] [INFO]   [  98/278]  Eye Local Anaesthetic.  (6 image(s))
[21:54:59] [INFO]          img 1: [downloaded]  eye_local_anaesthetic_1.webp
[21:54:59] [INFO]          img 2: [downloaded]  eye_local_anaesthetic_2.webp
[21:54:59] [INFO]          img 3: [downloaded]  eye_local_anaesthetic_3.webp
[21:54:59] [INFO]          img 4: [downloaded]  eye_local_anaesthetic_4.webp
[21:54:59] [INFO]          img 5: [downloaded]  eye_local_anaesthetic_5.webp
[21:54:59] [INFO]          img 6: [downloaded]  eye_local_anaesthetic_6.webp
[21:54:59] [INFO]   [  99/278]  Topical Anti-Viral  (1 image(s))
[21:55:00] [INFO]          img 1: [downloaded]  topical_anti_viral_1.webp
[21:55:00] [INFO]   [ 100/278]  Glaucoma Treatment  (19 image(s))
[21:55:00] [INFO]          img 1: [downloaded]  glaucoma_treatment_1.webp
[21:55:00] [INFO]          img 2: [downloaded]  glaucoma_treatment_2.webp
[21:55:00] [INFO]          img 3: [downloaded]  glaucoma_treatment_3.webp
[21:55:00] [INFO]          img 4: [downloaded]  glaucoma_treatment_4.webp
[21:55:00] [INFO]          img 5: [downloaded]  glaucoma_treatment_5.webp
[21:55:00] [INFO]          img 6: [downloaded]  glaucoma_treatment_6.webp
[21:55:00] [INFO]          img 7: [downloaded]  glaucoma_treatment_7.webp
[21:55:00] [INFO]          img 8: [downloaded]  glaucoma_treatment_8.webp
[21:55:00] [INFO]          img 9: [downloaded]  glaucoma_treatment_9.webp
[21:55:00] [INFO]          img 10: [downloaded]  glaucoma_treatment_10.webp
[21:55:00] [INFO]          img 11: [downloaded]  glaucoma_treatment_11.webp
[21:55:00] [INFO]          img 12: [downloaded]  glaucoma_treatment_12.webp
[21:55:01] [INFO]          img 13: [downloaded]  glaucoma_treatment_13.webp
[21:55:01] [INFO]          img 14: [downloaded]  glaucoma_treatment_14.webp
[21:55:01] [INFO]          img 15: [downloaded]  glaucoma_treatment_15.webp
[21:55:01] [INFO]          img 16: [downloaded]  glaucoma_treatment_16.webp
[21:55:01] [INFO]          img 17: [downloaded]  glaucoma_treatment_17.webp
[21:55:01] [INFO]          img 18: [downloaded]  glaucoma_treatment_18.webp
[21:55:01] [INFO]          img 19: [downloaded]  glaucoma_treatment_19.webp
[21:55:01] [INFO]   [ 101/278]  Nose Preparation  (18 image(s))
[21:55:01] [INFO]          img 1: [downloaded]  nose_preparation_1.webp
[21:55:01] [INFO]          img 2: [downloaded]  nose_preparation_2.webp
[21:55:01] [INFO]          img 3: [downloaded]  nose_preparation_3.webp
[21:55:01] [INFO]          img 4: [downloaded]  nose_preparation_4.webp
[21:55:01] [INFO]          img 5: [downloaded]  nose_preparation_5.webp
[21:55:01] [INFO]          img 6: [downloaded]  nose_preparation_6.webp
[21:55:02] [INFO]          img 7: [downloaded]  nose_preparation_7.webp
[21:55:02] [INFO]          img 8: [downloaded]  nose_preparation_8.webp
[21:55:02] [INFO]          img 9: [downloaded]  nose_preparation_9.webp
[21:55:02] [INFO]          img 10: [downloaded]  nose_preparation_10.webp
[21:55:02] [INFO]          img 11: [downloaded]  nose_preparation_11.webp
[21:55:02] [INFO]          img 12: [downloaded]  nose_preparation_12.webp
[21:55:02] [INFO]          img 13: [downloaded]  nose_preparation_13.webp
[21:55:02] [INFO]          img 14: [downloaded]  nose_preparation_14.webp
[21:55:02] [INFO]          img 15: [downloaded]  nose_preparation_15.webp
[21:55:02] [INFO]          img 16: [downloaded]  nose_preparation_16.webp
[21:55:02] [INFO]          img 17: [downloaded]  nose_preparation_17.webp
[21:55:02] [INFO]          img 18: [downloaded]  nose_preparation_18.webp
[21:55:02] [INFO]   [ 102/278]  Eye Allergy & Inflammation  (14 image(s))
[21:55:02] [INFO]          img 1: [downloaded]  eye_allergy_inflammation_1.webp
[21:55:02] [INFO]          img 2: [downloaded]  eye_allergy_inflammation_2.webp
[21:55:03] [INFO]          img 3: [downloaded]  eye_allergy_inflammation_3.webp
[21:55:03] [INFO]          img 4: [downloaded]  eye_allergy_inflammation_4.webp
[21:55:03] [INFO]          img 5: [downloaded]  eye_allergy_inflammation_5.webp
[21:55:03] [INFO]          img 6: [downloaded]  eye_allergy_inflammation_6.webp
[21:55:03] [INFO]          img 7: [downloaded]  eye_allergy_inflammation_7.webp
[21:55:03] [INFO]          img 8: [downloaded]  eye_allergy_inflammation_8.webp
[21:55:03] [INFO]          img 9: [downloaded]  eye_allergy_inflammation_9.webp
[21:55:03] [INFO]          img 10: [downloaded]  eye_allergy_inflammation_10.webp
[21:55:03] [INFO]          img 11: [downloaded]  eye_allergy_inflammation_11.webp
[21:55:03] [INFO]          img 12: [downloaded]  eye_allergy_inflammation_12.webp
[21:55:03] [INFO]          img 13: [downloaded]  eye_allergy_inflammation_13.webp
[21:55:04] [INFO]          img 14: [downloaded]  eye_allergy_inflammation_14.webp
[21:55:04] [INFO]   [ 103/278]  Mydriatics  (2 image(s))
[21:55:04] [INFO]          img 1: [downloaded]  mydriatics_1.webp
[21:55:04] [INFO]          img 2: [downloaded]  mydriatics_2.webp
[21:55:04] [INFO]   [ 104/278]  Topical Steroid  (10 image(s))
[21:55:04] [INFO]          img 1: [downloaded]  topical_steroid_1.webp
[21:55:04] [INFO]          img 2: [downloaded]  topical_steroid_2.webp
[21:55:04] [INFO]          img 3: [downloaded]  topical_steroid_3.webp
[21:55:04] [INFO]          img 4: [downloaded]  topical_steroid_4.webp
[21:55:04] [INFO]          img 5: [downloaded]  topical_steroid_5.webp
[21:55:04] [INFO]          img 6: [downloaded]  topical_steroid_6.webp
[21:55:04] [INFO]          img 7: [downloaded]  topical_steroid_7.webp
[21:55:04] [INFO]          img 8: [downloaded]  topical_steroid_8.webp
[21:55:04] [INFO]          img 9: [downloaded]  topical_steroid_9.webp
[21:55:04] [INFO]          img 10: [downloaded]  topical_steroid_10.webp
[21:55:04] [INFO]   [ 105/278]  Central Nervous System  (22 image(s))
[21:55:05] [INFO]          img 1: [downloaded]  central_nervous_system_1.webp
[21:55:05] [INFO]          img 2: [downloaded]  central_nervous_system_2.webp
[21:55:05] [INFO]          img 3: [downloaded]  central_nervous_system_3.webp
[21:55:05] [INFO]          img 4: [downloaded]  central_nervous_system_4.webp
[21:55:05] [INFO]          img 5: [downloaded]  central_nervous_system_5.webp
[21:55:05] [INFO]          img 6: [downloaded]  central_nervous_system_6.webp
[21:55:05] [INFO]          img 7: [downloaded]  central_nervous_system_7.webp
[21:55:05] [INFO]          img 8: [downloaded]  central_nervous_system_8.webp
[21:55:05] [INFO]          img 9: [downloaded]  central_nervous_system_9.webp
[21:55:05] [INFO]          img 10: [downloaded]  central_nervous_system_10.webp
[21:55:05] [INFO]          img 11: [downloaded]  central_nervous_system_11.webp
[21:55:05] [INFO]          img 12: [downloaded]  central_nervous_system_12.webp
[21:55:06] [INFO]          img 13: [downloaded]  central_nervous_system_13.webp
[21:55:06] [INFO]          img 14: [downloaded]  central_nervous_system_14.webp
[21:55:06] [INFO]          img 15: [downloaded]  central_nervous_system_15.webp
[21:55:06] [INFO]          img 16: [downloaded]  central_nervous_system_16.webp
[21:55:06] [INFO]          img 17: [downloaded]  central_nervous_system_17.webp
[21:55:06] [INFO]          img 18: [downloaded]  central_nervous_system_18.webp
[21:55:06] [INFO]          img 19: [downloaded]  central_nervous_system_19.webp
[21:55:06] [INFO]          img 20: [downloaded]  central_nervous_system_20.webp
[21:55:06] [INFO]          img 21: [downloaded]  central_nervous_system_21.webp
[21:55:06] [INFO]          img 22: [downloaded]  central_nervous_system_22.webp
[21:55:06] [INFO]   [ 106/278]  Local Anaesthetic.  (5 image(s))
[21:55:06] [INFO]          img 1: [skip (exists)]  local_anaesthetic_1.webp
[21:55:06] [INFO]          img 2: [skip (exists)]  local_anaesthetic_2.webp
[21:55:06] [INFO]          img 3: [skip (exists)]  local_anaesthetic_3.webp
[21:55:06] [INFO]          img 4: [skip (exists)]  local_anaesthetic_4.webp
[21:55:06] [INFO]          img 5: [skip (exists)]  local_anaesthetic_5.webp
[21:55:06] [INFO]   [ 107/278]  Psychotic Disorders  (23 image(s))
[21:55:06] [INFO]          img 1: [downloaded]  psychotic_disorders_1.webp
[21:55:06] [INFO]          img 2: [downloaded]  psychotic_disorders_2.webp
[21:55:06] [INFO]          img 3: [downloaded]  psychotic_disorders_3.webp
[21:55:06] [INFO]          img 4: [downloaded]  psychotic_disorders_4.webp
[21:55:06] [INFO]          img 5: [downloaded]  psychotic_disorders_5.webp
[21:55:06] [INFO]          img 6: [downloaded]  psychotic_disorders_6.webp
[21:55:07] [INFO]          img 7: [downloaded]  psychotic_disorders_7.webp
[21:55:07] [INFO]          img 8: [downloaded]  psychotic_disorders_8.webp
[21:55:07] [INFO]          img 9: [downloaded]  psychotic_disorders_9.webp
[21:55:07] [INFO]          img 10: [downloaded]  psychotic_disorders_10.webp
[21:55:07] [INFO]          img 11: [downloaded]  psychotic_disorders_11.webp
[21:55:07] [INFO]          img 12: [downloaded]  psychotic_disorders_12.webp
[21:55:07] [INFO]          img 13: [downloaded]  psychotic_disorders_13.webp
[21:55:07] [INFO]          img 14: [downloaded]  psychotic_disorders_14.webp
[21:55:07] [INFO]          img 15: [downloaded]  psychotic_disorders_15.webp
[21:55:07] [INFO]          img 16: [downloaded]  psychotic_disorders_16.webp
[21:55:07] [INFO]          img 17: [downloaded]  psychotic_disorders_17.webp
[21:55:07] [INFO]          img 18: [downloaded]  psychotic_disorders_18.webp
[21:55:07] [INFO]          img 19: [downloaded]  psychotic_disorders_19.webp
[21:55:07] [INFO]          img 20: [downloaded]  psychotic_disorders_20.webp
[21:55:08] [INFO]          img 21: [downloaded]  psychotic_disorders_21.webp
[21:55:08] [INFO]          img 22: [downloaded]  psychotic_disorders_22.webp
[21:55:08] [INFO]          img 23: [downloaded]  psychotic_disorders_23.webp
[21:55:08] [INFO]   [ 108/278]  Sedatives & Hypnotics  (17 image(s))
[21:55:08] [INFO]          img 1: [downloaded]  sedatives_hypnotics_1.webp
[21:55:08] [INFO]          img 2: [downloaded]  sedatives_hypnotics_2.webp
[21:55:08] [INFO]          img 3: [downloaded]  sedatives_hypnotics_3.webp
[21:55:08] [INFO]          img 4: [downloaded]  sedatives_hypnotics_4.webp
[21:55:08] [INFO]          img 5: [downloaded]  sedatives_hypnotics_5.webp
[21:55:08] [INFO]          img 6: [downloaded]  sedatives_hypnotics_6.webp
[21:55:08] [INFO]          img 7: [downloaded]  sedatives_hypnotics_7.webp
[21:55:08] [INFO]          img 8: [downloaded]  sedatives_hypnotics_8.webp
[21:55:09] [INFO]          img 9: [downloaded]  sedatives_hypnotics_9.webp
[21:55:09] [INFO]          img 10: [downloaded]  sedatives_hypnotics_10.webp
[21:55:09] [INFO]          img 11: [downloaded]  sedatives_hypnotics_11.webp
[21:55:09] [INFO]          img 12: [downloaded]  sedatives_hypnotics_12.webp
[21:55:09] [INFO]          img 13: [downloaded]  sedatives_hypnotics_13.webp
[21:55:09] [INFO]          img 14: [downloaded]  sedatives_hypnotics_14.webp
[21:55:09] [INFO]          img 15: [downloaded]  sedatives_hypnotics_15.webp
[21:55:09] [INFO]          img 16: [downloaded]  sedatives_hypnotics_16.webp
[21:55:09] [INFO]          img 17: [downloaded]  sedatives_hypnotics_17.webp
[21:55:09] [INFO]   [ 109/278]  Cerebral Stimulant  (20 image(s))
[21:55:09] [INFO]          img 1: [downloaded]  cerebral_stimulant_1.webp
[21:55:09] [INFO]          img 2: [downloaded]  cerebral_stimulant_2.webp
[21:55:09] [INFO]          img 3: [downloaded]  cerebral_stimulant_3.webp
[21:55:10] [INFO]          img 4: [downloaded]  cerebral_stimulant_4.webp
[21:55:10] [INFO]          img 5: [downloaded]  cerebral_stimulant_5.webp
[21:55:10] [INFO]          img 6: [downloaded]  cerebral_stimulant_6.webp
[21:55:10] [INFO]          img 7: [downloaded]  cerebral_stimulant_7.webp
[21:55:10] [INFO]          img 8: [downloaded]  cerebral_stimulant_8.webp
[21:55:10] [INFO]          img 9: [downloaded]  cerebral_stimulant_9.webp
[21:55:10] [INFO]          img 10: [downloaded]  cerebral_stimulant_10.webp
[21:55:10] [INFO]          img 11: [downloaded]  cerebral_stimulant_11.webp
[21:55:10] [INFO]          img 12: [downloaded]  cerebral_stimulant_12.webp
[21:55:10] [INFO]          img 13: [downloaded]  cerebral_stimulant_13.webp
[21:55:10] [INFO]          img 14: [downloaded]  cerebral_stimulant_14.webp
[21:55:10] [INFO]          img 15: [downloaded]  cerebral_stimulant_15.webp
[21:55:11] [INFO]          img 16: [downloaded]  cerebral_stimulant_16.webp
[21:55:11] [INFO]          img 17: [downloaded]  cerebral_stimulant_17.webp
[21:55:11] [INFO]          img 18: [downloaded]  cerebral_stimulant_18.webp
[21:55:11] [INFO]          img 19: [downloaded]  cerebral_stimulant_19.webp
[21:55:11] [INFO]          img 20: [downloaded]  cerebral_stimulant_20.webp
[21:55:11] [INFO]   [ 110/278]  Alzheimer Treatment  (23 image(s))
[21:55:11] [INFO]          img 1: [downloaded]  alzheimer_treatment_1.webp
[21:55:11] [INFO]          img 2: [downloaded]  alzheimer_treatment_2.webp
[21:55:11] [INFO]          img 3: [downloaded]  alzheimer_treatment_3.webp
[21:55:11] [INFO]          img 4: [downloaded]  alzheimer_treatment_4.webp
[21:55:11] [INFO]          img 5: [downloaded]  alzheimer_treatment_5.webp
[21:55:11] [INFO]          img 6: [downloaded]  alzheimer_treatment_6.webp
[21:55:11] [INFO]          img 7: [downloaded]  alzheimer_treatment_7.webp
[21:55:12] [INFO]          img 8: [downloaded]  alzheimer_treatment_8.webp
[21:55:12] [INFO]          img 9: [downloaded]  alzheimer_treatment_9.webp
[21:55:12] [INFO]          img 10: [downloaded]  alzheimer_treatment_10.webp
[21:55:12] [INFO]          img 11: [downloaded]  alzheimer_treatment_11.webp
[21:55:12] [INFO]          img 12: [downloaded]  alzheimer_treatment_12.webp
[21:55:12] [INFO]          img 13: [downloaded]  alzheimer_treatment_13.webp
[21:55:12] [INFO]          img 14: [downloaded]  alzheimer_treatment_14.webp
[21:55:12] [INFO]          img 15: [downloaded]  alzheimer_treatment_15.webp
[21:55:12] [INFO]          img 16: [downloaded]  alzheimer_treatment_16.webp
[21:55:12] [INFO]          img 17: [downloaded]  alzheimer_treatment_17.webp
[21:55:12] [INFO]          img 18: [downloaded]  alzheimer_treatment_18.webp
[21:55:12] [INFO]          img 19: [downloaded]  alzheimer_treatment_19.webp
[21:55:12] [INFO]          img 20: [downloaded]  alzheimer_treatment_20.webp
[21:55:12] [INFO]          img 21: [downloaded]  alzheimer_treatment_21.webp
[21:55:12] [INFO]          img 22: [downloaded]  alzheimer_treatment_22.webp
[21:55:13] [INFO]          img 23: [downloaded]  alzheimer_treatment_23.webp
[21:55:13] [INFO]   [ 111/278]  Anti-Parkinsonism  (21 image(s))
[21:55:13] [INFO]          img 1: [downloaded]  anti_parkinsonism_1.webp
[21:55:13] [INFO]          img 2: [downloaded]  anti_parkinsonism_2.webp
[21:55:13] [INFO]          img 3: [downloaded]  anti_parkinsonism_3.webp
[21:55:13] [INFO]          img 4: [downloaded]  anti_parkinsonism_4.webp
[21:55:13] [INFO]          img 5: [downloaded]  anti_parkinsonism_5.webp
[21:55:13] [INFO]          img 6: [downloaded]  anti_parkinsonism_6.webp
[21:55:13] [INFO]          img 7: [downloaded]  anti_parkinsonism_7.webp
[21:55:13] [INFO]          img 8: [downloaded]  anti_parkinsonism_8.webp
[21:55:13] [INFO]          img 9: [downloaded]  anti_parkinsonism_9.webp
[21:55:13] [INFO]          img 10: [downloaded]  anti_parkinsonism_10.webp
[21:55:13] [INFO]          img 11: [downloaded]  anti_parkinsonism_11.webp
[21:55:13] [INFO]          img 12: [downloaded]  anti_parkinsonism_12.webp
[21:55:13] [INFO]          img 13: [downloaded]  anti_parkinsonism_13.webp
[21:55:13] [INFO]          img 14: [downloaded]  anti_parkinsonism_14.webp
[21:55:14] [INFO]          img 15: [downloaded]  anti_parkinsonism_15.webp
[21:55:14] [INFO]          img 16: [downloaded]  anti_parkinsonism_16.webp
[21:55:14] [INFO]          img 17: [downloaded]  anti_parkinsonism_17.webp
[21:55:14] [INFO]          img 18: [downloaded]  anti_parkinsonism_18.webp
[21:55:14] [INFO]          img 19: [downloaded]  anti_parkinsonism_19.webp
[21:55:14] [INFO]          img 20: [downloaded]  anti_parkinsonism_20.webp
[21:55:14] [INFO]          img 21: [downloaded]  anti_parkinsonism_21.webp
[21:55:14] [INFO]   [ 112/278]  Cns Stimulants  (10 image(s))
[21:55:14] [INFO]          img 1: [downloaded]  cns_stimulants_1.webp
[21:55:14] [INFO]          img 2: [downloaded]  cns_stimulants_2.webp
[21:55:14] [INFO]          img 3: [downloaded]  cns_stimulants_3.webp
[21:55:14] [INFO]          img 4: [downloaded]  cns_stimulants_4.webp
[21:55:14] [INFO]          img 5: [downloaded]  cns_stimulants_5.webp
[21:55:14] [INFO]          img 6: [downloaded]  cns_stimulants_6.webp
[21:55:14] [INFO]          img 7: [downloaded]  cns_stimulants_7.webp
[21:55:14] [INFO]          img 8: [downloaded]  cns_stimulants_8.webp
[21:55:15] [INFO]          img 9: [downloaded]  cns_stimulants_9.webp
[21:55:15] [INFO]          img 10: [downloaded]  cns_stimulants_10.webp
[21:55:15] [INFO]   [ 113/278]  General Anaesthetic  (1 image(s))
[21:55:15] [INFO]          img 1: [downloaded]  general_anaesthetic_1.webp
[21:55:15] [INFO]   [ 114/278]  Anti-Epileptic & A. Convulsant  (23 image(s))
[21:55:15] [INFO]          img 1: [downloaded]  anti_epileptic_a_convulsant_1.webp
[21:55:15] [INFO]          img 2: [downloaded]  anti_epileptic_a_convulsant_2.webp
[21:55:15] [INFO]          img 3: [downloaded]  anti_epileptic_a_convulsant_3.webp
[21:55:15] [INFO]          img 4: [downloaded]  anti_epileptic_a_convulsant_4.webp
[21:55:15] [INFO]          img 5: [downloaded]  anti_epileptic_a_convulsant_5.webp
[21:55:15] [INFO]          img 6: [downloaded]  anti_epileptic_a_convulsant_6.webp
[21:55:15] [INFO]          img 7: [downloaded]  anti_epileptic_a_convulsant_7.webp
[21:55:15] [INFO]          img 8: [downloaded]  anti_epileptic_a_convulsant_8.webp
[21:55:15] [INFO]          img 9: [downloaded]  anti_epileptic_a_convulsant_9.webp
[21:55:15] [INFO]          img 10: [downloaded]  anti_epileptic_a_convulsant_10.webp
[21:55:15] [INFO]          img 11: [downloaded]  anti_epileptic_a_convulsant_11.webp
[21:55:16] [INFO]          img 12: [downloaded]  anti_epileptic_a_convulsant_12.webp
[21:55:16] [INFO]          img 13: [downloaded]  anti_epileptic_a_convulsant_13.webp
[21:55:16] [INFO]          img 14: [downloaded]  anti_epileptic_a_convulsant_14.webp
[21:55:16] [INFO]          img 15: [downloaded]  anti_epileptic_a_convulsant_15.webp
[21:55:16] [INFO]          img 16: [downloaded]  anti_epileptic_a_convulsant_16.webp
[21:55:16] [INFO]          img 17: [downloaded]  anti_epileptic_a_convulsant_17.webp
[21:55:16] [INFO]          img 18: [downloaded]  anti_epileptic_a_convulsant_18.webp
[21:55:16] [INFO]          img 19: [downloaded]  anti_epileptic_a_convulsant_19.webp
[21:55:16] [INFO]          img 20: [downloaded]  anti_epileptic_a_convulsant_20.webp
[21:55:16] [INFO]          img 21: [downloaded]  anti_epileptic_a_convulsant_21.webp
[21:55:16] [INFO]          img 22: [downloaded]  anti_epileptic_a_convulsant_22.webp
[21:55:16] [INFO]          img 23: [downloaded]  anti_epileptic_a_convulsant_23.webp
[21:55:16] [INFO]   [ 115/278]  Neurotonic  (17 image(s))
[21:55:16] [INFO]          img 1: [downloaded]  neurotonic_1.webp
[21:55:16] [INFO]          img 2: [downloaded]  neurotonic_2.webp
[21:55:17] [INFO]          img 3: [downloaded]  neurotonic_3.webp
[21:55:17] [INFO]          img 4: [downloaded]  neurotonic_4.webp
[21:55:17] [INFO]          img 5: [downloaded]  neurotonic_5.webp
[21:55:17] [INFO]          img 6: [downloaded]  neurotonic_6.webp
[21:55:17] [INFO]          img 7: [downloaded]  neurotonic_7.webp
[21:55:17] [INFO]          img 8: [downloaded]  neurotonic_8.webp
[21:55:17] [INFO]          img 9: [downloaded]  neurotonic_9.webp
[21:55:17] [INFO]          img 10: [downloaded]  neurotonic_10.webp
[21:55:17] [INFO]          img 11: [downloaded]  neurotonic_11.webp
[21:55:17] [INFO]          img 12: [downloaded]  neurotonic_12.webp
[21:55:17] [INFO]          img 13: [downloaded]  neurotonic_13.webp
[21:55:17] [INFO]          img 14: [downloaded]  neurotonic_14.webp
[21:55:17] [INFO]          img 15: [downloaded]  neurotonic_15.webp
[21:55:18] [INFO]          img 16: [downloaded]  neurotonic_16.webp
[21:55:18] [INFO]          img 17: [downloaded]  neurotonic_17.webp
[21:55:18] [INFO]   [ 116/278]  Anti-Depressant  (23 image(s))
[21:55:18] [INFO]          img 1: [downloaded]  anti_depressant_1.webp
[21:55:18] [INFO]          img 2: [downloaded]  anti_depressant_2.webp
[21:55:18] [INFO]          img 3: [downloaded]  anti_depressant_3.webp
[21:55:18] [INFO]          img 4: [downloaded]  anti_depressant_4.webp
[21:55:18] [INFO]          img 5: [downloaded]  anti_depressant_5.webp
[21:55:18] [INFO]          img 6: [downloaded]  anti_depressant_6.webp
[21:55:18] [INFO]          img 7: [downloaded]  anti_depressant_7.webp
[21:55:18] [INFO]          img 8: [downloaded]  anti_depressant_8.webp
[21:55:18] [INFO]          img 9: [downloaded]  anti_depressant_9.webp
[21:55:18] [INFO]          img 10: [downloaded]  anti_depressant_10.webp
[21:55:18] [INFO]          img 11: [downloaded]  anti_depressant_11.webp
[21:55:18] [INFO]          img 12: [downloaded]  anti_depressant_12.webp
[21:55:18] [INFO]          img 13: [downloaded]  anti_depressant_13.webp
[21:55:19] [INFO]          img 14: [downloaded]  anti_depressant_14.webp
[21:55:19] [INFO]          img 15: [downloaded]  anti_depressant_15.webp
[21:55:19] [INFO]          img 16: [downloaded]  anti_depressant_16.webp
[21:55:19] [INFO]          img 17: [downloaded]  anti_depressant_17.webp
[21:55:19] [INFO]          img 18: [downloaded]  anti_depressant_18.webp
[21:55:19] [INFO]          img 19: [downloaded]  anti_depressant_19.webp
[21:55:19] [INFO]          img 20: [downloaded]  anti_depressant_20.webp
[21:55:19] [INFO]          img 21: [downloaded]  anti_depressant_21.webp
[21:55:19] [INFO]          img 22: [downloaded]  anti_depressant_22.webp
[21:55:19] [INFO]          img 23: [downloaded]  anti_depressant_23.webp
[21:55:19] [INFO]   [ 117/278]  ADHD(Attent.Deficit.Hyperac.D)  (15 image(s))
[21:55:19] [INFO]          img 1: [downloaded]  adhdattentdeficithyperacd_1.webp
[21:55:19] [INFO]          img 2: [downloaded]  adhdattentdeficithyperacd_2.webp
[21:55:20] [INFO]          img 3: [downloaded]  adhdattentdeficithyperacd_3.webp
[21:55:20] [INFO]          img 4: [downloaded]  adhdattentdeficithyperacd_4.webp
[21:55:20] [INFO]          img 5: [downloaded]  adhdattentdeficithyperacd_5.webp
[21:55:20] [INFO]          img 6: [downloaded]  adhdattentdeficithyperacd_6.webp
[21:55:20] [INFO]          img 7: [downloaded]  adhdattentdeficithyperacd_7.webp
[21:55:20] [INFO]          img 8: [downloaded]  adhdattentdeficithyperacd_8.webp
[21:55:20] [INFO]          img 9: [downloaded]  adhdattentdeficithyperacd_9.webp
[21:55:20] [INFO]          img 10: [downloaded]  adhdattentdeficithyperacd_10.webp
[21:55:20] [INFO]          img 11: [downloaded]  adhdattentdeficithyperacd_11.webp
[21:55:20] [INFO]          img 12: [downloaded]  adhdattentdeficithyperacd_12.webp
[21:55:20] [INFO]          img 13: [downloaded]  adhdattentdeficithyperacd_13.webp
[21:55:20] [INFO]          img 14: [downloaded]  adhdattentdeficithyperacd_14.webp
[21:55:20] [INFO]          img 15: [downloaded]  adhdattentdeficithyperacd_15.webp
[21:55:20] [INFO]   [ 118/278]  Miscellaneous  (16 image(s))
[21:55:20] [INFO]          img 1: [downloaded]  miscellaneous_1.webp
[21:55:21] [INFO]          img 2: [downloaded]  miscellaneous_2.webp
[21:55:21] [INFO]          img 3: [downloaded]  miscellaneous_3.webp
[21:55:21] [INFO]          img 4: [downloaded]  miscellaneous_4.webp
[21:55:21] [INFO]          img 5: [downloaded]  miscellaneous_5.webp
[21:55:21] [INFO]          img 6: [downloaded]  miscellaneous_6.webp
[21:55:21] [INFO]          img 7: [downloaded]  miscellaneous_7.webp
[21:55:21] [INFO]          img 8: [downloaded]  miscellaneous_8.webp
[21:55:21] [INFO]          img 9: [downloaded]  miscellaneous_9.webp
[21:55:21] [INFO]          img 10: [downloaded]  miscellaneous_10.webp
[21:55:21] [INFO]          img 11: [downloaded]  miscellaneous_11.webp
[21:55:21] [INFO]          img 12: [downloaded]  miscellaneous_12.webp
[21:55:21] [INFO]          img 13: [downloaded]  miscellaneous_13.webp
[21:55:21] [INFO]          img 14: [downloaded]  miscellaneous_14.webp
[21:55:21] [INFO]          img 15: [downloaded]  miscellaneous_15.webp
[21:55:21] [INFO]          img 16: [downloaded]  miscellaneous_16.webp
[21:55:22] [INFO]   [ 119/278]  Anti-Dote  (12 image(s))
[21:55:22] [INFO]          img 1: [downloaded]  anti_dote_1.webp
[21:55:22] [INFO]          img 2: [downloaded]  anti_dote_2.webp
[21:55:22] [INFO]          img 3: [downloaded]  anti_dote_3.webp
[21:55:22] [INFO]          img 4: [downloaded]  anti_dote_4.webp
[21:55:22] [INFO]          img 5: [downloaded]  anti_dote_5.webp
[21:55:22] [INFO]          img 6: [downloaded]  anti_dote_6.webp
[21:55:22] [INFO]          img 7: [downloaded]  anti_dote_7.webp
[21:55:22] [INFO]          img 8: [downloaded]  anti_dote_8.webp
[21:55:22] [INFO]          img 9: [downloaded]  anti_dote_9.webp
[21:55:22] [INFO]          img 10: [downloaded]  anti_dote_10.webp
[21:55:22] [INFO]          img 11: [downloaded]  anti_dote_11.webp
[21:55:22] [INFO]          img 12: [downloaded]  anti_dote_12.webp
[21:55:22] [INFO]   [ 120/278]  Anaemia  (13 image(s))
[21:55:22] [INFO]          img 1: [downloaded]  anaemia_1.webp
[21:55:23] [INFO]          img 2: [downloaded]  anaemia_2.webp
[21:55:23] [INFO]          img 3: [downloaded]  anaemia_3.webp
[21:55:23] [INFO]          img 4: [downloaded]  anaemia_4.webp
[21:55:23] [INFO]          img 5: [downloaded]  anaemia_5.webp
[21:55:23] [INFO]          img 6: [downloaded]  anaemia_6.webp
[21:55:23] [INFO]          img 7: [downloaded]  anaemia_7.webp
[21:55:23] [INFO]          img 8: [downloaded]  anaemia_8.webp
[21:55:23] [INFO]          img 9: [downloaded]  anaemia_9.webp
[21:55:23] [INFO]          img 10: [downloaded]  anaemia_10.webp
[21:55:23] [INFO]          img 11: [downloaded]  anaemia_11.webp
[21:55:23] [INFO]          img 12: [downloaded]  anaemia_12.webp
[21:55:23] [INFO]          img 13: [downloaded]  anaemia_13.webp
[21:55:23] [INFO]   [ 121/278]  Infections  (24 image(s))
[21:55:23] [INFO]          img 1: [downloaded]  infections_1.webp
[21:55:23] [INFO]          img 2: [downloaded]  infections_2.webp
[21:55:23] [INFO]          img 3: [downloaded]  infections_3.webp
[21:55:23] [INFO]          img 4: [downloaded]  infections_4.webp
[21:55:24] [INFO]          img 5: [downloaded]  infections_5.webp
[21:55:24] [INFO]          img 6: [downloaded]  infections_6.webp
[21:55:24] [INFO]          img 7: [downloaded]  infections_7.webp
[21:55:24] [INFO]          img 8: [downloaded]  infections_8.webp
[21:55:24] [INFO]          img 9: [downloaded]  infections_9.webp
[21:55:24] [INFO]          img 10: [downloaded]  infections_10.webp
[21:55:24] [INFO]          img 11: [downloaded]  infections_11.webp
[21:55:24] [INFO]          img 12: [downloaded]  infections_12.webp
[21:55:24] [INFO]          img 13: [downloaded]  infections_13.webp
[21:55:24] [INFO]          img 14: [downloaded]  infections_14.webp
[21:55:24] [INFO]          img 15: [downloaded]  infections_15.webp
[21:55:24] [INFO]          img 16: [downloaded]  infections_16.webp
[21:55:25] [INFO]          img 17: [downloaded]  infections_17.webp
[21:55:25] [INFO]          img 18: [downloaded]  infections_18.webp
[21:55:25] [INFO]          img 19: [downloaded]  infections_19.webp
[21:55:25] [INFO]          img 20: [downloaded]  infections_20.webp
[21:55:25] [INFO]          img 21: [downloaded]  infections_21.webp
[21:55:25] [INFO]          img 22: [downloaded]  infections_22.webp
[21:55:25] [INFO]          img 23: [downloaded]  infections_23.webp
[21:55:25] [INFO]          img 24: [downloaded]  infections_24.webp
[21:55:25] [INFO]   [ 122/278]  Anthelmintics,  (18 image(s))
[21:55:25] [INFO]          img 1: [skip (exists)]  anthelmintics_1.webp
[21:55:25] [INFO]          img 2: [skip (exists)]  anthelmintics_2.webp
[21:55:25] [INFO]          img 3: [skip (exists)]  anthelmintics_3.webp
[21:55:25] [INFO]          img 4: [skip (exists)]  anthelmintics_4.webp
[21:55:25] [INFO]          img 5: [skip (exists)]  anthelmintics_5.webp
[21:55:25] [INFO]          img 6: [skip (exists)]  anthelmintics_6.webp
[21:55:25] [INFO]          img 7: [skip (exists)]  anthelmintics_7.webp
[21:55:25] [INFO]          img 8: [skip (exists)]  anthelmintics_8.webp
[21:55:25] [INFO]          img 9: [skip (exists)]  anthelmintics_9.webp
[21:55:25] [INFO]          img 10: [skip (exists)]  anthelmintics_10.webp
[21:55:25] [INFO]          img 11: [skip (exists)]  anthelmintics_11.webp
[21:55:25] [INFO]          img 12: [skip (exists)]  anthelmintics_12.webp
[21:55:25] [INFO]          img 13: [skip (exists)]  anthelmintics_13.webp
[21:55:25] [INFO]          img 14: [skip (exists)]  anthelmintics_14.webp
[21:55:25] [INFO]          img 15: [skip (exists)]  anthelmintics_15.webp
[21:55:25] [INFO]          img 16: [skip (exists)]  anthelmintics_16.webp
[21:55:25] [INFO]          img 17: [skip (exists)]  anthelmintics_17.webp
[21:55:25] [INFO]          img 18: [skip (exists)]  anthelmintics_18.webp
[21:55:25] [INFO]   [ 123/278]  Anti- Fungals  (23 image(s))
[21:55:25] [INFO]          img 1: [skip (exists)]  anti_fungals_1.webp
[21:55:25] [INFO]          img 2: [skip (exists)]  anti_fungals_2.webp
[21:55:25] [INFO]          img 3: [skip (exists)]  anti_fungals_3.webp
[21:55:25] [INFO]          img 4: [skip (exists)]  anti_fungals_4.webp
[21:55:25] [INFO]          img 5: [skip (exists)]  anti_fungals_5.webp
[21:55:25] [INFO]          img 6: [skip (exists)]  anti_fungals_6.webp
[21:55:25] [INFO]          img 7: [skip (exists)]  anti_fungals_7.webp
[21:55:25] [INFO]          img 8: [skip (exists)]  anti_fungals_8.webp
[21:55:25] [INFO]          img 9: [skip (exists)]  anti_fungals_9.webp
[21:55:25] [INFO]          img 10: [skip (exists)]  anti_fungals_10.webp
[21:55:25] [INFO]          img 11: [skip (exists)]  anti_fungals_11.webp
[21:55:25] [INFO]          img 12: [skip (exists)]  anti_fungals_12.webp
[21:55:25] [INFO]          img 13: [skip (exists)]  anti_fungals_13.webp
[21:55:25] [INFO]          img 14: [skip (exists)]  anti_fungals_14.webp
[21:55:25] [INFO]          img 15: [skip (exists)]  anti_fungals_15.webp
[21:55:25] [INFO]          img 16: [skip (exists)]  anti_fungals_16.webp
[21:55:25] [INFO]          img 17: [skip (exists)]  anti_fungals_17.webp
[21:55:25] [INFO]          img 18: [skip (exists)]  anti_fungals_18.webp
[21:55:25] [INFO]          img 19: [skip (exists)]  anti_fungals_19.webp
[21:55:25] [INFO]          img 20: [skip (exists)]  anti_fungals_20.webp
[21:55:25] [INFO]          img 21: [skip (exists)]  anti_fungals_21.webp
[21:55:25] [INFO]          img 22: [skip (exists)]  anti_fungals_22.webp
[21:55:25] [INFO]          img 23: [skip (exists)]  anti_fungals_23.webp
[21:55:25] [INFO]   [ 124/278]  Immunomodulator.  (5 image(s))
[21:55:25] [INFO]          img 1: [downloaded]  immunomodulator_1.webp
[21:55:25] [INFO]          img 2: [downloaded]  immunomodulator_2.webp
[21:55:25] [INFO]          img 3: [downloaded]  immunomodulator_3.webp
[21:55:25] [INFO]          img 4: [downloaded]  immunomodulator_4.webp
[21:55:25] [INFO]          img 5: [downloaded]  immunomodulator_5.webp
[21:55:25] [INFO]   [ 125/278]  Anti- Biotics  (24 image(s))
[21:55:25] [INFO]          img 1: [skip (exists)]  anti_biotics_1.webp
[21:55:25] [INFO]          img 2: [skip (exists)]  anti_biotics_2.webp
[21:55:25] [INFO]          img 3: [skip (exists)]  anti_biotics_3.webp
[21:55:25] [INFO]          img 4: [skip (exists)]  anti_biotics_4.webp
[21:55:25] [INFO]          img 5: [skip (exists)]  anti_biotics_5.webp
[21:55:25] [INFO]          img 6: [skip (exists)]  anti_biotics_6.webp
[21:55:25] [INFO]          img 7: [skip (exists)]  anti_biotics_7.webp
[21:55:25] [INFO]          img 8: [skip (exists)]  anti_biotics_8.webp
[21:55:25] [INFO]          img 9: [skip (exists)]  anti_biotics_9.webp
[21:55:25] [INFO]          img 10: [skip (exists)]  anti_biotics_10.webp
[21:55:25] [INFO]          img 11: [skip (exists)]  anti_biotics_11.webp
[21:55:25] [INFO]          img 12: [skip (exists)]  anti_biotics_12.webp
[21:55:25] [INFO]          img 13: [skip (exists)]  anti_biotics_13.webp
[21:55:25] [INFO]          img 14: [skip (exists)]  anti_biotics_14.webp
[21:55:25] [INFO]          img 15: [skip (exists)]  anti_biotics_15.webp
[21:55:25] [INFO]          img 16: [skip (exists)]  anti_biotics_16.webp
[21:55:25] [INFO]          img 17: [skip (exists)]  anti_biotics_17.webp
[21:55:25] [INFO]          img 18: [skip (exists)]  anti_biotics_18.webp
[21:55:25] [INFO]          img 19: [skip (exists)]  anti_biotics_19.webp
[21:55:25] [INFO]          img 20: [downloaded]  anti_biotics_20.webp
[21:55:25] [INFO]          img 21: [downloaded]  anti_biotics_21.webp
[21:55:25] [INFO]          img 22: [downloaded]  anti_biotics_22.webp
[21:55:26] [INFO]          img 23: [downloaded]  anti_biotics_23.webp
[21:55:26] [INFO]          img 24: [downloaded]  anti_biotics_24.webp
[21:55:26] [INFO]   [ 126/278]  Anti- Virals  (21 image(s))
[21:55:26] [INFO]          img 1: [skip (exists)]  anti_virals_1.webp
[21:55:26] [INFO]          img 2: [skip (exists)]  anti_virals_2.webp
[21:55:26] [INFO]          img 3: [skip (exists)]  anti_virals_3.webp
[21:55:26] [INFO]          img 4: [downloaded]  anti_virals_4.webp
[21:55:26] [INFO]          img 5: [downloaded]  anti_virals_5.webp
[21:55:26] [INFO]          img 6: [downloaded]  anti_virals_6.webp
[21:55:26] [INFO]          img 7: [downloaded]  anti_virals_7.webp
[21:55:26] [INFO]          img 8: [downloaded]  anti_virals_8.webp
[21:55:26] [INFO]          img 9: [downloaded]  anti_virals_9.webp
[21:55:26] [INFO]          img 10: [downloaded]  anti_virals_10.webp
[21:55:26] [INFO]          img 11: [downloaded]  anti_virals_11.webp
[21:55:26] [INFO]          img 12: [downloaded]  anti_virals_12.webp
[21:55:26] [INFO]          img 13: [downloaded]  anti_virals_13.webp
[21:55:26] [INFO]          img 14: [downloaded]  anti_virals_14.webp
[21:55:26] [INFO]          img 15: [downloaded]  anti_virals_15.webp
[21:55:26] [INFO]          img 16: [downloaded]  anti_virals_16.webp
[21:55:26] [INFO]          img 17: [downloaded]  anti_virals_17.webp
[21:55:27] [INFO]          img 18: [downloaded]  anti_virals_18.webp
[21:55:27] [INFO]          img 19: [downloaded]  anti_virals_19.webp
[21:55:27] [INFO]          img 20: [downloaded]  anti_virals_20.webp
[21:55:27] [INFO]          img 21: [downloaded]  anti_virals_21.webp
[21:55:27] [INFO]   [ 127/278]  Anti- Acne  (12 image(s))
[21:55:27] [INFO]          img 1: [downloaded]  anti_acne_1.webp
[21:55:27] [INFO]          img 2: [skip (exists)]  anti_acne_2.webp
[21:55:27] [INFO]          img 3: [skip (exists)]  anti_acne_3.webp
[21:55:27] [INFO]          img 4: [skip (exists)]  anti_acne_4.webp
[21:55:27] [INFO]          img 5: [skip (exists)]  anti_acne_5.webp
[21:55:27] [INFO]          img 6: [skip (exists)]  anti_acne_6.webp
[21:55:27] [INFO]          img 7: [skip (exists)]  anti_acne_7.webp
[21:55:27] [INFO]          img 8: [skip (exists)]  anti_acne_8.webp
[21:55:27] [INFO]          img 9: [skip (exists)]  anti_acne_9.webp
[21:55:27] [INFO]          img 10: [skip (exists)]  anti_acne_10.webp
[21:55:27] [INFO]          img 11: [skip (exists)]  anti_acne_11.webp
[21:55:27] [INFO]          img 12: [skip (exists)]  anti_acne_12.webp
[21:55:27] [INFO]   [ 128/278]  Vaccines  (4 image(s))
[21:55:27] [INFO]          img 1: [downloaded]  vaccines_1.webp
[21:55:27] [INFO]          img 2: [downloaded]  vaccines_2.webp
[21:55:27] [INFO]          img 3: [downloaded]  vaccines_3.webp
[21:55:27] [INFO]          img 4: [downloaded]  vaccines_4.webp
[21:55:27] [INFO]   [ 129/278]  Weight Control & Fitness  (22 image(s))
[21:55:27] [INFO]          img 1: [downloaded]  weight_control_fitness_1.webp
[21:55:27] [INFO]          img 2: [downloaded]  weight_control_fitness_2.webp
[21:55:27] [INFO]          img 3: [downloaded]  weight_control_fitness_3.webp
[21:55:27] [INFO]          img 4: [downloaded]  weight_control_fitness_4.webp
[21:55:28] [INFO]          img 5: [downloaded]  weight_control_fitness_5.webp
[21:55:28] [INFO]          img 6: [downloaded]  weight_control_fitness_6.webp
[21:55:28] [INFO]          img 7: [downloaded]  weight_control_fitness_7.webp
[21:55:28] [INFO]          img 8: [downloaded]  weight_control_fitness_8.webp
[21:55:28] [INFO]          img 9: [downloaded]  weight_control_fitness_9.webp
[21:55:28] [INFO]          img 10: [downloaded]  weight_control_fitness_10.webp
[21:55:28] [INFO]          img 11: [downloaded]  weight_control_fitness_11.webp
[21:55:28] [INFO]          img 12: [downloaded]  weight_control_fitness_12.webp
[21:55:28] [INFO]          img 13: [downloaded]  weight_control_fitness_13.webp
[21:55:28] [INFO]          img 14: [downloaded]  weight_control_fitness_14.webp
[21:55:28] [INFO]          img 15: [downloaded]  weight_control_fitness_15.webp
[21:55:29] [INFO]          img 16: [downloaded]  weight_control_fitness_16.webp
[21:55:29] [INFO]          img 17: [downloaded]  weight_control_fitness_17.webp
[21:55:29] [INFO]          img 18: [downloaded]  weight_control_fitness_18.webp
[21:55:29] [INFO]          img 19: [downloaded]  weight_control_fitness_19.webp
[21:55:29] [INFO]          img 20: [downloaded]  weight_control_fitness_20.webp
[21:55:29] [INFO]          img 21: [downloaded]  weight_control_fitness_21.webp
[21:55:29] [INFO]          img 22: [downloaded]  weight_control_fitness_22.webp
[21:55:29] [INFO]   [ 130/278]  Appetite Control & Fat Burn  (18 image(s))
[21:55:29] [INFO]          img 1: [downloaded]  appetite_control_fat_burn_1.webp
[21:55:29] [INFO]          img 2: [downloaded]  appetite_control_fat_burn_2.webp
[21:55:29] [INFO]          img 3: [downloaded]  appetite_control_fat_burn_3.webp
[21:55:29] [INFO]          img 4: [downloaded]  appetite_control_fat_burn_4.webp
[21:55:29] [INFO]          img 5: [downloaded]  appetite_control_fat_burn_5.webp
[21:55:29] [INFO]          img 6: [downloaded]  appetite_control_fat_burn_6.webp
[21:55:30] [INFO]          img 7: [downloaded]  appetite_control_fat_burn_7.webp
[21:55:30] [INFO]          img 8: [downloaded]  appetite_control_fat_burn_8.webp
[21:55:30] [INFO]          img 9: [downloaded]  appetite_control_fat_burn_9.webp
[21:55:30] [INFO]          img 10: [downloaded]  appetite_control_fat_burn_10.webp
[21:55:30] [INFO]          img 11: [downloaded]  appetite_control_fat_burn_11.webp
[21:55:30] [INFO]          img 12: [downloaded]  appetite_control_fat_burn_12.webp
[21:55:30] [INFO]          img 13: [downloaded]  appetite_control_fat_burn_13.webp
[21:55:30] [INFO]          img 14: [downloaded]  appetite_control_fat_burn_14.webp
[21:55:30] [INFO]          img 15: [downloaded]  appetite_control_fat_burn_15.webp
[21:55:30] [INFO]          img 16: [downloaded]  appetite_control_fat_burn_16.webp
[21:55:30] [INFO]          img 17: [downloaded]  appetite_control_fat_burn_17.webp
[21:55:30] [INFO]          img 18: [downloaded]  appetite_control_fat_burn_18.webp
[21:55:30] [INFO]   [ 131/278]  Anabolic  (24 image(s))
[21:55:30] [INFO]          img 1: [downloaded]  anabolic_1.webp
[21:55:30] [INFO]          img 2: [downloaded]  anabolic_2.webp
[21:55:31] [INFO]          img 3: [downloaded]  anabolic_3.webp
[21:55:31] [INFO]          img 4: [downloaded]  anabolic_4.webp
[21:55:31] [INFO]          img 5: [downloaded]  anabolic_5.webp
[21:55:31] [INFO]          img 6: [downloaded]  anabolic_6.webp
[21:55:31] [INFO]          img 7: [downloaded]  anabolic_7.webp
[21:55:31] [INFO]          img 8: [downloaded]  anabolic_8.webp
[21:55:31] [INFO]          img 9: [downloaded]  anabolic_9.webp
[21:55:31] [INFO]          img 10: [downloaded]  anabolic_10.webp
[21:55:31] [INFO]          img 11: [downloaded]  anabolic_11.webp
[21:55:31] [INFO]          img 12: [downloaded]  anabolic_12.webp
[21:55:31] [INFO]          img 13: [downloaded]  anabolic_13.webp
[21:55:31] [INFO]          img 14: [downloaded]  anabolic_14.webp
[21:55:31] [INFO]          img 15: [downloaded]  anabolic_15.webp
[21:55:31] [INFO]          img 16: [downloaded]  anabolic_16.webp
[21:55:32] [INFO]          img 17: [downloaded]  anabolic_17.webp
[21:55:32] [INFO]          img 18: [downloaded]  anabolic_18.webp
[21:55:32] [INFO]          img 19: [downloaded]  anabolic_19.webp
[21:55:32] [INFO]          img 20: [downloaded]  anabolic_20.webp
[21:55:32] [INFO]          img 21: [downloaded]  anabolic_21.webp
[21:55:32] [INFO]          img 22: [downloaded]  anabolic_22.webp
[21:55:32] [INFO]          img 23: [downloaded]  anabolic_23.webp
[21:55:32] [INFO]          img 24: [downloaded]  anabolic_24.webp
[21:55:32] [INFO]   [ 132/278]  Sugar Substitutes  (22 image(s))
[21:55:32] [INFO]          img 1: [downloaded]  sugar_substitutes_1.webp
[21:55:32] [INFO]          img 2: [downloaded]  sugar_substitutes_2.webp
[21:55:32] [INFO]          img 3: [downloaded]  sugar_substitutes_3.webp
[21:55:32] [INFO]          img 4: [downloaded]  sugar_substitutes_4.webp
[21:55:32] [INFO]          img 5: [downloaded]  sugar_substitutes_5.webp
[21:55:33] [INFO]          img 6: [downloaded]  sugar_substitutes_6.webp
[21:55:33] [INFO]          img 7: [downloaded]  sugar_substitutes_7.webp
[21:55:33] [INFO]          img 8: [downloaded]  sugar_substitutes_8.webp
[21:55:33] [INFO]          img 9: [downloaded]  sugar_substitutes_9.webp
[21:55:33] [INFO]          img 10: [downloaded]  sugar_substitutes_10.webp
[21:55:33] [INFO]          img 11: [downloaded]  sugar_substitutes_11.webp
[21:55:33] [INFO]          img 12: [downloaded]  sugar_substitutes_12.webp
[21:55:33] [INFO]          img 13: [downloaded]  sugar_substitutes_13.webp
[21:55:33] [INFO]          img 14: [downloaded]  sugar_substitutes_14.webp
[21:55:33] [INFO]          img 15: [downloaded]  sugar_substitutes_15.webp
[21:55:33] [INFO]          img 16: [downloaded]  sugar_substitutes_16.webp
[21:55:33] [INFO]          img 17: [downloaded]  sugar_substitutes_17.webp
[21:55:33] [INFO]          img 18: [downloaded]  sugar_substitutes_18.webp
[21:55:34] [INFO]          img 19: [downloaded]  sugar_substitutes_19.webp
[21:55:34] [INFO]          img 20: [downloaded]  sugar_substitutes_20.webp
[21:55:34] [INFO]          img 21: [downloaded]  sugar_substitutes_21.webp
[21:55:34] [INFO]          img 22: [downloaded]  sugar_substitutes_22.webp
[21:55:34] [INFO]   [ 133/278]  Musculo-Skeletal System  (17 image(s))
[21:55:34] [INFO]          img 1: [downloaded]  musculo_skeletal_system_1.webp
[21:55:34] [INFO]          img 2: [downloaded]  musculo_skeletal_system_2.webp
[21:55:34] [INFO]          img 3: [downloaded]  musculo_skeletal_system_3.webp
[21:55:34] [INFO]          img 4: [downloaded]  musculo_skeletal_system_4.webp
[21:55:34] [INFO]          img 5: [downloaded]  musculo_skeletal_system_5.webp
[21:55:34] [INFO]          img 6: [downloaded]  musculo_skeletal_system_6.webp
[21:55:34] [INFO]          img 7: [downloaded]  musculo_skeletal_system_7.webp
[21:55:35] [INFO]          img 8: [downloaded]  musculo_skeletal_system_8.webp
[21:55:35] [INFO]          img 9: [downloaded]  musculo_skeletal_system_9.webp
[21:55:35] [INFO]          img 10: [downloaded]  musculo_skeletal_system_10.webp
[21:55:35] [INFO]          img 11: [downloaded]  musculo_skeletal_system_11.webp
[21:55:35] [INFO]          img 12: [downloaded]  musculo_skeletal_system_12.webp
[21:55:35] [INFO]          img 13: [downloaded]  musculo_skeletal_system_13.webp
[21:55:35] [INFO]          img 14: [downloaded]  musculo_skeletal_system_14.webp
[21:55:35] [INFO]          img 15: [downloaded]  musculo_skeletal_system_15.webp
[21:55:35] [INFO]          img 16: [downloaded]  musculo_skeletal_system_16.webp
[21:55:36] [INFO]          img 17: [downloaded]  musculo_skeletal_system_17.webp
[21:55:36] [INFO]   [ 134/278]  Mytonics  (1 image(s))
[21:55:36] [INFO]          img 1: [downloaded]  mytonics_1.webp
[21:55:36] [INFO]   [ 135/278]  Gout Treatment  (15 image(s))
[21:55:36] [INFO]          img 1: [downloaded]  gout_treatment_1.webp
[21:55:36] [INFO]          img 2: [downloaded]  gout_treatment_2.webp
[21:55:36] [INFO]          img 3: [downloaded]  gout_treatment_3.webp
[21:55:36] [INFO]          img 4: [downloaded]  gout_treatment_4.webp
[21:55:36] [INFO]          img 5: [downloaded]  gout_treatment_5.webp
[21:55:36] [INFO]          img 6: [downloaded]  gout_treatment_6.webp
[21:55:36] [INFO]          img 7: [downloaded]  gout_treatment_7.webp
[21:55:36] [INFO]          img 8: [downloaded]  gout_treatment_8.webp
[21:55:36] [INFO]          img 9: [downloaded]  gout_treatment_9.webp
[21:55:36] [INFO]          img 10: [downloaded]  gout_treatment_10.webp
[21:55:36] [INFO]          img 11: [downloaded]  gout_treatment_11.webp
[21:55:36] [INFO]          img 12: [downloaded]  gout_treatment_12.webp
[21:55:37] [INFO]          img 13: [downloaded]  gout_treatment_13.webp
[21:55:37] [INFO]          img 14: [downloaded]  gout_treatment_14.webp
[21:55:37] [INFO]          img 15: [downloaded]  gout_treatment_15.webp
[21:55:37] [INFO]   [ 136/278]  Analgesic/A. Rheumatic  (17 image(s))
[21:55:37] [INFO]          img 1: [downloaded]  analgesica_rheumatic_1.webp
[21:55:37] [INFO]          img 2: [downloaded]  analgesica_rheumatic_2.webp
[21:55:37] [INFO]          img 3: [downloaded]  analgesica_rheumatic_3.webp
[21:55:37] [INFO]          img 4: [downloaded]  analgesica_rheumatic_4.webp
[21:55:37] [INFO]          img 5: [downloaded]  analgesica_rheumatic_5.webp
[21:55:37] [INFO]          img 6: [downloaded]  analgesica_rheumatic_6.webp
[21:55:37] [INFO]          img 7: [downloaded]  analgesica_rheumatic_7.webp
[21:55:37] [INFO]          img 8: [downloaded]  analgesica_rheumatic_8.webp
[21:55:37] [INFO]          img 9: [downloaded]  analgesica_rheumatic_9.webp
[21:55:37] [INFO]          img 10: [downloaded]  analgesica_rheumatic_10.webp
[21:55:38] [INFO]          img 11: [downloaded]  analgesica_rheumatic_11.webp
[21:55:38] [INFO]          img 12: [downloaded]  analgesica_rheumatic_12.webp
[21:55:38] [INFO]          img 13: [downloaded]  analgesica_rheumatic_13.webp
[21:55:38] [INFO]          img 14: [downloaded]  analgesica_rheumatic_14.webp
[21:55:38] [INFO]          img 15: [downloaded]  analgesica_rheumatic_15.webp
[21:55:38] [INFO]          img 16: [downloaded]  analgesica_rheumatic_16.webp
[21:55:38] [INFO]          img 17: [downloaded]  analgesica_rheumatic_17.webp
[21:55:38] [INFO]   [ 137/278]  Skeletal Muscle Relaxant  (16 image(s))
[21:55:38] [INFO]          img 1: [downloaded]  skeletal_muscle_relaxant_1.webp
[21:55:38] [INFO]          img 2: [downloaded]  skeletal_muscle_relaxant_2.webp
[21:55:38] [INFO]          img 3: [downloaded]  skeletal_muscle_relaxant_3.webp
[21:55:38] [INFO]          img 4: [downloaded]  skeletal_muscle_relaxant_4.webp
[21:55:38] [INFO]          img 5: [downloaded]  skeletal_muscle_relaxant_5.webp
[21:55:38] [INFO]          img 6: [downloaded]  skeletal_muscle_relaxant_6.webp
[21:55:38] [INFO]          img 7: [downloaded]  skeletal_muscle_relaxant_7.webp
[21:55:38] [INFO]          img 8: [downloaded]  skeletal_muscle_relaxant_8.webp
[21:55:39] [INFO]          img 9: [downloaded]  skeletal_muscle_relaxant_9.webp
[21:55:39] [INFO]          img 10: [downloaded]  skeletal_muscle_relaxant_10.webp
[21:55:39] [INFO]          img 11: [downloaded]  skeletal_muscle_relaxant_11.webp
[21:55:39] [INFO]          img 12: [downloaded]  skeletal_muscle_relaxant_12.webp
[21:55:39] [INFO]          img 13: [downloaded]  skeletal_muscle_relaxant_13.webp
[21:55:39] [INFO]          img 14: [downloaded]  skeletal_muscle_relaxant_14.webp
[21:55:39] [INFO]          img 15: [downloaded]  skeletal_muscle_relaxant_15.webp
[21:55:39] [INFO]          img 16: [downloaded]  skeletal_muscle_relaxant_16.webp
[21:55:39] [INFO]   [ 138/278]  Osteoporosis/Arthritis Manag  (16 image(s))
[21:55:39] [INFO]          img 1: [downloaded]  osteoporosisarthritis_manag_1.webp
[21:55:39] [INFO]          img 2: [downloaded]  osteoporosisarthritis_manag_2.webp
[21:55:39] [INFO]          img 3: [downloaded]  osteoporosisarthritis_manag_3.webp
[21:55:39] [INFO]          img 4: [downloaded]  osteoporosisarthritis_manag_4.webp
[21:55:39] [INFO]          img 5: [downloaded]  osteoporosisarthritis_manag_5.webp
[21:55:40] [INFO]          img 6: [downloaded]  osteoporosisarthritis_manag_6.webp
[21:55:40] [INFO]          img 7: [downloaded]  osteoporosisarthritis_manag_7.webp
[21:55:40] [INFO]          img 8: [downloaded]  osteoporosisarthritis_manag_8.webp
[21:55:40] [INFO]          img 9: [downloaded]  osteoporosisarthritis_manag_9.webp
[21:55:40] [INFO]          img 10: [downloaded]  osteoporosisarthritis_manag_10.webp
[21:55:40] [INFO]          img 11: [downloaded]  osteoporosisarthritis_manag_11.webp
[21:55:40] [INFO]          img 12: [downloaded]  osteoporosisarthritis_manag_12.webp
[21:55:40] [INFO]          img 13: [downloaded]  osteoporosisarthritis_manag_13.webp
[21:55:40] [INFO]          img 14: [downloaded]  osteoporosisarthritis_manag_14.webp
[21:55:41] [INFO]          img 15: [downloaded]  osteoporosisarthritis_manag_15.webp
[21:55:41] [INFO]          img 16: [downloaded]  osteoporosisarthritis_manag_16.webp
[21:55:41] [INFO]   [ 139/278]  Other Anti-Rheumatics  (14 image(s))
[21:55:41] [INFO]          img 1: [downloaded]  other_anti_rheumatics_1.webp
[21:55:41] [INFO]          img 2: [downloaded]  other_anti_rheumatics_2.webp
[21:55:41] [INFO]          img 3: [downloaded]  other_anti_rheumatics_3.webp
[21:55:41] [INFO]          img 4: [downloaded]  other_anti_rheumatics_4.webp
[21:55:41] [INFO]          img 5: [downloaded]  other_anti_rheumatics_5.webp
[21:55:41] [INFO]          img 6: [downloaded]  other_anti_rheumatics_6.webp
[21:55:41] [INFO]          img 7: [downloaded]  other_anti_rheumatics_7.webp
[21:55:41] [INFO]          img 8: [downloaded]  other_anti_rheumatics_8.webp
[21:55:41] [INFO]          img 9: [downloaded]  other_anti_rheumatics_9.webp
[21:55:41] [INFO]          img 10: [downloaded]  other_anti_rheumatics_10.webp
[21:55:41] [INFO]          img 11: [downloaded]  other_anti_rheumatics_11.webp
[21:55:41] [INFO]          img 12: [downloaded]  other_anti_rheumatics_12.webp
[21:55:41] [INFO]          img 13: [downloaded]  other_anti_rheumatics_13.webp
[21:55:41] [INFO]          img 14: [downloaded]  other_anti_rheumatics_14.webp
[21:55:41] [INFO]   [ 140/278]  Respiratory System  (23 image(s))
[21:55:42] [INFO]          img 1: [downloaded]  respiratory_system_1.webp
[21:55:42] [INFO]          img 2: [downloaded]  respiratory_system_2.webp
[21:55:42] [INFO]          img 3: [downloaded]  respiratory_system_3.webp
[21:55:42] [INFO]          img 4: [downloaded]  respiratory_system_4.webp
[21:55:42] [INFO]          img 5: [downloaded]  respiratory_system_5.webp
[21:55:42] [INFO]          img 6: [downloaded]  respiratory_system_6.webp
[21:55:42] [INFO]          img 7: [downloaded]  respiratory_system_7.webp
[21:55:42] [INFO]          img 8: [downloaded]  respiratory_system_8.webp
[21:55:42] [INFO]          img 9: [downloaded]  respiratory_system_9.webp
[21:55:42] [INFO]          img 10: [downloaded]  respiratory_system_10.webp
[21:55:42] [INFO]          img 11: [downloaded]  respiratory_system_11.webp
[21:55:42] [INFO]          img 12: [downloaded]  respiratory_system_12.webp
[21:55:42] [INFO]          img 13: [downloaded]  respiratory_system_13.webp
[21:55:43] [INFO]          img 14: [downloaded]  respiratory_system_14.webp
[21:55:43] [INFO]          img 15: [downloaded]  respiratory_system_15.webp
[21:55:43] [INFO]          img 16: [downloaded]  respiratory_system_16.webp
[21:55:43] [INFO]          img 17: [downloaded]  respiratory_system_17.webp
[21:55:43] [INFO]          img 18: [downloaded]  respiratory_system_18.webp
[21:55:43] [INFO]          img 19: [downloaded]  respiratory_system_19.webp
[21:55:43] [INFO]          img 20: [downloaded]  respiratory_system_20.webp
[21:55:43] [INFO]          img 21: [downloaded]  respiratory_system_21.webp
[21:55:43] [INFO]          img 22: [downloaded]  respiratory_system_22.webp
[21:55:43] [INFO]          img 23: [downloaded]  respiratory_system_23.webp
[21:55:43] [INFO]   [ 141/278]  Cough Expectorant & Sedative  (18 image(s))
[21:55:43] [INFO]          img 1: [downloaded]  cough_expectorant_sedative_1.webp
[21:55:43] [INFO]          img 2: [downloaded]  cough_expectorant_sedative_2.webp
[21:55:43] [INFO]          img 3: [downloaded]  cough_expectorant_sedative_3.webp
[21:55:43] [INFO]          img 4: [downloaded]  cough_expectorant_sedative_4.webp
[21:55:43] [INFO]          img 5: [downloaded]  cough_expectorant_sedative_5.webp
[21:55:44] [INFO]          img 6: [downloaded]  cough_expectorant_sedative_6.webp
[21:55:44] [INFO]          img 7: [downloaded]  cough_expectorant_sedative_7.webp
[21:55:44] [INFO]          img 8: [downloaded]  cough_expectorant_sedative_8.webp
[21:55:44] [INFO]          img 9: [downloaded]  cough_expectorant_sedative_9.webp
[21:55:44] [INFO]          img 10: [downloaded]  cough_expectorant_sedative_10.webp
[21:55:44] [INFO]          img 11: [downloaded]  cough_expectorant_sedative_11.webp
[21:55:44] [INFO]          img 12: [downloaded]  cough_expectorant_sedative_12.webp
[21:55:44] [INFO]          img 13: [downloaded]  cough_expectorant_sedative_13.webp
[21:55:44] [INFO]          img 14: [downloaded]  cough_expectorant_sedative_14.webp
[21:55:44] [INFO]          img 15: [downloaded]  cough_expectorant_sedative_15.webp
[21:55:44] [INFO]          img 16: [downloaded]  cough_expectorant_sedative_16.webp
[21:55:44] [INFO]          img 17: [downloaded]  cough_expectorant_sedative_17.webp
[21:55:45] [INFO]          img 18: [downloaded]  cough_expectorant_sedative_18.webp
[21:55:45] [INFO]   [ 142/278]  Bronchodilator  (23 image(s))
[21:55:45] [INFO]          img 1: [downloaded]  bronchodilator_1.webp
[21:55:45] [INFO]          img 2: [downloaded]  bronchodilator_2.webp
[21:55:45] [INFO]          img 3: [downloaded]  bronchodilator_3.webp
[21:55:45] [INFO]          img 4: [downloaded]  bronchodilator_4.webp
[21:55:45] [INFO]          img 5: [downloaded]  bronchodilator_5.webp
[21:55:45] [INFO]          img 6: [downloaded]  bronchodilator_6.webp
[21:55:45] [INFO]          img 7: [downloaded]  bronchodilator_7.webp
[21:55:45] [INFO]          img 8: [downloaded]  bronchodilator_8.webp
[21:55:45] [INFO]          img 9: [downloaded]  bronchodilator_9.webp
[21:55:46] [INFO]          img 10: [downloaded]  bronchodilator_10.webp
[21:55:46] [INFO]          img 11: [downloaded]  bronchodilator_11.webp
[21:55:46] [INFO]          img 12: [downloaded]  bronchodilator_12.webp
[21:55:46] [INFO]          img 13: [downloaded]  bronchodilator_13.webp
[21:55:46] [INFO]          img 14: [downloaded]  bronchodilator_14.webp
[21:55:46] [INFO]          img 15: [downloaded]  bronchodilator_15.webp
[21:55:46] [INFO]          img 16: [downloaded]  bronchodilator_16.webp
[21:55:46] [INFO]          img 17: [downloaded]  bronchodilator_17.webp
[21:55:47] [INFO]          img 18: [downloaded]  bronchodilator_18.webp
[21:55:47] [INFO]          img 19: [downloaded]  bronchodilator_19.webp
[21:55:47] [INFO]          img 20: [downloaded]  bronchodilator_20.webp
[21:55:47] [INFO]          img 21: [downloaded]  bronchodilator_21.webp
[21:55:47] [INFO]          img 22: [downloaded]  bronchodilator_22.webp
[21:55:47] [INFO]          img 23: [downloaded]  bronchodilator_23.webp
[21:55:47] [INFO]   [ 143/278]  Anti-Catarrhals  (23 image(s))
[21:55:47] [INFO]          img 1: [downloaded]  anti_catarrhals_1.webp
[21:55:47] [INFO]          img 2: [downloaded]  anti_catarrhals_2.webp
[21:55:47] [INFO]          img 3: [downloaded]  anti_catarrhals_3.webp
[21:55:47] [INFO]          img 4: [downloaded]  anti_catarrhals_4.webp
[21:55:47] [INFO]          img 5: [downloaded]  anti_catarrhals_5.webp
[21:55:47] [INFO]          img 6: [downloaded]  anti_catarrhals_6.webp
[21:55:47] [INFO]          img 7: [downloaded]  anti_catarrhals_7.webp
[21:55:47] [INFO]          img 8: [downloaded]  anti_catarrhals_8.webp
[21:55:48] [INFO]          img 9: [downloaded]  anti_catarrhals_9.webp
[21:55:48] [INFO]          img 10: [downloaded]  anti_catarrhals_10.webp
[21:55:48] [INFO]          img 11: [downloaded]  anti_catarrhals_11.webp
[21:55:48] [INFO]          img 12: [downloaded]  anti_catarrhals_12.webp
[21:55:48] [INFO]          img 13: [downloaded]  anti_catarrhals_13.webp
[21:55:48] [INFO]          img 14: [downloaded]  anti_catarrhals_14.webp
[21:55:48] [INFO]          img 15: [downloaded]  anti_catarrhals_15.webp
[21:55:48] [INFO]          img 16: [downloaded]  anti_catarrhals_16.webp
[21:55:48] [INFO]          img 17: [downloaded]  anti_catarrhals_17.webp
[21:55:48] [INFO]          img 18: [downloaded]  anti_catarrhals_18.webp
[21:55:48] [INFO]          img 19: [downloaded]  anti_catarrhals_19.webp
[21:55:48] [INFO]          img 20: [downloaded]  anti_catarrhals_20.webp
[21:55:48] [INFO]          img 21: [downloaded]  anti_catarrhals_21.webp
[21:55:48] [INFO]          img 22: [downloaded]  anti_catarrhals_22.webp
[21:55:48] [INFO]          img 23: [downloaded]  anti_catarrhals_23.webp
[21:55:48] [INFO]   [ 144/278]  Anti- Histamines&Anti-Inflam  (22 image(s))
[21:55:48] [INFO]          img 1: [downloaded]  anti_histaminesanti_inflam_1.webp
[21:55:49] [INFO]          img 2: [downloaded]  anti_histaminesanti_inflam_2.webp
[21:55:49] [INFO]          img 3: [downloaded]  anti_histaminesanti_inflam_3.webp
[21:55:49] [INFO]          img 4: [downloaded]  anti_histaminesanti_inflam_4.webp
[21:55:49] [INFO]          img 5: [downloaded]  anti_histaminesanti_inflam_5.webp
[21:55:49] [INFO]          img 6: [downloaded]  anti_histaminesanti_inflam_6.webp
[21:55:50] [INFO]          img 7: [downloaded]  anti_histaminesanti_inflam_7.webp
[21:55:50] [INFO]          img 8: [downloaded]  anti_histaminesanti_inflam_8.webp
[21:55:50] [INFO]          img 9: [downloaded]  anti_histaminesanti_inflam_9.webp
[21:55:50] [INFO]          img 10: [downloaded]  anti_histaminesanti_inflam_10.webp
[21:55:50] [INFO]          img 11: [downloaded]  anti_histaminesanti_inflam_11.webp
[21:55:50] [INFO]          img 12: [downloaded]  anti_histaminesanti_inflam_12.webp
[21:55:50] [INFO]          img 13: [downloaded]  anti_histaminesanti_inflam_13.webp
[21:55:50] [INFO]          img 14: [downloaded]  anti_histaminesanti_inflam_14.webp
[21:55:51] [INFO]          img 15: [downloaded]  anti_histaminesanti_inflam_15.webp
[21:55:51] [INFO]          img 16: [downloaded]  anti_histaminesanti_inflam_16.webp
[21:55:51] [INFO]          img 17: [downloaded]  anti_histaminesanti_inflam_17.webp
[21:55:51] [INFO]          img 18: [downloaded]  anti_histaminesanti_inflam_18.webp
[21:55:51] [INFO]          img 19: [downloaded]  anti_histaminesanti_inflam_19.webp
[21:55:51] [INFO]          img 20: [downloaded]  anti_histaminesanti_inflam_20.webp
[21:55:51] [INFO]          img 21: [downloaded]  anti_histaminesanti_inflam_21.webp
[21:55:51] [INFO]          img 22: [downloaded]  anti_histaminesanti_inflam_22.webp
[21:55:51] [INFO]   [ 145/278]  Nicotine Replacement Therapy  (1 image(s))
[21:55:51] [INFO]          img 1: [downloaded]  nicotine_replacement_therapy_1.webp
[21:55:51] [INFO]   [ 146/278]  Mucolytic / Muco-Regulator  (23 image(s))
[21:55:51] [INFO]          img 1: [downloaded]  mucolytic_muco_regulator_1.webp
[21:55:51] [INFO]          img 2: [downloaded]  mucolytic_muco_regulator_2.webp
[21:55:51] [INFO]          img 3: [downloaded]  mucolytic_muco_regulator_3.webp
[21:55:51] [INFO]          img 4: [downloaded]  mucolytic_muco_regulator_4.webp
[21:55:51] [INFO]          img 5: [downloaded]  mucolytic_muco_regulator_5.webp
[21:55:51] [INFO]          img 6: [downloaded]  mucolytic_muco_regulator_6.webp
[21:55:52] [INFO]          img 7: [downloaded]  mucolytic_muco_regulator_7.webp
[21:55:52] [INFO]          img 8: [downloaded]  mucolytic_muco_regulator_8.webp
[21:55:52] [INFO]          img 9: [downloaded]  mucolytic_muco_regulator_9.webp
[21:55:52] [INFO]          img 10: [downloaded]  mucolytic_muco_regulator_10.webp
[21:55:52] [INFO]          img 11: [downloaded]  mucolytic_muco_regulator_11.webp
[21:55:52] [INFO]          img 12: [downloaded]  mucolytic_muco_regulator_12.webp
[21:55:52] [INFO]          img 13: [downloaded]  mucolytic_muco_regulator_13.webp
[21:55:52] [INFO]          img 14: [downloaded]  mucolytic_muco_regulator_14.webp
[21:55:52] [INFO]          img 15: [downloaded]  mucolytic_muco_regulator_15.webp
[21:55:52] [INFO]          img 16: [downloaded]  mucolytic_muco_regulator_16.webp
[21:55:52] [INFO]          img 17: [downloaded]  mucolytic_muco_regulator_17.webp
[21:55:52] [INFO]          img 18: [downloaded]  mucolytic_muco_regulator_18.webp
[21:55:52] [INFO]          img 19: [downloaded]  mucolytic_muco_regulator_19.webp
[21:55:52] [INFO]          img 20: [downloaded]  mucolytic_muco_regulator_20.webp
[21:55:52] [INFO]          img 21: [downloaded]  mucolytic_muco_regulator_21.webp
[21:55:52] [INFO]          img 22: [downloaded]  mucolytic_muco_regulator_22.webp
[21:55:53] [INFO]          img 23: [downloaded]  mucolytic_muco_regulator_23.webp
[21:55:53] [INFO]   [ 147/278]  Anti-Tussive  (15 image(s))
[21:55:53] [INFO]          img 1: [downloaded]  anti_tussive_1.webp
[21:55:53] [INFO]          img 2: [downloaded]  anti_tussive_2.webp
[21:55:53] [INFO]          img 3: [downloaded]  anti_tussive_3.webp
[21:55:53] [INFO]          img 4: [downloaded]  anti_tussive_4.webp
[21:55:53] [INFO]          img 5: [downloaded]  anti_tussive_5.webp
[21:55:53] [INFO]          img 6: [downloaded]  anti_tussive_6.webp
[21:55:53] [INFO]          img 7: [downloaded]  anti_tussive_7.webp
[21:55:53] [INFO]          img 8: [downloaded]  anti_tussive_8.webp
[21:55:53] [INFO]          img 9: [downloaded]  anti_tussive_9.webp
[21:55:53] [INFO]          img 10: [downloaded]  anti_tussive_10.webp
[21:55:53] [INFO]          img 11: [downloaded]  anti_tussive_11.webp
[21:55:53] [INFO]          img 12: [downloaded]  anti_tussive_12.webp
[21:55:54] [INFO]          img 13: [downloaded]  anti_tussive_13.webp
[21:55:54] [INFO]          img 14: [downloaded]  anti_tussive_14.webp
[21:55:54] [INFO]          img 15: [downloaded]  anti_tussive_15.webp
[21:55:54] [INFO]   [ 148/278]  Gastro-Intestinal Tract  (24 image(s))
[21:55:54] [INFO]          img 1: [downloaded]  gastro_intestinal_tract_1.webp
[21:55:54] [INFO]          img 2: [downloaded]  gastro_intestinal_tract_2.webp
[21:55:54] [INFO]          img 3: [downloaded]  gastro_intestinal_tract_3.webp
[21:55:54] [INFO]          img 4: [downloaded]  gastro_intestinal_tract_4.webp
[21:55:54] [INFO]          img 5: [downloaded]  gastro_intestinal_tract_5.webp
[21:55:54] [INFO]          img 6: [downloaded]  gastro_intestinal_tract_6.webp
[21:55:54] [INFO]          img 7: [downloaded]  gastro_intestinal_tract_7.webp
[21:55:54] [INFO]          img 8: [downloaded]  gastro_intestinal_tract_8.webp
[21:55:54] [INFO]          img 9: [downloaded]  gastro_intestinal_tract_9.webp
[21:55:54] [INFO]          img 10: [downloaded]  gastro_intestinal_tract_10.webp
[21:55:55] [INFO]          img 11: [downloaded]  gastro_intestinal_tract_11.webp
[21:55:55] [INFO]          img 12: [downloaded]  gastro_intestinal_tract_12.webp
[21:55:55] [INFO]          img 13: [downloaded]  gastro_intestinal_tract_13.webp
[21:55:55] [INFO]          img 14: [downloaded]  gastro_intestinal_tract_14.webp
[21:55:55] [INFO]          img 15: [downloaded]  gastro_intestinal_tract_15.webp
[21:55:55] [INFO]          img 16: [downloaded]  gastro_intestinal_tract_16.webp
[21:55:55] [INFO]          img 17: [downloaded]  gastro_intestinal_tract_17.webp
[21:55:55] [INFO]          img 18: [downloaded]  gastro_intestinal_tract_18.webp
[21:55:55] [INFO]          img 19: [downloaded]  gastro_intestinal_tract_19.webp
[21:55:55] [INFO]          img 20: [downloaded]  gastro_intestinal_tract_20.webp
[21:55:55] [INFO]          img 21: [downloaded]  gastro_intestinal_tract_21.webp
[21:55:55] [INFO]          img 22: [downloaded]  gastro_intestinal_tract_22.webp
[21:55:55] [INFO]          img 23: [downloaded]  gastro_intestinal_tract_23.webp
[21:55:56] [INFO]          img 24: [downloaded]  gastro_intestinal_tract_24.webp
[21:55:56] [INFO]   [ 149/278]  Antacids  (22 image(s))
[21:55:56] [INFO]          img 1: [downloaded]  antacids_1.webp
[21:55:56] [INFO]          img 2: [downloaded]  antacids_2.webp
[21:55:56] [INFO]          img 3: [downloaded]  antacids_3.webp
[21:55:56] [INFO]          img 4: [downloaded]  antacids_4.webp
[21:55:56] [INFO]          img 5: [downloaded]  antacids_5.webp
[21:55:56] [INFO]          img 6: [downloaded]  antacids_6.webp
[21:55:56] [INFO]          img 7: [downloaded]  antacids_7.webp
[21:55:56] [INFO]          img 8: [downloaded]  antacids_8.webp
[21:55:56] [INFO]          img 9: [downloaded]  antacids_9.webp
[21:55:56] [INFO]          img 10: [downloaded]  antacids_10.webp
[21:55:57] [INFO]          img 11: [downloaded]  antacids_11.webp
[21:55:57] [INFO]          img 12: [downloaded]  antacids_12.webp
[21:55:57] [INFO]          img 13: [downloaded]  antacids_13.webp
[21:55:57] [INFO]          img 14: [downloaded]  antacids_14.webp
[21:55:57] [INFO]          img 15: [downloaded]  antacids_15.webp
[21:55:57] [INFO]          img 16: [downloaded]  antacids_16.webp
[21:55:57] [INFO]          img 17: [downloaded]  antacids_17.webp
[21:55:57] [INFO]          img 18: [downloaded]  antacids_18.webp
[21:55:57] [INFO]          img 19: [downloaded]  antacids_19.webp
[21:55:57] [INFO]          img 20: [downloaded]  antacids_20.webp
[21:55:57] [INFO]          img 21: [downloaded]  antacids_21.webp
[21:55:57] [INFO]          img 22: [downloaded]  antacids_22.webp
[21:55:57] [INFO]   [ 150/278]  Cathartic/Laxative/Purgative  (23 image(s))
[21:55:57] [INFO]          img 1: [downloaded]  catharticlaxativepurgative_1.webp
[21:55:57] [INFO]          img 2: [downloaded]  catharticlaxativepurgative_2.webp
[21:55:57] [INFO]          img 3: [downloaded]  catharticlaxativepurgative_3.webp
[21:55:58] [INFO]          img 4: [downloaded]  catharticlaxativepurgative_4.webp
[21:55:58] [INFO]          img 5: [downloaded]  catharticlaxativepurgative_5.webp
[21:55:58] [INFO]          img 6: [downloaded]  catharticlaxativepurgative_6.webp
[21:55:58] [INFO]          img 7: [downloaded]  catharticlaxativepurgative_7.webp
[21:55:58] [INFO]          img 8: [downloaded]  catharticlaxativepurgative_8.webp
[21:55:58] [INFO]          img 9: [downloaded]  catharticlaxativepurgative_9.webp
[21:55:58] [INFO]          img 10: [downloaded]  catharticlaxativepurgative_10.webp
[21:55:58] [INFO]          img 11: [downloaded]  catharticlaxativepurgative_11.webp
[21:55:58] [INFO]          img 12: [downloaded]  catharticlaxativepurgative_12.webp
[21:55:58] [INFO]          img 13: [downloaded]  catharticlaxativepurgative_13.webp
[21:55:58] [INFO]          img 14: [downloaded]  catharticlaxativepurgative_14.webp
[21:55:58] [INFO]          img 15: [downloaded]  catharticlaxativepurgative_15.webp
[21:55:58] [INFO]          img 16: [downloaded]  catharticlaxativepurgative_16.webp
[21:55:58] [INFO]          img 17: [downloaded]  catharticlaxativepurgative_17.webp
[21:55:58] [INFO]          img 18: [downloaded]  catharticlaxativepurgative_18.webp
[21:55:59] [INFO]          img 19: [downloaded]  catharticlaxativepurgative_19.webp
[21:55:59] [INFO]          img 20: [downloaded]  catharticlaxativepurgative_20.webp
[21:55:59] [INFO]          img 21: [downloaded]  catharticlaxativepurgative_21.webp
[21:55:59] [INFO]          img 22: [downloaded]  catharticlaxativepurgative_22.webp
[21:55:59] [INFO]          img 23: [downloaded]  catharticlaxativepurgative_23.webp
[21:55:59] [INFO]   [ 151/278]  Anti-Flatulence  (23 image(s))
[21:55:59] [INFO]          img 1: [downloaded]  anti_flatulence_1.webp
[21:55:59] [INFO]          img 2: [downloaded]  anti_flatulence_2.webp
[21:55:59] [INFO]          img 3: [downloaded]  anti_flatulence_3.webp
[21:55:59] [INFO]          img 4: [downloaded]  anti_flatulence_4.webp
[21:55:59] [INFO]          img 5: [downloaded]  anti_flatulence_5.webp
[21:55:59] [INFO]          img 6: [downloaded]  anti_flatulence_6.webp
[21:55:59] [INFO]          img 7: [downloaded]  anti_flatulence_7.webp
[21:56:00] [INFO]          img 8: [downloaded]  anti_flatulence_8.webp
[21:56:00] [INFO]          img 9: [downloaded]  anti_flatulence_9.webp
[21:56:00] [INFO]          img 10: [downloaded]  anti_flatulence_10.webp
[21:56:00] [INFO]          img 11: [downloaded]  anti_flatulence_11.webp
[21:56:00] [INFO]          img 12: [downloaded]  anti_flatulence_12.webp
[21:56:00] [INFO]          img 13: [downloaded]  anti_flatulence_13.webp
[21:56:00] [INFO]          img 14: [downloaded]  anti_flatulence_14.webp
[21:56:00] [INFO]          img 15: [downloaded]  anti_flatulence_15.webp
[21:56:00] [INFO]          img 16: [downloaded]  anti_flatulence_16.webp
[21:56:00] [INFO]          img 17: [downloaded]  anti_flatulence_17.webp
[21:56:00] [INFO]          img 18: [downloaded]  anti_flatulence_18.webp
[21:56:00] [INFO]          img 19: [downloaded]  anti_flatulence_19.webp
[21:56:00] [INFO]          img 20: [downloaded]  anti_flatulence_20.webp
[21:56:00] [INFO]          img 21: [downloaded]  anti_flatulence_21.webp
[21:56:00] [INFO]          img 22: [downloaded]  anti_flatulence_22.webp
[21:56:01] [INFO]          img 23: [downloaded]  anti_flatulence_23.webp
[21:56:01] [INFO]   [ 152/278]  Plasma Substituent/ Expander  (14 image(s))
[21:56:01] [INFO]          img 1: [downloaded]  plasma_substituent_expander_1.webp
[21:56:01] [INFO]          img 2: [downloaded]  plasma_substituent_expander_2.webp
[21:56:01] [INFO]          img 3: [downloaded]  plasma_substituent_expander_3.webp
[21:56:01] [INFO]          img 4: [downloaded]  plasma_substituent_expander_4.webp
[21:56:01] [INFO]          img 5: [downloaded]  plasma_substituent_expander_5.webp
[21:56:01] [INFO]          img 6: [downloaded]  plasma_substituent_expander_6.webp
[21:56:01] [INFO]          img 7: [downloaded]  plasma_substituent_expander_7.webp
[21:56:01] [INFO]          img 8: [downloaded]  plasma_substituent_expander_8.webp
[21:56:01] [INFO]          img 9: [downloaded]  plasma_substituent_expander_9.webp
[21:56:01] [INFO]          img 10: [downloaded]  plasma_substituent_expander_10.webp
[21:56:01] [INFO]          img 11: [downloaded]  plasma_substituent_expander_11.webp
[21:56:01] [INFO]          img 12: [downloaded]  plasma_substituent_expander_12.webp
[21:56:01] [INFO]          img 13: [downloaded]  plasma_substituent_expander_13.webp
[21:56:01] [INFO]          img 14: [downloaded]  plasma_substituent_expander_14.webp
[21:56:01] [INFO]   [ 153/278]  Liver Disease Management  (23 image(s))
[21:56:02] [INFO]          img 1: [downloaded]  liver_disease_management_1.webp
[21:56:02] [INFO]          img 2: [downloaded]  liver_disease_management_2.webp
[21:56:02] [INFO]          img 3: [downloaded]  liver_disease_management_3.webp
[21:56:02] [INFO]          img 4: [downloaded]  liver_disease_management_4.webp
[21:56:02] [INFO]          img 5: [downloaded]  liver_disease_management_5.webp
[21:56:02] [INFO]          img 6: [downloaded]  liver_disease_management_6.webp
[21:56:02] [INFO]          img 7: [downloaded]  liver_disease_management_7.webp
[21:56:02] [INFO]          img 8: [downloaded]  liver_disease_management_8.webp
[21:56:02] [INFO]          img 9: [downloaded]  liver_disease_management_9.webp
[21:56:02] [INFO]          img 10: [downloaded]  liver_disease_management_10.webp
[21:56:02] [INFO]          img 11: [downloaded]  liver_disease_management_11.webp
[21:56:02] [INFO]          img 12: [downloaded]  liver_disease_management_12.webp
[21:56:02] [INFO]          img 13: [downloaded]  liver_disease_management_13.webp
[21:56:03] [INFO]          img 14: [downloaded]  liver_disease_management_14.webp
[21:56:03] [INFO]          img 15: [downloaded]  liver_disease_management_15.webp
[21:56:03] [INFO]          img 16: [downloaded]  liver_disease_management_16.webp
[21:56:03] [INFO]          img 17: [downloaded]  liver_disease_management_17.webp
[21:56:03] [INFO]          img 18: [downloaded]  liver_disease_management_18.webp
[21:56:03] [INFO]          img 19: [downloaded]  liver_disease_management_19.webp
[21:56:03] [INFO]          img 20: [downloaded]  liver_disease_management_20.webp
[21:56:03] [INFO]          img 21: [downloaded]  liver_disease_management_21.webp
[21:56:03] [INFO]          img 22: [downloaded]  liver_disease_management_22.webp
[21:56:03] [INFO]          img 23: [downloaded]  liver_disease_management_23.webp
[21:56:03] [INFO]   [ 154/278]  Anti-Spasmodic  (23 image(s))
[21:56:03] [INFO]          img 1: [downloaded]  anti_spasmodic_1.webp
[21:56:03] [INFO]          img 2: [downloaded]  anti_spasmodic_2.webp
[21:56:03] [INFO]          img 3: [downloaded]  anti_spasmodic_3.webp
[21:56:03] [INFO]          img 4: [downloaded]  anti_spasmodic_4.webp
[21:56:03] [INFO]          img 5: [downloaded]  anti_spasmodic_5.webp
[21:56:03] [INFO]          img 6: [downloaded]  anti_spasmodic_6.webp
[21:56:04] [INFO]          img 7: [downloaded]  anti_spasmodic_7.webp
[21:56:04] [INFO]          img 8: [downloaded]  anti_spasmodic_8.webp
[21:56:04] [INFO]          img 9: [downloaded]  anti_spasmodic_9.webp
[21:56:04] [INFO]          img 10: [downloaded]  anti_spasmodic_10.webp
[21:56:04] [INFO]          img 11: [downloaded]  anti_spasmodic_11.webp
[21:56:04] [INFO]          img 12: [downloaded]  anti_spasmodic_12.webp
[21:56:04] [INFO]          img 13: [downloaded]  anti_spasmodic_13.webp
[21:56:04] [INFO]          img 14: [downloaded]  anti_spasmodic_14.webp
[21:56:04] [INFO]          img 15: [downloaded]  anti_spasmodic_15.webp
[21:56:04] [INFO]          img 16: [downloaded]  anti_spasmodic_16.webp
[21:56:04] [INFO]          img 17: [downloaded]  anti_spasmodic_17.webp
[21:56:04] [INFO]          img 18: [downloaded]  anti_spasmodic_18.webp
[21:56:04] [INFO]          img 19: [downloaded]  anti_spasmodic_19.webp
[21:56:05] [INFO]          img 20: [downloaded]  anti_spasmodic_20.webp
[21:56:05] [INFO]          img 21: [downloaded]  anti_spasmodic_21.webp
[21:56:05] [INFO]          img 22: [downloaded]  anti_spasmodic_22.webp
[21:56:05] [INFO]          img 23: [downloaded]  anti_spasmodic_23.webp
[21:56:05] [INFO]   [ 155/278]  Ulcer Treatment  (22 image(s))
[21:56:05] [INFO]          img 1: [downloaded]  ulcer_treatment_1.webp
[21:56:05] [INFO]          img 2: [downloaded]  ulcer_treatment_2.webp
[21:56:05] [INFO]          img 3: [downloaded]  ulcer_treatment_3.webp
[21:56:05] [INFO]          img 4: [downloaded]  ulcer_treatment_4.webp
[21:56:05] [INFO]          img 5: [downloaded]  ulcer_treatment_5.webp
[21:56:05] [INFO]          img 6: [downloaded]  ulcer_treatment_6.webp
[21:56:05] [INFO]          img 7: [downloaded]  ulcer_treatment_7.webp
[21:56:05] [INFO]          img 8: [downloaded]  ulcer_treatment_8.webp
[21:56:06] [INFO]          img 9: [downloaded]  ulcer_treatment_9.webp
[21:56:06] [INFO]          img 10: [downloaded]  ulcer_treatment_10.webp
[21:56:06] [INFO]          img 11: [downloaded]  ulcer_treatment_11.webp
[21:56:06] [INFO]          img 12: [downloaded]  ulcer_treatment_12.webp
[21:56:06] [INFO]          img 13: [downloaded]  ulcer_treatment_13.webp
[21:56:06] [INFO]          img 14: [downloaded]  ulcer_treatment_14.webp
[21:56:06] [INFO]          img 15: [downloaded]  ulcer_treatment_15.webp
[21:56:06] [INFO]          img 16: [downloaded]  ulcer_treatment_16.webp
[21:56:06] [INFO]          img 17: [downloaded]  ulcer_treatment_17.webp
[21:56:06] [INFO]          img 18: [downloaded]  ulcer_treatment_18.webp
[21:56:06] [INFO]          img 19: [downloaded]  ulcer_treatment_19.webp
[21:56:06] [INFO]          img 20: [downloaded]  ulcer_treatment_20.webp
[21:56:06] [INFO]          img 21: [downloaded]  ulcer_treatment_21.webp
[21:56:06] [INFO]          img 22: [downloaded]  ulcer_treatment_22.webp
[21:56:06] [INFO]   [ 156/278]  Anti-Dysenteric/Amoebic/Paras  (24 image(s))
[21:56:06] [INFO]          img 1: [downloaded]  anti_dysentericamoebicparas_1.webp
[21:56:07] [INFO]          img 2: [downloaded]  anti_dysentericamoebicparas_2.webp
[21:56:07] [INFO]          img 3: [downloaded]  anti_dysentericamoebicparas_3.webp
[21:56:07] [INFO]          img 4: [downloaded]  anti_dysentericamoebicparas_4.webp
[21:56:07] [INFO]          img 5: [downloaded]  anti_dysentericamoebicparas_5.webp
[21:56:07] [INFO]          img 6: [downloaded]  anti_dysentericamoebicparas_6.webp
[21:56:07] [INFO]          img 7: [downloaded]  anti_dysentericamoebicparas_7.webp
[21:56:07] [INFO]          img 8: [downloaded]  anti_dysentericamoebicparas_8.webp
[21:56:07] [INFO]          img 9: [downloaded]  anti_dysentericamoebicparas_9.webp
[21:56:07] [INFO]          img 10: [downloaded]  anti_dysentericamoebicparas_10.webp
[21:56:07] [INFO]          img 11: [downloaded]  anti_dysentericamoebicparas_11.webp
[21:56:07] [INFO]          img 12: [downloaded]  anti_dysentericamoebicparas_12.webp
[21:56:07] [INFO]          img 13: [downloaded]  anti_dysentericamoebicparas_13.webp
[21:56:07] [INFO]          img 14: [downloaded]  anti_dysentericamoebicparas_14.webp
[21:56:07] [INFO]          img 15: [downloaded]  anti_dysentericamoebicparas_15.webp
[21:56:07] [INFO]          img 16: [downloaded]  anti_dysentericamoebicparas_16.webp
[21:56:08] [INFO]          img 17: [downloaded]  anti_dysentericamoebicparas_17.webp
[21:56:08] [INFO]          img 18: [downloaded]  anti_dysentericamoebicparas_18.webp
[21:56:08] [INFO]          img 19: [downloaded]  anti_dysentericamoebicparas_19.webp
[21:56:08] [INFO]          img 20: [downloaded]  anti_dysentericamoebicparas_20.webp
[21:56:08] [INFO]          img 21: [downloaded]  anti_dysentericamoebicparas_21.webp
[21:56:08] [INFO]          img 22: [downloaded]  anti_dysentericamoebicparas_22.webp
[21:56:08] [INFO]          img 23: [downloaded]  anti_dysentericamoebicparas_23.webp
[21:56:08] [INFO]          img 24: [downloaded]  anti_dysentericamoebicparas_24.webp
[21:56:08] [INFO]   [ 157/278]  Anti-Diarrhoeal  (18 image(s))
[21:56:08] [INFO]          img 1: [downloaded]  anti_diarrhoeal_1.webp
[21:56:08] [INFO]          img 2: [downloaded]  anti_diarrhoeal_2.webp
[21:56:08] [INFO]          img 3: [downloaded]  anti_diarrhoeal_3.webp
[21:56:08] [INFO]          img 4: [downloaded]  anti_diarrhoeal_4.webp
[21:56:08] [INFO]          img 5: [downloaded]  anti_diarrhoeal_5.webp
[21:56:08] [INFO]          img 6: [downloaded]  anti_diarrhoeal_6.webp
[21:56:09] [INFO]          img 7: [downloaded]  anti_diarrhoeal_7.webp
[21:56:09] [INFO]          img 8: [downloaded]  anti_diarrhoeal_8.webp
[21:56:09] [INFO]          img 9: [downloaded]  anti_diarrhoeal_9.webp
[21:56:09] [INFO]          img 10: [downloaded]  anti_diarrhoeal_10.webp
[21:56:09] [INFO]          img 11: [downloaded]  anti_diarrhoeal_11.webp
[21:56:09] [INFO]          img 12: [downloaded]  anti_diarrhoeal_12.webp
[21:56:09] [INFO]          img 13: [downloaded]  anti_diarrhoeal_13.webp
[21:56:09] [INFO]          img 14: [downloaded]  anti_diarrhoeal_14.webp
[21:56:09] [INFO]          img 15: [downloaded]  anti_diarrhoeal_15.webp
[21:56:09] [INFO]          img 16: [downloaded]  anti_diarrhoeal_16.webp
[21:56:09] [INFO]          img 17: [downloaded]  anti_diarrhoeal_17.webp
[21:56:09] [INFO]          img 18: [downloaded]  anti_diarrhoeal_18.webp
[21:56:09] [INFO]   [ 158/278]  Anti-Emetic  (24 image(s))
[21:56:10] [INFO]          img 1: [downloaded]  anti_emetic_1.webp
[21:56:10] [INFO]          img 2: [downloaded]  anti_emetic_2.webp
[21:56:10] [INFO]          img 3: [downloaded]  anti_emetic_3.webp
[21:56:10] [INFO]          img 4: [downloaded]  anti_emetic_4.webp
[21:56:10] [INFO]          img 5: [downloaded]  anti_emetic_5.webp
[21:56:10] [INFO]          img 6: [downloaded]  anti_emetic_6.webp
[21:56:10] [INFO]          img 7: [downloaded]  anti_emetic_7.webp
[21:56:10] [INFO]          img 8: [downloaded]  anti_emetic_8.webp
[21:56:10] [INFO]          img 9: [downloaded]  anti_emetic_9.webp
[21:56:10] [INFO]          img 10: [downloaded]  anti_emetic_10.webp
[21:56:10] [INFO]          img 11: [downloaded]  anti_emetic_11.webp
[21:56:10] [INFO]          img 12: [downloaded]  anti_emetic_12.webp
[21:56:10] [INFO]          img 13: [downloaded]  anti_emetic_13.webp
[21:56:10] [INFO]          img 14: [downloaded]  anti_emetic_14.webp
[21:56:10] [INFO]          img 15: [downloaded]  anti_emetic_15.webp
[21:56:10] [INFO]          img 16: [downloaded]  anti_emetic_16.webp
[21:56:11] [INFO]          img 17: [downloaded]  anti_emetic_17.webp
[21:56:11] [INFO]          img 18: [downloaded]  anti_emetic_18.webp
[21:56:11] [INFO]          img 19: [downloaded]  anti_emetic_19.webp
[21:56:11] [INFO]          img 20: [downloaded]  anti_emetic_20.webp
[21:56:11] [INFO]          img 21: [downloaded]  anti_emetic_21.webp
[21:56:11] [INFO]          img 22: [downloaded]  anti_emetic_22.webp
[21:56:11] [INFO]          img 23: [downloaded]  anti_emetic_23.webp
[21:56:11] [INFO]          img 24: [downloaded]  anti_emetic_24.webp
[21:56:11] [INFO]   [ 159/278]  Digestive  (22 image(s))
[21:56:11] [INFO]          img 1: [downloaded]  digestive_1.webp
[21:56:11] [INFO]          img 2: [downloaded]  digestive_2.webp
[21:56:11] [INFO]          img 3: [downloaded]  digestive_3.webp
[21:56:11] [INFO]          img 4: [downloaded]  digestive_4.webp
[21:56:11] [INFO]          img 5: [downloaded]  digestive_5.webp
[21:56:11] [INFO]          img 6: [downloaded]  digestive_6.webp
[21:56:12] [INFO]          img 7: [downloaded]  digestive_7.jpg
[21:56:12] [INFO]          img 8: [downloaded]  digestive_8.webp
[21:56:12] [INFO]          img 9: [downloaded]  digestive_9.webp
[21:56:12] [INFO]          img 10: [downloaded]  digestive_10.webp
[21:56:12] [INFO]          img 11: [downloaded]  digestive_11.webp
[21:56:12] [INFO]          img 12: [downloaded]  digestive_12.webp
[21:56:12] [INFO]          img 13: [downloaded]  digestive_13.webp
[21:56:12] [INFO]          img 14: [downloaded]  digestive_14.webp
[21:56:12] [INFO]          img 15: [downloaded]  digestive_15.webp
[21:56:12] [INFO]          img 16: [downloaded]  digestive_16.webp
[21:56:12] [INFO]          img 17: [downloaded]  digestive_17.webp
[21:56:12] [INFO]          img 18: [downloaded]  digestive_18.webp
[21:56:12] [INFO]          img 19: [downloaded]  digestive_19.webp
[21:56:12] [INFO]          img 20: [downloaded]  digestive_20.webp
[21:56:13] [INFO]          img 21: [downloaded]  digestive_21.webp
[21:56:13] [INFO]          img 22: [downloaded]  digestive_22.webp
[21:56:13] [INFO]   [ 160/278]  Lipids Regulation.  (3 image(s))
[21:56:13] [INFO]          img 1: [downloaded]  lipids_regulation_1.webp
[21:56:13] [INFO]          img 2: [downloaded]  lipids_regulation_2.webp
[21:56:13] [INFO]          img 3: [downloaded]  lipids_regulation_3.webp
[21:56:13] [INFO]   [ 161/278]  Gynaecology&Urinary Tract Dis  (23 image(s))
[21:56:13] [INFO]          img 1: [downloaded]  gynaecologyurinary_tract_dis_1.webp
[21:56:13] [INFO]          img 2: [downloaded]  gynaecologyurinary_tract_dis_2.webp
[21:56:13] [INFO]          img 3: [downloaded]  gynaecologyurinary_tract_dis_3.webp
[21:56:13] [INFO]          img 4: [downloaded]  gynaecologyurinary_tract_dis_4.webp
[21:56:13] [INFO]          img 5: [downloaded]  gynaecologyurinary_tract_dis_5.webp
[21:56:13] [INFO]          img 6: [downloaded]  gynaecologyurinary_tract_dis_6.webp
[21:56:13] [INFO]          img 7: [downloaded]  gynaecologyurinary_tract_dis_7.webp
[21:56:13] [INFO]          img 8: [downloaded]  gynaecologyurinary_tract_dis_8.webp
[21:56:13] [INFO]          img 9: [downloaded]  gynaecologyurinary_tract_dis_9.webp
[21:56:14] [INFO]          img 10: [downloaded]  gynaecologyurinary_tract_dis_10.webp
[21:56:14] [INFO]          img 11: [downloaded]  gynaecologyurinary_tract_dis_11.webp
[21:56:14] [INFO]          img 12: [downloaded]  gynaecologyurinary_tract_dis_12.webp
[21:56:14] [INFO]          img 13: [downloaded]  gynaecologyurinary_tract_dis_13.webp
[21:56:14] [INFO]          img 14: [downloaded]  gynaecologyurinary_tract_dis_14.webp
[21:56:14] [INFO]          img 15: [downloaded]  gynaecologyurinary_tract_dis_15.webp
[21:56:14] [INFO]          img 16: [downloaded]  gynaecologyurinary_tract_dis_16.webp
[21:56:14] [INFO]          img 17: [downloaded]  gynaecologyurinary_tract_dis_17.webp
[21:56:14] [INFO]          img 18: [downloaded]  gynaecologyurinary_tract_dis_18.webp
[21:56:14] [INFO]          img 19: [downloaded]  gynaecologyurinary_tract_dis_19.webp
[21:56:14] [INFO]          img 20: [downloaded]  gynaecologyurinary_tract_dis_20.webp
[21:56:14] [INFO]          img 21: [downloaded]  gynaecologyurinary_tract_dis_21.webp
[21:56:14] [INFO]          img 22: [downloaded]  gynaecologyurinary_tract_dis_22.webp
[21:56:14] [INFO]          img 23: [downloaded]  gynaecologyurinary_tract_dis_23.webp
[21:56:14] [INFO]   [ 162/278]  Prostatic Hyperplasia  (23 image(s))
[21:56:15] [INFO]          img 1: [downloaded]  prostatic_hyperplasia_1.webp
[21:56:15] [INFO]          img 2: [downloaded]  prostatic_hyperplasia_2.webp
[21:56:15] [INFO]          img 3: [downloaded]  prostatic_hyperplasia_3.webp
[21:56:15] [INFO]          img 4: [downloaded]  prostatic_hyperplasia_4.webp
[21:56:15] [INFO]          img 5: [downloaded]  prostatic_hyperplasia_5.webp
[21:56:15] [INFO]          img 6: [downloaded]  prostatic_hyperplasia_6.webp
[21:56:15] [INFO]          img 7: [downloaded]  prostatic_hyperplasia_7.webp
[21:56:15] [INFO]          img 8: [downloaded]  prostatic_hyperplasia_8.webp
[21:56:15] [INFO]          img 9: [downloaded]  prostatic_hyperplasia_9.webp
[21:56:15] [INFO]          img 10: [downloaded]  prostatic_hyperplasia_10.webp
[21:56:15] [INFO]          img 11: [downloaded]  prostatic_hyperplasia_11.webp
[21:56:15] [INFO]          img 12: [downloaded]  prostatic_hyperplasia_12.webp
[21:56:15] [INFO]          img 13: [downloaded]  prostatic_hyperplasia_13.webp
[21:56:15] [INFO]          img 14: [downloaded]  prostatic_hyperplasia_14.webp
[21:56:15] [INFO]          img 15: [downloaded]  prostatic_hyperplasia_15.webp
[21:56:15] [INFO]          img 16: [downloaded]  prostatic_hyperplasia_16.webp
[21:56:16] [INFO]          img 17: [downloaded]  prostatic_hyperplasia_17.webp
[21:56:16] [INFO]          img 18: [downloaded]  prostatic_hyperplasia_18.webp
[21:56:16] [INFO]          img 19: [downloaded]  prostatic_hyperplasia_19.webp
[21:56:16] [INFO]          img 20: [downloaded]  prostatic_hyperplasia_20.webp
[21:56:16] [INFO]          img 21: [downloaded]  prostatic_hyperplasia_21.webp
[21:56:16] [INFO]          img 22: [downloaded]  prostatic_hyperplasia_22.webp
[21:56:16] [INFO]          img 23: [downloaded]  prostatic_hyperplasia_23.webp
[21:56:16] [INFO]   [ 163/278]  Menopausal&Gyn. Disorders  (5 image(s))
[21:56:16] [INFO]          img 1: [downloaded]  menopausalgyn_disorders_1.webp
[21:56:16] [INFO]          img 2: [downloaded]  menopausalgyn_disorders_2.webp
[21:56:16] [INFO]          img 3: [downloaded]  menopausalgyn_disorders_3.webp
[21:56:16] [INFO]          img 4: [downloaded]  menopausalgyn_disorders_4.webp
[21:56:16] [INFO]          img 5: [downloaded]  menopausalgyn_disorders_5.webp
[21:56:16] [INFO]   [ 164/278]  Urinary Tract Antiseptic  (19 image(s))
[21:56:17] [INFO]          img 1: [downloaded]  urinary_tract_antiseptic_1.webp
[21:56:17] [INFO]          img 2: [downloaded]  urinary_tract_antiseptic_2.webp
[21:56:17] [INFO]          img 3: [downloaded]  urinary_tract_antiseptic_3.webp
[21:56:17] [INFO]          img 4: [downloaded]  urinary_tract_antiseptic_4.webp
[21:56:17] [INFO]          img 5: [downloaded]  urinary_tract_antiseptic_5.webp
[21:56:17] [INFO]          img 6: [downloaded]  urinary_tract_antiseptic_6.webp
[21:56:17] [INFO]          img 7: [downloaded]  urinary_tract_antiseptic_7.webp
[21:56:17] [INFO]          img 8: [downloaded]  urinary_tract_antiseptic_8.webp
[21:56:17] [INFO]          img 9: [downloaded]  urinary_tract_antiseptic_9.webp
[21:56:17] [INFO]          img 10: [downloaded]  urinary_tract_antiseptic_10.webp
[21:56:17] [INFO]          img 11: [downloaded]  urinary_tract_antiseptic_11.webp
[21:56:17] [INFO]          img 12: [downloaded]  urinary_tract_antiseptic_12.webp
[21:56:17] [INFO]          img 13: [downloaded]  urinary_tract_antiseptic_13.webp
[21:56:17] [INFO]          img 14: [downloaded]  urinary_tract_antiseptic_14.webp
[21:56:17] [INFO]          img 15: [downloaded]  urinary_tract_antiseptic_15.webp
[21:56:18] [INFO]          img 16: [downloaded]  urinary_tract_antiseptic_16.webp
[21:56:18] [INFO]          img 17: [downloaded]  urinary_tract_antiseptic_17.webp
[21:56:18] [INFO]          img 18: [downloaded]  urinary_tract_antiseptic_18.webp
[21:56:18] [INFO]          img 19: [downloaded]  urinary_tract_antiseptic_19.webp
[21:56:18] [INFO]   [ 165/278]  Nocturnal Enuresis  (19 image(s))
[21:56:18] [INFO]          img 1: [downloaded]  nocturnal_enuresis_1.webp
[21:56:18] [INFO]          img 2: [downloaded]  nocturnal_enuresis_2.webp
[21:56:18] [INFO]          img 3: [downloaded]  nocturnal_enuresis_3.webp
[21:56:18] [INFO]          img 4: [downloaded]  nocturnal_enuresis_4.webp
[21:56:18] [INFO]          img 5: [downloaded]  nocturnal_enuresis_5.webp
[21:56:18] [INFO]          img 6: [downloaded]  nocturnal_enuresis_6.webp
[21:56:18] [INFO]          img 7: [downloaded]  nocturnal_enuresis_7.webp
[21:56:18] [INFO]          img 8: [downloaded]  nocturnal_enuresis_8.webp
[21:56:18] [INFO]          img 9: [downloaded]  nocturnal_enuresis_9.webp
[21:56:18] [INFO]          img 10: [downloaded]  nocturnal_enuresis_10.webp
[21:56:18] [INFO]          img 11: [downloaded]  nocturnal_enuresis_11.webp
[21:56:19] [INFO]          img 12: [downloaded]  nocturnal_enuresis_12.webp
[21:56:19] [INFO]          img 13: [downloaded]  nocturnal_enuresis_13.webp
[21:56:19] [INFO]          img 14: [downloaded]  nocturnal_enuresis_14.webp
[21:56:19] [INFO]          img 15: [downloaded]  nocturnal_enuresis_15.webp
[21:56:19] [INFO]          img 16: [downloaded]  nocturnal_enuresis_16.webp
[21:56:19] [INFO]          img 17: [downloaded]  nocturnal_enuresis_17.webp
[21:56:19] [INFO]          img 18: [downloaded]  nocturnal_enuresis_18.webp
[21:56:19] [INFO]          img 19: [downloaded]  nocturnal_enuresis_19.webp
[21:56:19] [INFO]   [ 166/278]  Infertility Treatment  (4 image(s))
[21:56:19] [INFO]          img 1: [downloaded]  infertility_treatment_1.webp
[21:56:19] [INFO]          img 2: [downloaded]  infertility_treatment_2.webp
[21:56:19] [INFO]          img 3: [downloaded]  infertility_treatment_3.webp
[21:56:19] [INFO]          img 4: [downloaded]  infertility_treatment_4.webp
[21:56:19] [INFO]   [ 167/278]  Immunological System  (19 image(s))
[21:56:19] [INFO]          img 1: [downloaded]  immunological_system_1.webp
[21:56:19] [INFO]          img 2: [downloaded]  immunological_system_2.webp
[21:56:19] [INFO]          img 3: [downloaded]  immunological_system_3.webp
[21:56:20] [INFO]          img 4: [downloaded]  immunological_system_4.webp
[21:56:20] [INFO]          img 5: [downloaded]  immunological_system_5.webp
[21:56:20] [INFO]          img 6: [downloaded]  immunological_system_6.webp
[21:56:20] [INFO]          img 7: [downloaded]  immunological_system_7.webp
[21:56:20] [INFO]          img 8: [downloaded]  immunological_system_8.webp
[21:56:20] [INFO]          img 9: [downloaded]  immunological_system_9.webp
[21:56:20] [INFO]          img 10: [downloaded]  immunological_system_10.webp
[21:56:20] [INFO]          img 11: [downloaded]  immunological_system_11.webp
[21:56:20] [INFO]          img 12: [downloaded]  immunological_system_12.webp
[21:56:20] [INFO]          img 13: [downloaded]  immunological_system_13.webp
[21:56:20] [INFO]          img 14: [downloaded]  immunological_system_14.webp
[21:56:20] [INFO]          img 15: [downloaded]  immunological_system_15.webp
[21:56:20] [INFO]          img 16: [downloaded]  immunological_system_16.webp
[21:56:20] [INFO]          img 17: [downloaded]  immunological_system_17.webp
[21:56:20] [INFO]          img 18: [downloaded]  immunological_system_18.webp
[21:56:21] [INFO]          img 19: [downloaded]  immunological_system_19.webp
[21:56:21] [INFO]   [ 168/278]  Interferons  (3 image(s))
[21:56:21] [INFO]          img 1: [downloaded]  interferons_1.webp
[21:56:21] [INFO]          img 2: [downloaded]  interferons_2.webp
[21:56:21] [INFO]          img 3: [downloaded]  interferons_3.webp
[21:56:21] [INFO]   [ 169/278]  Immuno-Suppresives  (19 image(s))
[21:56:21] [INFO]          img 1: [downloaded]  immuno_suppresives_1.webp
[21:56:21] [INFO]          img 2: [downloaded]  immuno_suppresives_2.webp
[21:56:21] [INFO]          img 3: [downloaded]  immuno_suppresives_3.webp
[21:56:21] [INFO]          img 4: [downloaded]  immuno_suppresives_4.webp
[21:56:21] [INFO]          img 5: [downloaded]  immuno_suppresives_5.webp
[21:56:21] [INFO]          img 6: [downloaded]  immuno_suppresives_6.webp
[21:56:21] [INFO]          img 7: [downloaded]  immuno_suppresives_7.webp
[21:56:21] [INFO]          img 8: [downloaded]  immuno_suppresives_8.webp
[21:56:21] [INFO]          img 9: [downloaded]  immuno_suppresives_9.webp
[21:56:21] [INFO]          img 10: [downloaded]  immuno_suppresives_10.webp
[21:56:21] [INFO]          img 11: [downloaded]  immuno_suppresives_11.webp
[21:56:21] [INFO]          img 12: [downloaded]  immuno_suppresives_12.webp
[21:56:22] [INFO]          img 13: [downloaded]  immuno_suppresives_13.webp
[21:56:22] [INFO]          img 14: [downloaded]  immuno_suppresives_14.webp
[21:56:22] [INFO]          img 15: [downloaded]  immuno_suppresives_15.webp
[21:56:22] [INFO]          img 16: [downloaded]  immuno_suppresives_16.webp
[21:56:22] [INFO]          img 17: [downloaded]  immuno_suppresives_17.webp
[21:56:22] [INFO]          img 18: [downloaded]  immuno_suppresives_18.webp
[21:56:22] [INFO]          img 19: [downloaded]  immuno_suppresives_19.webp
[21:56:22] [INFO]   [ 170/278]  Cardio-Vascular System  (21 image(s))
[21:56:22] [INFO]          img 1: [downloaded]  cardio_vascular_system_1.webp
[21:56:22] [INFO]          img 2: [downloaded]  cardio_vascular_system_2.webp
[21:56:22] [INFO]          img 3: [downloaded]  cardio_vascular_system_3.webp
[21:56:22] [INFO]          img 4: [downloaded]  cardio_vascular_system_4.webp
[21:56:22] [INFO]          img 5: [downloaded]  cardio_vascular_system_5.webp
[21:56:22] [INFO]          img 6: [downloaded]  cardio_vascular_system_6.webp
[21:56:22] [INFO]          img 7: [downloaded]  cardio_vascular_system_7.webp
[21:56:23] [INFO]          img 8: [downloaded]  cardio_vascular_system_8.webp
[21:56:23] [INFO]          img 9: [downloaded]  cardio_vascular_system_9.webp
[21:56:23] [INFO]          img 10: [downloaded]  cardio_vascular_system_10.webp
[21:56:23] [INFO]          img 11: [downloaded]  cardio_vascular_system_11.webp
[21:56:23] [INFO]          img 12: [downloaded]  cardio_vascular_system_12.webp
[21:56:23] [INFO]          img 13: [downloaded]  cardio_vascular_system_13.webp
[21:56:23] [INFO]          img 14: [downloaded]  cardio_vascular_system_14.webp
[21:56:23] [INFO]          img 15: [downloaded]  cardio_vascular_system_15.webp
[21:56:23] [INFO]          img 16: [downloaded]  cardio_vascular_system_16.webp
[21:56:23] [INFO]          img 17: [downloaded]  cardio_vascular_system_17.webp
[21:56:24] [INFO]          img 18: [downloaded]  cardio_vascular_system_18.webp
[21:56:24] [INFO]          img 19: [downloaded]  cardio_vascular_system_19.webp
[21:56:24] [INFO]          img 20: [downloaded]  cardio_vascular_system_20.webp
[21:56:24] [INFO]          img 21: [downloaded]  cardio_vascular_system_21.webp
[21:56:24] [INFO]   [ 171/278]  Vascularitics  (18 image(s))
[21:56:24] [INFO]          img 1: [downloaded]  vascularitics_1.webp
[21:56:24] [INFO]          img 2: [downloaded]  vascularitics_2.webp
[21:56:24] [INFO]          img 3: [downloaded]  vascularitics_3.webp
[21:56:24] [INFO]          img 4: [downloaded]  vascularitics_4.webp
[21:56:24] [INFO]          img 5: [downloaded]  vascularitics_5.webp
[21:56:24] [INFO]          img 6: [downloaded]  vascularitics_6.webp
[21:56:24] [INFO]          img 7: [downloaded]  vascularitics_7.webp
[21:56:24] [INFO]          img 8: [downloaded]  vascularitics_8.webp
[21:56:24] [INFO]          img 9: [downloaded]  vascularitics_9.webp
[21:56:25] [INFO]          img 10: [downloaded]  vascularitics_10.webp
[21:56:25] [INFO]          img 11: [downloaded]  vascularitics_11.webp
[21:56:25] [INFO]          img 12: [downloaded]  vascularitics_12.webp
[21:56:25] [INFO]          img 13: [downloaded]  vascularitics_13.webp
[21:56:25] [INFO]          img 14: [downloaded]  vascularitics_14.webp
[21:56:25] [INFO]          img 15: [downloaded]  vascularitics_15.webp
[21:56:25] [INFO]          img 16: [downloaded]  vascularitics_16.webp
[21:56:25] [INFO]          img 17: [downloaded]  vascularitics_17.webp
[21:56:25] [INFO]          img 18: [downloaded]  vascularitics_18.webp
[21:56:25] [INFO]   [ 172/278]  Anti-Coagulants  (22 image(s))
[21:56:25] [INFO]          img 1: [downloaded]  anti_coagulants_1.webp
[21:56:25] [INFO]          img 2: [downloaded]  anti_coagulants_2.webp
[21:56:25] [INFO]          img 3: [downloaded]  anti_coagulants_3.webp
[21:56:26] [INFO]          img 4: [downloaded]  anti_coagulants_4.webp
[21:56:26] [INFO]          img 5: [downloaded]  anti_coagulants_5.webp
[21:56:26] [INFO]          img 6: [downloaded]  anti_coagulants_6.webp
[21:56:26] [INFO]          img 7: [downloaded]  anti_coagulants_7.webp
[21:56:26] [INFO]          img 8: [downloaded]  anti_coagulants_8.webp
[21:56:26] [INFO]          img 9: [downloaded]  anti_coagulants_9.webp
[21:56:26] [INFO]          img 10: [downloaded]  anti_coagulants_10.webp
[21:56:26] [INFO]          img 11: [downloaded]  anti_coagulants_11.webp
[21:56:26] [INFO]          img 12: [downloaded]  anti_coagulants_12.webp
[21:56:26] [INFO]          img 13: [downloaded]  anti_coagulants_13.webp
[21:56:26] [INFO]          img 14: [downloaded]  anti_coagulants_14.webp
[21:56:26] [INFO]          img 15: [downloaded]  anti_coagulants_15.webp
[21:56:26] [INFO]          img 16: [downloaded]  anti_coagulants_16.webp
[21:56:26] [INFO]          img 17: [downloaded]  anti_coagulants_17.webp
[21:56:27] [INFO]          img 18: [downloaded]  anti_coagulants_18.webp
[21:56:27] [INFO]          img 19: [downloaded]  anti_coagulants_19.webp
[21:56:27] [INFO]          img 20: [downloaded]  anti_coagulants_20.webp
[21:56:27] [INFO]          img 21: [downloaded]  anti_coagulants_21.webp
[21:56:27] [INFO]          img 22: [downloaded]  anti_coagulants_22.webp
[21:56:27] [INFO]   [ 173/278]  Circulatory Disturbance Agent  (16 image(s))
[21:56:27] [INFO]          img 1: [downloaded]  circulatory_disturbance_agent_1.webp
[21:56:27] [INFO]          img 2: [downloaded]  circulatory_disturbance_agent_2.webp
[21:56:27] [INFO]          img 3: [downloaded]  circulatory_disturbance_agent_3.webp
[21:56:27] [INFO]          img 4: [downloaded]  circulatory_disturbance_agent_4.webp
[21:56:27] [INFO]          img 5: [downloaded]  circulatory_disturbance_agent_5.webp
[21:56:27] [INFO]          img 6: [downloaded]  circulatory_disturbance_agent_6.webp
[21:56:27] [INFO]          img 7: [downloaded]  circulatory_disturbance_agent_7.webp
[21:56:27] [INFO]          img 8: [downloaded]  circulatory_disturbance_agent_8.webp
[21:56:27] [INFO]          img 9: [downloaded]  circulatory_disturbance_agent_9.webp
[21:56:28] [INFO]          img 10: [downloaded]  circulatory_disturbance_agent_10.webp
[21:56:28] [INFO]          img 11: [downloaded]  circulatory_disturbance_agent_11.webp
[21:56:28] [INFO]          img 12: [downloaded]  circulatory_disturbance_agent_12.webp
[21:56:28] [INFO]          img 13: [downloaded]  circulatory_disturbance_agent_13.webp
[21:56:28] [INFO]          img 14: [downloaded]  circulatory_disturbance_agent_14.webp
[21:56:28] [INFO]          img 15: [downloaded]  circulatory_disturbance_agent_15.webp
[21:56:28] [INFO]          img 16: [downloaded]  circulatory_disturbance_agent_16.webp
[21:56:28] [INFO]   [ 174/278]  Haemostatics/Coagulants  (19 image(s))
[21:56:28] [INFO]          img 1: [downloaded]  haemostaticscoagulants_1.webp
[21:56:28] [INFO]          img 2: [downloaded]  haemostaticscoagulants_2.webp
[21:56:28] [INFO]          img 3: [downloaded]  haemostaticscoagulants_3.webp
[21:56:28] [INFO]          img 4: [downloaded]  haemostaticscoagulants_4.webp
[21:56:28] [INFO]          img 5: [downloaded]  haemostaticscoagulants_5.webp
[21:56:28] [INFO]          img 6: [downloaded]  haemostaticscoagulants_6.webp
[21:56:29] [INFO]          img 7: [downloaded]  haemostaticscoagulants_7.webp
[21:56:29] [INFO]          img 8: [downloaded]  haemostaticscoagulants_8.webp
[21:56:29] [INFO]          img 9: [downloaded]  haemostaticscoagulants_9.webp
[21:56:29] [INFO]          img 10: [downloaded]  haemostaticscoagulants_10.webp
[21:56:29] [INFO]          img 11: [downloaded]  haemostaticscoagulants_11.webp
[21:56:29] [INFO]          img 12: [downloaded]  haemostaticscoagulants_12.webp
[21:56:29] [INFO]          img 13: [downloaded]  haemostaticscoagulants_13.webp
[21:56:29] [INFO]          img 14: [downloaded]  haemostaticscoagulants_14.webp
[21:56:29] [INFO]          img 15: [downloaded]  haemostaticscoagulants_15.webp
[21:56:29] [INFO]          img 16: [downloaded]  haemostaticscoagulants_16.webp
[21:56:29] [INFO]          img 17: [downloaded]  haemostaticscoagulants_17.webp
[21:56:29] [INFO]          img 18: [downloaded]  haemostaticscoagulants_18.webp
[21:56:29] [INFO]          img 19: [downloaded]  haemostaticscoagulants_19.webp
[21:56:29] [INFO]   [ 175/278]  Congestive Heart Failure  (5 image(s))
[21:56:29] [INFO]          img 1: [downloaded]  congestive_heart_failure_1.webp
[21:56:30] [INFO]          img 2: [downloaded]  congestive_heart_failure_2.webp
[21:56:30] [INFO]          img 3: [downloaded]  congestive_heart_failure_3.webp
[21:56:30] [INFO]          img 4: [downloaded]  congestive_heart_failure_4.webp
[21:56:30] [INFO]          img 5: [downloaded]  congestive_heart_failure_5.webp
[21:56:30] [INFO]   [ 176/278]  Anti-Hypotension  (4 image(s))
[21:56:30] [INFO]          img 1: [downloaded]  anti_hypotension_1.webp
[21:56:30] [INFO]          img 2: [downloaded]  anti_hypotension_2.webp
[21:56:30] [INFO]          img 3: [downloaded]  anti_hypotension_3.webp
[21:56:30] [INFO]          img 4: [downloaded]  anti_hypotension_4.webp
[21:56:30] [INFO]   [ 177/278]  Anti-Hypertensives  (22 image(s))
[21:56:30] [INFO]          img 1: [downloaded]  anti_hypertensives_1.webp
[21:56:30] [INFO]          img 2: [downloaded]  anti_hypertensives_2.webp
[21:56:30] [INFO]          img 3: [downloaded]  anti_hypertensives_3.webp
[21:56:31] [INFO]          img 4: [downloaded]  anti_hypertensives_4.webp
[21:56:31] [INFO]          img 5: [downloaded]  anti_hypertensives_5.webp
[21:56:31] [INFO]          img 6: [downloaded]  anti_hypertensives_6.webp
[21:56:31] [INFO]          img 7: [downloaded]  anti_hypertensives_7.webp
[21:56:31] [INFO]          img 8: [downloaded]  anti_hypertensives_8.webp
[21:56:31] [INFO]          img 9: [downloaded]  anti_hypertensives_9.webp
[21:56:31] [INFO]          img 10: [downloaded]  anti_hypertensives_10.webp
[21:56:31] [INFO]          img 11: [downloaded]  anti_hypertensives_11.webp
[21:56:31] [INFO]          img 12: [downloaded]  anti_hypertensives_12.webp
[21:56:31] [INFO]          img 13: [downloaded]  anti_hypertensives_13.webp
[21:56:31] [INFO]          img 14: [downloaded]  anti_hypertensives_14.webp
[21:56:31] [INFO]          img 15: [downloaded]  anti_hypertensives_15.webp
[21:56:32] [INFO]          img 16: [downloaded]  anti_hypertensives_16.webp
[21:56:32] [INFO]          img 17: [downloaded]  anti_hypertensives_17.webp
[21:56:32] [INFO]          img 18: [downloaded]  anti_hypertensives_18.webp
[21:56:32] [INFO]          img 19: [downloaded]  anti_hypertensives_19.webp
[21:56:32] [INFO]          img 20: [downloaded]  anti_hypertensives_20.webp
[21:56:32] [INFO]          img 21: [downloaded]  anti_hypertensives_21.webp
[21:56:32] [INFO]          img 22: [downloaded]  anti_hypertensives_22.webp
[21:56:32] [INFO]   [ 178/278]  Lipids Regulation  (20 image(s))
[21:56:32] [INFO]          img 1: [skip (exists)]  lipids_regulation_1.webp
[21:56:32] [INFO]          img 2: [skip (exists)]  lipids_regulation_2.webp
[21:56:32] [INFO]          img 3: [skip (exists)]  lipids_regulation_3.webp
[21:56:32] [INFO]          img 4: [downloaded]  lipids_regulation_4.webp
[21:56:32] [INFO]          img 5: [downloaded]  lipids_regulation_5.webp
[21:56:32] [INFO]          img 6: [downloaded]  lipids_regulation_6.webp
[21:56:32] [INFO]          img 7: [downloaded]  lipids_regulation_7.webp
[21:56:32] [INFO]          img 8: [downloaded]  lipids_regulation_8.webp
[21:56:32] [INFO]          img 9: [downloaded]  lipids_regulation_9.webp
[21:56:32] [INFO]          img 10: [downloaded]  lipids_regulation_10.webp
[21:56:32] [INFO]          img 11: [downloaded]  lipids_regulation_11.webp
[21:56:33] [INFO]          img 12: [downloaded]  lipids_regulation_12.webp
[21:56:33] [INFO]          img 13: [downloaded]  lipids_regulation_13.webp
[21:56:33] [INFO]          img 14: [downloaded]  lipids_regulation_14.webp
[21:56:33] [INFO]          img 15: [downloaded]  lipids_regulation_15.webp
[21:56:33] [INFO]          img 16: [downloaded]  lipids_regulation_16.webp
[21:56:33] [INFO]          img 17: [downloaded]  lipids_regulation_17.webp
[21:56:33] [INFO]          img 18: [downloaded]  lipids_regulation_18.webp
[21:56:33] [INFO]          img 19: [downloaded]  lipids_regulation_19.webp
[21:56:33] [INFO]          img 20: [downloaded]  lipids_regulation_20.webp
[21:56:33] [INFO]   [ 179/278]  Anti-Arrhythmics  (3 image(s))
[21:56:33] [INFO]          img 1: [downloaded]  anti_arrhythmics_1.webp
[21:56:33] [INFO]          img 2: [downloaded]  anti_arrhythmics_2.webp
[21:56:33] [INFO]          img 3: [downloaded]  anti_arrhythmics_3.webp
[21:56:33] [INFO]   [ 180/278]  Angina Treatment  (20 image(s))
[21:56:33] [INFO]          img 1: [downloaded]  angina_treatment_1.webp
[21:56:33] [INFO]          img 2: [downloaded]  angina_treatment_2.webp
[21:56:33] [INFO]          img 3: [downloaded]  angina_treatment_3.webp
[21:56:34] [INFO]          img 4: [downloaded]  angina_treatment_4.webp
[21:56:34] [INFO]          img 5: [downloaded]  angina_treatment_5.webp
[21:56:34] [INFO]          img 6: [downloaded]  angina_treatment_6.webp
[21:56:34] [INFO]          img 7: [downloaded]  angina_treatment_7.webp
[21:56:34] [INFO]          img 8: [downloaded]  angina_treatment_8.webp
[21:56:34] [INFO]          img 9: [downloaded]  angina_treatment_9.webp
[21:56:34] [INFO]          img 10: [downloaded]  angina_treatment_10.webp
[21:56:34] [INFO]          img 11: [downloaded]  angina_treatment_11.webp
[21:56:34] [INFO]          img 12: [downloaded]  angina_treatment_12.webp
[21:56:34] [INFO]          img 13: [downloaded]  angina_treatment_13.webp
[21:56:34] [INFO]          img 14: [downloaded]  angina_treatment_14.webp
[21:56:34] [INFO]          img 15: [downloaded]  angina_treatment_15.webp
[21:56:34] [INFO]          img 16: [downloaded]  angina_treatment_16.webp
[21:56:35] [INFO]          img 17: [downloaded]  angina_treatment_17.webp
[21:56:35] [INFO]          img 18: [downloaded]  angina_treatment_18.webp
[21:56:35] [INFO]          img 19: [downloaded]  angina_treatment_19.webp
[21:56:35] [INFO]          img 20: [downloaded]  angina_treatment_20.webp
[21:56:35] [INFO]   [ 181/278]  Cancer Therapy  (11 image(s))
[21:56:35] [INFO]          img 1: [downloaded]  cancer_therapy_1.webp
[21:56:35] [INFO]          img 2: [downloaded]  cancer_therapy_2.webp
[21:56:35] [INFO]          img 3: [downloaded]  cancer_therapy_3.webp
[21:56:35] [INFO]          img 4: [downloaded]  cancer_therapy_4.webp
[21:56:35] [INFO]          img 5: [downloaded]  cancer_therapy_5.webp
[21:56:35] [INFO]          img 6: [downloaded]  cancer_therapy_6.webp
[21:56:35] [INFO]          img 7: [downloaded]  cancer_therapy_7.webp
[21:56:35] [INFO]          img 8: [downloaded]  cancer_therapy_8.webp
[21:56:35] [INFO]          img 9: [downloaded]  cancer_therapy_9.webp
[21:56:35] [INFO]          img 10: [downloaded]  cancer_therapy_10.webp
[21:56:36] [INFO]          img 11: [downloaded]  cancer_therapy_11.webp
[21:56:36] [INFO]   [ 182/278]  Alkylating Agent  (6 image(s))
[21:56:36] [INFO]          img 1: [downloaded]  alkylating_agent_1.webp
[21:56:36] [INFO]          img 2: [downloaded]  alkylating_agent_2.webp
[21:56:36] [INFO]          img 3: [downloaded]  alkylating_agent_3.webp
[21:56:36] [INFO]          img 4: [downloaded]  alkylating_agent_4.webp
[21:56:36] [INFO]          img 5: [downloaded]  alkylating_agent_5.webp
[21:56:36] [INFO]          img 6: [downloaded]  alkylating_agent_6.webp
[21:56:36] [INFO]   [ 183/278]  Monoclonal Antibodies  (3 image(s))
[21:56:36] [INFO]          img 1: [downloaded]  monoclonal_antibodies_1.webp
[21:56:36] [INFO]          img 2: [downloaded]  monoclonal_antibodies_2.webp
[21:56:36] [INFO]          img 3: [downloaded]  monoclonal_antibodies_3.webp
[21:56:36] [INFO]   [ 184/278]  Cytostatic Anti-Androgen  (3 image(s))
[21:56:36] [INFO]          img 1: [downloaded]  cytostatic_anti_androgen_1.webp
[21:56:36] [INFO]          img 2: [downloaded]  cytostatic_anti_androgen_2.webp
[21:56:36] [INFO]          img 3: [downloaded]  cytostatic_anti_androgen_3.webp
[21:56:36] [INFO]   [ 185/278]  Cytostatic ElGonadtropin Analogu  (2 image(s))
[21:56:36] [INFO]          img 1: [downloaded]  cytostatic_elgonadtropin_analogu_1.webp
[21:56:36] [INFO]          img 2: [downloaded]  cytostatic_elgonadtropin_analogu_2.webp
[21:56:36] [INFO]   [ 186/278]  Enzyme Inhibitor  (10 image(s))
[21:56:36] [INFO]          img 1: [downloaded]  enzyme_inhibitor_1.webp
[21:56:37] [INFO]          img 2: [downloaded]  enzyme_inhibitor_2.webp
[21:56:37] [INFO]          img 3: [downloaded]  enzyme_inhibitor_3.webp
[21:56:37] [INFO]          img 4: [downloaded]  enzyme_inhibitor_4.webp
[21:56:37] [INFO]          img 5: [downloaded]  enzyme_inhibitor_5.webp
[21:56:37] [INFO]          img 6: [downloaded]  enzyme_inhibitor_6.webp
[21:56:37] [INFO]          img 7: [downloaded]  enzyme_inhibitor_7.webp
[21:56:37] [INFO]          img 8: [downloaded]  enzyme_inhibitor_8.webp
[21:56:37] [INFO]          img 9: [downloaded]  enzyme_inhibitor_9.webp
[21:56:37] [INFO]          img 10: [downloaded]  enzyme_inhibitor_10.webp
[21:56:37] [INFO]   [ 187/278]  Cytostatic Anti-Oestrogen  (2 image(s))
[21:56:37] [INFO]          img 1: [downloaded]  cytostatic_anti_oestrogen_1.webp
[21:56:37] [INFO]          img 2: [downloaded]  cytostatic_anti_oestrogen_2.webp
[21:56:37] [INFO]   [ 188/278]  Anti-Metabolites  (2 image(s))
[21:56:37] [INFO]          img 1: [downloaded]  anti_metabolites_1.webp
[21:56:37] [INFO]          img 2: [downloaded]  anti_metabolites_2.webp
[21:56:37] [INFO]   [ 189/278]  Neutropenia  (1 image(s))
[21:56:37] [INFO]          img 1: [downloaded]  neutropenia_1.webp
[21:56:37] [INFO]   [ 190/278]  Immunomodulator  (2 image(s))
[21:56:37] [INFO]          img 1: [skip (exists)]  immunomodulator_1.webp
[21:56:37] [INFO]          img 2: [skip (exists)]  immunomodulator_2.webp
[21:56:37] [INFO]   [ 191/278]  Nutrients&Blood Electrolytes  (6 image(s))
[21:56:37] [INFO]          img 1: [downloaded]  nutrientsblood_electrolytes_1.webp
[21:56:38] [INFO]          img 2: [downloaded]  nutrientsblood_electrolytes_2.webp
[21:56:38] [INFO]          img 3: [downloaded]  nutrientsblood_electrolytes_3.webp
[21:56:38] [INFO]          img 4: [downloaded]  nutrientsblood_electrolytes_4.webp
[21:56:38] [INFO]          img 5: [downloaded]  nutrientsblood_electrolytes_5.webp
[21:56:38] [INFO]          img 6: [downloaded]  nutrientsblood_electrolytes_6.webp
[21:56:38] [INFO]   [ 192/278]  Plasma Substituent/Expander  (6 image(s))
[21:56:38] [INFO]          img 1: [downloaded]  plasma_substituentexpander_1.webp
[21:56:38] [INFO]          img 2: [downloaded]  plasma_substituentexpander_2.webp
[21:56:38] [INFO]          img 3: [downloaded]  plasma_substituentexpander_3.webp
[21:56:38] [INFO]          img 4: [downloaded]  plasma_substituentexpander_4.webp
[21:56:38] [INFO]          img 5: [downloaded]  plasma_substituentexpander_5.webp
[21:56:39] [INFO]          img 6: [downloaded]  plasma_substituentexpander_6.webp
[21:56:39] [INFO]   [ 193/278]  Endocrine System  (20 image(s))
[21:56:39] [INFO]          img 1: [downloaded]  endocrine_system_1.webp
[21:56:39] [INFO]          img 2: [downloaded]  endocrine_system_2.webp
[21:56:39] [INFO]          img 3: [downloaded]  endocrine_system_3.webp
[21:56:39] [INFO]          img 4: [downloaded]  endocrine_system_4.webp
[21:56:39] [INFO]          img 5: [downloaded]  endocrine_system_5.webp
[21:56:39] [INFO]          img 6: [downloaded]  endocrine_system_6.webp
[21:56:39] [INFO]          img 7: [downloaded]  endocrine_system_7.webp
[21:56:39] [INFO]          img 8: [downloaded]  endocrine_system_8.webp
[21:56:39] [INFO]          img 9: [downloaded]  endocrine_system_9.webp
[21:56:39] [INFO]          img 10: [downloaded]  endocrine_system_10.webp
[21:56:39] [INFO]          img 11: [downloaded]  endocrine_system_11.webp
[21:56:39] [INFO]          img 12: [downloaded]  endocrine_system_12.webp
[21:56:39] [INFO]          img 13: [downloaded]  endocrine_system_13.webp
[21:56:40] [INFO]          img 14: [downloaded]  endocrine_system_14.webp
[21:56:40] [INFO]          img 15: [downloaded]  endocrine_system_15.webp
[21:56:40] [INFO]          img 16: [downloaded]  endocrine_system_16.webp
[21:56:40] [INFO]          img 17: [downloaded]  endocrine_system_17.webp
[21:56:40] [INFO]          img 18: [downloaded]  endocrine_system_18.webp
[21:56:40] [INFO]          img 19: [downloaded]  endocrine_system_19.webp
[21:56:40] [INFO]          img 20: [downloaded]  endocrine_system_20.webp
[21:56:40] [INFO]   [ 194/278]  Anti-Hyper Thyroidism  (3 image(s))
[21:56:40] [INFO]          img 1: [downloaded]  anti_hyper_thyroidism_1.webp
[21:56:40] [INFO]          img 2: [downloaded]  anti_hyper_thyroidism_2.webp
[21:56:40] [INFO]          img 3: [downloaded]  anti_hyper_thyroidism_3.webp
[21:56:40] [INFO]   [ 195/278]  Hypo-Glycaemics / Antidiabetic  (24 image(s))
[21:56:40] [INFO]          img 1: [downloaded]  hypo_glycaemics_antidiabetic_1.webp
[21:56:40] [INFO]          img 2: [downloaded]  hypo_glycaemics_antidiabetic_2.webp
[21:56:40] [INFO]          img 3: [downloaded]  hypo_glycaemics_antidiabetic_3.webp
[21:56:40] [INFO]          img 4: [downloaded]  hypo_glycaemics_antidiabetic_4.webp
[21:56:41] [INFO]          img 5: [downloaded]  hypo_glycaemics_antidiabetic_5.webp
[21:56:41] [INFO]          img 6: [downloaded]  hypo_glycaemics_antidiabetic_6.webp
[21:56:41] [INFO]          img 7: [downloaded]  hypo_glycaemics_antidiabetic_7.webp
[21:56:41] [INFO]          img 8: [downloaded]  hypo_glycaemics_antidiabetic_8.webp
[21:56:41] [INFO]          img 9: [downloaded]  hypo_glycaemics_antidiabetic_9.webp
[21:56:41] [INFO]          img 10: [downloaded]  hypo_glycaemics_antidiabetic_10.webp
[21:56:41] [INFO]          img 11: [downloaded]  hypo_glycaemics_antidiabetic_11.webp
[21:56:41] [INFO]          img 12: [downloaded]  hypo_glycaemics_antidiabetic_12.webp
[21:56:41] [INFO]          img 13: [downloaded]  hypo_glycaemics_antidiabetic_13.webp
[21:56:41] [INFO]          img 14: [downloaded]  hypo_glycaemics_antidiabetic_14.webp
[21:56:41] [INFO]          img 15: [downloaded]  hypo_glycaemics_antidiabetic_15.webp
[21:56:41] [INFO]          img 16: [downloaded]  hypo_glycaemics_antidiabetic_16.webp
[21:56:41] [INFO]          img 17: [downloaded]  hypo_glycaemics_antidiabetic_17.webp
[21:56:42] [INFO]          img 18: [downloaded]  hypo_glycaemics_antidiabetic_18.webp
[21:56:42] [INFO]          img 19: [downloaded]  hypo_glycaemics_antidiabetic_19.webp
[21:56:42] [INFO]          img 20: [downloaded]  hypo_glycaemics_antidiabetic_20.webp
[21:56:42] [INFO]          img 21: [downloaded]  hypo_glycaemics_antidiabetic_21.webp
[21:56:42] [INFO]          img 22: [downloaded]  hypo_glycaemics_antidiabetic_22.webp
[21:56:42] [INFO]          img 23: [downloaded]  hypo_glycaemics_antidiabetic_23.webp
[21:56:42] [INFO]          img 24: [downloaded]  hypo_glycaemics_antidiabetic_24.webp
[21:56:42] [INFO]   [ 196/278]  Gluco-Corticoid  (24 image(s))
[21:56:42] [INFO]          img 1: [downloaded]  gluco_corticoid_1.webp
[21:56:42] [INFO]          img 2: [downloaded]  gluco_corticoid_2.webp
[21:56:42] [INFO]          img 3: [downloaded]  gluco_corticoid_3.webp
[21:56:42] [INFO]          img 4: [downloaded]  gluco_corticoid_4.webp
[21:56:42] [INFO]          img 5: [downloaded]  gluco_corticoid_5.webp
[21:56:42] [INFO]          img 6: [downloaded]  gluco_corticoid_6.webp
[21:56:42] [INFO]          img 7: [downloaded]  gluco_corticoid_7.webp
[21:56:42] [INFO]          img 8: [downloaded]  gluco_corticoid_8.webp
[21:56:42] [INFO]          img 9: [downloaded]  gluco_corticoid_9.webp
[21:56:43] [INFO]          img 10: [downloaded]  gluco_corticoid_10.webp
[21:56:43] [INFO]          img 11: [downloaded]  gluco_corticoid_11.webp
[21:56:43] [INFO]          img 12: [downloaded]  gluco_corticoid_12.webp
[21:56:43] [INFO]          img 13: [downloaded]  gluco_corticoid_13.webp
[21:56:43] [INFO]          img 14: [downloaded]  gluco_corticoid_14.webp
[21:56:43] [INFO]          img 15: [downloaded]  gluco_corticoid_15.webp
[21:56:43] [INFO]          img 16: [downloaded]  gluco_corticoid_16.webp
[21:56:43] [INFO]          img 17: [downloaded]  gluco_corticoid_17.webp
[21:56:43] [INFO]          img 18: [downloaded]  gluco_corticoid_18.webp
[21:56:43] [INFO]          img 19: [downloaded]  gluco_corticoid_19.webp
[21:56:43] [INFO]          img 20: [downloaded]  gluco_corticoid_20.webp
[21:56:43] [INFO]          img 21: [downloaded]  gluco_corticoid_21.webp
[21:56:43] [INFO]          img 22: [downloaded]  gluco_corticoid_22.webp
[21:56:43] [INFO]          img 23: [downloaded]  gluco_corticoid_23.webp
[21:56:43] [INFO]          img 24: [downloaded]  gluco_corticoid_24.webp
[21:56:43] [INFO]   [ 197/278]  Anti-Hypo Thyroidism  (12 image(s))
[21:56:43] [INFO]          img 1: [downloaded]  anti_hypo_thyroidism_1.webp
[21:56:43] [INFO]          img 2: [downloaded]  anti_hypo_thyroidism_2.webp
[21:56:44] [INFO]          img 3: [downloaded]  anti_hypo_thyroidism_3.webp
[21:56:44] [INFO]          img 4: [downloaded]  anti_hypo_thyroidism_4.webp
[21:56:44] [INFO]          img 5: [downloaded]  anti_hypo_thyroidism_5.webp
[21:56:44] [INFO]          img 6: [downloaded]  anti_hypo_thyroidism_6.webp
[21:56:44] [INFO]          img 7: [downloaded]  anti_hypo_thyroidism_7.webp
[21:56:44] [INFO]          img 8: [downloaded]  anti_hypo_thyroidism_8.webp
[21:56:44] [INFO]          img 9: [downloaded]  anti_hypo_thyroidism_9.webp
[21:56:44] [INFO]          img 10: [downloaded]  anti_hypo_thyroidism_10.webp
[21:56:44] [INFO]          img 11: [downloaded]  anti_hypo_thyroidism_11.webp
[21:56:44] [INFO]          img 12: [downloaded]  anti_hypo_thyroidism_12.webp
[21:56:44] [INFO]   [ 198/278]  Anti-Galactorrhoea  (7 image(s))
[21:56:44] [INFO]          img 1: [downloaded]  anti_galactorrhoea_1.webp
[21:56:44] [INFO]          img 2: [downloaded]  anti_galactorrhoea_2.webp
[21:56:44] [INFO]          img 3: [downloaded]  anti_galactorrhoea_3.webp
[21:56:44] [INFO]          img 4: [downloaded]  anti_galactorrhoea_4.webp
[21:56:44] [INFO]          img 5: [downloaded]  anti_galactorrhoea_5.webp
[21:56:45] [INFO]          img 6: [downloaded]  anti_galactorrhoea_6.webp
[21:56:45] [INFO]          img 7: [downloaded]  anti_galactorrhoea_7.webp
[21:56:45] [INFO]   [ 199/278]  Osteoporosis/ Arthritis Manag  (10 image(s))
[21:56:45] [INFO]          img 1: [downloaded]  osteoporosis_arthritis_manag_1.webp
[21:56:45] [INFO]          img 2: [downloaded]  osteoporosis_arthritis_manag_2.webp
[21:56:45] [INFO]          img 3: [downloaded]  osteoporosis_arthritis_manag_3.webp
[21:56:45] [INFO]          img 4: [downloaded]  osteoporosis_arthritis_manag_4.webp
[21:56:45] [INFO]          img 5: [downloaded]  osteoporosis_arthritis_manag_5.webp
[21:56:45] [INFO]          img 6: [downloaded]  osteoporosis_arthritis_manag_6.webp
[21:56:45] [INFO]          img 7: [downloaded]  osteoporosis_arthritis_manag_7.webp
[21:56:45] [INFO]          img 8: [downloaded]  osteoporosis_arthritis_manag_8.webp
[21:56:45] [INFO]          img 9: [downloaded]  osteoporosis_arthritis_manag_9.webp
[21:56:45] [INFO]          img 10: [downloaded]  osteoporosis_arthritis_manag_10.webp
[21:56:45] [INFO]   [ 200/278]  Female Sex Hormones  (23 image(s))
[21:56:45] [INFO]          img 1: [downloaded]  female_sex_hormones_1.webp
[21:56:46] [INFO]          img 2: [downloaded]  female_sex_hormones_2.webp
[21:56:46] [INFO]          img 3: [downloaded]  female_sex_hormones_3.webp
[21:56:46] [INFO]          img 4: [downloaded]  female_sex_hormones_4.webp
[21:56:46] [INFO]          img 5: [downloaded]  female_sex_hormones_5.webp
[21:56:46] [INFO]          img 6: [downloaded]  female_sex_hormones_6.webp
[21:56:46] [INFO]          img 7: [downloaded]  female_sex_hormones_7.webp
[21:56:46] [INFO]          img 8: [downloaded]  female_sex_hormones_8.webp
[21:56:46] [INFO]          img 9: [downloaded]  female_sex_hormones_9.webp
[21:56:46] [INFO]          img 10: [downloaded]  female_sex_hormones_10.webp
[21:56:46] [INFO]          img 11: [downloaded]  female_sex_hormones_11.webp
[21:56:46] [INFO]          img 12: [downloaded]  female_sex_hormones_12.webp
[21:56:46] [INFO]          img 13: [downloaded]  female_sex_hormones_13.webp
[21:56:46] [INFO]          img 14: [downloaded]  female_sex_hormones_14.webp
[21:56:46] [INFO]          img 15: [downloaded]  female_sex_hormones_15.webp
[21:56:46] [INFO]          img 16: [downloaded]  female_sex_hormones_16.webp
[21:56:47] [INFO]          img 17: [downloaded]  female_sex_hormones_17.webp
[21:56:47] [INFO]          img 18: [downloaded]  female_sex_hormones_18.webp
[21:56:47] [INFO]          img 19: [downloaded]  female_sex_hormones_19.webp
[21:56:47] [INFO]          img 20: [downloaded]  female_sex_hormones_20.webp
[21:56:47] [INFO]          img 21: [downloaded]  female_sex_hormones_21.webp
[21:56:47] [INFO]          img 22: [downloaded]  female_sex_hormones_22.webp
[21:56:47] [INFO]          img 23: [downloaded]  female_sex_hormones_23.webp
[21:56:47] [INFO]   [ 201/278]  Male Sex Horm / Androgens  (3 image(s))
[21:56:47] [INFO]          img 1: [skip (exists)]  male_sex_horm_androgens_1.webp
[21:56:47] [INFO]          img 2: [skip (exists)]  male_sex_horm_androgens_2.webp
[21:56:47] [INFO]          img 3: [skip (exists)]  male_sex_horm_androgens_3.webp
[21:56:47] [INFO]   [ 202/278]  Insulins  (23 image(s))
[21:56:47] [INFO]          img 1: [downloaded]  insulins_1.webp
[21:56:47] [INFO]          img 2: [downloaded]  insulins_2.webp
[21:56:47] [INFO]          img 3: [downloaded]  insulins_3.webp
[21:56:47] [INFO]          img 4: [downloaded]  insulins_4.webp
[21:56:47] [INFO]          img 5: [downloaded]  insulins_5.webp
[21:56:47] [INFO]          img 6: [downloaded]  insulins_6.webp
[21:56:47] [INFO]          img 7: [downloaded]  insulins_7.webp
[21:56:47] [INFO]          img 8: [downloaded]  insulins_8.webp
[21:56:47] [INFO]          img 9: [downloaded]  insulins_9.webp
[21:56:48] [INFO]          img 10: [downloaded]  insulins_10.webp
[21:56:48] [INFO]          img 11: [downloaded]  insulins_11.webp
[21:56:48] [INFO]          img 12: [downloaded]  insulins_12.webp
[21:56:48] [INFO]          img 13: [downloaded]  insulins_13.webp
[21:56:48] [INFO]          img 14: [downloaded]  insulins_14.webp
[21:56:48] [INFO]          img 15: [downloaded]  insulins_15.webp
[21:56:48] [INFO]          img 16: [downloaded]  insulins_16.webp
[21:56:48] [INFO]          img 17: [downloaded]  insulins_17.webp
[21:56:48] [INFO]          img 18: [downloaded]  insulins_18.webp
[21:56:48] [INFO]          img 19: [downloaded]  insulins_19.webp
[21:56:48] [INFO]          img 20: [downloaded]  insulins_20.webp
[21:56:48] [INFO]          img 21: [downloaded]  insulins_21.webp
[21:56:48] [INFO]          img 22: [downloaded]  insulins_22.webp
[21:56:48] [INFO]          img 23: [downloaded]  insulins_23.webp
[21:56:48] [INFO]   [ 203/278]  Infertility Treatment.  (14 image(s))
[21:56:48] [INFO]          img 1: [skip (exists)]  infertility_treatment_1.webp
[21:56:48] [INFO]          img 2: [skip (exists)]  infertility_treatment_2.webp
[21:56:48] [INFO]          img 3: [skip (exists)]  infertility_treatment_3.webp
[21:56:48] [INFO]          img 4: [skip (exists)]  infertility_treatment_4.webp
[21:56:48] [INFO]          img 5: [downloaded]  infertility_treatment_5.webp
[21:56:48] [INFO]          img 6: [downloaded]  infertility_treatment_6.webp
[21:56:49] [INFO]          img 7: [downloaded]  infertility_treatment_7.webp
[21:56:49] [INFO]          img 8: [downloaded]  infertility_treatment_8.webp
[21:56:49] [INFO]          img 9: [downloaded]  infertility_treatment_9.webp
[21:56:49] [INFO]          img 10: [downloaded]  infertility_treatment_10.webp
[21:56:49] [INFO]          img 11: [downloaded]  infertility_treatment_11.webp
[21:56:49] [INFO]          img 12: [downloaded]  infertility_treatment_12.webp
[21:56:49] [INFO]          img 13: [downloaded]  infertility_treatment_13.webp
[21:56:49] [INFO]          img 14: [downloaded]  infertility_treatment_14.webp
[21:56:49] [INFO]   [ 204/278]  Growth Hormone  (8 image(s))
[21:56:49] [INFO]          img 1: [downloaded]  growth_hormone_1.webp
[21:56:49] [INFO]          img 2: [downloaded]  growth_hormone_2.webp
[21:56:49] [INFO]          img 3: [downloaded]  growth_hormone_3.webp
[21:56:49] [INFO]          img 4: [downloaded]  growth_hormone_4.webp
[21:56:49] [INFO]          img 5: [downloaded]  growth_hormone_5.webp
[21:56:49] [INFO]          img 6: [downloaded]  growth_hormone_6.webp
[21:56:50] [INFO]          img 7: [downloaded]  growth_hormone_7.webp
[21:56:50] [INFO]          img 8: [downloaded]  growth_hormone_8.webp
[21:56:50] [INFO]   [ 205/278]  Make Up  (24 image(s))
[21:56:50] [INFO]          img 1: [downloaded]  make_up_1.webp
[21:56:50] [INFO]          img 2: [downloaded]  make_up_2.webp
[21:56:50] [INFO]          img 3: [downloaded]  make_up_3.webp
[21:56:50] [INFO]          img 4: [downloaded]  make_up_4.webp
[21:56:50] [INFO]          img 5: [downloaded]  make_up_5.webp
[21:56:50] [INFO]          img 6: [downloaded]  make_up_6.webp
[21:56:50] [INFO]          img 7: [downloaded]  make_up_7.webp
[21:56:50] [INFO]          img 8: [downloaded]  make_up_8.webp
[21:56:50] [INFO]          img 9: [downloaded]  make_up_9.webp
[21:56:50] [INFO]          img 10: [downloaded]  make_up_10.webp
[21:56:50] [INFO]          img 11: [downloaded]  make_up_11.webp
[21:56:51] [INFO]          img 12: [downloaded]  make_up_12.webp
[21:56:51] [INFO]          img 13: [downloaded]  make_up_13.webp
[21:56:51] [INFO]          img 14: [downloaded]  make_up_14.webp
[21:56:51] [INFO]          img 15: [downloaded]  make_up_15.webp
[21:56:51] [INFO]          img 16: [downloaded]  make_up_16.webp
[21:56:51] [INFO]          img 17: [downloaded]  make_up_17.webp
[21:56:51] [INFO]          img 18: [downloaded]  make_up_18.webp
[21:56:51] [INFO]          img 19: [downloaded]  make_up_19.webp
[21:56:51] [INFO]          img 20: [downloaded]  make_up_20.webp
[21:56:51] [INFO]          img 21: [downloaded]  make_up_21.webp
[21:56:51] [INFO]          img 22: [downloaded]  make_up_22.webp
[21:56:51] [INFO]          img 23: [downloaded]  make_up_23.webp
[21:56:51] [INFO]          img 24: [downloaded]  make_up_24.webp
[21:56:51] [INFO]   [ 206/278]  Face  (19 image(s))
[21:56:51] [INFO]          img 1: [downloaded]  face_1.webp
[21:56:51] [INFO]          img 2: [downloaded]  face_2.webp
[21:56:51] [INFO]          img 3: [downloaded]  face_3.webp
[21:56:51] [INFO]          img 4: [downloaded]  face_4.webp
[21:56:52] [INFO]          img 5: [downloaded]  face_5.webp
[21:56:52] [INFO]          img 6: [downloaded]  face_6.webp
[21:56:52] [INFO]          img 7: [downloaded]  face_7.webp
[21:56:52] [INFO]          img 8: [downloaded]  face_8.webp
[21:56:52] [INFO]          img 9: [downloaded]  face_9.webp
[21:56:52] [INFO]          img 10: [downloaded]  face_10.webp
[21:56:52] [INFO]          img 11: [downloaded]  face_11.webp
[21:56:52] [INFO]          img 12: [downloaded]  face_12.webp
[21:56:52] [INFO]          img 13: [downloaded]  face_13.webp
[21:56:52] [INFO]          img 14: [downloaded]  face_14.webp
[21:56:52] [INFO]          img 15: [downloaded]  face_15.webp
[21:56:52] [INFO]          img 16: [downloaded]  face_16.webp
[21:56:52] [INFO]          img 17: [downloaded]  face_17.webp
[21:56:52] [INFO]          img 18: [downloaded]  face_18.webp
[21:56:52] [INFO]          img 19: [downloaded]  face_19.webp
[21:56:52] [INFO]   [ 207/278]  Nail  (24 image(s))
[21:56:53] [INFO]          img 1: [downloaded]  nail_1.webp
[21:56:53] [INFO]          img 2: [downloaded]  nail_2.webp
[21:56:53] [INFO]          img 3: [downloaded]  nail_3.webp
[21:56:53] [INFO]          img 4: [downloaded]  nail_4.webp
[21:56:53] [INFO]          img 5: [downloaded]  nail_5.webp
[21:56:53] [INFO]          img 6: [downloaded]  nail_6.webp
[21:56:53] [INFO]          img 7: [downloaded]  nail_7.webp
[21:56:53] [INFO]          img 8: [downloaded]  nail_8.webp
[21:56:53] [INFO]          img 9: [downloaded]  nail_9.webp
[21:56:53] [INFO]          img 10: [downloaded]  nail_10.webp
[21:56:53] [INFO]          img 11: [downloaded]  nail_11.webp
[21:56:53] [INFO]          img 12: [downloaded]  nail_12.webp
[21:56:53] [INFO]          img 13: [downloaded]  nail_13.webp
[21:56:53] [INFO]          img 14: [downloaded]  nail_14.webp
[21:56:53] [INFO]          img 15: [downloaded]  nail_15.webp
[21:56:53] [INFO]          img 16: [downloaded]  nail_16.webp
[21:56:53] [INFO]          img 17: [downloaded]  nail_17.webp
[21:56:54] [INFO]          img 18: [downloaded]  nail_18.webp
[21:56:54] [INFO]          img 19: [downloaded]  nail_19.webp
[21:56:54] [INFO]          img 20: [downloaded]  nail_20.webp
[21:56:54] [INFO]          img 21: [downloaded]  nail_21.webp
[21:56:54] [INFO]          img 22: [downloaded]  nail_22.webp
[21:56:54] [INFO]          img 23: [downloaded]  nail_23.webp
[21:56:54] [INFO]          img 24: [downloaded]  nail_24.webp
[21:56:54] [INFO]   [ 208/278]  Eye  (23 image(s))
[21:56:54] [INFO]          img 1: [downloaded]  eye_1.webp
[21:56:54] [INFO]          img 2: [downloaded]  eye_2.webp
[21:56:54] [INFO]          img 3: [downloaded]  eye_3.webp
[21:56:54] [INFO]          img 4: [downloaded]  eye_4.webp
[21:56:54] [INFO]          img 5: [downloaded]  eye_5.webp
[21:56:54] [INFO]          img 6: [downloaded]  eye_6.webp
[21:56:54] [INFO]          img 7: [downloaded]  eye_7.webp
[21:56:54] [INFO]          img 8: [downloaded]  eye_8.webp
[21:56:54] [INFO]          img 9: [downloaded]  eye_9.webp
[21:56:54] [INFO]          img 10: [downloaded]  eye_10.webp
[21:56:55] [INFO]          img 11: [downloaded]  eye_11.webp
[21:56:55] [INFO]          img 12: [downloaded]  eye_12.webp
[21:56:55] [INFO]          img 13: [downloaded]  eye_13.webp
[21:56:55] [INFO]          img 14: [downloaded]  eye_14.webp
[21:56:55] [INFO]          img 15: [downloaded]  eye_15.webp
[21:56:55] [INFO]          img 16: [downloaded]  eye_16.webp
[21:56:55] [INFO]          img 17: [downloaded]  eye_17.webp
[21:56:55] [INFO]          img 18: [downloaded]  eye_18.webp
[21:56:55] [INFO]          img 19: [downloaded]  eye_19.webp
[21:56:55] [INFO]          img 20: [downloaded]  eye_20.webp
[21:56:55] [INFO]          img 21: [downloaded]  eye_21.webp
[21:56:55] [INFO]          img 22: [downloaded]  eye_22.webp
[21:56:55] [INFO]          img 23: [downloaded]  eye_23.webp
[21:56:55] [INFO]   [ 209/278]  Lip  (24 image(s))
[21:56:55] [INFO]          img 1: [downloaded]  lip_1.webp
[21:56:56] [INFO]          img 2: [downloaded]  lip_2.webp
[21:56:56] [INFO]          img 3: [downloaded]  lip_3.webp
[21:56:56] [INFO]          img 4: [downloaded]  lip_4.webp
[21:56:56] [INFO]          img 5: [downloaded]  lip_5.webp
[21:56:56] [INFO]          img 6: [downloaded]  lip_6.webp
[21:56:56] [INFO]          img 7: [downloaded]  lip_7.webp
[21:56:56] [INFO]          img 8: [downloaded]  lip_8.webp
[21:56:56] [INFO]          img 9: [downloaded]  lip_9.webp
[21:56:56] [INFO]          img 10: [downloaded]  lip_10.webp
[21:56:56] [INFO]          img 11: [downloaded]  lip_11.webp
[21:56:56] [INFO]          img 12: [downloaded]  lip_12.webp
[21:56:56] [INFO]          img 13: [downloaded]  lip_13.webp
[21:56:56] [INFO]          img 14: [downloaded]  lip_14.webp
[21:56:57] [INFO]          img 15: [downloaded]  lip_15.webp
[21:56:57] [INFO]          img 16: [downloaded]  lip_16.webp
[21:56:57] [INFO]          img 17: [downloaded]  lip_17.webp
[21:56:57] [INFO]          img 18: [downloaded]  lip_18.webp
[21:56:57] [INFO]          img 19: [downloaded]  lip_19.webp
[21:56:57] [INFO]          img 20: [downloaded]  lip_20.webp
[21:56:57] [INFO]          img 21: [downloaded]  lip_21.webp
[21:56:57] [INFO]          img 22: [downloaded]  lip_22.webp
[21:56:57] [INFO]          img 23: [downloaded]  lip_23.webp
[21:56:57] [INFO]          img 24: [downloaded]  lip_24.webp
[21:56:57] [INFO]   [ 210/278]  Mom & Baby  (23 image(s))
[21:56:57] [INFO]          img 1: [downloaded]  mom_baby_1.webp
[21:56:57] [INFO]          img 2: [downloaded]  mom_baby_2.webp
[21:56:57] [INFO]          img 3: [downloaded]  mom_baby_3.webp
[21:56:57] [INFO]          img 4: [downloaded]  mom_baby_4.webp
[21:56:57] [INFO]          img 5: [downloaded]  mom_baby_5.webp
[21:56:58] [INFO]          img 6: [downloaded]  mom_baby_6.webp
[21:56:58] [INFO]          img 7: [downloaded]  mom_baby_7.webp
[21:56:58] [INFO]          img 8: [downloaded]  mom_baby_8.webp
[21:56:58] [INFO]          img 9: [downloaded]  mom_baby_9.webp
[21:56:58] [INFO]          img 10: [downloaded]  mom_baby_10.webp
[21:56:58] [INFO]          img 11: [downloaded]  mom_baby_11.webp
[21:56:58] [INFO]          img 12: [downloaded]  mom_baby_12.webp
[21:56:58] [INFO]          img 13: [downloaded]  mom_baby_13.webp
[21:56:58] [INFO]          img 14: [downloaded]  mom_baby_14.webp
[21:56:58] [INFO]          img 15: [downloaded]  mom_baby_15.webp
[21:56:58] [INFO]          img 16: [downloaded]  mom_baby_16.webp
[21:56:58] [INFO]          img 17: [downloaded]  mom_baby_17.webp
[21:56:58] [INFO]          img 18: [downloaded]  mom_baby_18.webp
[21:56:58] [INFO]          img 19: [downloaded]  mom_baby_19.webp
[21:56:58] [INFO]          img 20: [downloaded]  mom_baby_20.webp
[21:56:58] [INFO]          img 21: [downloaded]  mom_baby_21.webp
[21:56:59] [INFO]          img 22: [downloaded]  mom_baby_22.webp
[21:56:59] [INFO]          img 23: [downloaded]  mom_baby_23.webp
[21:56:59] [INFO]   [ 211/278]  Lenses  (23 image(s))
[21:56:59] [INFO]          img 1: [downloaded]  lenses_1.webp
[21:56:59] [INFO]          img 2: [downloaded]  lenses_2.jpg
[21:56:59] [INFO]          img 3: [downloaded]  lenses_3.jpg
[21:56:59] [INFO]          img 4: [downloaded]  lenses_4.webp
[21:56:59] [INFO]          img 5: [downloaded]  lenses_5.webp
[21:56:59] [INFO]          img 6: [downloaded]  lenses_6.webp
[21:56:59] [INFO]          img 7: [downloaded]  lenses_7.jpg
[21:56:59] [INFO]          img 8: [downloaded]  lenses_8.webp
[21:56:59] [INFO]          img 9: [downloaded]  lenses_9.webp
[21:56:59] [INFO]          img 10: [downloaded]  lenses_10.webp
[21:56:59] [INFO]          img 11: [downloaded]  lenses_11.webp
[21:56:59] [INFO]          img 12: [downloaded]  lenses_12.webp
[21:57:00] [INFO]          img 13: [downloaded]  lenses_13.webp
[21:57:00] [INFO]          img 14: [downloaded]  lenses_14.webp
[21:57:00] [INFO]          img 15: [downloaded]  lenses_15.webp
[21:57:00] [INFO]          img 16: [downloaded]  lenses_16.webp
[21:57:00] [INFO]          img 17: [downloaded]  lenses_17.webp
[21:57:00] [INFO]          img 18: [downloaded]  lenses_18.webp
[21:57:00] [INFO]          img 19: [downloaded]  lenses_19.webp
[21:57:00] [INFO]          img 20: [downloaded]  lenses_20.webp
[21:57:00] [INFO]          img 21: [downloaded]  lenses_21.webp
[21:57:00] [INFO]          img 22: [downloaded]  lenses_22.webp
[21:57:01] [INFO]          img 23: [downloaded]  lenses_23.webp
[21:57:01] [INFO]   [ 212/278]  Beauty Accessories  (17 image(s))
[21:57:01] [INFO]          img 1: [downloaded]  beauty_accessories_1.webp
[21:57:01] [INFO]          img 2: [downloaded]  beauty_accessories_2.webp
[21:57:01] [INFO]          img 3: [downloaded]  beauty_accessories_3.webp
[21:57:01] [INFO]          img 4: [downloaded]  beauty_accessories_4.webp
[21:57:01] [INFO]          img 5: [downloaded]  beauty_accessories_5.webp
[21:57:01] [INFO]          img 6: [downloaded]  beauty_accessories_6.webp
[21:57:01] [INFO]          img 7: [downloaded]  beauty_accessories_7.webp
[21:57:01] [INFO]          img 8: [downloaded]  beauty_accessories_8.webp
[21:57:01] [INFO]          img 9: [downloaded]  beauty_accessories_9.webp
[21:57:01] [INFO]          img 10: [downloaded]  beauty_accessories_10.webp
[21:57:01] [INFO]          img 11: [downloaded]  beauty_accessories_11.webp
[21:57:02] [INFO]          img 12: [downloaded]  beauty_accessories_12.webp
[21:57:02] [INFO]          img 13: [downloaded]  beauty_accessories_13.webp
[21:57:02] [INFO]          img 14: [downloaded]  beauty_accessories_14.webp
[21:57:02] [INFO]          img 15: [downloaded]  beauty_accessories_15.webp
[21:57:02] [INFO]          img 16: [downloaded]  beauty_accessories_16.webp
[21:57:02] [INFO]          img 17: [downloaded]  beauty_accessories_17.webp
[21:57:02] [INFO]   [ 213/278]  Perfume  (24 image(s))
[21:57:02] [INFO]          img 1: [downloaded]  perfume_1.webp
[21:57:02] [INFO]          img 2: [downloaded]  perfume_2.webp
[21:57:02] [INFO]          img 3: [downloaded]  perfume_3.webp
[21:57:02] [INFO]          img 4: [downloaded]  perfume_4.webp
[21:57:02] [INFO]          img 5: [downloaded]  perfume_5.webp
[21:57:02] [INFO]          img 6: [downloaded]  perfume_6.webp
[21:57:02] [INFO]          img 7: [downloaded]  perfume_7.webp
[21:57:02] [INFO]          img 8: [downloaded]  perfume_8.webp
[21:57:03] [INFO]          img 9: [downloaded]  perfume_9.webp
[21:57:03] [INFO]          img 10: [downloaded]  perfume_10.webp
[21:57:03] [INFO]          img 11: [downloaded]  perfume_11.webp
[21:57:03] [INFO]          img 12: [downloaded]  perfume_12.webp
[21:57:03] [INFO]          img 13: [downloaded]  perfume_13.webp
[21:57:03] [INFO]          img 14: [downloaded]  perfume_14.webp
[21:57:03] [INFO]          img 15: [downloaded]  perfume_15.webp
[21:57:03] [INFO]          img 16: [downloaded]  perfume_16.webp
[21:57:03] [INFO]          img 17: [downloaded]  perfume_17.webp
[21:57:03] [INFO]          img 18: [downloaded]  perfume_18.webp
[21:57:03] [INFO]          img 19: [downloaded]  perfume_19.webp
[21:57:03] [INFO]          img 20: [downloaded]  perfume_20.webp
[21:57:03] [INFO]          img 21: [downloaded]  perfume_21.webp
[21:57:03] [INFO]          img 22: [downloaded]  perfume_22.webp
[21:57:03] [INFO]          img 23: [downloaded]  perfume_23.webp
[21:57:04] [INFO]          img 24: [downloaded]  perfume_24.webp
[21:57:04] [INFO]   [ 214/278]  GLasses  (9 image(s))
[21:57:04] [INFO]          img 1: [downloaded]  glasses_1.webp
[21:57:04] [INFO]          img 2: [downloaded]  glasses_2.webp
[21:57:04] [INFO]          img 3: [downloaded]  glasses_3.webp
[21:57:04] [INFO]          img 4: [downloaded]  glasses_4.webp
[21:57:04] [INFO]          img 5: [downloaded]  glasses_5.webp
[21:57:04] [INFO]          img 6: [downloaded]  glasses_6.webp
[21:57:04] [INFO]          img 7: [downloaded]  glasses_7.webp
[21:57:04] [INFO]          img 8: [downloaded]  glasses_8.webp
[21:57:04] [INFO]          img 9: [downloaded]  glasses_9.webp
[21:57:04] [INFO]   [ 215/278]  Eye Lasher Accessories  (21 image(s))
[21:57:04] [INFO]          img 1: [downloaded]  eye_lasher_accessories_1.webp
[21:57:04] [INFO]          img 2: [downloaded]  eye_lasher_accessories_2.webp
[21:57:04] [INFO]          img 3: [downloaded]  eye_lasher_accessories_3.webp
[21:57:04] [INFO]          img 4: [downloaded]  eye_lasher_accessories_4.webp
[21:57:04] [INFO]          img 5: [downloaded]  eye_lasher_accessories_5.webp
[21:57:04] [INFO]          img 6: [downloaded]  eye_lasher_accessories_6.webp
[21:57:05] [INFO]          img 7: [downloaded]  eye_lasher_accessories_7.webp
[21:57:05] [INFO]          img 8: [downloaded]  eye_lasher_accessories_8.webp
[21:57:06] [INFO]          img 9: [downloaded]  eye_lasher_accessories_9.webp
[21:57:06] [INFO]          img 10: [downloaded]  eye_lasher_accessories_10.webp
[21:57:06] [INFO]          img 11: [downloaded]  eye_lasher_accessories_11.webp
[21:57:06] [INFO]          img 12: [downloaded]  eye_lasher_accessories_12.webp
[21:57:06] [INFO]          img 13: [downloaded]  eye_lasher_accessories_13.webp
[21:57:06] [INFO]          img 14: [downloaded]  eye_lasher_accessories_14.webp
[21:57:06] [INFO]          img 15: [downloaded]  eye_lasher_accessories_15.webp
[21:57:06] [INFO]          img 16: [downloaded]  eye_lasher_accessories_16.webp
[21:57:06] [INFO]          img 17: [downloaded]  eye_lasher_accessories_17.webp
[21:57:06] [INFO]          img 18: [downloaded]  eye_lasher_accessories_18.webp
[21:57:07] [INFO]          img 19: [downloaded]  eye_lasher_accessories_19.webp
[21:57:07] [INFO]          img 20: [downloaded]  eye_lasher_accessories_20.webp
[21:57:07] [INFO]          img 21: [downloaded]  eye_lasher_accessories_21.webp
[21:57:07] [INFO]   [ 216/278]  Nails Beauty  (23 image(s))
[21:57:07] [INFO]          img 1: [downloaded]  nails_beauty_1.webp
[21:57:07] [INFO]          img 2: [downloaded]  nails_beauty_2.webp
[21:57:07] [INFO]          img 3: [downloaded]  nails_beauty_3.webp
[21:57:07] [INFO]          img 4: [downloaded]  nails_beauty_4.webp
[21:57:07] [INFO]          img 5: [downloaded]  nails_beauty_5.webp
[21:57:07] [INFO]          img 6: [downloaded]  nails_beauty_6.webp
[21:57:07] [INFO]          img 7: [downloaded]  nails_beauty_7.webp
[21:57:08] [INFO]          img 8: [downloaded]  nails_beauty_8.webp
[21:57:08] [INFO]          img 9: [downloaded]  nails_beauty_9.webp
[21:57:08] [INFO]          img 10: [downloaded]  nails_beauty_10.webp
[21:57:08] [INFO]          img 11: [downloaded]  nails_beauty_11.webp
[21:57:08] [INFO]          img 12: [downloaded]  nails_beauty_12.webp
[21:57:08] [INFO]          img 13: [downloaded]  nails_beauty_13.webp
[21:57:08] [INFO]          img 14: [downloaded]  nails_beauty_14.webp
[21:57:08] [INFO]          img 15: [downloaded]  nails_beauty_15.webp
[21:57:08] [INFO]          img 16: [downloaded]  nails_beauty_16.webp
[21:57:08] [INFO]          img 17: [downloaded]  nails_beauty_17.webp
[21:57:08] [INFO]          img 18: [downloaded]  nails_beauty_18.webp
[21:57:08] [INFO]          img 19: [downloaded]  nails_beauty_19.webp
[21:57:08] [INFO]          img 20: [downloaded]  nails_beauty_20.webp
[21:57:09] [INFO]          img 21: [downloaded]  nails_beauty_21.webp
[21:57:09] [INFO]          img 22: [downloaded]  nails_beauty_22.webp
[21:57:09] [INFO]          img 23: [downloaded]  nails_beauty_23.webp
[21:57:09] [INFO]   [ 217/278]  Oral Care  (17 image(s))
[21:57:09] [INFO]          img 1: [downloaded]  oral_care_1.webp
[21:57:09] [INFO]          img 2: [downloaded]  oral_care_2.webp
[21:57:09] [INFO]          img 3: [downloaded]  oral_care_3.webp
[21:57:09] [INFO]          img 4: [downloaded]  oral_care_4.webp
[21:57:09] [INFO]          img 5: [downloaded]  oral_care_5.webp
[21:57:09] [INFO]          img 6: [downloaded]  oral_care_6.webp
[21:57:10] [INFO]          img 7: [downloaded]  oral_care_7.webp
[21:57:10] [INFO]          img 8: [downloaded]  oral_care_8.webp
[21:57:10] [INFO]          img 9: [downloaded]  oral_care_9.webp
[21:57:10] [INFO]          img 10: [downloaded]  oral_care_10.webp
[21:57:10] [INFO]          img 11: [downloaded]  oral_care_11.webp
[21:57:10] [INFO]          img 12: [downloaded]  oral_care_12.webp
[21:57:10] [INFO]          img 13: [downloaded]  oral_care_13.webp
[21:57:10] [INFO]          img 14: [downloaded]  oral_care_14.webp
[21:57:10] [INFO]          img 15: [downloaded]  oral_care_15.webp
[21:57:10] [INFO]          img 16: [downloaded]  oral_care_16.webp
[21:57:10] [INFO]          img 17: [downloaded]  oral_care_17.webp
[21:57:10] [INFO]   [ 218/278]  Dental Care  (7 image(s))
[21:57:10] [INFO]          img 1: [downloaded]  dental_care_1.webp
[21:57:11] [INFO]          img 2: [downloaded]  dental_care_2.webp
[21:57:11] [INFO]          img 3: [downloaded]  dental_care_3.webp
[21:57:11] [INFO]          img 4: [downloaded]  dental_care_4.webp
[21:57:11] [INFO]          img 5: [downloaded]  dental_care_5.webp
[21:57:11] [INFO]          img 6: [downloaded]  dental_care_6.webp
[21:57:11] [INFO]          img 7: [downloaded]  dental_care_7.webp
[21:57:11] [INFO]   [ 219/278]  Breath Fresheners  (10 image(s))
[21:57:11] [INFO]          img 1: [downloaded]  breath_fresheners_1.webp
[21:57:11] [INFO]          img 2: [downloaded]  breath_fresheners_2.webp
[21:57:11] [INFO]          img 3: [downloaded]  breath_fresheners_3.webp
[21:57:11] [INFO]          img 4: [downloaded]  breath_fresheners_4.webp
[21:57:12] [INFO]          img 5: [downloaded]  breath_fresheners_5.webp
[21:57:12] [INFO]          img 6: [downloaded]  breath_fresheners_6.webp
[21:57:12] [INFO]          img 7: [downloaded]  breath_fresheners_7.webp
[21:57:12] [INFO]          img 8: [downloaded]  breath_fresheners_8.webp
[21:57:12] [INFO]          img 9: [downloaded]  breath_fresheners_9.webp
[21:57:12] [INFO]          img 10: [downloaded]  breath_fresheners_10.webp
[21:57:12] [INFO]   [ 220/278]  Teeth Whitening  (8 image(s))
[21:57:12] [INFO]          img 1: [downloaded]  teeth_whitening_1.webp
[21:57:12] [INFO]          img 2: [downloaded]  teeth_whitening_2.webp
[21:57:12] [INFO]          img 3: [downloaded]  teeth_whitening_3.webp
[21:57:12] [INFO]          img 4: [downloaded]  teeth_whitening_4.webp
[21:57:12] [INFO]          img 5: [downloaded]  teeth_whitening_5.webp
[21:57:12] [INFO]          img 6: [downloaded]  teeth_whitening_6.webp
[21:57:13] [INFO]          img 7: [downloaded]  teeth_whitening_7.webp
[21:57:13] [INFO]          img 8: [downloaded]  teeth_whitening_8.webp
[21:57:13] [INFO]   [ 221/278]  Toothbrush  (19 image(s))
[21:57:13] [INFO]          img 1: [downloaded]  toothbrush_1.webp
[21:57:13] [INFO]          img 2: [downloaded]  toothbrush_2.webp
[21:57:13] [INFO]          img 3: [downloaded]  toothbrush_3.webp
[21:57:13] [INFO]          img 4: [downloaded]  toothbrush_4.webp
[21:57:13] [INFO]          img 5: [downloaded]  toothbrush_5.webp
[21:57:13] [INFO]          img 6: [downloaded]  toothbrush_6.webp
[21:57:13] [INFO]          img 7: [downloaded]  toothbrush_7.webp
[21:57:14] [INFO]          img 8: [downloaded]  toothbrush_8.webp
[21:57:14] [INFO]          img 9: [downloaded]  toothbrush_9.webp
[21:57:14] [INFO]          img 10: [downloaded]  toothbrush_10.webp
[21:57:14] [INFO]          img 11: [downloaded]  toothbrush_11.webp
[21:57:14] [INFO]          img 12: [downloaded]  toothbrush_12.webp
[21:57:14] [INFO]          img 13: [downloaded]  toothbrush_13.webp
[21:57:14] [INFO]          img 14: [downloaded]  toothbrush_14.webp
[21:57:14] [INFO]          img 15: [downloaded]  toothbrush_15.webp
[21:57:15] [INFO]          img 16: [downloaded]  toothbrush_16.webp
[21:57:15] [INFO]          img 17: [downloaded]  toothbrush_17.webp
[21:57:15] [INFO]          img 18: [downloaded]  toothbrush_18.webp
[21:57:15] [INFO]          img 19: [downloaded]  toothbrush_19.webp
[21:57:15] [INFO]   [ 222/278]  Mouthwash & Gargle  (20 image(s))
[21:57:15] [INFO]          img 1: [skip (exists)]  mouthwash_gargle_1.webp
[21:57:15] [INFO]          img 2: [skip (exists)]  mouthwash_gargle_2.webp
[21:57:15] [INFO]          img 3: [skip (exists)]  mouthwash_gargle_3.webp
[21:57:15] [INFO]          img 4: [skip (exists)]  mouthwash_gargle_4.webp
[21:57:15] [INFO]          img 5: [skip (exists)]  mouthwash_gargle_5.webp
[21:57:15] [INFO]          img 6: [skip (exists)]  mouthwash_gargle_6.webp
[21:57:15] [INFO]          img 7: [skip (exists)]  mouthwash_gargle_7.webp
[21:57:15] [INFO]          img 8: [skip (exists)]  mouthwash_gargle_8.webp
[21:57:15] [INFO]          img 9: [skip (exists)]  mouthwash_gargle_9.webp
[21:57:15] [INFO]          img 10: [skip (exists)]  mouthwash_gargle_10.webp
[21:57:15] [INFO]          img 11: [skip (exists)]  mouthwash_gargle_11.webp
[21:57:15] [INFO]          img 12: [skip (exists)]  mouthwash_gargle_12.webp
[21:57:15] [INFO]          img 13: [skip (exists)]  mouthwash_gargle_13.webp
[21:57:15] [INFO]          img 14: [skip (exists)]  mouthwash_gargle_14.webp
[21:57:15] [INFO]          img 15: [skip (exists)]  mouthwash_gargle_15.webp
[21:57:15] [INFO]          img 16: [skip (exists)]  mouthwash_gargle_16.webp
[21:57:15] [INFO]          img 17: [skip (exists)]  mouthwash_gargle_17.webp
[21:57:15] [INFO]          img 18: [skip (exists)]  mouthwash_gargle_18.webp
[21:57:15] [INFO]          img 19: [skip (exists)]  mouthwash_gargle_19.webp
[21:57:15] [INFO]          img 20: [downloaded]  mouthwash_gargle_20.webp
[21:57:15] [INFO]   [ 223/278]  Dental Floss  (9 image(s))
[21:57:15] [INFO]          img 1: [downloaded]  dental_floss_1.webp
[21:57:15] [INFO]          img 2: [downloaded]  dental_floss_2.webp
[21:57:15] [INFO]          img 3: [downloaded]  dental_floss_3.webp
[21:57:15] [INFO]          img 4: [downloaded]  dental_floss_4.webp
[21:57:16] [INFO]          img 5: [downloaded]  dental_floss_5.webp
[21:57:16] [INFO]          img 6: [downloaded]  dental_floss_6.webp
[21:57:16] [INFO]          img 7: [downloaded]  dental_floss_7.webp
[21:57:16] [INFO]          img 8: [downloaded]  dental_floss_8.webp
[21:57:16] [INFO]          img 9: [downloaded]  dental_floss_9.webp
[21:57:16] [INFO]   [ 224/278]  Toothpaste  (18 image(s))
[21:57:16] [INFO]          img 1: [downloaded]  toothpaste_1.webp
[21:57:16] [INFO]          img 2: [downloaded]  toothpaste_2.webp
[21:57:16] [INFO]          img 3: [downloaded]  toothpaste_3.webp
[21:57:16] [INFO]          img 4: [downloaded]  toothpaste_4.webp
[21:57:16] [INFO]          img 5: [downloaded]  toothpaste_5.webp
[21:57:16] [INFO]          img 6: [downloaded]  toothpaste_6.webp
[21:57:16] [INFO]          img 7: [downloaded]  toothpaste_7.webp
[21:57:19] [INFO]          img 8: [downloaded]  toothpaste_8.webp
[21:57:20] [INFO]          img 9: [downloaded]  toothpaste_9.webp
[21:57:20] [INFO]          img 10: [downloaded]  toothpaste_10.webp
[21:57:20] [INFO]          img 11: [downloaded]  toothpaste_11.webp
[21:57:20] [INFO]          img 12: [downloaded]  toothpaste_12.webp
[21:57:20] [INFO]          img 13: [downloaded]  toothpaste_13.webp
[21:57:20] [INFO]          img 14: [downloaded]  toothpaste_14.webp
[21:57:20] [INFO]          img 15: [downloaded]  toothpaste_15.webp
[21:57:20] [INFO]          img 16: [downloaded]  toothpaste_16.webp
[21:57:20] [INFO]          img 17: [downloaded]  toothpaste_17.webp
[21:57:21] [INFO]          img 18: [downloaded]  toothpaste_18.webp
[21:57:21] [INFO]   [ 225/278]  Women Care  (20 image(s))
[21:57:21] [INFO]          img 1: [downloaded]  women_care_1.webp
[21:57:21] [INFO]          img 2: [downloaded]  women_care_2.webp
[21:57:21] [INFO]          img 3: [downloaded]  women_care_3.webp
[21:57:21] [INFO]          img 4: [downloaded]  women_care_4.webp
[21:57:21] [INFO]          img 5: [downloaded]  women_care_5.webp
[21:57:21] [INFO]          img 6: [downloaded]  women_care_6.webp
[21:57:22] [INFO]          img 7: [downloaded]  women_care_7.webp
[21:57:22] [INFO]          img 8: [downloaded]  women_care_8.webp
[21:57:22] [INFO]          img 9: [downloaded]  women_care_9.webp
[21:57:22] [INFO]          img 10: [downloaded]  women_care_10.webp
[21:57:22] [INFO]          img 11: [downloaded]  women_care_11.webp
[21:57:22] [INFO]          img 12: [downloaded]  women_care_12.webp
[21:57:22] [INFO]          img 13: [downloaded]  women_care_13.webp
[21:57:22] [INFO]          img 14: [downloaded]  women_care_14.webp
[21:57:22] [INFO]          img 15: [downloaded]  women_care_15.webp
[21:57:22] [INFO]          img 16: [downloaded]  women_care_16.webp
[21:57:22] [INFO]          img 17: [downloaded]  women_care_17.webp
[21:57:23] [INFO]          img 18: [downloaded]  women_care_18.webp
[21:57:23] [INFO]          img 19: [downloaded]  women_care_19.webp
[21:57:23] [INFO]          img 20: [downloaded]  women_care_20.webp
[21:57:23] [INFO]   [ 226/278]  Hair Styling Electronics  (8 image(s))
[21:57:23] [INFO]          img 1: [downloaded]  hair_styling_electronics_1.webp
[21:57:23] [INFO]          img 2: [downloaded]  hair_styling_electronics_2.webp
[21:57:23] [INFO]          img 3: [downloaded]  hair_styling_electronics_3.webp
[21:57:23] [INFO]          img 4: [downloaded]  hair_styling_electronics_4.webp
[21:57:23] [INFO]          img 5: [downloaded]  hair_styling_electronics_5.webp
[21:57:23] [INFO]          img 6: [downloaded]  hair_styling_electronics_6.webp
[21:57:23] [INFO]          img 7: [downloaded]  hair_styling_electronics_7.webp
[21:57:24] [INFO]          img 8: [downloaded]  hair_styling_electronics_8.webp
[21:57:24] [INFO]   [ 227/278]  Hair Removal Products  (22 image(s))
[21:57:24] [INFO]          img 1: [downloaded]  hair_removal_products_1.webp
[21:57:24] [INFO]          img 2: [downloaded]  hair_removal_products_2.webp
[21:57:24] [INFO]          img 3: [downloaded]  hair_removal_products_3.webp
[21:57:24] [INFO]          img 4: [downloaded]  hair_removal_products_4.webp
[21:57:24] [INFO]          img 5: [downloaded]  hair_removal_products_5.webp
[21:57:24] [INFO]          img 6: [downloaded]  hair_removal_products_6.webp
[21:57:24] [INFO]          img 7: [downloaded]  hair_removal_products_7.webp
[21:57:24] [INFO]          img 8: [downloaded]  hair_removal_products_8.webp
[21:57:24] [INFO]          img 9: [downloaded]  hair_removal_products_9.webp
[21:57:24] [INFO]          img 10: [downloaded]  hair_removal_products_10.webp
[21:57:24] [INFO]          img 11: [downloaded]  hair_removal_products_11.webp
[21:57:25] [INFO]          img 12: [downloaded]  hair_removal_products_12.webp
[21:57:25] [INFO]          img 13: [downloaded]  hair_removal_products_13.webp
[21:57:25] [INFO]          img 14: [downloaded]  hair_removal_products_14.webp
[21:57:25] [INFO]          img 15: [downloaded]  hair_removal_products_15.webp
[21:57:25] [INFO]          img 16: [downloaded]  hair_removal_products_16.webp
[21:57:25] [INFO]          img 17: [downloaded]  hair_removal_products_17.webp
[21:57:25] [INFO]          img 18: [downloaded]  hair_removal_products_18.webp
[21:57:25] [INFO]          img 19: [downloaded]  hair_removal_products_19.webp
[21:57:26] [INFO]          img 20: [downloaded]  hair_removal_products_20.webp
[21:57:26] [INFO]          img 21: [downloaded]  hair_removal_products_21.webp
[21:57:26] [INFO]          img 22: [downloaded]  hair_removal_products_22.webp
[21:57:26] [INFO]   [ 228/278]  Women Sanitary Care  (23 image(s))
[21:57:26] [INFO]          img 1: [downloaded]  women_sanitary_care_1.webp
[21:57:26] [INFO]          img 2: [downloaded]  women_sanitary_care_2.webp
[21:57:26] [INFO]          img 3: [downloaded]  women_sanitary_care_3.webp
[21:57:26] [INFO]          img 4: [downloaded]  women_sanitary_care_4.webp
[21:57:27] [INFO]          img 5: [downloaded]  women_sanitary_care_5.webp
[21:57:27] [INFO]          img 6: [downloaded]  women_sanitary_care_6.webp
[21:57:27] [INFO]          img 7: [downloaded]  women_sanitary_care_7.webp
[21:57:27] [INFO]          img 8: [downloaded]  women_sanitary_care_8.webp
[21:57:27] [INFO]          img 9: [downloaded]  women_sanitary_care_9.webp
[21:57:27] [INFO]          img 10: [downloaded]  women_sanitary_care_10.webp
[21:57:27] [INFO]          img 11: [downloaded]  women_sanitary_care_11.webp
[21:57:27] [INFO]          img 12: [downloaded]  women_sanitary_care_12.webp
[21:57:27] [INFO]          img 13: [downloaded]  women_sanitary_care_13.webp
[21:57:27] [INFO]          img 14: [downloaded]  women_sanitary_care_14.webp
[21:57:28] [INFO]          img 15: [downloaded]  women_sanitary_care_15.webp
[21:57:28] [INFO]          img 16: [downloaded]  women_sanitary_care_16.webp
[21:57:28] [INFO]          img 17: [downloaded]  women_sanitary_care_17.webp
[21:57:28] [INFO]          img 18: [downloaded]  women_sanitary_care_18.webp
[21:57:28] [INFO]          img 19: [downloaded]  women_sanitary_care_19.webp
[21:57:28] [INFO]          img 20: [downloaded]  women_sanitary_care_20.webp
[21:57:28] [INFO]          img 21: [downloaded]  women_sanitary_care_21.webp
[21:57:28] [INFO]          img 22: [downloaded]  women_sanitary_care_22.webp
[21:57:28] [INFO]          img 23: [downloaded]  women_sanitary_care_23.webp
[21:57:28] [INFO]   [ 229/278]  Electric Hair Removal Machines  (7 image(s))
[21:57:29] [INFO]          img 1: [downloaded]  electric_hair_removal_machines_1.webp
[21:57:29] [INFO]          img 2: [downloaded]  electric_hair_removal_machines_2.webp
[21:57:29] [INFO]          img 3: [downloaded]  electric_hair_removal_machines_3.webp
[21:57:29] [INFO]          img 4: [downloaded]  electric_hair_removal_machines_4.webp
[21:57:29] [INFO]          img 5: [downloaded]  electric_hair_removal_machines_5.webp
[21:57:29] [INFO]          img 6: [downloaded]  electric_hair_removal_machines_6.webp
[21:57:29] [INFO]          img 7: [downloaded]  electric_hair_removal_machines_7.webp
[21:57:29] [INFO]   [ 230/278]  Sanitary Napkins  (20 image(s))
[21:57:29] [INFO]          img 1: [downloaded]  sanitary_napkins_1.webp
[21:57:29] [INFO]          img 2: [downloaded]  sanitary_napkins_2.webp
[21:57:29] [INFO]          img 3: [downloaded]  sanitary_napkins_3.webp
[21:57:29] [INFO]          img 4: [downloaded]  sanitary_napkins_4.webp
[21:57:30] [INFO]          img 5: [downloaded]  sanitary_napkins_5.webp
[21:57:31] [INFO]          img 6: [downloaded]  sanitary_napkins_6.webp
[21:57:31] [INFO]          img 7: [downloaded]  sanitary_napkins_7.webp
[21:57:32] [INFO]          img 8: [downloaded]  sanitary_napkins_8.webp
[21:57:32] [INFO]          img 9: [downloaded]  sanitary_napkins_9.webp
[21:57:32] [INFO]          img 10: [downloaded]  sanitary_napkins_10.webp
[21:57:33] [INFO]          img 11: [downloaded]  sanitary_napkins_11.webp
[21:57:33] [INFO]          img 12: [downloaded]  sanitary_napkins_12.webp
[21:57:34] [INFO]          img 13: [downloaded]  sanitary_napkins_13.webp
[21:57:35] [INFO]          img 14: [downloaded]  sanitary_napkins_14.webp
[21:57:35] [INFO]          img 15: [downloaded]  sanitary_napkins_15.webp
[21:57:35] [INFO]          img 16: [downloaded]  sanitary_napkins_16.webp
[21:57:35] [INFO]          img 17: [downloaded]  sanitary_napkins_17.webp
[21:57:36] [INFO]          img 18: [downloaded]  sanitary_napkins_18.webp
[21:57:36] [INFO]          img 19: [downloaded]  sanitary_napkins_19.webp
[21:57:36] [INFO]          img 20: [downloaded]  sanitary_napkins_20.webp
[21:57:36] [INFO]   [ 231/278]  Bath & Body  (20 image(s))
[21:57:36] [INFO]          img 1: [downloaded]  bath_body_1.webp
[21:57:36] [INFO]          img 2: [downloaded]  bath_body_2.webp
[21:57:36] [INFO]          img 3: [downloaded]  bath_body_3.webp
[21:57:36] [INFO]          img 4: [downloaded]  bath_body_4.webp
[21:57:36] [INFO]          img 5: [downloaded]  bath_body_5.webp
[21:57:37] [INFO]          img 6: [downloaded]  bath_body_6.webp
[21:57:37] [INFO]          img 7: [downloaded]  bath_body_7.webp
[21:57:37] [INFO]          img 8: [downloaded]  bath_body_8.webp
[21:57:37] [INFO]          img 9: [downloaded]  bath_body_9.webp
[21:57:37] [INFO]          img 10: [downloaded]  bath_body_10.webp
[21:57:37] [INFO]          img 11: [downloaded]  bath_body_11.webp
[21:57:37] [INFO]          img 12: [downloaded]  bath_body_12.webp
[21:57:38] [INFO]          img 13: [downloaded]  bath_body_13.webp
[21:57:38] [INFO]          img 14: [downloaded]  bath_body_14.webp
[21:57:38] [INFO]          img 15: [downloaded]  bath_body_15.webp
[21:57:38] [INFO]          img 16: [downloaded]  bath_body_16.webp
[21:57:38] [INFO]          img 17: [downloaded]  bath_body_17.webp
[21:57:38] [INFO]          img 18: [downloaded]  bath_body_18.webp
[21:57:39] [INFO]          img 19: [downloaded]  bath_body_19.webp
[21:57:39] [INFO]          img 20: [downloaded]  bath_body_20.webp
[21:57:39] [INFO]   [ 232/278]  Bath Loof  (9 image(s))
[21:57:39] [INFO]          img 1: [downloaded]  bath_loof_1.webp
[21:57:39] [INFO]          img 2: [downloaded]  bath_loof_2.webp
[21:57:39] [INFO]          img 3: [downloaded]  bath_loof_3.webp
[21:57:39] [INFO]          img 4: [downloaded]  bath_loof_4.webp
[21:57:39] [INFO]          img 5: [downloaded]  bath_loof_5.webp
[21:57:39] [INFO]          img 6: [downloaded]  bath_loof_6.webp
[21:57:39] [INFO]          img 7: [downloaded]  bath_loof_7.webp
[21:57:39] [INFO]          img 8: [downloaded]  bath_loof_8.webp
[21:57:39] [INFO]          img 9: [downloaded]  bath_loof_9.webp
[21:57:39] [INFO]   [ 233/278]  Hand Wash  (11 image(s))
[21:57:40] [INFO]          img 1: [downloaded]  hand_wash_1.webp
[21:57:40] [INFO]          img 2: [downloaded]  hand_wash_2.webp
[21:57:40] [INFO]          img 3: [downloaded]  hand_wash_3.webp
[21:57:40] [INFO]          img 4: [downloaded]  hand_wash_4.webp
[21:57:40] [INFO]          img 5: [downloaded]  hand_wash_5.webp
[21:57:40] [INFO]          img 6: [downloaded]  hand_wash_6.webp
[21:57:40] [INFO]          img 7: [downloaded]  hand_wash_7.webp
[21:57:40] [INFO]          img 8: [downloaded]  hand_wash_8.webp
[21:57:40] [INFO]          img 9: [downloaded]  hand_wash_9.webp
[21:57:40] [INFO]          img 10: [downloaded]  hand_wash_10.webp
[21:57:40] [INFO]          img 11: [downloaded]  hand_wash_11.webp
[21:57:40] [INFO]   [ 234/278]  Body Wash  (27 image(s))
[21:57:40] [INFO]          img 1: [downloaded]  body_wash_1.webp
[21:57:40] [INFO]          img 2: [downloaded]  body_wash_2.webp
[21:57:41] [INFO]          img 3: [downloaded]  body_wash_3.webp
[21:57:41] [INFO]          img 4: [downloaded]  body_wash_4.webp
[21:57:41] [INFO]          img 5: [downloaded]  body_wash_5.webp
[21:57:41] [INFO]          img 6: [downloaded]  body_wash_6.webp
[21:57:41] [INFO]          img 7: [downloaded]  body_wash_7.webp
[21:57:41] [INFO]          img 8: [downloaded]  body_wash_8.webp
[21:57:41] [INFO]          img 9: [downloaded]  body_wash_9.webp
[21:57:41] [INFO]          img 10: [downloaded]  body_wash_10.webp
[21:57:41] [INFO]          img 11: [downloaded]  body_wash_11.webp
[21:57:42] [INFO]          img 12: [downloaded]  body_wash_12.webp
[21:57:42] [INFO]          img 13: [downloaded]  body_wash_13.webp
[21:57:42] [INFO]          img 14: [downloaded]  body_wash_14.webp
[21:57:42] [INFO]          img 15: [downloaded]  body_wash_15.webp
[21:57:42] [INFO]          img 16: [downloaded]  body_wash_16.webp
[21:57:42] [INFO]          img 17: [downloaded]  body_wash_17.webp
[21:57:42] [INFO]          img 18: [downloaded]  body_wash_18.webp
[21:57:42] [INFO]          img 19: [downloaded]  body_wash_19.webp
[21:57:43] [INFO]          img 20: [downloaded]  body_wash_20.webp
[21:57:43] [INFO]          img 21: [downloaded]  body_wash_21.webp
[21:57:43] [INFO]          img 22: [downloaded]  body_wash_22.webp
[21:57:43] [INFO]          img 23: [downloaded]  body_wash_23.webp
[21:57:43] [INFO]          img 24: [downloaded]  body_wash_24.webp
[21:57:43] [INFO]          img 25: [downloaded]  body_wash_25.webp
[21:57:43] [INFO]          img 26: [downloaded]  body_wash_26.webp
[21:57:43] [INFO]          img 27: [downloaded]  body_wash_27.webp
[21:57:43] [INFO]   [ 235/278]  Body Fresheners  (26 image(s))
[21:57:43] [INFO]          img 1: [downloaded]  body_fresheners_1.webp
[21:57:43] [INFO]          img 2: [downloaded]  body_fresheners_2.webp
[21:57:43] [INFO]          img 3: [downloaded]  body_fresheners_3.webp
[21:57:44] [INFO]          img 4: [downloaded]  body_fresheners_4.webp
[21:57:44] [INFO]          img 5: [downloaded]  body_fresheners_5.webp
[21:57:44] [INFO]          img 6: [downloaded]  body_fresheners_6.webp
[21:57:44] [INFO]          img 7: [downloaded]  body_fresheners_7.webp
[21:57:44] [INFO]          img 8: [downloaded]  body_fresheners_8.webp
[21:57:44] [INFO]          img 9: [downloaded]  body_fresheners_9.webp
[21:57:44] [INFO]          img 10: [downloaded]  body_fresheners_10.webp
[21:57:44] [INFO]          img 11: [downloaded]  body_fresheners_11.webp
[21:57:44] [INFO]          img 12: [downloaded]  body_fresheners_12.webp
[21:57:44] [INFO]          img 13: [downloaded]  body_fresheners_13.webp
[21:57:44] [INFO]          img 14: [downloaded]  body_fresheners_14.webp
[21:57:45] [INFO]          img 15: [downloaded]  body_fresheners_15.webp
[21:57:45] [INFO]          img 16: [downloaded]  body_fresheners_16.webp
[21:57:45] [INFO]          img 17: [downloaded]  body_fresheners_17.webp
[21:57:45] [INFO]          img 18: [downloaded]  body_fresheners_18.webp
[21:57:45] [INFO]          img 19: [downloaded]  body_fresheners_19.webp
[21:57:45] [INFO]          img 20: [downloaded]  body_fresheners_20.webp
[21:57:45] [INFO]          img 21: [downloaded]  body_fresheners_21.webp
[21:57:45] [INFO]          img 22: [downloaded]  body_fresheners_22.webp
[21:57:45] [INFO]          img 23: [downloaded]  body_fresheners_23.webp
[21:57:45] [INFO]          img 24: [downloaded]  body_fresheners_24.webp
[21:57:45] [INFO]          img 25: [downloaded]  body_fresheners_25.webp
[21:57:45] [INFO]          img 26: [downloaded]  body_fresheners_26.webp
[21:57:45] [INFO]   [ 236/278]  Deodrant Cream  (16 image(s))
[21:57:45] [INFO]          img 1: [downloaded]  deodrant_cream_1.webp
[21:57:46] [INFO]          img 2: [downloaded]  deodrant_cream_2.webp
[21:57:46] [INFO]          img 3: [downloaded]  deodrant_cream_3.webp
[21:57:46] [INFO]          img 4: [downloaded]  deodrant_cream_4.webp
[21:57:46] [INFO]          img 5: [downloaded]  deodrant_cream_5.webp
[21:57:46] [INFO]          img 6: [downloaded]  deodrant_cream_6.webp
[21:57:46] [INFO]          img 7: [downloaded]  deodrant_cream_7.webp
[21:57:46] [INFO]          img 8: [downloaded]  deodrant_cream_8.webp
[21:57:46] [INFO]          img 9: [downloaded]  deodrant_cream_9.webp
[21:57:46] [INFO]          img 10: [downloaded]  deodrant_cream_10.webp
[21:57:46] [INFO]          img 11: [downloaded]  deodrant_cream_11.webp
[21:57:46] [INFO]          img 12: [downloaded]  deodrant_cream_12.webp
[21:57:46] [INFO]          img 13: [downloaded]  deodrant_cream_13.webp
[21:57:47] [INFO]          img 14: [downloaded]  deodrant_cream_14.webp
[21:57:47] [INFO]          img 15: [downloaded]  deodrant_cream_15.webp
[21:57:47] [INFO]          img 16: [downloaded]  deodrant_cream_16.webp
[21:57:47] [INFO]   [ 237/278]  Body Mist  (23 image(s))
[21:57:47] [INFO]          img 1: [downloaded]  body_mist_1.webp
[21:57:47] [INFO]          img 2: [downloaded]  body_mist_2.webp
[21:57:47] [INFO]          img 3: [downloaded]  body_mist_3.webp
[21:57:47] [INFO]          img 4: [downloaded]  body_mist_4.webp
[21:57:47] [INFO]          img 5: [downloaded]  body_mist_5.webp
[21:57:47] [INFO]          img 6: [downloaded]  body_mist_6.webp
[21:57:47] [INFO]          img 7: [downloaded]  body_mist_7.webp
[21:57:47] [INFO]          img 8: [downloaded]  body_mist_8.webp
[21:57:47] [INFO]          img 9: [downloaded]  body_mist_9.webp
[21:57:47] [INFO]          img 10: [downloaded]  body_mist_10.webp
[21:57:48] [INFO]          img 11: [downloaded]  body_mist_11.webp
[21:57:48] [INFO]          img 12: [downloaded]  body_mist_12.webp
[21:57:48] [INFO]          img 13: [downloaded]  body_mist_13.webp
[21:57:48] [INFO]          img 14: [downloaded]  body_mist_14.webp
[21:57:48] [INFO]          img 15: [downloaded]  body_mist_15.webp
[21:57:48] [INFO]          img 16: [downloaded]  body_mist_16.webp
[21:57:48] [INFO]          img 17: [downloaded]  body_mist_17.webp
[21:57:48] [INFO]          img 18: [downloaded]  body_mist_18.webp
[21:57:48] [INFO]          img 19: [downloaded]  body_mist_19.webp
[21:57:48] [INFO]          img 20: [downloaded]  body_mist_20.webp
[21:57:49] [INFO]          img 21: [downloaded]  body_mist_21.webp
[21:57:49] [INFO]          img 22: [downloaded]  body_mist_22.webp
[21:57:49] [INFO]          img 23: [downloaded]  body_mist_23.webp
[21:57:49] [INFO]   [ 238/278]  Body Cologne  (19 image(s))
[21:57:49] [INFO]          img 1: [downloaded]  body_cologne_1.webp
[21:57:49] [INFO]          img 2: [downloaded]  body_cologne_2.webp
[21:57:49] [INFO]          img 3: [downloaded]  body_cologne_3.webp
[21:57:49] [INFO]          img 4: [downloaded]  body_cologne_4.webp
[21:57:49] [INFO]          img 5: [downloaded]  body_cologne_5.webp
[21:57:49] [INFO]          img 6: [downloaded]  body_cologne_6.webp
[21:57:49] [INFO]          img 7: [downloaded]  body_cologne_7.webp
[21:57:49] [INFO]          img 8: [downloaded]  body_cologne_8.webp
[21:57:50] [INFO]          img 9: [downloaded]  body_cologne_9.webp
[21:57:50] [INFO]          img 10: [downloaded]  body_cologne_10.webp
[21:57:50] [INFO]          img 11: [downloaded]  body_cologne_11.webp
[21:57:50] [INFO]          img 12: [downloaded]  body_cologne_12.webp
[21:57:50] [INFO]          img 13: [downloaded]  body_cologne_13.webp
[21:57:50] [INFO]          img 14: [downloaded]  body_cologne_14.webp
[21:57:50] [INFO]          img 15: [downloaded]  body_cologne_15.webp
[21:57:50] [INFO]          img 16: [downloaded]  body_cologne_16.webp
[21:57:50] [INFO]          img 17: [downloaded]  body_cologne_17.webp
[21:57:50] [INFO]          img 18: [downloaded]  body_cologne_18.webp
[21:57:50] [INFO]          img 19: [downloaded]  body_cologne_19.webp
[21:57:50] [INFO]   [ 239/278]  Deodrant Stick  (12 image(s))
[21:57:50] [INFO]          img 1: [downloaded]  deodrant_stick_1.webp
[21:57:50] [INFO]          img 2: [downloaded]  deodrant_stick_2.webp
[21:57:50] [INFO]          img 3: [downloaded]  deodrant_stick_3.webp
[21:57:51] [INFO]          img 4: [downloaded]  deodrant_stick_4.webp
[21:57:51] [INFO]          img 5: [downloaded]  deodrant_stick_5.webp
[21:57:51] [INFO]          img 6: [downloaded]  deodrant_stick_6.webp
[21:57:51] [INFO]          img 7: [downloaded]  deodrant_stick_7.webp
[21:57:51] [INFO]          img 8: [downloaded]  deodrant_stick_8.webp
[21:57:51] [INFO]          img 9: [downloaded]  deodrant_stick_9.webp
[21:57:51] [INFO]          img 10: [downloaded]  deodrant_stick_10.webp
[21:57:51] [INFO]          img 11: [downloaded]  deodrant_stick_11.webp
[21:57:51] [INFO]          img 12: [downloaded]  deodrant_stick_12.webp
[21:57:51] [INFO]   [ 240/278]  Body Spray  (21 image(s))
[21:57:51] [INFO]          img 1: [downloaded]  body_spray_1.webp
[21:57:51] [INFO]          img 2: [downloaded]  body_spray_2.webp
[21:57:51] [INFO]          img 3: [downloaded]  body_spray_3.webp
[21:57:51] [INFO]          img 4: [downloaded]  body_spray_4.webp
[21:57:51] [INFO]          img 5: [downloaded]  body_spray_5.webp
[21:57:52] [INFO]          img 6: [downloaded]  body_spray_6.webp
[21:57:52] [INFO]          img 7: [downloaded]  body_spray_7.webp
[21:57:52] [INFO]          img 8: [downloaded]  body_spray_8.webp
[21:57:52] [INFO]          img 9: [downloaded]  body_spray_9.webp
[21:57:52] [INFO]          img 10: [downloaded]  body_spray_10.webp
[21:57:52] [INFO]          img 11: [downloaded]  body_spray_11.webp
[21:57:52] [INFO]          img 12: [downloaded]  body_spray_12.webp
[21:57:52] [INFO]          img 13: [downloaded]  body_spray_13.webp
[21:57:52] [INFO]          img 14: [downloaded]  body_spray_14.webp
[21:57:52] [INFO]          img 15: [downloaded]  body_spray_15.webp
[21:57:52] [INFO]          img 16: [downloaded]  body_spray_16.webp
[21:57:52] [INFO]          img 17: [downloaded]  body_spray_17.webp
[21:57:52] [INFO]          img 18: [downloaded]  body_spray_18.webp
[21:57:53] [INFO]          img 19: [downloaded]  body_spray_19.webp
[21:57:53] [INFO]          img 20: [downloaded]  body_spray_20.webp
[21:57:53] [INFO]          img 21: [downloaded]  body_spray_21.webp
[21:57:53] [INFO]   [ 241/278]  Deodrant Roll On  (26 image(s))
[21:57:53] [INFO]          img 1: [downloaded]  deodrant_roll_on_1.webp
[21:57:53] [INFO]          img 2: [downloaded]  deodrant_roll_on_2.webp
[21:57:53] [INFO]          img 3: [downloaded]  deodrant_roll_on_3.webp
[21:57:53] [INFO]          img 4: [downloaded]  deodrant_roll_on_4.webp
[21:57:53] [INFO]          img 5: [downloaded]  deodrant_roll_on_5.webp
[21:57:53] [INFO]          img 6: [downloaded]  deodrant_roll_on_6.webp
[21:57:54] [INFO]          img 7: [downloaded]  deodrant_roll_on_7.webp
[21:57:54] [INFO]          img 8: [downloaded]  deodrant_roll_on_8.webp
[21:57:54] [INFO]          img 9: [downloaded]  deodrant_roll_on_9.webp
[21:57:54] [INFO]          img 10: [downloaded]  deodrant_roll_on_10.webp
[21:57:54] [INFO]          img 11: [downloaded]  deodrant_roll_on_11.webp
[21:57:54] [INFO]          img 12: [downloaded]  deodrant_roll_on_12.webp
[21:57:54] [INFO]          img 13: [downloaded]  deodrant_roll_on_13.webp
[21:57:54] [INFO]          img 14: [downloaded]  deodrant_roll_on_14.webp
[21:57:54] [INFO]          img 15: [downloaded]  deodrant_roll_on_15.webp
[21:57:54] [INFO]          img 16: [downloaded]  deodrant_roll_on_16.webp
[21:57:54] [INFO]          img 17: [downloaded]  deodrant_roll_on_17.webp
[21:57:54] [INFO]          img 18: [downloaded]  deodrant_roll_on_18.webp
[21:57:54] [INFO]          img 19: [downloaded]  deodrant_roll_on_19.webp
[21:57:55] [INFO]          img 20: [downloaded]  deodrant_roll_on_20.webp
[21:57:55] [INFO]          img 21: [downloaded]  deodrant_roll_on_21.webp
[21:57:55] [INFO]          img 22: [downloaded]  deodrant_roll_on_22.webp
[21:57:55] [INFO]          img 23: [downloaded]  deodrant_roll_on_23.webp
[21:57:55] [INFO]          img 24: [downloaded]  deodrant_roll_on_24.webp
[21:57:55] [INFO]          img 25: [downloaded]  deodrant_roll_on_25.webp
[21:57:55] [INFO]          img 26: [downloaded]  deodrant_roll_on_26.webp
[21:57:55] [INFO]   [ 242/278]  Man Care  (21 image(s))
[21:57:55] [INFO]          img 1: [downloaded]  man_care_1.webp
[21:57:55] [INFO]          img 2: [downloaded]  man_care_2.webp
[21:57:55] [INFO]          img 3: [downloaded]  man_care_3.webp
[21:57:56] [INFO]          img 4: [downloaded]  man_care_4.webp
[21:57:56] [INFO]          img 5: [downloaded]  man_care_5.webp
[21:57:56] [INFO]          img 6: [downloaded]  man_care_6.webp
[21:57:56] [INFO]          img 7: [downloaded]  man_care_7.webp
[21:57:56] [INFO]          img 8: [downloaded]  man_care_8.webp
[21:57:56] [INFO]          img 9: [downloaded]  man_care_9.webp
[21:57:56] [INFO]          img 10: [downloaded]  man_care_10.webp
[21:57:57] [INFO]          img 11: [downloaded]  man_care_11.webp
[21:57:57] [INFO]          img 12: [downloaded]  man_care_12.webp
[21:57:57] [INFO]          img 13: [downloaded]  man_care_13.webp
[21:57:57] [INFO]          img 14: [downloaded]  man_care_14.webp
[21:57:57] [INFO]          img 15: [downloaded]  man_care_15.webp
[21:57:57] [INFO]          img 16: [downloaded]  man_care_16.webp
[21:57:57] [INFO]          img 17: [downloaded]  man_care_17.webp
[21:57:57] [INFO]          img 18: [downloaded]  man_care_18.webp
[21:57:57] [INFO]          img 19: [downloaded]  man_care_19.webp
[21:57:57] [INFO]          img 20: [downloaded]  man_care_20.webp
[21:57:57] [INFO]          img 21: [downloaded]  man_care_21.webp
[21:57:57] [INFO]   [ 243/278]  Shaving Machines  (19 image(s))
[21:57:57] [INFO]          img 1: [downloaded]  shaving_machines_1.webp
[21:57:58] [INFO]          img 2: [downloaded]  shaving_machines_2.webp
[21:57:58] [INFO]          img 3: [downloaded]  shaving_machines_3.webp
[21:57:58] [INFO]          img 4: [downloaded]  shaving_machines_4.webp
[21:57:58] [INFO]          img 5: [downloaded]  shaving_machines_5.webp
[21:57:58] [INFO]          img 6: [downloaded]  shaving_machines_6.webp
[21:57:58] [INFO]          img 7: [downloaded]  shaving_machines_7.webp
[21:57:58] [INFO]          img 8: [downloaded]  shaving_machines_8.webp
[21:57:58] [INFO]          img 9: [downloaded]  shaving_machines_9.webp
[21:57:58] [INFO]          img 10: [downloaded]  shaving_machines_10.webp
[21:57:58] [INFO]          img 11: [downloaded]  shaving_machines_11.webp
[21:57:58] [INFO]          img 12: [downloaded]  shaving_machines_12.webp
[21:57:59] [INFO]          img 13: [downloaded]  shaving_machines_13.webp
[21:57:59] [INFO]          img 14: [downloaded]  shaving_machines_14.webp
[21:57:59] [INFO]          img 15: [downloaded]  shaving_machines_15.webp
[21:57:59] [INFO]          img 16: [downloaded]  shaving_machines_16.webp
[21:57:59] [INFO]          img 17: [downloaded]  shaving_machines_17.webp
[21:57:59] [INFO]          img 18: [downloaded]  shaving_machines_18.webp
[21:57:59] [INFO]          img 19: [downloaded]  shaving_machines_19.webp
[21:57:59] [INFO]   [ 244/278]  Beard Care  (4 image(s))
[21:57:59] [INFO]          img 1: [downloaded]  beard_care_1.webp
[21:57:59] [INFO]          img 2: [downloaded]  beard_care_2.webp
[21:57:59] [INFO]          img 3: [downloaded]  beard_care_3.webp
[21:57:59] [INFO]          img 4: [downloaded]  beard_care_4.webp
[21:57:59] [INFO]   [ 245/278]  Shave & After Shave Products  (22 image(s))
[21:58:00] [INFO]          img 1: [downloaded]  shave_after_shave_products_1.webp
[21:58:00] [INFO]          img 2: [downloaded]  shave_after_shave_products_2.webp
[21:58:00] [INFO]          img 3: [downloaded]  shave_after_shave_products_3.webp
[21:58:00] [INFO]          img 4: [downloaded]  shave_after_shave_products_4.webp
[21:58:00] [INFO]          img 5: [downloaded]  shave_after_shave_products_5.webp
[21:58:00] [INFO]          img 6: [downloaded]  shave_after_shave_products_6.webp
[21:58:00] [INFO]          img 7: [downloaded]  shave_after_shave_products_7.webp
[21:58:00] [INFO]          img 8: [downloaded]  shave_after_shave_products_8.webp
[21:58:00] [INFO]          img 9: [downloaded]  shave_after_shave_products_9.webp
[21:58:01] [INFO]          img 10: [downloaded]  shave_after_shave_products_10.webp
[21:58:01] [INFO]          img 11: [downloaded]  shave_after_shave_products_11.webp
[21:58:01] [INFO]          img 12: [downloaded]  shave_after_shave_products_12.webp
[21:58:01] [INFO]          img 13: [downloaded]  shave_after_shave_products_13.webp
[21:58:01] [INFO]          img 14: [downloaded]  shave_after_shave_products_14.webp
[21:58:01] [INFO]          img 15: [downloaded]  shave_after_shave_products_15.webp
[21:58:01] [INFO]          img 16: [downloaded]  shave_after_shave_products_16.webp
[21:58:01] [INFO]          img 17: [downloaded]  shave_after_shave_products_17.webp
[21:58:01] [INFO]          img 18: [downloaded]  shave_after_shave_products_18.webp
[21:58:01] [INFO]          img 19: [downloaded]  shave_after_shave_products_19.webp
[21:58:02] [INFO]          img 20: [downloaded]  shave_after_shave_products_20.webp
[21:58:02] [INFO]          img 21: [downloaded]  shave_after_shave_products_21.webp
[21:58:02] [INFO]          img 22: [downloaded]  shave_after_shave_products_22.webp
[21:58:02] [INFO]   [ 246/278]  Shaving & Trimming Electronics  (10 image(s))
[21:58:02] [INFO]          img 1: [downloaded]  shaving_trimming_electronics_1.webp
[21:58:02] [INFO]          img 2: [downloaded]  shaving_trimming_electronics_2.webp
[21:58:02] [INFO]          img 3: [downloaded]  shaving_trimming_electronics_3.webp
[21:58:03] [INFO]          img 4: [downloaded]  shaving_trimming_electronics_4.webp
[21:58:03] [INFO]          img 5: [downloaded]  shaving_trimming_electronics_5.webp
[21:58:03] [INFO]          img 6: [downloaded]  shaving_trimming_electronics_6.webp
[21:58:04] [INFO]          img 7: [downloaded]  shaving_trimming_electronics_7.webp
[21:58:04] [INFO]          img 8: [downloaded]  shaving_trimming_electronics_8.webp
[21:58:04] [INFO]          img 9: [downloaded]  shaving_trimming_electronics_9.webp
[21:58:04] [INFO]          img 10: [downloaded]  shaving_trimming_electronics_10.webp
[21:58:04] [INFO]   [ 247/278]  Home Care&Hygienics  (13 image(s))
[21:58:04] [INFO]          img 1: [downloaded]  home_carehygienics_1.webp
[21:58:04] [INFO]          img 2: [downloaded]  home_carehygienics_2.webp
[21:58:04] [INFO]          img 3: [downloaded]  home_carehygienics_3.webp
[21:58:05] [INFO]          img 4: [downloaded]  home_carehygienics_4.webp
[21:58:05] [INFO]          img 5: [downloaded]  home_carehygienics_5.webp
[21:58:05] [INFO]          img 6: [downloaded]  home_carehygienics_6.webp
[21:58:05] [INFO]          img 7: [downloaded]  home_carehygienics_7.webp
[21:58:05] [INFO]          img 8: [downloaded]  home_carehygienics_8.webp
[21:58:05] [INFO]          img 9: [downloaded]  home_carehygienics_9.webp
[21:58:05] [INFO]          img 10: [downloaded]  home_carehygienics_10.webp
[21:58:05] [INFO]          img 11: [downloaded]  home_carehygienics_11.webp
[21:58:05] [INFO]          img 12: [downloaded]  home_carehygienics_12.webp
[21:58:05] [INFO]          img 13: [downloaded]  home_carehygienics_13.webp
[21:58:05] [INFO]   [ 248/278]  Elderly Care  (21 image(s))
[21:58:05] [INFO]          img 1: [downloaded]  elderly_care_1.webp
[21:58:06] [INFO]          img 2: [downloaded]  elderly_care_2.webp
[21:58:06] [INFO]          img 3: [downloaded]  elderly_care_3.webp
[21:58:06] [INFO]          img 4: [downloaded]  elderly_care_4.webp
[21:58:06] [INFO]          img 5: [downloaded]  elderly_care_5.webp
[21:58:06] [INFO]          img 6: [downloaded]  elderly_care_6.webp
[21:58:06] [INFO]          img 7: [downloaded]  elderly_care_7.webp
[21:58:06] [INFO]          img 8: [downloaded]  elderly_care_8.webp
[21:58:06] [INFO]          img 9: [downloaded]  elderly_care_9.webp
[21:58:06] [INFO]          img 10: [downloaded]  elderly_care_10.webp
[21:58:06] [INFO]          img 11: [downloaded]  elderly_care_11.webp
[21:58:06] [INFO]          img 12: [downloaded]  elderly_care_12.webp
[21:58:07] [INFO]          img 13: [downloaded]  elderly_care_13.webp
[21:58:07] [INFO]          img 14: [downloaded]  elderly_care_14.webp
[21:58:07] [INFO]          img 15: [downloaded]  elderly_care_15.webp
[21:58:07] [INFO]          img 16: [downloaded]  elderly_care_16.webp
[21:58:07] [INFO]          img 17: [downloaded]  elderly_care_17.webp
[21:58:07] [INFO]          img 18: [downloaded]  elderly_care_18.webp
[21:58:07] [INFO]          img 19: [downloaded]  elderly_care_19.webp
[21:58:07] [INFO]          img 20: [downloaded]  elderly_care_20.webp
[21:58:07] [INFO]          img 21: [downloaded]  elderly_care_21.webp
[21:58:07] [INFO]   [ 249/278]  Hair Treatment  (23 image(s))
[21:58:07] [INFO]          img 1: [downloaded]  hair_treatment_1.webp
[21:58:07] [INFO]          img 2: [downloaded]  hair_treatment_2.webp
[21:58:07] [INFO]          img 3: [downloaded]  hair_treatment_3.webp
[21:58:07] [INFO]          img 4: [downloaded]  hair_treatment_4.webp
[21:58:08] [INFO]          img 5: [downloaded]  hair_treatment_5.webp
[21:58:08] [INFO]          img 6: [downloaded]  hair_treatment_6.webp
[21:58:08] [INFO]          img 7: [downloaded]  hair_treatment_7.webp
[21:58:08] [INFO]          img 8: [downloaded]  hair_treatment_8.webp
[21:58:08] [INFO]          img 9: [downloaded]  hair_treatment_9.webp
[21:58:08] [INFO]          img 10: [downloaded]  hair_treatment_10.webp
[21:58:08] [INFO]          img 11: [downloaded]  hair_treatment_11.webp
[21:58:08] [INFO]          img 12: [downloaded]  hair_treatment_12.webp
[21:58:08] [INFO]          img 13: [downloaded]  hair_treatment_13.webp
[21:58:08] [INFO]          img 14: [downloaded]  hair_treatment_14.webp
[21:58:08] [INFO]          img 15: [downloaded]  hair_treatment_15.webp
[21:58:08] [INFO]          img 16: [downloaded]  hair_treatment_16.webp
[21:58:08] [INFO]          img 17: [downloaded]  hair_treatment_17.webp
[21:58:08] [INFO]          img 18: [downloaded]  hair_treatment_18.webp
[21:58:09] [INFO]          img 19: [downloaded]  hair_treatment_19.webp
[21:58:09] [INFO]          img 20: [downloaded]  hair_treatment_20.webp
[21:58:09] [INFO]          img 21: [downloaded]  hair_treatment_21.webp
[21:58:09] [INFO]          img 22: [downloaded]  hair_treatment_22.webp
[21:58:09] [INFO]          img 23: [downloaded]  hair_treatment_23.webp
[21:58:09] [INFO]   [ 250/278]  Hair Oil & Serum  (23 image(s))
[21:58:09] [INFO]          img 1: [downloaded]  hair_oil_serum_1.webp
[21:58:09] [INFO]          img 2: [downloaded]  hair_oil_serum_2.webp
[21:58:09] [INFO]          img 3: [downloaded]  hair_oil_serum_3.webp
[21:58:09] [INFO]          img 4: [downloaded]  hair_oil_serum_4.webp
[21:58:09] [INFO]          img 5: [downloaded]  hair_oil_serum_5.webp
[21:58:09] [INFO]          img 6: [downloaded]  hair_oil_serum_6.webp
[21:58:09] [INFO]          img 7: [downloaded]  hair_oil_serum_7.webp
[21:58:10] [INFO]          img 8: [downloaded]  hair_oil_serum_8.webp
[21:58:10] [INFO]          img 9: [downloaded]  hair_oil_serum_9.webp
[21:58:10] [INFO]          img 10: [downloaded]  hair_oil_serum_10.webp
[21:58:10] [INFO]          img 11: [downloaded]  hair_oil_serum_11.webp
[21:58:10] [INFO]          img 12: [downloaded]  hair_oil_serum_12.webp
[21:58:10] [INFO]          img 13: [downloaded]  hair_oil_serum_13.webp
[21:58:10] [INFO]          img 14: [downloaded]  hair_oil_serum_14.webp
[21:58:10] [INFO]          img 15: [downloaded]  hair_oil_serum_15.webp
[21:58:10] [INFO]          img 16: [downloaded]  hair_oil_serum_16.webp
[21:58:10] [INFO]          img 17: [downloaded]  hair_oil_serum_17.webp
[21:58:10] [INFO]          img 18: [downloaded]  hair_oil_serum_18.webp
[21:58:11] [INFO]          img 19: [downloaded]  hair_oil_serum_19.webp
[21:58:11] [INFO]          img 20: [downloaded]  hair_oil_serum_20.webp
[21:58:11] [INFO]          img 21: [downloaded]  hair_oil_serum_21.webp
[21:58:11] [INFO]          img 22: [downloaded]  hair_oil_serum_22.webp
[21:58:11] [INFO]          img 23: [downloaded]  hair_oil_serum_23.webp
[21:58:11] [INFO]   [ 251/278]  Hair Styling  (23 image(s))
[21:58:11] [INFO]          img 1: [downloaded]  hair_styling_1.webp
[21:58:11] [INFO]          img 2: [downloaded]  hair_styling_2.webp
[21:58:12] [INFO]          img 3: [downloaded]  hair_styling_3.webp
[21:58:12] [INFO]          img 4: [downloaded]  hair_styling_4.webp
[21:58:12] [INFO]          img 5: [downloaded]  hair_styling_5.webp
[21:58:12] [INFO]          img 6: [downloaded]  hair_styling_6.webp
[21:58:12] [INFO]          img 7: [downloaded]  hair_styling_7.webp
[21:58:12] [INFO]          img 8: [downloaded]  hair_styling_8.webp
[21:58:13] [INFO]          img 9: [downloaded]  hair_styling_9.webp
[21:58:13] [INFO]          img 10: [downloaded]  hair_styling_10.webp
[21:58:13] [INFO]          img 11: [downloaded]  hair_styling_11.webp
[21:58:13] [INFO]          img 12: [downloaded]  hair_styling_12.webp
[21:58:13] [INFO]          img 13: [downloaded]  hair_styling_13.webp
[21:58:13] [INFO]          img 14: [downloaded]  hair_styling_14.webp
[21:58:13] [INFO]          img 15: [downloaded]  hair_styling_15.webp
[21:58:13] [INFO]          img 16: [downloaded]  hair_styling_16.webp
[21:58:13] [INFO]          img 17: [downloaded]  hair_styling_17.webp
[21:58:13] [INFO]          img 18: [downloaded]  hair_styling_18.webp
[21:58:13] [INFO]          img 19: [downloaded]  hair_styling_19.webp
[21:58:13] [INFO]          img 20: [downloaded]  hair_styling_20.webp
[21:58:13] [INFO]          img 21: [downloaded]  hair_styling_21.webp
[21:58:13] [INFO]          img 22: [downloaded]  hair_styling_22.webp
[21:58:13] [INFO]          img 23: [downloaded]  hair_styling_23.webp
[21:58:13] [INFO]   [ 252/278]  Hair Conditioner  (24 image(s))
[21:58:14] [INFO]          img 1: [downloaded]  hair_conditioner_1.webp
[21:58:14] [INFO]          img 2: [downloaded]  hair_conditioner_2.webp
[21:58:14] [INFO]          img 3: [downloaded]  hair_conditioner_3.webp
[21:58:14] [INFO]          img 4: [downloaded]  hair_conditioner_4.webp
[21:58:14] [INFO]          img 5: [downloaded]  hair_conditioner_5.webp
[21:58:14] [INFO]          img 6: [downloaded]  hair_conditioner_6.webp
[21:58:14] [INFO]          img 7: [downloaded]  hair_conditioner_7.webp
[21:58:14] [INFO]          img 8: [downloaded]  hair_conditioner_8.webp
[21:58:14] [INFO]          img 9: [downloaded]  hair_conditioner_9.webp
[21:58:15] [INFO]          img 10: [downloaded]  hair_conditioner_10.webp
[21:58:15] [INFO]          img 11: [downloaded]  hair_conditioner_11.webp
[21:58:15] [INFO]          img 12: [downloaded]  hair_conditioner_12.webp
[21:58:15] [INFO]          img 13: [downloaded]  hair_conditioner_13.webp
[21:58:15] [INFO]          img 14: [downloaded]  hair_conditioner_14.webp
[21:58:15] [INFO]          img 15: [downloaded]  hair_conditioner_15.webp
[21:58:15] [INFO]          img 16: [downloaded]  hair_conditioner_16.webp
[21:58:15] [INFO]          img 17: [downloaded]  hair_conditioner_17.webp
[21:58:15] [INFO]          img 18: [downloaded]  hair_conditioner_18.webp
[21:58:15] [INFO]          img 19: [downloaded]  hair_conditioner_19.webp
[21:58:15] [INFO]          img 20: [downloaded]  hair_conditioner_20.webp
[21:58:15] [INFO]          img 21: [downloaded]  hair_conditioner_21.webp
[21:58:15] [INFO]          img 22: [downloaded]  hair_conditioner_22.webp
[21:58:15] [INFO]          img 23: [downloaded]  hair_conditioner_23.webp
[21:58:16] [INFO]          img 24: [downloaded]  hair_conditioner_24.webp
[21:58:16] [INFO]   [ 253/278]  Hair Colorings  (21 image(s))
[21:58:16] [INFO]          img 1: [downloaded]  hair_colorings_1.webp
[21:58:16] [INFO]          img 2: [downloaded]  hair_colorings_2.webp
[21:58:16] [INFO]          img 3: [downloaded]  hair_colorings_3.webp
[21:58:16] [INFO]          img 4: [downloaded]  hair_colorings_4.webp
[21:58:17] [INFO]          img 5: [downloaded]  hair_colorings_5.webp
[21:58:17] [INFO]          img 6: [downloaded]  hair_colorings_6.webp
[21:58:17] [INFO]          img 7: [downloaded]  hair_colorings_7.webp
[21:58:17] [INFO]          img 8: [downloaded]  hair_colorings_8.webp
[21:58:17] [INFO]          img 9: [downloaded]  hair_colorings_9.webp
[21:58:17] [INFO]          img 10: [downloaded]  hair_colorings_10.webp
[21:58:17] [INFO]          img 11: [downloaded]  hair_colorings_11.webp
[21:58:17] [INFO]          img 12: [downloaded]  hair_colorings_12.webp
[21:58:17] [INFO]          img 13: [downloaded]  hair_colorings_13.webp
[21:58:18] [INFO]          img 14: [downloaded]  hair_colorings_14.webp
[21:58:18] [INFO]          img 15: [downloaded]  hair_colorings_15.webp
[21:58:18] [INFO]          img 16: [downloaded]  hair_colorings_16.webp
[21:58:18] [INFO]          img 17: [downloaded]  hair_colorings_17.webp
[21:58:18] [INFO]          img 18: [downloaded]  hair_colorings_18.webp
[21:58:18] [INFO]          img 19: [downloaded]  hair_colorings_19.webp
[21:58:18] [INFO]          img 20: [downloaded]  hair_colorings_20.webp
[21:58:18] [INFO]          img 21: [downloaded]  hair_colorings_21.webp
[21:58:18] [INFO]   [ 254/278]  Hair Shampoo  (24 image(s))
[21:58:18] [INFO]          img 1: [downloaded]  hair_shampoo_1.webp
[21:58:18] [INFO]          img 2: [downloaded]  hair_shampoo_2.webp
[21:58:19] [INFO]          img 3: [downloaded]  hair_shampoo_3.webp
[21:58:19] [INFO]          img 4: [downloaded]  hair_shampoo_4.webp
[21:58:19] [INFO]          img 5: [downloaded]  hair_shampoo_5.webp
[21:58:19] [INFO]          img 6: [downloaded]  hair_shampoo_6.webp
[21:58:19] [INFO]          img 7: [downloaded]  hair_shampoo_7.webp
[21:58:19] [INFO]          img 8: [downloaded]  hair_shampoo_8.webp
[21:58:19] [INFO]          img 9: [downloaded]  hair_shampoo_9.webp
[21:58:19] [INFO]          img 10: [downloaded]  hair_shampoo_10.webp
[21:58:19] [INFO]          img 11: [downloaded]  hair_shampoo_11.webp
[21:58:19] [INFO]          img 12: [downloaded]  hair_shampoo_12.webp
[21:58:19] [INFO]          img 13: [downloaded]  hair_shampoo_13.webp
[21:58:19] [INFO]          img 14: [downloaded]  hair_shampoo_14.webp
[21:58:19] [INFO]          img 15: [downloaded]  hair_shampoo_15.webp
[21:58:20] [INFO]          img 16: [downloaded]  hair_shampoo_16.webp
[21:58:20] [INFO]          img 17: [downloaded]  hair_shampoo_17.webp
[21:58:20] [INFO]          img 18: [downloaded]  hair_shampoo_18.webp
[21:58:20] [INFO]          img 19: [downloaded]  hair_shampoo_19.webp
[21:58:20] [INFO]          img 20: [downloaded]  hair_shampoo_20.webp
[21:58:20] [INFO]          img 21: [downloaded]  hair_shampoo_21.webp
[21:58:20] [INFO]          img 22: [downloaded]  hair_shampoo_22.webp
[21:58:20] [INFO]          img 23: [downloaded]  hair_shampoo_23.webp
[21:58:21] [INFO]          img 24: [downloaded]  hair_shampoo_24.webp
[21:58:21] [INFO]   [ 255/278]  Hair Cure & Lice Treatment  (2 image(s))
[21:58:21] [INFO]          img 1: [downloaded]  hair_cure_lice_treatment_1.webp
[21:58:21] [INFO]          img 2: [downloaded]  hair_cure_lice_treatment_2.webp
[21:58:21] [INFO]   [ 256/278]  Hair Mask  (23 image(s))
[21:58:21] [INFO]          img 1: [downloaded]  hair_mask_1.webp
[21:58:21] [INFO]          img 2: [downloaded]  hair_mask_2.webp
[21:58:21] [INFO]          img 3: [downloaded]  hair_mask_3.webp
[21:58:21] [INFO]          img 4: [downloaded]  hair_mask_4.webp
[21:58:21] [INFO]          img 5: [downloaded]  hair_mask_5.webp
[21:58:22] [INFO]          img 6: [downloaded]  hair_mask_6.webp
[21:58:22] [INFO]          img 7: [downloaded]  hair_mask_7.webp
[21:58:22] [INFO]          img 8: [downloaded]  hair_mask_8.webp
[21:58:22] [INFO]          img 9: [downloaded]  hair_mask_9.webp
[21:58:22] [INFO]          img 10: [downloaded]  hair_mask_10.webp
[21:58:22] [INFO]          img 11: [downloaded]  hair_mask_11.webp
[21:58:22] [INFO]          img 12: [downloaded]  hair_mask_12.webp
[21:58:22] [INFO]          img 13: [downloaded]  hair_mask_13.webp
[21:58:22] [INFO]          img 14: [downloaded]  hair_mask_14.webp
[21:58:22] [INFO]          img 15: [downloaded]  hair_mask_15.webp
[21:58:23] [INFO]          img 16: [downloaded]  hair_mask_16.webp
[21:58:23] [INFO]          img 17: [downloaded]  hair_mask_17.webp
[21:58:23] [INFO]          img 18: [downloaded]  hair_mask_18.webp
[21:58:23] [INFO]          img 19: [downloaded]  hair_mask_19.webp
[21:58:23] [INFO]          img 20: [downloaded]  hair_mask_20.webp
[21:58:23] [INFO]          img 21: [downloaded]  hair_mask_21.webp
[21:58:23] [INFO]          img 22: [downloaded]  hair_mask_22.webp
[21:58:23] [INFO]          img 23: [downloaded]  hair_mask_23.webp
[21:58:23] [INFO]   [ 257/278]  Condoms  (24 image(s))
[21:58:23] [INFO]          img 1: [downloaded]  condoms_1.jfif
[21:58:23] [INFO]          img 2: [downloaded]  condoms_2.webp
[21:58:24] [INFO]          img 3: [downloaded]  condoms_3.webp
[21:58:24] [INFO]          img 4: [downloaded]  condoms_4.webp
[21:58:24] [INFO]          img 5: [downloaded]  condoms_5.webp
[21:58:25] [INFO]          img 6: [downloaded]  condoms_6.webp
[21:58:25] [INFO]          img 7: [downloaded]  condoms_7.webp
[21:58:25] [INFO]          img 8: [downloaded]  condoms_8.webp
[21:58:25] [INFO]          img 9: [downloaded]  condoms_9.webp
[21:58:25] [INFO]          img 10: [downloaded]  condoms_10.webp
[21:58:25] [INFO]          img 11: [downloaded]  condoms_11.webp
[21:58:25] [INFO]          img 12: [downloaded]  condoms_12.webp
[21:58:25] [INFO]          img 13: [downloaded]  condoms_13.webp
[21:58:25] [INFO]          img 14: [downloaded]  condoms_14.webp
[21:58:26] [INFO]          img 15: [downloaded]  condoms_15.webp
[21:58:26] [INFO]          img 16: [downloaded]  condoms_16.webp
[21:58:26] [INFO]          img 17: [downloaded]  condoms_17.webp
[21:58:26] [INFO]          img 18: [downloaded]  condoms_18.webp
[21:58:26] [INFO]          img 19: [downloaded]  condoms_19.webp
[21:58:26] [INFO]          img 20: [downloaded]  condoms_20.webp
[21:58:26] [INFO]          img 21: [downloaded]  condoms_21.webp
[21:58:26] [INFO]          img 22: [downloaded]  condoms_22.webp
[21:58:27] [INFO]          img 23: [downloaded]  condoms_23.webp
[21:58:27] [INFO]          img 24: [downloaded]  condoms_24.webp
[21:58:27] [INFO]   [ 258/278]  Male Sexual Tonics  (23 image(s))
[21:58:27] [INFO]          img 1: [downloaded]  male_sexual_tonics_1.webp
[21:58:27] [INFO]          img 2: [downloaded]  male_sexual_tonics_2.webp
[21:58:27] [INFO]          img 3: [downloaded]  male_sexual_tonics_3.webp
[21:58:27] [INFO]          img 4: [downloaded]  male_sexual_tonics_4.webp
[21:58:27] [INFO]          img 5: [downloaded]  male_sexual_tonics_5.webp
[21:58:27] [INFO]          img 6: [downloaded]  male_sexual_tonics_6.webp
[21:58:27] [INFO]          img 7: [downloaded]  male_sexual_tonics_7.webp
[21:58:27] [INFO]          img 8: [downloaded]  male_sexual_tonics_8.webp
[21:58:27] [INFO]          img 9: [downloaded]  male_sexual_tonics_9.webp
[21:58:28] [INFO]          img 10: [downloaded]  male_sexual_tonics_10.webp
[21:58:28] [INFO]          img 11: [downloaded]  male_sexual_tonics_11.webp
[21:58:28] [INFO]          img 12: [downloaded]  male_sexual_tonics_12.webp
[21:58:28] [INFO]          img 13: [downloaded]  male_sexual_tonics_13.webp
[21:58:28] [INFO]          img 14: [downloaded]  male_sexual_tonics_14.webp
[21:58:28] [INFO]          img 15: [downloaded]  male_sexual_tonics_15.webp
[21:58:28] [INFO]          img 16: [downloaded]  male_sexual_tonics_16.webp
[21:58:28] [INFO]          img 17: [downloaded]  male_sexual_tonics_17.jfif
[21:58:28] [INFO]          img 18: [downloaded]  male_sexual_tonics_18.webp
[21:58:28] [INFO]          img 19: [downloaded]  male_sexual_tonics_19.webp
[21:58:28] [INFO]          img 20: [downloaded]  male_sexual_tonics_20.webp
[21:58:28] [INFO]          img 21: [downloaded]  male_sexual_tonics_21.webp
[21:58:29] [INFO]          img 22: [downloaded]  male_sexual_tonics_22.webp
[21:58:29] [INFO]          img 23: [downloaded]  male_sexual_tonics_23.webp
[21:58:29] [INFO]   [ 259/278]  Lubricants & Moisturizers  (23 image(s))
[21:58:29] [INFO]          img 1: [downloaded]  lubricants_moisturizers_1.webp
[21:58:29] [INFO]          img 2: [downloaded]  lubricants_moisturizers_2.webp
[21:58:29] [INFO]          img 3: [downloaded]  lubricants_moisturizers_3.webp
[21:58:29] [INFO]          img 4: [downloaded]  lubricants_moisturizers_4.jfif
[21:58:29] [INFO]          img 5: [downloaded]  lubricants_moisturizers_5.jfif
[21:58:29] [INFO]          img 6: [downloaded]  lubricants_moisturizers_6.jfif
[21:58:30] [INFO]          img 7: [downloaded]  lubricants_moisturizers_7.jfif
[21:58:30] [INFO]          img 8: [downloaded]  lubricants_moisturizers_8.webp
[21:58:30] [INFO]          img 9: [downloaded]  lubricants_moisturizers_9.webp
[21:58:30] [INFO]          img 10: [downloaded]  lubricants_moisturizers_10.webp
[21:58:30] [INFO]          img 11: [downloaded]  lubricants_moisturizers_11.webp
[21:58:31] [INFO]          img 12: [downloaded]  lubricants_moisturizers_12.webp
[21:58:31] [INFO]          img 13: [downloaded]  lubricants_moisturizers_13.webp
[21:58:32] [INFO]          img 14: [downloaded]  lubricants_moisturizers_14.webp
[21:58:32] [INFO]          img 15: [downloaded]  lubricants_moisturizers_15.webp
[21:58:32] [INFO]          img 16: [downloaded]  lubricants_moisturizers_16.webp
[21:58:33] [INFO]          img 17: [downloaded]  lubricants_moisturizers_17.webp
[21:58:33] [INFO]          img 18: [downloaded]  lubricants_moisturizers_18.webp
[21:58:33] [INFO]          img 19: [downloaded]  lubricants_moisturizers_19.webp
[21:58:33] [INFO]          img 20: [downloaded]  lubricants_moisturizers_20.webp
[21:58:34] [INFO]          img 21: [downloaded]  lubricants_moisturizers_21.webp
[21:58:34] [INFO]          img 22: [downloaded]  lubricants_moisturizers_22.webp
[21:58:34] [INFO]          img 23: [downloaded]  lubricants_moisturizers_23.webp
[21:58:34] [INFO]   [ 260/278]  Contraceptives  (24 image(s))
[21:58:34] [INFO]          img 1: [downloaded]  contraceptives_1.webp
[21:58:34] [INFO]          img 2: [downloaded]  contraceptives_2.webp
[21:58:34] [INFO]          img 3: [downloaded]  contraceptives_3.webp
[21:58:35] [INFO]          img 4: [downloaded]  contraceptives_4.webp
[21:58:35] [INFO]          img 5: [downloaded]  contraceptives_5.webp
[21:58:35] [INFO]          img 6: [downloaded]  contraceptives_6.webp
[21:58:35] [INFO]          img 7: [downloaded]  contraceptives_7.webp
[21:58:35] [INFO]          img 8: [downloaded]  contraceptives_8.webp
[21:58:35] [INFO]          img 9: [downloaded]  contraceptives_9.webp
[21:58:35] [INFO]          img 10: [downloaded]  contraceptives_10.webp
[21:58:35] [INFO]          img 11: [downloaded]  contraceptives_11.webp
[21:58:35] [INFO]          img 12: [downloaded]  contraceptives_12.jfif
[21:58:36] [INFO]          img 13: [downloaded]  contraceptives_13.webp
[21:58:36] [INFO]          img 14: [downloaded]  contraceptives_14.webp
[21:58:36] [INFO]          img 15: [downloaded]  contraceptives_15.webp
[21:58:36] [INFO]          img 16: [downloaded]  contraceptives_16.webp
[21:58:36] [INFO]          img 17: [downloaded]  contraceptives_17.webp
[21:58:36] [INFO]          img 18: [downloaded]  contraceptives_18.webp
[21:58:36] [INFO]          img 19: [downloaded]  contraceptives_19.webp
[21:58:36] [INFO]          img 20: [downloaded]  contraceptives_20.webp
[21:58:36] [INFO]          img 21: [downloaded]  contraceptives_21.webp
[21:58:37] [INFO]          img 22: [downloaded]  contraceptives_22.webp
[21:58:37] [INFO]          img 23: [downloaded]  contraceptives_23.webp
[21:58:37] [INFO]          img 24: [downloaded]  contraceptives_24.webp
[21:58:37] [INFO]   [ 261/278]  Nebulizer & Accessories  (10 image(s))
[21:58:37] [INFO]          img 1: [downloaded]  nebulizer_accessories_1.webp
[21:58:37] [INFO]          img 2: [downloaded]  nebulizer_accessories_2.webp
[21:58:37] [INFO]          img 3: [downloaded]  nebulizer_accessories_3.webp
[21:58:37] [INFO]          img 4: [downloaded]  nebulizer_accessories_4.webp
[21:58:38] [INFO]          img 5: [downloaded]  nebulizer_accessories_5.webp
[21:58:38] [INFO]          img 6: [downloaded]  nebulizer_accessories_6.webp
[21:58:38] [INFO]          img 7: [downloaded]  nebulizer_accessories_7.webp
[21:58:38] [INFO]          img 8: [downloaded]  nebulizer_accessories_8.webp
[21:58:38] [INFO]          img 9: [downloaded]  nebulizer_accessories_9.webp
[21:58:38] [INFO]          img 10: [downloaded]  nebulizer_accessories_10.webp
[21:58:38] [INFO]   [ 262/278]  First Aid & Disposables  (10 image(s))
[21:58:38] [INFO]          img 1: [downloaded]  first_aid_disposables_1.webp
[21:58:38] [INFO]          img 2: [downloaded]  first_aid_disposables_2.webp
[21:58:38] [INFO]          img 3: [downloaded]  first_aid_disposables_3.webp
[21:58:38] [INFO]          img 4: [downloaded]  first_aid_disposables_4.webp
[21:58:38] [INFO]          img 5: [downloaded]  first_aid_disposables_5.webp
[21:58:38] [INFO]          img 6: [downloaded]  first_aid_disposables_6.webp
[21:58:39] [INFO]          img 7: [downloaded]  first_aid_disposables_7.webp
[21:58:39] [INFO]          img 8: [downloaded]  first_aid_disposables_8.webp
[21:58:39] [INFO]          img 9: [downloaded]  first_aid_disposables_9.webp
[21:58:39] [INFO]          img 10: [downloaded]  first_aid_disposables_10.webp
[21:58:39] [INFO]   [ 263/278]  Medical Supplies  (13 image(s))
[21:58:39] [INFO]          img 1: [downloaded]  medical_supplies_1.webp
[21:58:39] [INFO]          img 2: [downloaded]  medical_supplies_2.webp
[21:58:39] [INFO]          img 3: [downloaded]  medical_supplies_3.webp
[21:58:40] [INFO]          img 4: [downloaded]  medical_supplies_4.webp
[21:58:40] [INFO]          img 5: [downloaded]  medical_supplies_5.webp
[21:58:41] [INFO]          img 6: [downloaded]  medical_supplies_6.webp
[21:58:42] [INFO]          img 7: [downloaded]  medical_supplies_7.webp
[21:58:42] [INFO]          img 8: [downloaded]  medical_supplies_8.webp
[21:58:44] [INFO]          img 9: [downloaded]  medical_supplies_9.webp
[21:58:44] [INFO]          img 10: [downloaded]  medical_supplies_10.webp
[21:58:44] [INFO]          img 11: [downloaded]  medical_supplies_11.webp
[21:58:44] [INFO]          img 12: [downloaded]  medical_supplies_12.webp
[21:58:44] [INFO]          img 13: [downloaded]  medical_supplies_13.webp
[21:58:44] [INFO]   [ 264/278]  Thermometers  (9 image(s))
[21:58:44] [INFO]          img 1: [downloaded]  thermometers_1.webp
[21:58:44] [INFO]          img 2: [downloaded]  thermometers_2.webp
[21:58:44] [INFO]          img 3: [downloaded]  thermometers_3.webp
[21:58:44] [INFO]          img 4: [downloaded]  thermometers_4.webp
[21:58:45] [INFO]          img 5: [downloaded]  thermometers_5.webp
[21:58:45] [INFO]          img 6: [downloaded]  thermometers_6.webp
[21:58:45] [INFO]          img 7: [downloaded]  thermometers_7.webp
[21:58:45] [INFO]          img 8: [downloaded]  thermometers_8.webp
[21:58:45] [INFO]          img 9: [downloaded]  thermometers_9.webp
[21:58:45] [INFO]   [ 265/278]  Scales  (9 image(s))
[21:58:45] [INFO]          img 1: [downloaded]  scales_1.webp
[21:58:45] [INFO]          img 2: [downloaded]  scales_2.webp
[21:58:45] [INFO]          img 3: [downloaded]  scales_3.webp
[21:58:45] [INFO]          img 4: [downloaded]  scales_4.webp
[21:58:45] [INFO]          img 5: [downloaded]  scales_5.webp
[21:58:45] [INFO]          img 6: [downloaded]  scales_6.webp
[21:58:45] [INFO]          img 7: [downloaded]  scales_7.webp
[21:58:46] [INFO]          img 8: [downloaded]  scales_8.webp
[21:58:46] [INFO]          img 9: [downloaded]  scales_9.webp
[21:58:46] [INFO]   [ 266/278]  Pain Management / Heating Pads  (10 image(s))
[21:58:46] [INFO]          img 1: [downloaded]  pain_management_heating_pads_1.webp
[21:58:46] [INFO]          img 2: [downloaded]  pain_management_heating_pads_2.webp
[21:58:46] [INFO]          img 3: [downloaded]  pain_management_heating_pads_3.webp
[21:58:47] [INFO]          img 4: [downloaded]  pain_management_heating_pads_4.webp
[21:58:47] [INFO]          img 5: [downloaded]  pain_management_heating_pads_5.webp
[21:58:47] [INFO]          img 6: [downloaded]  pain_management_heating_pads_6.webp
[21:58:47] [INFO]          img 7: [downloaded]  pain_management_heating_pads_7.webp
[21:58:47] [INFO]          img 8: [downloaded]  pain_management_heating_pads_8.webp
[21:58:47] [INFO]          img 9: [downloaded]  pain_management_heating_pads_9.webp
[21:58:47] [INFO]          img 10: [downloaded]  pain_management_heating_pads_10.webp
[21:58:47] [INFO]   [ 267/278]  Wheel Chairs & Crutches  (7 image(s))
[21:58:47] [INFO]          img 1: [downloaded]  wheel_chairs_crutches_1.webp
[21:58:47] [INFO]          img 2: [downloaded]  wheel_chairs_crutches_2.webp
[21:58:47] [INFO]          img 3: [downloaded]  wheel_chairs_crutches_3.webp
[21:58:47] [INFO]          img 4: [downloaded]  wheel_chairs_crutches_4.webp
[21:58:47] [INFO]          img 5: [downloaded]  wheel_chairs_crutches_5.webp
[21:58:47] [INFO]          img 6: [downloaded]  wheel_chairs_crutches_6.webp
[21:58:47] [INFO]          img 7: [downloaded]  wheel_chairs_crutches_7.webp
[21:58:47] [INFO]   [ 268/278]  Face Masks & Gloves  (12 image(s))
[21:58:48] [INFO]          img 1: [downloaded]  face_masks_gloves_1.webp
[21:58:48] [INFO]          img 2: [downloaded]  face_masks_gloves_2.webp
[21:58:48] [INFO]          img 3: [downloaded]  face_masks_gloves_3.webp
[21:58:48] [INFO]          img 4: [downloaded]  face_masks_gloves_4.webp
[21:58:48] [INFO]          img 5: [downloaded]  face_masks_gloves_5.webp
[21:58:48] [INFO]          img 6: [downloaded]  face_masks_gloves_6.webp
[21:58:48] [INFO]          img 7: [downloaded]  face_masks_gloves_7.webp
[21:58:48] [INFO]          img 8: [downloaded]  face_masks_gloves_8.webp
[21:58:48] [INFO]          img 9: [downloaded]  face_masks_gloves_9.webp
[21:58:48] [INFO]          img 10: [downloaded]  face_masks_gloves_10.webp
[21:58:48] [INFO]          img 11: [downloaded]  face_masks_gloves_11.webp
[21:58:48] [INFO]          img 12: [downloaded]  face_masks_gloves_12.webp
[21:58:48] [INFO]   [ 269/278]  Compression& Hosier  (6 image(s))
[21:58:49] [INFO]          img 1: [downloaded]  compression_hosier_1.webp
[21:58:49] [INFO]          img 2: [downloaded]  compression_hosier_2.webp
[21:58:49] [INFO]          img 3: [downloaded]  compression_hosier_3.webp
[21:58:49] [INFO]          img 4: [downloaded]  compression_hosier_4.webp
[21:58:49] [INFO]          img 5: [downloaded]  compression_hosier_5.webp
[21:58:49] [INFO]          img 6: [downloaded]  compression_hosier_6.webp
[21:58:49] [INFO]   [ 270/278]  Blood Pressure Monitors  (17 image(s))
[21:58:49] [INFO]          img 1: [downloaded]  blood_pressure_monitors_1.webp
[21:58:49] [INFO]          img 2: [downloaded]  blood_pressure_monitors_2.webp
[21:58:49] [INFO]          img 3: [downloaded]  blood_pressure_monitors_3.webp
[21:58:49] [INFO]          img 4: [downloaded]  blood_pressure_monitors_4.webp
[21:58:49] [INFO]          img 5: [downloaded]  blood_pressure_monitors_5.webp
[21:58:49] [INFO]          img 6: [downloaded]  blood_pressure_monitors_6.webp
[21:58:49] [INFO]          img 7: [downloaded]  blood_pressure_monitors_7.webp
[21:58:49] [INFO]          img 8: [downloaded]  blood_pressure_monitors_8.webp
[21:58:49] [INFO]          img 9: [downloaded]  blood_pressure_monitors_9.webp
[21:58:49] [INFO]          img 10: [downloaded]  blood_pressure_monitors_10.webp
[21:58:50] [INFO]          img 11: [downloaded]  blood_pressure_monitors_11.webp
[21:58:50] [INFO]          img 12: [downloaded]  blood_pressure_monitors_12.webp
[21:58:50] [INFO]          img 13: [downloaded]  blood_pressure_monitors_13.webp
[21:58:50] [INFO]          img 14: [downloaded]  blood_pressure_monitors_14.webp
[21:58:50] [INFO]          img 15: [downloaded]  blood_pressure_monitors_15.webp
[21:58:50] [INFO]          img 16: [downloaded]  blood_pressure_monitors_16.webp
[21:58:50] [INFO]          img 17: [downloaded]  blood_pressure_monitors_17.webp
[21:58:50] [INFO]   [ 271/278]  Alcohol & Sanitizers  (4 image(s))
[21:58:50] [INFO]          img 1: [downloaded]  alcohol_sanitizers_1.webp
[21:58:50] [INFO]          img 2: [downloaded]  alcohol_sanitizers_2.webp
[21:58:50] [INFO]          img 3: [downloaded]  alcohol_sanitizers_3.webp
[21:58:50] [INFO]          img 4: [downloaded]  alcohol_sanitizers_4.webp
[21:58:50] [INFO]   [ 272/278]  Diabetes Care  (11 image(s))
[21:58:50] [INFO]          img 1: [downloaded]  diabetes_care_1.webp
[21:58:50] [INFO]          img 2: [downloaded]  diabetes_care_2.webp
[21:58:51] [INFO]          img 3: [downloaded]  diabetes_care_3.webp
[21:58:51] [INFO]          img 4: [downloaded]  diabetes_care_4.webp
[21:58:51] [INFO]          img 5: [downloaded]  diabetes_care_5.webp
[21:58:51] [INFO]          img 6: [downloaded]  diabetes_care_6.webp
[21:58:51] [INFO]          img 7: [downloaded]  diabetes_care_7.webp
[21:58:51] [INFO]          img 8: [downloaded]  diabetes_care_8.webp
[21:58:51] [INFO]          img 9: [downloaded]  diabetes_care_9.webp
[21:58:51] [INFO]          img 10: [downloaded]  diabetes_care_10.webp
[21:58:51] [INFO]          img 11: [downloaded]  diabetes_care_11.webp
[21:58:51] [INFO]   [ 273/278]  Braces & Supports  (18 image(s))
[21:58:51] [INFO]          img 1: [downloaded]  braces_supports_1.webp
[21:58:52] [INFO]          img 2: [downloaded]  braces_supports_2.webp
[21:58:52] [INFO]          img 3: [downloaded]  braces_supports_3.webp
[21:58:52] [INFO]          img 4: [downloaded]  braces_supports_4.webp
[21:58:52] [INFO]          img 5: [downloaded]  braces_supports_5.webp
[21:58:52] [INFO]          img 6: [downloaded]  braces_supports_6.webp
[21:58:52] [INFO]          img 7: [downloaded]  braces_supports_7.webp
[21:58:52] [INFO]          img 8: [downloaded]  braces_supports_8.webp
[21:58:52] [INFO]          img 9: [downloaded]  braces_supports_9.webp
[21:58:52] [INFO]          img 10: [downloaded]  braces_supports_10.webp
[21:58:52] [INFO]          img 11: [downloaded]  braces_supports_11.webp
[21:58:52] [INFO]          img 12: [downloaded]  braces_supports_12.webp
[21:58:52] [INFO]          img 13: [downloaded]  braces_supports_13.webp
[21:58:53] [INFO]          img 14: [downloaded]  braces_supports_14.webp
[21:58:53] [INFO]          img 15: [downloaded]  braces_supports_15.webp
[21:58:53] [INFO]          img 16: [downloaded]  braces_supports_16.webp
[21:58:53] [INFO]          img 17: [downloaded]  braces_supports_17.webp
[21:58:53] [INFO]          img 18: [downloaded]  braces_supports_18.webp
[21:58:53] [INFO]   [ 274/278]  Comfort & Relaxation  (9 image(s))
[21:58:53] [INFO]          img 1: [downloaded]  comfort_relaxation_1.webp
[21:58:53] [INFO]          img 2: [downloaded]  comfort_relaxation_2.webp
[21:58:53] [INFO]          img 3: [downloaded]  comfort_relaxation_3.webp
[21:58:53] [INFO]          img 4: [downloaded]  comfort_relaxation_4.webp
[21:58:53] [INFO]          img 5: [downloaded]  comfort_relaxation_5.webp
[21:58:53] [INFO]          img 6: [downloaded]  comfort_relaxation_6.webp
[21:58:53] [INFO]          img 7: [downloaded]  comfort_relaxation_7.webp
[21:58:54] [INFO]          img 8: [downloaded]  comfort_relaxation_8.webp
[21:58:54] [INFO]          img 9: [downloaded]  comfort_relaxation_9.webp
[21:58:54] [INFO]   [ 275/278]  Pulse Oximeters  (4 image(s))
[21:58:54] [INFO]          img 1: [downloaded]  pulse_oximeters_1.webp
[21:58:54] [INFO]          img 2: [downloaded]  pulse_oximeters_2.webp
[21:58:54] [INFO]          img 3: [downloaded]  pulse_oximeters_3.webp
[21:58:54] [INFO]          img 4: [downloaded]  pulse_oximeters_4.webp
[21:58:54] [INFO]   [ 276/278]  Insoles & Foot Health  (2 image(s))
[21:58:54] [INFO]          img 1: [downloaded]  insoles_foot_health_1.webp
[21:58:54] [INFO]          img 2: [downloaded]  insoles_foot_health_2.webp
[21:58:54] [INFO]   [ 277/278]  Fitness & Slimming  (5 image(s))
[21:58:54] [INFO]          img 1: [downloaded]  fitness_slimming_1.webp
[21:58:54] [INFO]          img 2: [downloaded]  fitness_slimming_2.webp
[21:58:54] [INFO]          img 3: [downloaded]  fitness_slimming_3.webp
[21:58:54] [INFO]          img 4: [downloaded]  fitness_slimming_4.webp
[21:58:55] [INFO]          img 5: [downloaded]  fitness_slimming_5.webp
[21:58:55] [INFO]   [ 278/278]  Artixiban 5 Mg 30 Tab (2+1) #  (23 image(s))
[21:58:55] [INFO]          img 1: [downloaded]  artixiban_5_mg_30_tab_21_1.webp
[21:58:55] [INFO]          img 2: [downloaded]  artixiban_5_mg_30_tab_21_2.webp
[21:58:55] [INFO]          img 3: [downloaded]  artixiban_5_mg_30_tab_21_3.webp
[21:58:55] [INFO]          img 4: [downloaded]  artixiban_5_mg_30_tab_21_4.webp
[21:58:55] [INFO]          img 5: [downloaded]  artixiban_5_mg_30_tab_21_5.webp
[21:58:55] [INFO]          img 6: [downloaded]  artixiban_5_mg_30_tab_21_6.webp
[21:58:56] [INFO]          img 7: [downloaded]  artixiban_5_mg_30_tab_21_7.webp
[21:58:56] [INFO]          img 8: [downloaded]  artixiban_5_mg_30_tab_21_8.webp
[21:58:56] [INFO]          img 9: [downloaded]  artixiban_5_mg_30_tab_21_9.webp
[21:58:56] [INFO]          img 10: [downloaded]  artixiban_5_mg_30_tab_21_10.webp
[21:58:56] [INFO]          img 11: [downloaded]  artixiban_5_mg_30_tab_21_11.webp
[21:58:56] [INFO]          img 12: [downloaded]  artixiban_5_mg_30_tab_21_12.webp
[21:58:56] [INFO]          img 13: [downloaded]  artixiban_5_mg_30_tab_21_13.webp
[21:58:56] [INFO]          img 14: [downloaded]  artixiban_5_mg_30_tab_21_14.webp
[21:58:56] [INFO]          img 15: [downloaded]  artixiban_5_mg_30_tab_21_15.webp
[21:58:57] [INFO]          img 16: [downloaded]  artixiban_5_mg_30_tab_21_16.webp
[21:58:57] [INFO]          img 17: [downloaded]  artixiban_5_mg_30_tab_21_17.webp
[21:58:57] [INFO]          img 18: [downloaded]  artixiban_5_mg_30_tab_21_18.webp
[21:58:57] [INFO]          img 19: [downloaded]  artixiban_5_mg_30_tab_21_19.webp
[21:58:57] [INFO]          img 20: [downloaded]  artixiban_5_mg_30_tab_21_20.webp
[21:58:57] [INFO]          img 21: [downloaded]  artixiban_5_mg_30_tab_21_21.webp
[21:58:57] [INFO]          img 22: [downloaded]  artixiban_5_mg_30_tab_21_22.webp
[21:58:57] [INFO]          img 23: [downloaded]  artixiban_5_mg_30_tab_21_23.webp
[21:58:57] [INFO] 
   Image download summary:
[21:58:57] [INFO]      Downloaded : 4114
[21:58:57] [INFO]      Skipped    : 120  (already existed on disk)
[21:58:57] [INFO]      Failed     : 0
[21:58:58] [OK] OK  Images index CSV saved -> seif_output\images_index.csv
[21:58:58] [INFO] 
============================================================
[21:58:58] [INFO]   FINISHED
[21:58:58] [INFO]   Total run time  : 33:42
[21:58:58] [INFO]   Products scraped: 278
[21:58:58] [INFO]   Output folder   : C:\Users\hp\Desktop\DL Project\deep_learning_project\seif_output
[21:58:58] [INFO]   Log file        : C:\Users\hp\Desktop\DL Project\deep_learning_project\seif_output\scraper.log
[21:58:58] [INFO] ============================================================
